timestamp,aggregate_profile_W,per_household_profile_W,aggregate_dhw_W,per_household_dhw_W,P10_W,P50_W,P90_W,P_biomass_dhw_W,P_biomass_space_heating_W,P_biomass_total_W,P_coal_dhw_W,P_coal_space_heating_W,P_coal_total_W,P_district_heat_dhw_W,P_district_heat_space_heating_W,P_district_heat_total_W,P_el_ev_charging_W,P_el_grid_export_W,P_el_grid_import_W,P_el_gross_actual_W,P_el_total_W,P_gas_dhw_W,P_gas_space_heating_W,P_gas_total_W,P_oil_dhw_W,P_oil_space_heating_W,P_oil_total_W,P_propane_dhw_W,P_propane_space_heating_W,P_propane_total_W,P_pv_generation_W,Q_dhw_demand_W,Q_heating_supplied_W,Q_total_thermal_W
1981-01-01 12:00:00+01:00,14835.70442896954,148.3570442896954,32650.85189330933,326.5085189330933,122.8708144599843,147.0527189705272,147.0527189705277,1730.2635973472593,4859.350994676618,6589.614592023876,274.7805072693322,507.6162619666719,782.396769236004,0.0,0.0,0.0,0.0,2766.5667363493253,18034.816497088115,48636.37604708439,14835.70442896954,18532.696658091107,42039.71908446935,60572.41574256048,2006.3592886760148,13379.70304164791,15386.062330323926,289.1599700107683,3294.5518925780666,3583.7118625888347,33368.126286345585,32650.85189330933,64447.99574472462,97098.84763803394
1981-01-02 12:00:00+01:00,16073.098347024106,160.73098347024106,32650.85189330933,326.5085189330933,147.0527189705272,147.0527189705272,210.40701775467403,1730.2635973472593,26523.357746566995,28253.621343914256,274.7805072693322,2275.36922641464,2550.149733683972,0.0,0.0,0.0,0.0,2766.5667363493253,54292.6079863405,84894.1675363367,16073.098347024106,18532.696658091107,228504.04575647673,247036.74241456785,2006.3592886760148,66041.33759720152,68047.69688587752,289.1599700107683,12412.552395544202,12701.712365554971,33368.126286345585,32650.85189330933,347417.13830592856,380067.99019923806
1981-01-03 12:00:00+01:00,15887.342922540263,158.87342922540265,32650.85189330933,326.5085189330933,147.0527189705272,147.0527189705272,179.64828005256808,1730.2635973472593,18378.935071820022,20109.19866916728,274.7805072693322,2787.046599298418,3061.8271065677504,0.0,0.0,0.0,0.0,2766.5667363493253,41578.67172080113,72180.23127079739,15887.342922540263,18532.696658091107,184001.21143988703,202533.90809797813,2006.3592886760148,56797.68632801223,58804.045616688236,289.1599700107683,9964.050033112151,10253.21000312292,33368.126286345585,32650.85189330933,275411.0580545458,308061.90994785517
1981-01-04 12:00:00+01:00,16316.618359244187,163.16618359244185,32650.85189330933,326.5085189330933,147.0527189705272,147.0527189705272,231.0130394084409,1730.2635973472593,27710.540564469055,29440.80416181631,274.7805072693322,2841.9110013397603,3116.6915086090926,0.0,0.0,0.0,0.0,2766.5667363493253,55898.180662645675,86499.7402126419,16316.618359244187,18532.696658091107,238579.8473026799,257112.543960771,2006.3592886760148,68873.17513747078,70879.5344261468,289.1599700107683,12412.552395544202,12701.712365554971,33368.126286345585,32650.85189330933,361822.95828654896,394473.81017985824
1981-01-05 12:00:00+01:00,16244.59581061493,162.4459581061493,32650.85189330933,326.5085189330933,147.0527189705272,147.0527189705272,159.29482813752404,1730.2635973472593,14380.817777978393,16111.081375325653,274.7805072693322,2359.2419842290997,2634.022491498432,0.0,0.0,0.0,0.0,2766.5667363493253,35425.139000638126,66026.6985506344,16244.59581061493,18532.696658091107,154858.9400853216,173391.6367434127,2006.3592886760148,47138.382168038734,49144.74145671475,289.1599700107683,7835.3923954552265,8124.552365465995,33368.126286345585,32650.85189330933,228143.90726538637,260794.75915869567
1981-01-06 12:00:00+01:00,16277.629027816622,162.77629027816621,32650.85189330933,326.5085189330933,147.0527189705272,147.0527189705272,229.4989413426475,1730.2635973472593,26826.71906261732,28556.98265996458,274.7805072693322,2598.590729209321,2873.3712364786534,0.0,0.0,0.0,0.0,2766.5667363493253,54173.53554033112,84775.09509032735,16277.629027816622,18532.696658091107,232426.85964868145,250959.5563067725,2006.3592886760148,66994.83358598358,69001.19287465961,289.1599700107683,12412.552395544202,12701.712365554971,33368.126286345585,32650.85189330933,352016.58337863936,384667.43527194887
1981-01-07 12:00:00+01:00,15369.792659574276,153.69792659574276,32650.85189330933,326.5085189330933,147.0527189705272,147.0527189705272,157.67293388078812,1730.2635973472593,13244.540485913827,14974.804083261086,274.7805072693322,2308.123731292421,2582.904238561753,0.0,0.0,0.0,0.0,2766.5667363493253,33164.937391132946,63766.49694112921,15369.792659574276,18532.696658091107,146138.48595749648,164671.1826155875,2006.3592886760148,43566.171220535645,45572.53050921166,289.1599700107683,7359.667588820426,7648.827558831194,33368.126286345585,32650.85189330933,213254.43407230554,245905.28596561484
1981-01-08 12:00:00+01:00,15591.333115037374,155.91333115037375,32650.85189330933,326.5085189330933,147.0527189705272,147.0527189705272,185.15110529890467,1730.2635973472593,18206.361308591695,19936.624905938952,274.7805072693322,1802.3491549732976,2077.12966224263,0.0,0.0,0.0,0.0,2766.5667363493253,39950.14724084454,70551.7067908408,15591.333115037374,18532.696658091107,157918.69445731575,176451.39111540688,2006.3592886760148,44787.30656149162,46793.665850167636,289.1599700107683,8737.088794418001,9026.24876442877,33368.126286345585,32650.85189330933,238292.08320049412,270942.93509380345
1981-01-09 12:00:00+01:00,16613.247171434785,166.13247171434784,32650.85189330933,326.5085189330933,147.0527189705272,147.0527189705272,164.37230043280485,1730.2635973472593,11853.803072923618,13584.066670270877,274.7805072693322,1741.0290366824408,2015.809543951773,0.0,0.0,0.0,0.0,2766.5667363493253,30981.324315331105,61582.88386532739,16613.247171434785,18532.696658091107,127880.09437550762,146412.7910335987,2006.3592886760148,38034.33257899051,40040.69186766651,289.1599700107683,6646.907029247552,6936.06699925832,33368.126286345585,32650.85189330933,187574.1374111414,220224.9893044507
1981-01-10 12:00:00+01:00,15417.525692852809,154.17525692852809,32650.85189330933,326.5085189330933,147.0527189705272,147.0527189705272,163.83065514338145,1730.2635973472593,13845.32363705344,15575.587234400695,274.7805072693322,1452.1780534415839,1726.9585607109161,0.0,0.0,0.0,0.0,2766.5667363493253,32600.313271460134,63201.87282145642,15417.525692852809,18532.696658091107,118190.07495070732,136722.7716087984,2006.3592886760148,33821.38737146302,35827.74666013903,289.1599700107683,6788.124875654715,7077.284845665483,33368.126286345585,32650.85189330933,178871.3041459702,211522.15603927942
1981-01-11 12:00:00+01:00,15845.489127874182,158.45489127874183,32650.85189330933,326.5085189330933,147.0527189705272,147.0527189705272,197.46542957095798,1730.2635973472593,20609.000802857117,22339.264400204374,274.7805072693322,2207.798056214004,2482.5785634833364,0.0,0.0,0.0,0.0,2766.5667363493253,46143.2604823037,76744.82003229993,15845.489127874182,18532.696658091107,194000.2030569232,212532.8997150143,2006.3592886760148,59368.376301487915,61374.73559016394,289.1599700107683,10914.287997241294,11203.447967252063,33368.126286345585,32650.85189330933,294446.6408780073,327097.4927713165
1981-01-12 12:00:00+01:00,15354.44307429801,153.5444307429801,32650.85189330933,326.5085189330933,147.0527189705272,147.0527189705272,180.94584807067284,1730.2635973472593,18171.910444706944,19902.1740420542,274.7805072693322,2305.832379847876,2580.612887117208,0.0,0.0,0.0,0.0,2766.5667363493253,40023.703630527685,70625.26318052395,15354.44307429801,18532.696658091107,169826.07603700674,188358.77269509787,2006.3592886760148,48329.849325955794,50336.208614631796,289.1599700107683,8345.107846316705,8634.267816327474,33368.126286345585,32650.85189330933,251838.00555899303,284488.8574523023
1981-01-13 12:00:00+01:00,15527.260410161276,155.27260410161276,32650.85189330933,326.5085189330933,147.0527189705272,147.0527189705272,192.20216890355658,1730.2635973472593,19372.496566701393,21102.76016404865,274.7805072693322,2265.886031241229,2540.666538510561,0.0,0.0,0.0,0.0,2766.5667363493253,43463.29227367237,74064.85182366859,15527.260410161276,18532.696658091107,186221.42229559892,204754.11895369008,2006.3592886760148,55864.212392701986,57870.57168137801,289.1599700107683,10617.206331423604,10906.366301434373,33368.126286345585,32650.85189330933,280264.39252287697,312915.2444161862
1981-01-14 12:00:00+01:00,15212.782625395737,152.12782625395738,32650.85189330933,326.5085189330933,147.0527189705272,147.0527189705272,168.04569922423747,1730.2635973472593,15652.205920577078,17382.469517924335,274.7805072693322,2042.432852367384,2317.213359636716,0.0,0.0,0.0,0.0,2766.5667363493253,35738.802288441715,66340.36183843798,15212.782625395737,18532.696658091107,148764.31031309834,167297.00697118937,2006.3592886760148,41692.75416445559,43699.1134531316,289.1599700107683,7129.112669561015,7418.272639571783,33368.126286345585,32650.85189330933,218790.81381621235,251441.6657095217
1981-01-15 12:00:00+01:00,16582.139420863743,165.82139420863743,32650.85189330933,326.5085189330933,147.0527189705272,147.0527189705272,213.41908912004712,1730.2635973472593,23127.727732445313,24857.991329792574,274.7805072693322,2452.182545566909,2726.9630528362413,0.0,0.0,0.0,0.0,2766.5667363493253,49178.170128910715,79779.72967890692,16582.139420863743,18532.696658091107,212892.16611377767,231424.8627718688,2006.3592886760148,63099.18374481643,65105.543033492446,289.1599700107683,12412.552395544202,12701.712365554971,33368.126286345585,32650.85189330933,321911.9692020392,354562.8210953486
1981-01-16 12:00:00+01:00,15631.069056172311,156.3106905617231,32650.85189330933,326.5085189330933,147.0527189705272,147.0527189705272,185.37276253903678,1730.2635973472593,18738.65879476902,20468.922392116277,274.7805072693322,2532.3209481936483,2807.1014554629805,0.0,0.0,0.0,0.0,2766.5667363493253,41575.5309926707,72177.09054266695,15631.069056172311,18532.696658091107,180534.7923045307,199067.48896262178,2006.3592886760148,53029.66962197794,55036.028910653964,289.1599700107683,8583.15392831298,8872.31389832375,33368.126286345585,32650.85189330933,268206.9624789885,300857.8143722981
1981-01-17 12:00:00+01:00,16696.431281488087,166.96431281488086,32650.85189330933,326.5085189330933,147.0527189705272,147.0527189705272,211.1630460869083,1730.2635973472593,22785.995537539136,24516.259134886393,274.7805072693322,2542.559852636706,2817.3403599060384,0.0,0.0,0.0,0.0,2766.5667363493253,48660.73177778929,79262.2913277855,16696.431281488087,18532.696658091107,210704.68729571305,229237.38395380415,2006.3592886760148,62514.56842286496,64520.92771154098,289.1599700107683,12263.880206071963,12553.040176082732,33368.126286345585,32650.85189330933,318450.16532147303,351101.0172147825
1981-01-18 12:00:00+01:00,15583.792395084449,155.8379239508445,32650.85189330933,326.5085189330933,147.0527189705272,147.0527189705272,177.58553875307965,1730.2635973472593,16566.065338115106,18296.328935462363,274.7805072693322,2262.2019799659665,2536.982487235299,0.0,0.0,0.0,0.0,2766.5667363493253,38266.862393610005,68868.42194360627,15583.792395084449,18532.696658091107,160495.77099409254,179028.4676521837,2006.3592886760148,46715.26091013781,48721.62019881383,289.1599700107683,7125.205490717691,7414.365460728459,33368.126286345585,32650.85189330933,237366.76541087628,270017.61730418564
1981-01-19 12:00:00+01:00,16501.568073598733,165.01568073598733,32650.85189330933,326.5085189330933,147.0527189705272,147.0527189705272,176.0938989334198,1730.2635973472593,16185.60703993162,17915.87063727888,274.7805072693322,1852.5435238233285,2127.324031092661,0.0,0.0,0.0,0.0,2766.5667363493253,37377.79888584785,67979.35843584413,16501.568073598733,18532.696658091107,151457.88492683167,169990.58158492282,2006.3592886760148,44441.49129815519,46447.850586831206,289.1599700107683,9170.620371399888,9459.780341410657,33368.126286345585,32650.85189330933,227802.62438482908,260453.47627813846
1981-01-20 12:00:00+01:00,15602.740247692669,156.02740247692668,32650.85189330933,326.5085189330933,147.0527189705272,147.0527189705272,178.11342454155906,1730.2635973472593,16904.48025712197,18634.74385446923,274.7805072693322,2005.1623368979704,2279.9428441673026,0.0,0.0,0.0,0.0,2766.5667363493253,38837.72084375136,69439.28039374764,15602.740247692669,18532.696658091107,163415.3117004193,181948.00835851036,2006.3592886760148,47407.18762872435,49413.54691740037,289.1599700107683,7882.054084824616,8171.214054835385,33368.126286345585,32650.85189330933,242370.1081558063,275020.9600491156
1981-01-21 12:00:00+01:00,15494.096597654096,154.94096597654095,32650.85189330933,326.5085189330933,147.0527189705272,147.0527189705272,161.21856525960465,1730.2635973472593,14237.499531507694,15967.763128854953,274.7805072693322,1796.884044671874,2071.6645519412064,0.0,0.0,0.0,0.0,2766.5667363493253,33814.24201266232,64415.80156265861,15494.096597654096,18532.696658091107,134164.9891476283,152697.6858057194,2006.3592886760148,39039.000628205424,41045.359916881425,289.1599700107683,7954.1089755242365,8243.268945535005,33368.126286345585,32650.85189330933,200600.63154005498,233251.48343336434
1981-01-22 12:00:00+01:00,16210.986869511135,162.10986869511135,32650.85189330933,326.5085189330933,147.0527189705272,147.0527189705272,179.08710664268906,1730.2635973472593,16772.2596417065,18502.523239053753,274.7805072693322,1868.4628616213183,2143.2433688906503,0.0,0.0,0.0,0.0,2766.5667363493253,38887.15570865531,69488.71525865159,16210.986869511135,18532.696658091107,161268.25121971592,179800.94787780702,2006.3592886760148,46961.72698153935,48968.08627021537,289.1599700107683,8136.162241149086,8425.322211159855,33368.126286345585,32650.85189330933,240250.91533436076,272901.76722767006
1981-01-23 12:00:00+01:00,15529.461110199782,155.29461110199782,32650.85189330933,326.5085189330933,143.8345705928808,147.0527189705272,147.05271897052774,1730.2635973472593,9181.961029847174,10912.224627194433,274.7805072693322,1394.879551628413,1669.6600588977453,0.0,0.0,0.0,0.0,2766.5667363493253,24908.440781862133,55510.000331858406,15529.461110199782,18532.696658091107,86176.06316605624,104708.75982414733,2006.3592886760148,25066.88313628324,27073.24242495925,289.1599700107683,5174.384516515303,5463.5444865260715,33368.126286345585,32650.85189330933,127964.37254540215,160615.22443871145
1981-01-24 12:00:00+01:00,15909.675434810699,159.096754348107,32650.85189330933,326.5085189330933,147.0527189705272,147.0527189705272,209.33152171070597,1730.2635973472593,22346.815528596337,24077.079125943597,274.7805072693322,2058.039251714526,2332.8197589838583,0.0,0.0,0.0,0.0,2766.5667363493253,48568.95475856153,79170.51430855774,15909.675434810699,18532.696658091107,202231.98720368708,220764.68386177815,2006.3592886760148,60273.75933546059,62280.11862413661,289.1599700107683,11502.432944692626,11791.592914703395,33368.126286345585,32650.85189330933,307612.22753907647,340263.0794323856
1981-01-25 12:00:00+01:00,17399.411810598584,173.99411810598585,32650.85189330933,326.5085189330933,147.0527189705272,147.0527189705272,159.57408746781636,1730.2635973472593,13350.802138488803,15081.065735836062,274.7805072693322,2062.138106890226,2336.9186141595583,0.0,0.0,0.0,0.0,2766.5667363493253,32417.85302240711,63019.412572403395,17399.411810598584,18532.696658091107,133311.39011970453,151844.08677779563,2006.3592886760148,38232.00672934802,40238.36601802403,289.1599700107683,6199.050101283828,6488.210071294596,33368.126286345585,32650.85189330933,195123.16905557347,227774.0209488828
1981-01-26 12:00:00+01:00,15538.009439315416,155.38009439315417,32650.85189330933,326.5085189330933,147.0527189705272,147.0527189705272,174.00457053589858,1730.2635973472593,16451.204123061507,18181.467720408764,274.7805072693322,1699.5549840680476,1974.3354913373798,0.0,0.0,0.0,0.0,2766.5667363493253,38232.05133472917,68833.61088472544,15538.009439315416,18532.696658091107,150326.02408621763,168858.72074430875,2006.3592886760148,44733.816498172324,46740.17578684835,289.1599700107683,8930.67414674774,9219.83411675851,33368.126286345585,32650.85189330933,228094.38695755968,260745.23885086906
1981-01-27 12:00:00+01:00,17184.057577818257,171.84057577818257,32650.85189330933,326.5085189330933,147.0527189705272,147.0527189705272,168.93983066371592,1730.2635973472593,12474.159790124628,14204.423387471885,274.7805072693322,1689.0126927726424,1963.7932000419746,0.0,0.0,0.0,0.0,2766.5667363493253,30914.561029796445,61516.1205797927,17184.057577818257,18532.696658091107,124883.74555106011,143416.44220915125,2006.3592886760148,35424.271861535926,37430.63115021194,289.1599700107683,6063.6030863441565,6352.763056354925,33368.126286345585,32650.85189330933,182516.3231800869,215167.17507339627
1981-01-28 12:00:00+01:00,15858.441346579673,158.58441346579673,32650.85189330933,326.5085189330933,147.0527189705272,147.0527189705272,199.1063655777973,1730.2635973472593,20655.070582998553,22385.33418034581,274.7805072693322,2085.3086004914853,2360.0891077608176,0.0,0.0,0.0,0.0,2766.5667363493253,45560.424719541836,76161.98426953806,15858.441346579673,18532.696658091107,189689.70512722994,208222.40178532104,2006.3592886760148,56519.043560738515,58525.402849414524,289.1599700107683,11101.042201167234,11390.202171178003,33368.126286345585,32650.85189330933,287909.3354522895,320560.1873455988
1981-01-29 12:00:00+01:00,14806.535992106628,148.0653599210663,32650.85189330933,326.5085189330933,145.96811113099474,147.0527189705272,147.0527189705277,1730.2635973472593,9303.11047086735,11033.374068214609,274.7805072693322,1644.034696217534,1918.8152034868663,0.0,0.0,0.0,0.0,2766.5667363493253,24926.29121979191,55527.8507697882,14806.535992106628,18532.696658091107,95874.82995605915,114407.52661415022,2006.3592886760148,26421.426494775922,28427.785783451942,289.1599700107683,4119.73561811236,4408.895588123128,33368.126286345585,32650.85189330933,137127.74576405188,169778.59765736127
1981-01-30 12:00:00+01:00,16390.280165889013,163.90280165889013,32650.85189330933,326.5085189330933,147.0527189705272,147.0527189705272,206.84464124240722,1730.2635973472593,22631.454411094444,24361.718008441705,274.7805072693322,2037.0819360195912,2311.8624432889233,0.0,0.0,0.0,0.0,2766.5667363493253,48868.23829654294,79469.79784653914,16390.280165889013,18532.696658091107,203499.90954379618,222032.60620188728,2006.3592886760148,60481.980786408654,62488.34007508468,289.1599700107683,12412.552395544202,12701.712365554971,33368.126286345585,32650.85189330933,310381.0122390766,343031.8641323861
1981-01-31 12:00:00+01:00,15688.620906565637,156.88620906565637,32650.85189330933,326.5085189330933,147.05271897052685,147.0527189705272,162.3192160809976,1730.2635973472593,11310.826712124222,13041.090309471481,274.7805072693322,1964.2863643282496,2239.0668715975817,0.0,0.0,0.0,0.0,2766.5667363493253,28527.303216297812,59128.86276629409,15688.620906565637,18532.696658091107,119043.71919192928,137576.41585002036,2006.3592886760148,33282.17742323175,35288.53671190776,289.1599700107683,4793.299181942578,5082.459151953346,33368.126286345585,32650.85189330933,170608.39760448216,203259.24949779158
1981-02-01 12:00:00+01:00,15111.867671590064,151.11867671590065,32650.85189330933,326.5085189330933,147.0527189705272,147.0527189705272,162.7457681780843,1730.2635973472593,14392.658480742604,16122.922078089861,274.7805072693322,1406.8702810572572,1681.6507883265895,0.0,0.0,0.0,0.0,2766.5667363493253,35045.772408078454,65647.33195807472,15111.867671590064,18532.696658091107,126305.39114305007,144838.08780114117,2006.3592886760148,38404.464181917094,40410.82347059311,289.1599700107683,8382.455856169563,8671.615826180332,33368.126286345585,32650.85189330933,194827.94551729452,227478.79741060385
1981-02-02 12:00:00+01:00,16458.66426695753,164.5866426695753,32650.85189330933,326.5085189330933,147.0527189705272,147.0527189705272,156.02525384116697,1730.2635973472593,11397.149302443417,13127.412899790677,274.7805072693322,1490.1855901508222,1764.9660974201545,0.0,0.0,0.0,0.0,2766.5667363493253,29364.22883819888,59965.78838819516,16458.66426695753,18532.696658091107,115068.58758091526,133601.2842390063,2006.3592886760148,32765.844944944944,34772.204233620956,289.1599700107683,5069.578487464027,5358.738457474795,33368.126286345585,32650.85189330933,167752.3306464403,200403.18253974966
1981-02-03 12:00:00+01:00,15385.901933117624,153.85901933117623,32650.85189330933,326.5085189330933,147.0527189705272,147.0527189705272,164.17405856848478,1730.2635973472593,14514.890351154616,16245.153948501875,274.7805072693322,1531.6109612452722,1806.3914685146044,0.0,0.0,0.0,0.0,2766.5667363493253,34716.17641597838,65317.73596597466,15385.901933117624,18532.696658091107,130941.66836044104,149474.36501853217,2006.3592886760148,39167.619235278,41173.97852395402,289.1599700107683,8508.633145080541,8797.79311509131,33368.126286345585,32650.85189330933,199605.15630809675,232256.00820140613
1981-02-04 12:00:00+01:00,15468.469685917087,154.68469685917088,32650.85189330933,326.5085189330933,147.0527189705272,147.0527189705272,180.12861596626394,1730.2635973472593,17247.119896612603,18977.383493959864,274.7805072693322,1988.5164038672813,2263.2969111366133,0.0,0.0,0.0,0.0,2766.5667363493253,39547.846827137,70149.40637713326,15468.469685917087,18532.696658091107,166607.5216502498,185140.21830834087,2006.3592886760148,48550.05738096441,50556.41666964043,289.1599700107683,8113.412834043912,8402.57280405468,33368.126286345585,32650.85189330933,247591.99302930094,280242.84492261027
1981-02-05 12:00:00+01:00,16551.229592061383,165.51229592061384,32650.85189330933,326.5085189330933,147.0527189705272,147.0527189705272,212.86313313616458,1730.2635973472593,23619.621233468293,25349.884830815554,274.7805072693322,2617.7911441082047,2892.571651377537,0.0,0.0,0.0,0.0,2766.5667363493253,49582.40389848435,80183.96344848054,16551.229592061383,18532.696658091107,214562.78738881688,233095.48404690795,2006.3592886760148,63557.307542433926,65563.66683110992,289.1599700107683,12412.552395544202,12701.712365554971,33368.126286345585,32650.85189330933,324723.7200183625,357374.57191167184
1981-02-06 12:00:00+01:00,15523.480275994838,155.23480275994837,32650.85189330933,326.5085189330933,147.0527189705272,147.0527189705272,179.6398763492712,1730.2635973472593,17451.161891630196,19181.425488977453,274.7805072693322,2432.8382489565943,2707.6187562259265,0.0,0.0,0.0,0.0,2766.5667363493253,39631.09515334828,70232.65470334454,15523.480275994838,18532.696658091107,172505.96987780122,191038.66653589223,2006.3592886760148,50335.940591601786,52342.29988027782,289.1599700107683,8128.601665232131,8417.7616352429,33368.126286345585,32650.85189330933,254895.79687306465,287546.648766374
1981-02-07 12:00:00+01:00,15419.45549750351,154.1945549750351,32650.85189330933,326.5085189330933,147.05271897052677,147.0527189705272,148.84320156201719,1730.2635973472593,11106.133129539798,12836.396726887057,274.7805072693322,1490.5785509442906,1765.3590582136228,0.0,0.0,0.0,0.0,2766.5667363493253,28236.533833420654,58838.093383416934,15419.45549750351,18532.696658091107,103258.7214365761,121791.41809466724,2006.3592886760148,29553.33359295696,31559.69288163298,289.1599700107683,6253.8984174380985,6543.058387448867,33368.126286345585,32650.85189330933,153700.701048947,186351.5529422562
1981-02-08 12:00:00+01:00,16120.455306190705,161.20455306190703,32650.85189330933,326.5085189330933,147.0527189705272,147.0527189705272,207.51394512511175,1730.2635973472593,23511.412388008728,25241.67598535599,274.7805072693322,2250.8012611088816,2525.581768378214,0.0,0.0,0.0,0.0,2766.5667363493253,50114.8141161264,80716.3736661226,16120.455306190705,18532.696658091107,210534.52463142478,229067.22128951584,2006.3592886760148,63170.44968929606,65176.80897797207,289.1599700107683,11702.381028960575,11991.540998971344,33368.126286345585,32650.85189330933,320498.31736466347,353149.1692579729
1981-02-09 12:00:00+01:00,14894.306047792656,148.94306047792656,32650.85189330933,326.5085189330933,147.0527189705272,147.0527189705272,151.26299503116996,1730.2635973472593,12861.99829206757,14592.261889414829,274.7805072693322,2054.4145125957607,2329.195019865093,0.0,0.0,0.0,0.0,2766.5667363493253,31760.850680572665,62362.41023056896,14894.306047792656,18532.696658091107,131194.77412620297,149727.4707842941,2006.3592886760148,37334.06996247106,39340.42925114708,289.1599700107683,6136.3897990299165,6425.549769040685,33368.126286345585,32650.85189330933,191243.72222924745,223894.5741225568
1981-02-10 12:00:00+01:00,15929.045630815692,159.2904563081569,32650.85189330933,326.5085189330933,147.0527189705272,147.0527189705272,199.57621483966406,1730.2635973472593,20459.079523444416,22189.343120791673,274.7805072693322,2026.3974896776833,2301.1779969470153,0.0,0.0,0.0,0.0,2766.5667363493253,44823.36954413044,75424.92909412665,15929.045630815692,18532.696658091107,187630.51960270296,206163.2162607941,2006.3592886760148,55555.92476202225,57562.284050698254,289.1599700107683,10999.079722801596,11288.239692812365,33368.126286345585,32650.85189330933,284159.96765327407,316810.8195465834
1981-02-11 12:00:00+01:00,15424.226421702551,154.2422642170255,32650.85189330933,326.5085189330933,147.0527189705272,147.0527189705272,151.48731640616094,1730.2635973472593,11977.551896962821,13707.815494310082,274.7805072693322,1862.910622673229,2137.691129942561,0.0,0.0,0.0,0.0,2766.5667363493253,29996.66631838079,60598.22586837708,15424.226421702551,18532.696658091107,121689.9017498537,140222.59840794484,2006.3592886760148,34274.52903962368,36280.8883282997,289.1599700107683,5482.423282121051,5771.583252131819,33368.126286345585,32650.85189330933,176561.3680611456,209212.21995445495
1981-02-12 12:00:00+01:00,15266.788540852196,152.66788540852195,32650.85189330933,326.5085189330933,147.0527189705272,147.0527189705272,168.59302662956085,1730.2635973472593,14853.530565883384,16583.794163230643,274.7805072693322,1527.289749685677,1802.0702569550092,0.0,0.0,0.0,0.0,2766.5667363493253,35418.2532496389,66019.81279963517,15266.788540852196,18532.696658091107,135024.1412560975,153556.8379141886,2006.3592886760148,40451.836737218386,42458.1960258944,289.1599700107683,8427.17269718246,8716.332667193228,33368.126286345585,32650.85189330933,205549.96035815412,238200.81225146353
1981-02-13 12:00:00+01:00,15111.952459812124,151.11952459812125,32650.85189330933,326.5085189330933,147.0527189705272,147.0527189705272,154.46893112685632,1730.2635973472593,12808.534248381357,14538.797845728615,274.7805072693322,1637.6111360794953,1912.3916433488275,0.0,0.0,0.0,0.0,2766.5667363493253,31728.37754415344,62329.937094149725,15111.952459812124,18532.696658091107,127331.81177588123,145864.50843397234,2006.3592886760148,36053.8506494395,38060.20993811551,289.1599700107683,6069.003737193188,6358.163707203956,33368.126286345585,32650.85189330933,186436.49248001346,219087.34437332285
1981-02-14 12:00:00+01:00,15970.733008908159,159.70733008908158,32650.85189330933,326.5085189330933,147.0527189705272,147.0527189705272,210.9933372601458,1730.2635973472593,26732.54644012206,28462.810037469317,274.7805072693322,2631.6274508738043,2906.4079581431365,0.0,0.0,0.0,0.0,2766.5667363493253,54005.49237630752,84607.05192630373,15970.733008908159,18532.696658091107,232237.84329266753,250770.53995075866,2006.3592886760148,67300.62496030584,69306.98424898185,289.1599700107683,12412.552395544202,12701.712365554971,33368.126286345585,32650.85189330933,351761.72810067807,384412.5799939874
1981-02-15 12:00:00+01:00,15983.853527669396,159.83853527669396,32650.85189330933,326.5085189330933,147.0527189705272,147.0527189705272,192.26071224414886,1730.2635973472593,19339.29588630174,21069.559483648998,274.7805072693322,2749.838577195606,3024.619084464938,0.0,0.0,0.0,0.0,2766.5667363493253,44176.96212167185,74778.52167166807,15983.853527669396,18532.696658091107,188952.7496135022,207485.4462715933,2006.3592886760148,58831.99280266498,60838.35209134099,289.1599700107683,10006.26666297468,10295.426632985449,33368.126286345585,32650.85189330933,285247.63767263875,317898.489565948
1981-02-16 12:00:00+01:00,17235.24932953525,172.3524932953525,32650.85189330933,326.5085189330933,147.0527189705272,147.0527189705272,239.19338942281468,1730.2635973472593,27221.623261880384,28951.886859227645,274.7805072693322,2864.8925658896137,3139.673073158946,0.0,0.0,0.0,0.0,2766.5667363493253,54408.96085775173,85010.52040774794,17235.24932953525,18532.696658091107,237213.13469497257,255745.83135306375,2006.3592886760148,68632.2710977265,70638.6303864025,289.1599700107683,12412.552395544202,12701.712365554971,33368.126286345585,32650.85189330933,358312.30566271907,390963.1575560282
1981-02-17 12:00:00+01:00,15650.067989292942,156.5006798929294,32650.85189330933,326.5085189330933,147.0527189705272,147.0527189705272,185.57781653131724,1730.2635973472593,18937.512071541572,20667.775668888833,274.7805072693322,2756.9414099294513,3031.7219171987836,0.0,0.0,0.0,0.0,2766.5667363493253,43055.12574367778,73656.68529367402,15650.067989292942,18532.696658091107,189972.34651150275,208505.04316959393,2006.3592886760148,58222.521095799806,60228.88038447581,289.1599700107683,10299.980990742619,10589.140960753388,33368.126286345585,32650.85189330933,284419.31589888094,317070.1677921904
1981-02-18 12:00:00+01:00,15077.7880735364,150.777880735364,32650.85189330933,326.5085189330933,147.0527189705272,147.0527189705272,152.65488289466265,1730.2635973472593,12976.739688004223,14707.003285351479,274.7805072693322,1679.6881247427007,1954.468632012033,0.0,0.0,0.0,0.0,2766.5667363493253,30379.79630699729,60981.35585699356,15077.7880735364,18532.696658091107,119035.41262667546,137568.10928476654,2006.3592886760148,31489.48653571091,33495.845824386925,289.1599700107683,5666.622573262057,5955.782543272825,33368.126286345585,32650.85189330933,173424.09762917287,206074.94952248226
1981-02-19 12:00:00+01:00,15261.150548956111,152.61150548956113,32650.85189330933,326.5085189330933,147.05271897052677,147.0527189705272,167.7391150338245,1730.2635973472593,10430.362991081383,12160.626588428644,274.7805072693322,1268.7457089491754,1543.5262162185077,0.0,0.0,0.0,0.0,2766.5667363493253,29193.243881964652,59794.80343196093,15261.150548956111,18532.696658091107,103815.41760493905,122348.11426303016,2006.3592886760148,33212.04950564909,35218.40879432511,289.1599700107683,6536.520004935501,6825.679974946269,33368.126286345585,32650.85189330933,158169.27326867697,190820.12516198636
1981-02-20 12:00:00+01:00,15654.33375199712,156.5433375199712,32650.85189330933,326.5085189330933,147.0527189705272,147.0527189705272,174.75448481853368,1730.2635973472593,17170.368605017207,18900.632202364468,274.7805072693322,1728.3547497993604,2003.1352570686927,0.0,0.0,0.0,0.0,2766.5667363493253,38208.992519253705,68810.55206924998,15654.33375199712,18532.696658091107,156188.46996272728,174721.16662081837,2006.3592886760148,43578.14907296093,45584.50836163695,289.1599700107683,8141.312762893738,8430.472732904507,33368.126286345585,32650.85189330933,232268.53705057668,264919.388943886
1981-02-21 12:00:00+01:00,15060.132220756775,150.60132220756776,32650.85189330933,326.5085189330933,147.0527189705272,147.0527189705272,160.8963807948309,1730.2635973472593,14010.14217611208,15740.40577345934,274.7805072693322,1859.5882790381033,2134.3687863074356,0.0,0.0,0.0,0.0,2766.5667363493253,34640.31623754581,65241.87578754209,15060.132220756775,18532.696658091107,139223.06747807786,157755.764136169,2006.3592886760148,42231.75600797283,44238.11529664884,289.1599700107683,7849.012020783927,8138.171990794695,33368.126286345585,32650.85189330933,208606.5826513003,241257.43454460963
1981-02-22 12:00:00+01:00,16780.12326416643,167.80123264166428,32650.85189330933,326.5085189330933,147.0527189705272,147.0527189705272,192.4513462497408,1730.2635973472593,19968.587775677333,21698.851373024587,274.7805072693322,2079.6512332185357,2354.431740487868,0.0,0.0,0.0,0.0,2766.5667363493253,43526.37720720887,74127.93675720511,16780.12326416643,18532.696658091107,181217.43407800313,199750.13073609426,2006.3592886760148,52278.74448419847,54285.103772874485,289.1599700107683,9516.024653007691,9805.18462301846,33368.126286345585,32650.85189330933,272118.7231040896,304769.57499739894
1981-02-23 12:00:00+01:00,15674.949304067895,156.74949304067894,32650.85189330933,326.5085189330933,147.0527189705272,147.0527189705272,175.2931431717569,1730.2635973472593,16101.548696761638,17831.8122941089,274.7805072693322,2123.816157369107,2398.596664638439,0.0,0.0,0.0,0.0,2766.5667363493253,37951.96134262122,68553.5208926175,15674.949304067895,18532.696658091107,157830.61226262164,176363.3089207128,2006.3592886760148,47270.57568587885,49276.93497455488,289.1599700107683,8430.734959300438,8719.894929311207,33368.126286345585,32650.85189330933,235865.04151395056,268515.8934072598
1981-02-24 12:00:00+01:00,15366.008172253009,153.6600817225301,32650.85189330933,326.5085189330933,147.0527189705272,147.0527189705272,193.01862728906303,1730.2635973472593,20403.588171238072,22133.851768585337,274.7805072693322,2235.529674122081,2510.310181391413,0.0,0.0,0.0,0.0,2766.5667363493253,44008.35850158064,74609.91805157687,15366.008172253009,18532.696658091107,188698.12045231432,207230.81711040545,2006.3592886760148,54468.881631113705,56475.24091978972,289.1599700107683,10195.023761574845,10484.183731585614,33368.126286345585,32650.85189330933,282498.4554541081,315149.3073474173
1981-02-25 12:00:00+01:00,15303.752798597874,153.03752798597873,32650.85189330933,326.5085189330933,147.0527189705272,147.0527189705272,161.10356122644728,1730.2635973472593,13744.93855348205,15475.202150829306,274.7805072693322,1966.466551176523,2241.247058445855,0.0,0.0,0.0,0.0,2766.5667363493253,33573.28686565689,64174.84641565317,15303.752798597874,18532.696658091107,137331.27810658788,155863.97476467895,2006.3592886760148,40138.0877786291,42144.44706730512,289.1599700107683,7035.587156549437,7324.747126560205,33368.126286345585,32650.85189330933,202837.72937519345,235488.58126850263
1981-02-26 12:00:00+01:00,15790.072874178431,157.90072874178432,32650.85189330933,326.5085189330933,147.0527189705272,147.0527189705272,164.4629699971854,1730.2635973472593,14394.784595226,16125.04819257326,274.7805072693322,1594.733964335942,1869.5144716052741,0.0,0.0,0.0,0.0,2766.5667363493253,34052.601464745254,64654.161014741534,15790.072874178431,18532.696658091107,132651.48499206422,151184.18165015546,2006.3592886760148,38359.95827294501,40366.31756162102,289.1599700107683,7485.499710298776,7774.6596803095445,33368.126286345585,32650.85189330933,198759.02678128984,231409.87867459914
1981-02-27 12:00:00+01:00,16084.270257321228,160.84270257321228,32650.85189330933,326.5085189330933,147.0527189705272,147.0527189705272,201.1450530049293,1730.2635973472593,21203.015137612085,22933.278734959345,274.7805072693322,2295.0780968112726,2569.858604080605,0.0,0.0,0.0,0.0,2766.5667363493253,46738.18556700206,77339.74511699825,16084.270257321228,18532.696658091107,198146.49429509425,216679.19095318532,2006.3592886760148,59671.33517544074,61677.69446411675,289.1599700107683,10965.635334670498,11254.795304681267,33368.126286345585,32650.85189330933,299819.4047572725,332470.25665058184
1981-02-28 12:00:00+01:00,15972.38502803563,159.7238502803563,32650.85189330933,326.5085189330933,147.0527189705272,147.0527189705272,185.96080882682887,1730.2635973472593,18528.365768461703,20258.629365808963,274.7805072693322,2407.2778692011475,2682.0583764704797,0.0,0.0,0.0,0.0,2766.5667363493253,40513.61538583314,71115.17493582942,15972.38502803563,18532.696658091107,176741.74001148157,195274.43666957263,2006.3592886760148,50600.794459393146,52607.15374806916,289.1599700107683,9032.020505364828,9321.180475375597,33368.126286345585,32650.85189330933,261672.5588951609,294323.4107884701
1981-03-01 12:00:00+01:00,16110.060801830068,161.10060801830068,32650.85189330933,326.5085189330933,147.0527189705272,147.0527189705272,191.23208281609604,1730.2635973472593,18809.247869476018,20539.511466823275,274.7805072693322,2186.5003806497675,2461.2808879190998,0.0,0.0,0.0,0.0,2766.5667363493253,42869.072119798555,73470.63166979479,16110.060801830068,18532.696658091107,176307.05945004852,194839.75610813967,2006.3592886760148,52948.344284430685,54954.70357310669,289.1599700107683,9544.85235495896,9834.01232496973,33368.126286345585,32650.85189330933,266382.27475411136,299033.1266474208
1981-03-02 12:00:00+01:00,15536.852327620232,155.36852327620232,32650.85189330933,326.5085189330933,147.0527189705272,147.0527189705272,172.94466454667355,1730.2635973472593,16276.710016454575,18006.973613801838,274.7805072693322,2033.5174433341979,2308.29795060353,0.0,0.0,0.0,0.0,2766.5667363493253,37019.73269221124,67621.29224220749,15536.852327620232,18532.696658091107,156069.08065314157,174601.77731123264,2006.3592886760148,44598.34386444092,46604.703153116934,289.1599700107683,7953.273338501349,8242.433308512118,33368.126286345585,32650.85189330933,230721.47246534345,263372.32435865264
1981-03-03 12:00:00+01:00,15075.51921862399,150.7551921862399,32650.85189330933,326.5085189330933,147.0527189705272,147.0527189705272,157.1401571072676,1730.2635973472593,13250.032336952136,14980.29593429939,274.7805072693322,1665.2305713329547,1940.011078602287,0.0,0.0,0.0,0.0,2766.5667363493253,32760.520905320303,63362.080455316594,15075.51921862399,18532.696658091107,126484.31744481032,145017.01410290142,2006.3592886760148,37473.5961678334,39479.955456509415,289.1599700107683,7119.076247472976,7408.236217483744,33368.126286345585,32650.85189330933,189503.91824938433,222154.77014269342
1981-03-04 12:00:00+01:00,15447.513765256965,154.47513765256966,32650.85189330933,326.5085189330933,147.0527189705272,147.0527189705272,187.96267453751193,1730.2635973472593,19167.826571151098,20898.090168498362,274.7805072693322,2024.125107188676,2298.905614458008,0.0,0.0,0.0,0.0,2766.5667363493253,42587.60830684017,73189.16785683642,15447.513765256965,18532.696658091107,180064.94910860917,198597.6457667003,2006.3592886760148,52502.60339162144,54508.96268029745,289.1599700107683,9733.11614604257,10022.27611605334,33368.126286345585,32650.85189330933,269776.01396865,302426.86586195923
1981-03-05 12:00:00+01:00,16480.27891471702,164.8027891471702,32650.85189330933,326.5085189330933,147.0527189705272,147.0527189705272,188.50419179690195,1730.2635973472593,18633.68834779741,20363.951945144672,274.7805072693322,2328.2816941851866,2603.062201454519,0.0,0.0,0.0,0.0,2766.5667363493253,41550.924276773825,72152.48382677008,16480.27891471702,18532.696658091107,177258.70757795777,195791.4042360488,2006.3592886760148,52171.31036818948,54177.669656865495,289.1599700107683,9459.955084448298,9749.115054459067,33368.126286345585,32650.85189330933,265015.53796788485,297666.38986119424
1981-03-06 12:00:00+01:00,15288.078723646031,152.88078723646032,32650.85189330933,326.5085189330933,147.0527189705272,147.0527189705272,183.8169327089975,1730.2635973472593,18308.25848230147,20038.522079648723,274.7805072693322,2201.981987168249,2476.762494437581,0.0,0.0,0.0,0.0,2766.5667363493253,40896.0729647286,71497.63251472487,15288.078723646031,18532.696658091107,174087.10691896357,192619.80357705464,2006.3592886760148,50516.31291858917,52522.67220726518,289.1599700107683,9218.434801187204,9507.594771197973,33368.126286345585,32650.85189330933,259541.48168342328,292192.33357673266
1981-03-07 12:00:00+01:00,15444.709932672598,154.44709932672598,32650.85189330933,326.5085189330933,147.0527189705272,147.0527189705272,173.9850348642704,1730.2635973472593,16419.046549399114,18149.31014674637,274.7805072693322,2047.7593375056,2322.539844774932,0.0,0.0,0.0,0.0,2766.5667363493253,37845.73419991335,68447.29374990962,15444.709932672598,18532.696658091107,157741.54382236613,176274.24048045723,2006.3592886760148,45989.17128155445,47995.53057023047,289.1599700107683,8401.356422531337,8690.516392542106,33368.126286345585,32650.85189330933,234869.57589810845,267520.4277914179
1981-03-08 12:00:00+01:00,15714.525272238865,157.14525272238865,32650.85189330933,326.5085189330933,147.0527189705272,147.0527189705272,164.68737420414277,1730.2635973472593,13970.692920113353,15700.956517460612,274.7805072693322,1706.7400749554047,1981.520582224737,0.0,0.0,0.0,0.0,2766.5667363493253,33895.99931790594,64497.55886790222,15714.525272238865,18532.696658091107,131289.1830374667,149821.8796955578,2006.3592886760148,38431.33474661101,40437.69403528704,289.1599700107683,6920.542827908622,7209.70279791939,33368.126286345585,32650.85189330933,196356.06823163954,229006.92012494893
1981-03-09 12:00:00+01:00,15487.31900821122,154.8731900821122,32650.85189330933,326.5085189330933,147.0527189705272,147.0527189705272,178.3232617558554,1730.2635973472593,16640.235519988244,18370.4991173355,274.7805072693322,1829.851679772379,2104.632187041711,0.0,0.0,0.0,0.0,2766.5667363493253,38501.53528743006,69103.09483742632,15487.31900821122,18532.696658091107,157783.3875004847,176316.08415857586,2006.3592886760148,46366.53575012206,48372.89503879807,289.1599700107683,8735.857563437212,9025.01753344798,33368.126286345585,32650.85189330933,236487.33590025204,269138.1877935614
1981-03-10 12:00:00+01:00,16096.88549746043,160.96885497460428,32650.85189330933,326.5085189330933,129.33838207489976,147.0527189705272,147.05271897052754,1730.2635973472593,6127.239609677419,7857.50320702468,274.7805072693322,1134.8111546050836,1409.5916618744159,0.0,0.0,0.0,0.0,2766.5667363493253,19716.80021606453,50318.359766060814,16096.88549746043,18532.696658091107,57946.37058042936,76479.06723852044,2006.3592886760148,16828.266117005678,18834.62540568169,289.1599700107683,3016.444771782868,3305.604741793636,33368.126286345585,32650.85189330933,84819.86757370473,117470.71946701405
1981-03-11 12:00:00+01:00,15063.84441328011,150.6384441328011,32650.85189330933,326.5085189330933,147.0527189705272,147.0527189705272,171.20529208650737,1730.2635973472593,15667.268183674303,17397.531781021564,274.7805072693322,1331.4754129771877,1606.25592024652,0.0,0.0,0.0,0.0,2766.5667363493253,37746.06542659413,68347.62497659039,15063.84441328011,18532.696658091107,147005.76909041742,165538.4657485085,2006.3592886760148,43558.291482692686,45564.6507713687,289.1599700107683,8892.392044340264,9181.552014351033,33368.126286345585,32650.85189330933,222777.96372675238,255428.81562006188
1981-03-12 12:00:00+01:00,16582.401337701667,165.82401337701668,32650.85189330933,326.5085189330933,147.0527189705272,147.0527189705272,166.46848005210498,1730.2635973472593,15183.582142785444,16913.845740132703,274.7805072693322,1933.3939124517256,2208.174419721058,0.0,0.0,0.0,0.0,2766.5667363493253,35078.45848853284,65680.01803852912,16582.401337701667,18532.696658091107,144873.61202979618,163406.30868788733,2006.3592886760148,41561.90122889342,43568.26051756943,289.1599700107683,7249.7017381147425,7538.861708125511,33368.126286345585,32650.85189330933,214091.0442256521,246741.89611896142
1981-03-13 12:00:00+01:00,15725.214404519169,157.2521440451917,32650.85189330933,326.5085189330933,147.0527189705272,147.0527189705272,178.2984185395851,1730.2635973472593,17053.564418917264,18783.828016264524,274.7805072693322,1931.004198871403,2205.784706140735,0.0,0.0,0.0,0.0,2766.5667363493253,39509.06166743565,70110.62121743191,15725.214404519169,18532.696658091107,161524.32512029284,180057.021778384,2006.3592886760148,47765.88321765623,49772.24250633226,289.1599700107683,9285.901280910837,9575.061250921606,33368.126286345585,32650.85189330933,243208.36392938168,275859.2158226912
1981-03-14 12:00:00+01:00,16795.733600934716,167.95733600934716,32650.85189330933,326.5085189330933,147.0527189705272,147.0527189705272,176.05738730887867,1730.2635973472593,14504.539118571833,16234.802715919095,274.7805072693322,1858.5605566279207,2133.3410638972528,0.0,0.0,0.0,0.0,2766.5667363493253,34067.04765485554,64668.607204851825,16795.733600934716,18532.696658091107,139793.19469671164,158325.89135480276,2006.3592886760148,39831.419469553104,41837.77875822911,289.1599700107683,6960.027881344157,7249.187851354925,33368.126286345585,32650.85189330933,205995.87079194945,238646.7226852589
1981-03-15 12:00:00+01:00,15631.673890398284,156.31673890398284,32650.85189330933,326.5085189330933,147.0527189705272,147.0527189705272,204.9231420975035,1730.2635973472593,22362.469788184222,24092.73338553148,274.7805072693322,2313.1166223958326,2587.897129665165,0.0,0.0,0.0,0.0,2766.5667363493253,48461.071566812534,79062.63111680874,15631.673890398284,18532.696658091107,202427.11584902628,220959.8125071174,2006.3592886760148,61131.30661507753,63137.665903753536,289.1599700107683,11746.82151870073,12035.981488711499,33368.126286345585,32650.85189330933,308606.07937696786,341256.9312702772
1981-03-16 12:00:00+01:00,15762.470292082138,157.6247029208214,32650.85189330933,326.5085189330933,147.0527189705272,147.0527189705272,154.6476654621273,1730.2635973472593,13462.860267446793,15193.123864794052,274.7805072693322,2020.0898950860503,2294.8704023553823,0.0,0.0,0.0,0.0,2766.5667363493253,32518.620688727922,63120.1802387242,15762.470292082138,18532.696658091107,135221.71925793777,153754.41591602893,2006.3592886760148,38099.48981354764,40105.84910222366,289.1599700107683,5942.915729033114,6232.075699043882,33368.126286345585,32650.85189330933,196772.61449755193,229423.46639086105
1981-03-17 12:00:00+01:00,15152.961090654193,151.52961090654193,32650.85189330933,326.5085189330933,147.0527189705272,147.0527189705272,173.33141810021547,1730.2635973472593,16456.75731720365,18187.02091455091,274.7805072693322,1737.9218709850788,2012.702378254411,0.0,0.0,0.0,0.0,2766.5667363493253,38116.63005768279,68718.18960767904,15152.961090654193,18532.696658091107,151907.36647091768,170440.06312900878,2006.3592886760148,45329.52211543989,47335.88140411589,289.1599700107683,9408.611620241178,9697.771590251947,33368.126286345585,32650.85189330933,230364.6218074807,263015.47370079014
1981-03-18 12:00:00+01:00,14570.974181468016,145.70974181468017,32650.85189330933,326.5085189330933,139.0582149642908,147.0527189705272,147.05271897052748,1730.2635973472593,7705.160926880031,9435.42452422729,274.7805072693322,1277.9910589928643,1552.7715662621965,0.0,0.0,0.0,0.0,2766.5667363493253,22695.82271737699,53297.38226737326,14570.974181468016,18532.696658091107,77239.01266707886,95771.70932516996,2006.3592886760148,21624.625667371703,23630.98495604772,289.1599700107683,3175.754320312691,3464.914290323459,33368.126286345585,32650.85189330933,111281.7213765819,143932.57326989115
1981-03-19 12:00:00+01:00,15457.376823699498,154.573768236995,32650.85189330933,326.5085189330933,147.0527189705272,147.0527189705272,168.12590502178168,1730.2635973472593,14225.50887426015,15955.772471607404,274.7805072693322,1289.282946761899,1564.0634540312312,0.0,0.0,0.0,0.0,2766.5667363493253,34808.665809389124,65410.22535938541,15457.376823699498,18532.696658091107,130035.57060742428,148568.26726551537,2006.3592886760148,39226.63150748553,41232.99079616155,289.1599700107683,8616.006527476624,8905.166497487393,33368.126286345585,32650.85189330933,198849.853480246,231500.7053735553
1981-03-20 12:00:00+01:00,15405.354322806666,154.05354322806667,32650.85189330933,326.5085189330933,147.0527189705272,147.0527189705272,162.32637353233991,1730.2635973472593,14440.396934674349,16170.660532021606,274.7805072693322,1778.9832482733361,2053.763755542668,0.0,0.0,0.0,0.0,2766.5667363493253,34287.67218193893,64889.2317319352,15405.354322806666,18532.696658091107,140557.49706175522,159090.19371984634,2006.3592886760148,39846.830578433044,41853.18986710906,289.1599700107683,6537.627054782984,6826.787024793752,33368.126286345585,32650.85189330933,206493.88688735876,239144.73878066812
1981-03-21 12:00:00+01:00,16012.690613082137,160.12690613082137,32650.85189330933,326.5085189330933,147.0527189705272,147.0527189705272,179.97268934287186,1730.2635973472593,18103.929413511414,19834.193010858675,274.7805072693322,1996.2830504302656,2271.063557699598,0.0,0.0,0.0,0.0,2766.5667363493253,41023.818878365055,71625.3784283613,16012.690613082137,18532.696658091107,169098.88733276128,187631.5839908524,2006.3592886760148,50311.21234611209,52317.5716347881,289.1599700107683,10203.886812436984,10493.046782447753,33368.126286345585,32650.85189330933,255727.48471060197,288378.3366039113
1981-03-22 12:00:00+01:00,15335.10727781454,153.3510727781454,32650.85189330933,326.5085189330933,146.87955601330987,147.0527189705272,147.738560506177,1730.2635973472593,6871.681360082285,8601.944957429545,274.7805072693322,1250.2982103865052,1525.0787176558374,0.0,0.0,0.0,0.0,2766.5667363493253,21462.99907870749,52064.55862870375,15335.10727781454,18532.696658091107,66475.15182919077,85007.84848728187,2006.3592886760148,18915.212141616194,20921.57143029221,289.1599700107683,2452.4506865683747,2741.610656579143,33368.126286345585,32650.85189330933,96322.09674993668,128972.94864324604
1981-03-23 12:00:00+01:00,16744.649861698173,167.44649861698173,32650.85189330933,326.5085189330933,147.0527189705272,147.0527189705272,206.25514935342065,1730.2635973472593,21142.76922803209,22873.03282537935,274.7805072693322,1811.6631716791203,2086.4436789484525,0.0,0.0,0.0,0.0,2766.5667363493253,46498.28004999686,77099.83959999308,16744.649861698173,18532.696658091107,192364.65069244202,210897.34735053303,2006.3592886760148,57607.355135592436,59613.71442426846,289.1599700107683,12366.016262082667,12655.176232093436,33368.126286345585,32650.85189330933,293821.93717724766,326472.789070557
1981-03-24 12:00:00+01:00,15464.040346951546,154.64040346951546,32650.85189330933,326.5085189330933,147.0527189705272,147.0527189705272,166.8184907088634,1730.2635973472593,14733.243075013599,16463.506672360858,274.7805072693322,2188.052559356929,2462.8330666262614,0.0,0.0,0.0,0.0,2766.5667363493253,34381.52331078465,64983.08286078093,15464.040346951546,18532.696658091107,145972.5697512806,164505.26640937163,2006.3592886760148,41473.86926327024,43480.22855194625,289.1599700107683,5987.955804816324,6277.1157748270925,33368.126286345585,32650.85189330933,212762.3965267798,245413.24842008913
1981-03-25 12:00:00+01:00,15944.772892351726,159.44772892351727,32650.85189330933,326.5085189330933,147.0527189705272,147.0527189705272,201.72095125988702,1730.2635973472593,21207.602571322186,22937.866168669447,274.7805072693322,2194.5826251997573,2469.3631324690896,0.0,0.0,0.0,0.0,2766.5667363493253,46498.537682087444,77100.09723208367,15944.772892351726,18532.696658091107,195641.80047478538,214174.4971328764,2006.3592886760148,58353.35444853376,60359.71373720978,289.1599700107683,12268.163016101375,12557.322986112144,33368.126286345585,32650.85189330933,297464.2134705151,330115.0653638244
1981-03-26 12:00:00+01:00,16696.067148585567,166.96067148585567,32650.85189330933,326.5085189330933,147.0527189705272,147.0527189705272,184.5980538407952,1730.2635973472593,15535.401671429889,17265.66526877715,274.7805072693322,2187.9313990105798,2462.711906279912,0.0,0.0,0.0,0.0,2766.5667363493253,35727.200423909635,66328.75997390591,16696.067148585567,18532.696658091107,153308.57975884507,171841.27641693616,2006.3592886760148,43556.27270824562,45562.631996921635,289.1599700107683,6414.02692993429,6703.186899945058,33368.126286345585,32650.85189330933,223823.37631589736,256474.22820920678
1981-03-27 12:00:00+01:00,15821.8318988783,158.21831898878298,32650.85189330933,326.5085189330933,147.0527189705272,147.0527189705272,199.44258563328728,1730.2635973472593,20866.97622800258,22597.23982534984,274.7805072693322,2219.9435591848733,2494.7240664542055,0.0,0.0,0.0,0.0,2766.5667363493253,45936.06092425735,76537.62047425356,15821.8318988783,18532.696658091107,193516.97638432993,212049.67304242108,2006.3592886760148,57761.01081786727,59767.37010654329,289.1599700107683,12026.16090911409,12315.32087912486,33368.126286345585,32650.85189330933,293862.6721132362,326513.5240065454
1981-03-28 12:00:00+01:00,15468.388657869476,154.68388657869477,32650.85189330933,326.5085189330933,147.0527189705272,147.0527189705272,165.04174182291337,1730.2635973472593,14370.25445957091,16100.51805691817,274.7805072693322,2057.6573626316735,2332.437869901006,0.0,0.0,0.0,0.0,2766.5667363493253,33654.816733951775,64256.376283948055,15468.388657869476,18532.696658091107,142332.46683362895,160865.16349172004,2006.3592886760148,40033.28067812348,42039.6399667995,289.1599700107683,5874.941293705471,6164.101263716239,33368.126286345585,32650.85189330933,206961.64923074187,239612.50112405125
1981-03-29 13:00:00+02:00,16214.350439840056,162.14350439840055,32650.85189330933,326.5085189330933,147.0527189705272,147.0527189705272,193.26220519242867,1730.2635973472593,18259.922416672664,19990.186014019924,274.7805072693322,1918.5258393068038,2193.306346576136,0.0,0.0,0.0,0.0,2766.5667363493253,41852.00577555847,72453.56532555472,16214.350439840056,18532.696658091107,168431.2327536401,186963.92941173117,2006.3592886760148,50608.02587393243,52614.38516260844,289.1599700107683,10547.57183135624,10836.731801367008,33368.126286345585,32650.85189330933,256591.13495059274,289241.98684390215
1981-03-30 13:00:00+02:00,16286.903028501189,162.8690302850119,32650.85189330933,326.5085189330933,147.0527189705272,147.0527189705272,179.45148107118212,1730.2635973472593,16578.456909218145,18308.7205065654,274.7805072693322,2086.8845944659165,2361.6651017352488,0.0,0.0,0.0,0.0,2766.5667363493253,37848.664807580135,68450.2243575764,16286.903028501189,18532.696658091107,159822.33401567626,178355.03067376732,2006.3592886760148,45947.63277634927,47953.99206502529,289.1599700107683,7110.671315537291,7399.831285548059,33368.126286345585,32650.85189330933,235682.76304728264,268333.614940592
1981-03-31 13:00:00+02:00,15339.512206341878,153.3951220634188,32650.85189330933,326.5085189330933,147.0527189705272,147.0527189705272,179.69766370414905,1730.2635973472593,17259.21677121123,18989.480368558492,274.7805072693322,2032.4081105208477,2307.1886177901797,0.0,0.0,0.0,0.0,2766.5667363493253,39932.353692892684,70533.91324288894,15339.512206341878,18532.696658091107,165743.0519798939,184275.7486379851,2006.3592886760148,48503.37620544504,50509.73549412106,289.1599700107683,10160.978482012042,10450.138452022811,33368.126286345585,32650.85189330933,249082.06762966182,281732.919522971
1981-04-01 13:00:00+02:00,16234.100750285972,162.34100750285972,32650.85189330933,326.5085189330933,147.0527189705272,147.0527189705272,182.2029084366811,1730.2635973472593,17777.64131646957,19507.904913816834,274.7805072693322,2143.430629729268,2418.2111369986,0.0,0.0,0.0,0.0,2766.5667363493253,40142.02187688858,70743.58142688485,16234.100750285972,18532.696658091107,170136.11560835034,188668.8122664414,2006.3592886760148,49136.96771335165,51143.32700202767,289.1599700107683,7956.004856039327,8245.164826050095,33368.126286345585,32650.85189330933,252239.5905702662,284890.4424635755
1981-04-02 13:00:00+02:00,15985.566715970217,159.85566715970216,32650.85189330933,326.5085189330933,147.0527189705272,147.0527189705272,177.13128546119106,1730.2635973472593,15969.566669891376,17699.830267238634,274.7805072693322,2002.6362759009412,2277.4167831702734,0.0,0.0,0.0,0.0,2766.5667363493253,37509.47610042976,68111.03565042604,15985.566715970217,18532.696658091107,155375.5529094812,173908.24956757232,2006.3592886760148,45017.990935471586,47024.350224147594,289.1599700107683,9247.721700924136,9536.881670934905,33368.126286345585,32650.85189330933,231936.96567418042,264587.81756748987
1981-04-03 13:00:00+02:00,16079.477496068474,160.79477496068475,32650.85189330933,326.5085189330933,147.0527189705272,147.0527189705272,195.32651566744184,1730.2635973472593,20063.68817329913,21793.95177064639,274.7805072693322,2246.066524353368,2520.8470316227003,0.0,0.0,0.0,0.0,2766.5667363493253,44272.529017064226,74874.08856706046,16079.477496068474,18532.696658091107,188140.23571779975,206672.93237589087,2006.3592886760148,55392.09900584149,57398.45829451752,289.1599700107683,9395.107475792398,9684.267445803167,33368.126286345585,32650.85189330933,282000.6777357788,314651.5296290883
1981-04-04 13:00:00+02:00,15000.581799536885,150.00581799536886,32650.85189330933,326.5085189330933,146.5395335141697,147.0527189705272,147.05271897052774,1730.2635973472593,9979.12853740979,11709.392134757047,274.7805072693322,1647.703278069438,1922.4837853387703,0.0,0.0,0.0,0.0,2766.5667363493253,26930.418812041353,57531.978362037626,15000.581799536885,18532.696658091107,102967.2829375526,121499.97959564379,2006.3592886760148,28611.518949663194,30617.878238339206,289.1599700107683,5863.830336986475,6152.990306997243,33368.126286345585,32650.85189330933,149893.85983165787,182544.71172496708
1981-04-05 13:00:00+02:00,15572.52784953665,155.7252784953665,32650.85189330933,326.5085189330933,147.0527189705272,147.0527189705272,197.89469691725816,1730.2635973472593,20658.250475604953,22388.514072952214,274.7805072693322,1910.0305693283622,2184.8110765976944,0.0,0.0,0.0,0.0,2766.5667363493253,45594.44416501637,76196.00371501257,15572.52784953665,18532.696658091107,186528.5936344472,205061.2902925382,2006.3592886760148,56471.888113409696,58478.24740208571,289.1599700107683,10146.784562603438,10435.944532614207,33368.126286345585,32650.85189330933,284178.3552715238,316829.2071648331
1981-04-06 13:00:00+02:00,14854.262233763207,148.54262233763208,32650.85189330933,326.5085189330933,147.0527189705272,147.0527189705272,150.06886522784686,1730.2635973472593,12722.442487009428,14452.706084356687,274.7805072693322,1930.5281802953145,2205.308687564647,0.0,0.0,0.0,0.0,2766.5667363493253,31556.14344468887,62157.702994685154,14854.262233763207,18532.696658091107,128307.71060049575,146840.4072585869,2006.3592886760148,35899.02852455319,37905.3878132292,289.1599700107683,6531.722950683084,6820.882920693852,33368.126286345585,32650.85189330933,187210.51443456055,219861.36632786994
1981-04-07 13:00:00+02:00,15369.778630034823,153.69778630034824,32650.85189330933,326.5085189330933,147.0527189705272,147.0527189705272,174.27973220226846,1730.2635973472593,15934.351185705316,17664.614783052577,274.7805072693322,1676.1234843740792,1950.9039916434115,0.0,0.0,0.0,0.0,2766.5667363493253,37409.41157147309,68010.97112146935,15369.778630034823,18532.696658091107,147934.78202417056,166467.47868226166,2006.3592886760148,44251.98818392247,46258.347472598485,289.1599700107683,8411.688018559737,8700.847988570506,33368.126286345585,32650.85189330933,223889.1667550669,256540.01864837625
1981-04-08 13:00:00+02:00,15932.673818830042,159.32673818830042,32650.85189330933,326.5085189330933,147.0527189705272,147.0527189705272,178.05188544914742,1730.2635973472593,16511.639824686077,18241.903422033338,274.7805072693322,2017.9387632368716,2292.719270506204,0.0,0.0,0.0,0.0,2766.5667363493253,38473.409739651455,69074.96928964774,15932.673818830042,18532.696658091107,161743.70186538977,180276.3985234809,2006.3592886760148,46058.88180730939,48065.24109598541,289.1599700107683,8507.5308435819,8796.69081359267,33368.126286345585,32650.85189330933,239256.40604879466,271907.257942104
1981-04-09 13:00:00+02:00,15428.312934180167,154.28312934180167,32650.85189330933,326.5085189330933,147.0527189705272,147.0527189705272,171.96563218779852,1730.2635973472593,15662.02584420632,17392.289441553577,274.7805072693322,1909.0886840074038,2183.869191276736,0.0,0.0,0.0,0.0,2766.5667363493253,36545.55133854718,67147.11088854344,15428.312934180167,18532.696658091107,148113.27245268007,166645.96911077126,2006.3592886760148,43644.68501984298,45651.04430851899,289.1599700107683,8062.345995317857,8351.505965328626,33368.126286345585,32650.85189330933,221936.37986250076,254587.2317558101
1981-04-10 13:00:00+02:00,16281.9725956879,162.81972595687898,32650.85189330933,326.5085189330933,147.0527189705272,147.0527189705272,177.6634346190359,1730.2635973472593,16471.58606374104,18201.8496610883,274.7805072693322,1946.83684576507,2221.617353034402,0.0,0.0,0.0,0.0,2766.5667363493253,38553.15856487951,69154.71811487577,16281.9725956879,18532.696658091107,160885.87013876025,179418.56679685132,2006.3592886760148,45950.9538789398,47957.313167615815,289.1599700107683,8606.980548721536,8896.140518732305,33368.126286345585,32650.85189330933,238607.6879958475,271258.5398891568
1981-04-11 13:00:00+02:00,14961.212942956223,149.61212942956223,32650.85189330933,326.5085189330933,147.05271897052708,147.0527189705272,147.05271897052774,1730.2635973472593,11293.024015537032,13023.28761288429,274.7805072693322,1558.4345109225942,1833.2150181919264,0.0,0.0,0.0,0.0,2766.5667363493253,28963.217329546675,59564.77687954296,14961.212942956223,18532.696658091107,107519.14134397819,126051.83800206926,2006.3592886760148,31671.29573499464,33677.65502367065,289.1599700107683,5793.18538309761,6082.345353108378,33368.126286345585,32650.85189330933,160249.04757165484,192899.89946496423
1981-04-12 13:00:00+02:00,14896.314315406451,148.9631431540645,32650.85189330933,326.5085189330933,147.0527189705272,147.0527189705272,151.7880674423704,1730.2635973472593,11767.191601151158,13497.455198498417,274.7805072693322,1278.0295497737095,1552.8100570430418,0.0,0.0,0.0,0.0,2766.5667363493253,30492.431946091132,61093.9914960874,14896.314315406451,18532.696658091107,110238.87963248903,128771.57629058014,2006.3592886760148,32233.452222462987,34239.81151113899,289.1599700107683,6322.6631290579635,6611.823099068732,33368.126286345585,32650.85189330933,165522.40667052136,198173.25856383055
1981-04-13 13:00:00+02:00,15262.891563539808,152.62891563539807,32650.85189330933,326.5085189330933,136.96487683678455,147.0527189705272,147.0527189705277,1730.2635973472593,9093.724896609101,10823.98849395636,274.7805072693322,1142.7656290627112,1417.5461363320435,0.0,0.0,0.0,0.0,2766.5667363493253,25455.841939467166,56057.40148946345,15262.891563539808,18532.696658091107,84602.52336307986,103135.22002117093,2006.3592886760148,25289.817606129553,27296.176894805565,289.1599700107683,4770.171251851187,5059.331221861955,33368.126286345585,32650.85189330933,127066.31664573881,159717.16853904803
1981-04-14 13:00:00+02:00,15266.004385186037,152.66004385186037,32650.85189330933,326.5085189330933,142.83714453559324,147.0527189705272,148.7032542102232,1730.2635973472593,9943.357235672114,11673.620833019373,274.7805072693322,1078.8778705613959,1353.658377830728,0.0,0.0,0.0,0.0,2766.5667363493253,27483.861249807294,58085.42079980357,15266.004385186037,18532.696658091107,94773.79531836783,113306.49197645888,2006.3592886760148,27746.817793589133,29753.177082265138,289.1599700107683,5750.958970321045,6040.118940331813,33368.126286345585,32650.85189330933,142252.07064497194,174902.9225382812
1981-04-15 13:00:00+02:00,15549.145459756954,155.49145459756954,32650.85189330933,326.5085189330933,147.0527189705272,147.0527189705272,177.91483093299274,1730.2635973472593,16779.181989212688,18509.445586559945,274.7805072693322,1728.2701574475327,2003.050664716865,0.0,0.0,0.0,0.0,2766.5667363493253,38922.21897008814,69523.7785200844,15549.145459756954,18532.696658091107,157959.51191291097,176492.20857100212,2006.3592886760148,46373.969845434585,48380.3291341106,289.1599700107683,8702.104248655514,8991.264218666283,33368.126286345585,32650.85189330933,237311.22224179647,269962.0741351058
1981-04-16 13:00:00+02:00,15610.140592450896,156.10140592450895,32650.85189330933,326.5085189330933,147.0527189705272,147.0527189705272,170.27995674310722,1730.2635973472593,15250.436024341365,16980.699621688622,274.7805072693322,1961.5042117749724,2236.2847190443044,0.0,0.0,0.0,0.0,2766.5667363493253,36092.603624157375,66694.16317415364,15610.140592450896,18532.696658091107,148464.98139584216,166997.6780539333,2006.3592886760148,42599.668635036665,44606.02792371268,289.1599700107683,7943.8573228748755,8233.017292885645,33368.126286345585,32650.85189330933,220119.94141341935,252770.79330672874
1981-04-17 13:00:00+02:00,16309.600281341282,163.0960028134128,32650.85189330933,326.5085189330933,147.0527189705272,147.0527189705272,187.81303579960982,1730.2635973472593,18441.211304272743,20171.47490162,274.7805072693322,2071.3396550314205,2346.120162300753,0.0,0.0,0.0,0.0,2766.5667363493253,41652.75675835573,72254.31630835198,16309.600281341282,18532.696658091107,174363.51757993826,192896.21423802932,2006.3592886760148,51278.978055575535,53285.33734425155,289.1599700107683,9513.595216401507,9802.755186412276,33368.126286345585,32650.85189330933,261748.50289506392,294399.3547883732
1981-04-18 13:00:00+02:00,15411.617811855112,154.11617811855112,32650.85189330933,326.5085189330933,147.05271897052677,147.0527189705272,158.9691958434928,1730.2635973472593,10594.692953487522,12324.95655083478,274.7805072693322,1623.9017103749277,1898.68221764426,0.0,0.0,0.0,0.0,2766.5667363493253,27988.8992733565,58590.45882335279,15411.617811855112,18532.696658091107,106491.82906592815,125024.52572401924,2006.3592886760148,29916.75140541551,31923.110694091523,289.1599700107683,5457.123010598955,5746.282980609723,33368.126286345585,32650.85189330933,155559.68710600698,188210.5389993163
1981-04-19 13:00:00+02:00,15563.460143857123,155.63460143857122,32650.85189330933,326.5085189330933,147.0527189705272,147.0527189705272,187.95324195648132,1730.2635973472593,18120.526453666622,19850.790051013875,274.7805072693322,1746.6280303204649,2021.408537589797,0.0,0.0,0.0,0.0,2766.5667363493253,41248.83085244077,71850.39040243704,15563.460143857123,18532.696658091107,166673.85926702086,185206.55592511198,2006.3592886760148,49784.3800708351,51790.73935951111,289.1599700107683,9517.395448257841,9806.55541826861,33368.126286345585,32650.85189330933,252691.28568909023,285342.13758239936
1981-04-20 13:00:00+02:00,15979.938209445956,159.79938209445956,32650.85189330933,326.5085189330933,147.0527189705272,147.0527189705272,162.6122768651394,1730.2635973472593,10143.859003821402,11874.122601168663,274.7805072693322,1575.5371973738636,1850.3177046431958,0.0,0.0,0.0,0.0,2766.5667363493253,27155.374239773093,57756.93378976937,15979.938209445956,18532.696658091107,99874.82744001159,118407.52409810272,2006.3592886760148,28402.541270648246,30408.900559324265,289.1599700107683,4830.791235688981,5119.951205699749,33368.126286345585,32650.85189330933,146226.20522198387,178877.05711529314
1981-04-21 13:00:00+02:00,16717.112090172337,167.17112090172338,32650.85189330933,326.5085189330933,147.0527189705272,147.0527189705272,194.68826504118687,1730.2635973472593,19291.564154392727,21021.827751739987,274.7805072693322,1844.6187568092864,2119.3992640786187,0.0,0.0,0.0,0.0,2766.5667363493253,43424.59570981122,74026.15525980743,16717.112090172337,18532.696658091107,179849.15837458288,198381.85503267407,2006.3592886760148,53611.09464818398,55617.45393686,289.1599700107683,10692.400433439534,10981.560403450303,33368.126286345585,32650.85189330933,272674.9029378327,305325.75483114185
1981-04-22 13:00:00+02:00,16162.035414138552,161.62035414138552,32650.85189330933,326.5085189330933,147.0527189705272,147.0527189705272,198.56093118139444,1730.2635973472593,19008.69239377944,20738.955991126695,274.7805072693322,2435.8119039789144,2710.5924112482467,0.0,0.0,0.0,0.0,2766.5667363493253,42454.48180866325,73056.04135865948,16162.035414138552,18532.696658091107,183561.87353378226,202094.57019187332,2006.3592886760148,52787.675460549406,54794.03474922544,289.1599700107683,9061.885843261027,9351.045813271796,33368.126286345585,32650.85189330933,272089.3545797417,304740.2064730513
1981-04-23 13:00:00+02:00,16591.325309779604,165.91325309779603,32650.85189330933,326.5085189330933,147.0527189705272,147.0527189705272,180.59569617574405,1730.2635973472593,17304.44294559303,19034.706542940294,274.7805072693322,2142.963148984705,2417.7436562540374,0.0,0.0,0.0,0.0,2766.5667363493253,39385.222426314096,69986.78197631035,16591.325309779604,18532.696658091107,165331.86203089674,183864.5586889878,2006.3592886760148,48531.64010566709,50537.999394343096,289.1599700107683,9325.799554134106,9614.959524144875,33368.126286345585,32650.85189330933,247560.62835138917,280211.4802446984
1981-04-24 13:00:00+02:00,15304.385257893338,153.04385257893338,32650.85189330933,326.5085189330933,147.0527189705272,147.0527189705272,158.48540699820092,1730.2635973472593,12973.853821173743,14704.117418521004,274.7805072693322,1727.2055340698012,2001.9860413391334,0.0,0.0,0.0,0.0,2766.5667363493253,32366.114318945005,62967.67386894129,15304.385257893338,18532.696658091107,127976.84312849618,146509.5397865873,2006.3592886760148,36232.684762989964,38239.04405166598,289.1599700107683,6316.98516344656,6606.1451334573285,33368.126286345585,32650.85189330933,188237.8925258757,220888.744419185
1981-04-25 13:00:00+02:00,16693.124736127353,166.93124736127353,32650.85189330933,326.5085189330933,147.0527189705272,147.0527189705272,187.1271569439351,1730.2635973472593,17942.55188847868,19672.81548582594,274.7805072693322,1904.0379333324288,2178.818440601761,0.0,0.0,0.0,0.0,2766.5667363493253,40752.613980877904,71354.17353087416,16693.124736127353,18532.696658091107,169028.43986053835,187561.1365186295,2006.3592886760148,50005.29441115616,52011.65369983218,289.1599700107683,9806.625619415207,10095.785589425976,33368.126286345585,32650.85189330933,254669.53078262272,287320.38267593196
1981-04-26 13:00:00+02:00,15272.725567750516,152.72725567750516,32650.85189330933,326.5085189330933,147.0527189705272,147.0527189705272,162.82697902718272,1730.2635973472593,13415.961007029004,15146.224604376263,274.7805072693322,1803.332786369354,2078.113293638686,0.0,0.0,0.0,0.0,2766.5667363493253,32845.51451392014,63447.0740639164,15272.725567750516,18532.696658091107,127935.29154574187,146467.98820383297,2006.3592886760148,36828.433124995645,38834.79241367165,289.1599700107683,6074.641179143215,6363.801149153983,33368.126286345585,32650.85189330933,189297.58116427241,221948.4330575817
1981-04-27 13:00:00+02:00,14937.269455564068,149.3726945556407,32650.85189330933,326.5085189330933,147.0527189705272,147.0527189705272,161.030149509913,1730.2635973472593,14349.511839189052,16079.77543653631,274.7805072693322,1587.9531717156005,1862.7336789849328,0.0,0.0,0.0,0.0,2766.5667363493253,34631.71249641459,65233.272046410864,14937.269455564068,18532.696658091107,135715.4520069125,154248.14866500365,2006.3592886760148,40186.12185899056,42192.48114766657,289.1599700107683,8145.779891032809,8434.939861043578,33368.126286345585,32650.85189330933,204430.14971805626,237081.0016113655
1981-04-28 13:00:00+02:00,15508.210407108603,155.08210407108604,32650.85189330933,326.5085189330933,147.05271897052708,147.0527189705272,154.61855602550293,1730.2635973472593,10913.798845686011,12644.06244303327,274.7805072693322,1451.2438505582968,1726.024357827629,0.0,0.0,0.0,0.0,2766.5667363493253,28820.091613442735,59421.65116343901,15508.210407108603,18532.696658091107,106390.1379287661,124922.8345868572,2006.3592886760148,30377.913463395864,32384.272752071876,289.1599700107683,5259.143444877602,5548.30341488837,33368.126286345585,32650.85189330933,156837.21288699968,189488.06478030904
1981-04-29 13:00:00+02:00,15911.42303951496,159.1142303951496,32650.85189330933,326.5085189330933,147.05271897052708,147.0527189705272,149.1605665269148,1730.2635973472593,11013.76337904272,12744.02697638998,274.7805072693322,1233.7460289817716,1508.5265362511038,0.0,0.0,0.0,0.0,2766.5667363493253,28940.06319699993,59541.6227469962,15911.42303951496,18532.696658091107,103107.82953173557,121640.52618982669,2006.3592886760148,30861.59081991323,32867.95010858924,289.1599700107683,6502.5351483024215,6791.69511831319,33368.126286345585,32650.85189330933,155948.87351386304,188599.72540717226
1981-04-30 13:00:00+02:00,14964.329728370281,149.64329728370282,32650.85189330933,326.5085189330933,147.0527189705272,147.0527189705272,166.2193163420831,1730.2635973472593,14628.365163712453,16358.628761059714,274.7805072693322,1594.4380657141844,1869.2185729835167,0.0,0.0,0.0,0.0,2766.5667363493253,35444.09018905969,66045.64973905595,14964.329728370281,18532.696658091107,140728.36327386342,159261.05993195449,2006.3592886760148,40429.839165481,42436.19845415701,289.1599700107683,7334.510551941956,7623.670521952724,33368.126286345585,32650.85189330933,209317.7496727864,241968.60156609575
1981-05-01 13:00:00+02:00,15822.548537378158,158.22548537378157,32650.85189330933,326.5085189330933,147.0527189705272,147.0527189705272,182.80390105971955,1730.2635973472593,17810.353102497837,19540.616699845097,274.7805072693322,2043.8545698747805,2318.6350771441125,0.0,0.0,0.0,0.0,2766.5667363493253,40404.55112021423,71006.11067021049,15822.548537378158,18532.696658091107,169233.9783637729,187766.67502186404,2006.3592886760148,49644.21695944571,51650.57624812172,289.1599700107683,9590.312802415468,9879.472772426237,33368.126286345585,32650.85189330933,253807.76543406147,286458.61732737074
1981-05-02 13:00:00+02:00,15342.336926155995,153.42336926155994,32650.85189330933,326.5085189330933,147.0527189705272,147.0527189705272,163.00129473001374,1730.2635973472593,14270.106525472871,16000.370122820132,274.7805072693322,1890.9501391079725,2165.7306463773048,0.0,0.0,0.0,0.0,2766.5667363493253,34469.46742505343,65071.02697504971,15342.336926155995,18532.696658091107,139428.40995908593,157961.106617177,2006.3592886760148,39785.4276233789,41791.786912054915,289.1599700107683,6972.316548497791,7261.476518508559,33368.126286345585,32650.85189330933,205878.64629249202,238529.4981858013
1981-05-03 13:00:00+02:00,15626.555527551018,156.26555527551017,32650.85189330933,326.5085189330933,147.0527189705272,147.0527189705272,159.2472950553315,1730.2635973472593,13537.097964990819,15267.361562338076,274.7805072693322,1565.1660794347447,1839.946586704077,0.0,0.0,0.0,0.0,2766.5667363493253,33058.71562016498,63660.275170161265,15626.555527551018,18532.696658091107,125551.18359839261,144083.88025648374,2006.3592886760148,37410.0208649998,39416.38015367581,289.1599700107683,7253.413829061431,7542.573799072199,33368.126286345585,32650.85189330933,189344.75882590722,221995.61071921652
1981-05-04 13:00:00+02:00,15718.734322256392,157.18734322256392,32650.85189330933,326.5085189330933,147.0527189705272,147.0527189705272,157.39491744903282,1730.2635973472593,13008.513997670814,14738.777595018075,274.7805072693322,1536.172217218364,1810.9527244876963,0.0,0.0,0.0,0.0,2766.5667363493253,32467.080444595882,63068.63999459216,15718.734322256392,18532.696658091107,124987.89608122791,143520.59273931905,2006.3592886760148,36109.707281435345,38116.06657011136,289.1599700107683,6532.110899645607,6821.270869656375,33368.126286345585,32650.85189330933,185824.23690029973,218475.08879360894
1981-05-05 13:00:00+02:00,16976.204509509527,169.76204509509526,32650.85189330933,326.5085189330933,147.0527189705272,147.0527189705272,177.5522933712933,1730.2635973472593,16591.850318050514,18322.113915397775,274.7805072693322,1835.8150120483326,2110.5955193176646,0.0,0.0,0.0,0.0,2766.5667363493253,38497.138099351905,69098.69764934816,16976.204509509527,18532.696658091107,158106.08192833912,176638.77858643027,2006.3592886760148,46281.34987542178,48287.7091640978,289.1599700107683,9028.17276929763,9317.332739308398,33368.126286345585,32650.85189330933,237057.6851035575,269708.5369968669
1981-05-06 13:00:00+02:00,14911.839988537915,149.11839988537915,32650.85189330933,326.5085189330933,147.05271897052677,147.0527189705272,147.0527189705277,1730.2635973472593,10243.415297765292,11973.678895112553,274.7805072693322,1506.499098894167,1781.2796061634992,0.0,0.0,0.0,0.0,2766.5667363493253,27478.241282614443,58079.80083261073,14911.839988537915,18532.696658091107,99971.78543570692,118504.48209379803,2006.3592886760148,28616.44784260263,30622.80713127865,289.1599700107683,4992.228018304649,5281.387988315417,33368.126286345585,32650.85189330933,147220.4498172892,179871.30171059837
1981-05-07 13:00:00+02:00,15879.63273561375,158.7963273561375,32650.85189330933,326.5085189330933,147.0527189705272,147.0527189705272,150.03341316195278,1730.2635973472593,11780.264138129507,13510.527735476764,274.7805072693322,1241.7889786308715,1516.5694859002037,0.0,0.0,0.0,0.0,2766.5667363493253,30418.421559939718,61019.981109936,15879.63273561375,18532.696658091107,110910.13472914137,129442.83138723244,2006.3592886760148,32990.43629623426,34996.795584910265,289.1599700107683,6846.885837865003,7136.045807875771,33368.126286345585,32650.85189330933,167485.10962939894,200135.9615227084
1981-05-08 13:00:00+02:00,14963.731630980608,149.6373163098061,32650.85189330933,326.5085189330933,136.34027400626323,147.0527189705272,147.0527189705277,1730.2635973472593,8882.88213571215,10613.14573305941,274.7805072693322,1167.3670403030346,1442.1475475723669,0.0,0.0,0.0,0.0,2766.5667363493253,25366.326676040284,55967.88622603657,14963.731630980608,18532.696658091107,85578.64844386096,104111.34510195207,2006.3592886760148,24652.613463644615,26658.972752320624,289.1599700107683,4447.051806415614,4736.211776426382,33368.126286345585,32650.85189330933,126647.20013616187,159298.0520294712
1981-05-09 13:00:00+02:00,14839.456534198825,148.39456534198825,32650.85189330933,326.5085189330933,101.21903793296782,147.0527189705272,147.0527189705276,1730.2635973472593,2430.599500684744,4160.863098032003,274.7805072693322,429.5927526049758,704.3732598743079,0.0,0.0,0.0,0.0,2830.839644997083,14307.013532788536,44844.30017413706,14839.456534198825,18532.696658091107,20081.730744013897,38614.427402105015,2006.3592886760148,7189.138201541989,9195.497490218006,289.1599700107683,2156.5250854432793,2445.6850554540474,33368.126286345585,32650.85189330933,32113.56373826112,64764.41563157041
1981-05-10 13:00:00+02:00,16463.647220320396,164.63647220320397,32650.85189330933,326.5085189330933,147.0527189705272,147.0527189705272,175.07200164182956,1730.2635973472593,14827.594630923184,16557.858228270445,274.7805072693322,1154.0873359492523,1428.8678432185845,0.0,0.0,0.0,0.0,2770.9618322840097,36051.28557699449,66648.45003105608,16463.647220320396,18532.696658091107,137452.24442379494,155984.9410818861,2006.3592886760148,40131.95312683925,42138.31241551526,289.1599700107683,7954.383921086528,8243.543891097297,33368.126286345585,32650.85189330933,207553.41022904043,240204.26212234976
1981-05-11 13:00:00+02:00,14572.046250005014,145.72046250005013,32650.85189330933,326.5085189330933,126.64680667373781,147.0527189705272,147.05271897052722,1730.2635973472593,7724.776084825982,9455.039682173241,274.7805072693322,1265.3903966502005,1540.1709039195327,0.0,0.0,0.0,0.0,2766.5667363493253,22865.655918113345,53467.21546810962,14572.046250005014,18532.696658091107,71339.5695553594,89872.2662134505,2006.3592886760148,21620.176917011457,23626.53620568747,289.1599700107683,3888.7669060236362,4177.926876034405,33368.126286345585,32650.85189330933,106816.40417531712,139467.25606862642
1981-05-12 13:00:00+02:00,14872.198644745358,148.7219864474536,32650.85189330933,326.5085189330933,147.05271897052685,147.0527189705272,147.0527189705276,1730.2635973472593,10934.616148808236,12664.879746155495,274.7805072693322,1042.792987617835,1317.5734948871673,0.0,0.0,0.0,0.0,2766.5667363493253,29326.862231106992,59928.421781103265,14872.198644745358,18532.696658091107,104253.0966598477,122785.79331793885,2006.3592886760148,30461.908678075488,32468.267966751508,289.1599700107683,6457.773024706308,6746.932994717076,33368.126286345585,32650.85189330933,156969.47752632684,189620.32941963614
1981-05-13 13:00:00+02:00,14694.152474817964,146.94152474817963,32650.85189330933,326.5085189330933,127.86803467455255,147.0527189705272,147.0527189705276,1730.2635973472593,7188.112384061871,8918.37598140913,274.7805072693322,1011.1409924816879,1285.92149975102,0.0,0.0,0.0,0.0,2766.5667363493253,22291.637440335275,52893.196990331555,14694.152474817964,18532.696658091107,67121.3790074644,85654.07566555552,2006.3592886760148,20074.61790638106,22080.977195057072,289.1599700107683,3690.8514578540867,3980.011427864855,33368.126286345585,32650.85189330933,100307.30196305296,132958.15385636227
1981-05-14 13:00:00+02:00,15236.143340143659,152.36143340143659,32650.85189330933,326.5085189330933,147.0527189705272,147.0527189705272,155.27226452662742,1730.2635973472593,12406.22449011723,14136.488087464491,274.7805072693322,1175.0665498029305,1449.8470570722627,0.0,0.0,0.0,0.0,2766.5667363493253,31721.58835889066,62323.14790888695,15236.143340143659,18532.696658091107,117194.12818906315,135726.82484715426,2006.3592886760148,34420.36771741669,36426.7270060927,289.1599700107683,7215.664537427054,7504.824507437822,33368.126286345585,32650.85189330933,176806.50416180285,209457.35605511215
1981-05-15 13:00:00+02:00,14647.974552518155,146.47974552518156,32650.85189330933,326.5085189330933,112.92365497151943,147.0527189705272,147.0527189705277,1730.2635973472593,4325.936341213372,6056.199938560631,274.7805072693322,851.1729786840219,1125.9534859533542,0.0,0.0,0.0,0.0,2771.2858099042023,17353.499616725996,47950.34009316739,14647.974552518155,18532.696658091107,40779.175439921986,59311.87209801306,2006.3592886760148,12262.042333949143,14268.401622625157,289.1599700107683,2139.9617153134286,2429.1216853241967,33368.126286345585,32650.85189330933,60172.99264489633,92823.84453820565
1981-05-16 13:00:00+02:00,16587.771008584503,165.87771008584502,32650.85189330933,326.5085189330933,147.0527189705272,147.0527189705272,165.63891961077653,1730.2635973472593,13901.587572845654,15631.851170192911,274.7805072693322,1126.4646027813485,1401.2451100506808,0.0,0.0,0.0,0.0,2766.5667363493253,34434.82502077176,65036.38457076803,16587.771008584503,18532.696658091107,129899.24202237543,148431.93868046656,2006.3592886760148,38444.11435885098,40450.473647527004,289.1599700107683,8219.33883032558,8508.498800336349,33368.126286345585,32650.85189330933,197114.6652293533,229765.51712266248
1981-05-17 13:00:00+02:00,14620.32642923587,146.2032642923587,32650.85189330933,326.5085189330933,134.79382817829065,147.0527189705272,147.0527189705272,1730.2635973472593,8376.674189392994,10106.937786740253,274.7805072693322,1268.0488126316006,1542.829319900933,0.0,0.0,0.0,0.0,2766.5667363493253,24103.01062670847,54704.57017670474,14620.32642923587,18532.696658091107,77167.26575689412,95699.96241498525,2006.3592886760148,22750.204778045812,24756.564066721825,289.1599700107683,3635.0222023962865,3924.1821724070546,33368.126286345585,32650.85189330933,114617.93628270636,147268.78817601575
1981-05-18 13:00:00+02:00,15454.585400691194,154.54585400691195,32650.85189330933,326.5085189330933,147.0527189705272,147.0527189705272,189.05983039962177,1730.2635973472593,19190.76085378285,20921.024451130106,274.7805072693322,1756.6730857073696,2031.4535929767019,0.0,0.0,0.0,0.0,2766.5667363493253,43325.71593914493,73927.27548914115,15454.585400691194,18532.696658091107,177714.97173643505,196247.66839452618,2006.3592886760148,53338.28549294144,55344.644781617455,289.1599700107683,10954.116198150612,11243.276168161381,33368.126286345585,32650.85189330933,270538.7221325261,303189.5740258357
1981-05-19 13:00:00+02:00,15341.998833153153,153.41998833153153,32650.85189330933,326.5085189330933,147.05271897052677,147.0527189705272,148.09681583872327,1730.2635973472593,10840.608757301627,12570.872354648884,274.7805072693322,1768.593286800276,2043.3737940696083,0.0,0.0,0.0,0.0,2766.5667363493253,28315.05505518717,58916.61460518346,15341.998833153153,18532.696658091107,110292.55285652765,128825.24951461877,2006.3592886760148,30338.497768535883,32344.857057211895,289.1599700107683,4718.556244782805,5007.716214793573,33368.126286345585,32650.85189330933,159172.5373941582,191823.3892874675
1981-05-20 13:00:00+02:00,15971.419968509059,159.7141996850906,32650.85189330933,326.5085189330933,147.0527189705272,147.0527189705272,189.81054656167112,1730.2635973472593,19056.78415019568,20787.04774754294,274.7805072693322,1837.3213662174462,2112.1018734867785,0.0,0.0,0.0,0.0,2766.5667363493253,42937.12273894703,73538.68228894325,15971.419968509059,18532.696658091107,176775.30216762738,195307.99882571853,2006.3592886760148,53032.77668243667,55039.1359711127,289.1599700107683,10921.863066226551,11211.02303623732,33368.126286345585,32650.85189330933,268870.7158926957,301521.567786005
1981-05-21 13:00:00+02:00,14997.204118682606,149.97204118682606,32650.85189330933,326.5085189330933,147.0527189705272,147.0527189705272,147.4803632607807,1730.2635973472593,11523.815261567494,13254.078858914756,274.7805072693322,1799.489337964578,2074.26984523391,0.0,0.0,0.0,0.0,2766.5667363493253,29627.80789106879,60229.367441065064,14997.204118682606,18532.696658091107,117501.3217959437,136034.01845403484,2006.3592886760148,32236.748300740925,34243.10758941695,289.1599700107683,5005.552887708614,5294.712857719383,33368.126286345585,32650.85189330933,169658.1418203997,202308.99371370906
1981-05-22 13:00:00+02:00,17406.096318274365,174.06096318274365,32650.85189330933,326.5085189330933,147.0527189705272,147.0527189705272,185.8506123255768,1730.2635973472593,17804.609501295377,19534.873098642638,274.7805072693322,1771.9030547799803,2046.6835620493125,0.0,0.0,0.0,0.0,2766.5667363493253,40603.84267540444,71205.40222540071,17406.096318274365,18532.696658091107,165060.24553270818,183592.94219079934,2006.3592886760148,49602.02581927214,51608.38510794816,289.1599700107683,10288.529043589091,10577.68901359986,33368.126286345585,32650.85189330933,250974.23444763946,283625.0863409487
1981-05-23 13:00:00+02:00,15356.549017699524,153.56549017699524,32650.85189330933,326.5085189330933,147.0527189705272,147.0527189705272,170.72238915094863,1730.2635973472593,13200.967227573694,14931.230824920956,274.7805072693322,1861.0047837712982,2135.7852910406305,0.0,0.0,0.0,0.0,2766.5667363493253,32720.12276211339,63321.68231210967,15356.549017699524,18532.696658091107,132794.51011238917,151327.20677048023,2006.3592886760148,36783.82919997532,38790.188488651336,289.1599700107683,5905.992528128572,6195.15249813934,33368.126286345585,32650.85189330933,193239.6058586694,225890.4577519787
1981-05-24 13:00:00+02:00,15288.439802993393,152.88439802993392,32650.85189330933,326.5085189330933,147.0527189705272,147.0527189705272,162.92972484440114,1730.2635973472593,13626.79689757699,15357.06049492425,274.7805072693322,1498.4699042980021,1773.2504115673344,0.0,0.0,0.0,0.0,2766.5667363493253,33082.965958738896,63684.52550873517,15288.439802993393,18532.696658091107,122928.47741346594,141461.174071557,2006.3592886760148,37634.292000789006,39640.65128946502,289.1599700107683,7813.0664304520205,8102.226400462789,33368.126286345585,32650.85189330933,187898.81952230106,220549.67141561036
1981-05-25 13:00:00+02:00,14740.47486101803,147.4047486101803,32650.85189330933,326.5085189330933,130.34999895016162,147.0527189705272,147.0527189705276,1730.2635973472593,7029.464984893131,8759.728582240392,274.7805072693322,1060.2205475014875,1335.0010547708198,0.0,0.0,0.0,0.0,2766.5667363493253,22301.202571336315,52902.76212133259,14740.47486101803,18532.696658091107,69802.02864973561,88334.72530782671,2006.3592886760148,19492.03551322336,21498.394801899376,289.1599700107683,3084.7598600080105,3373.9198300187786,33368.126286345585,32650.85189330933,101483.75038446799,134134.6022777773
1981-05-26 13:00:00+02:00,15807.523410952865,158.07523410952865,32650.85189330933,326.5085189330933,133.44335309900518,147.0527189705272,147.27704367901188,1730.2635973472593,7015.420007052042,8745.683604399303,274.7805072693322,697.365750424184,972.1462576935162,0.0,0.0,0.0,0.0,2771.011067462331,22097.074494335073,52694.18971321833,15807.523410952865,18532.696658091107,61980.05292734427,80512.74958543535,2006.3592886760148,19845.208407471087,21851.5676961471,289.1599700107683,4939.667116563049,5228.827086573817,33368.126286345585,32650.85189330933,96519.82162001422,129170.6735133236
1981-05-27 13:00:00+02:00,14894.741662607392,148.94741662607393,32650.85189330933,326.5085189330933,133.7116456249796,147.0527189705272,147.05271897052722,1730.2635973472593,8437.729170133345,10167.992767480606,274.7805072693322,899.451134901143,1174.2316421704752,0.0,0.0,0.0,0.0,2780.9413740567607,25092.88817931592,55680.073091604754,14894.741662607392,18532.696658091107,81120.66260379329,99653.35926188444,2006.3592886760148,23102.800133974237,25109.15942265025,289.1599700107683,4120.905083125859,4410.065053136627,33368.126286345585,32650.85189330933,120217.41588027199,152868.26777358138
1981-05-28 13:00:00+02:00,15212.08374162851,152.1208374162851,32650.85189330933,326.5085189330933,147.0527189705272,147.0527189705272,161.7177674868984,1730.2635973472593,14007.735858657634,15737.999456004889,274.7805072693322,1420.9325608827758,1695.713068152108,0.0,0.0,0.0,0.0,2766.5667363493253,34012.310446542215,64613.869996538495,15212.08374162851,18532.696658091107,130549.98404624009,149082.6807043313,2006.3592886760148,39023.2573698193,41029.61665849532,289.1599700107683,8201.774879439778,8490.934849450547,33368.126286345585,32650.85189330933,197782.09682868846,230432.9487219977
1981-05-29 13:00:00+02:00,15850.112976518003,158.50112976518002,32650.85189330933,326.5085189330933,146.6963803111446,147.0527189705272,153.21948125024528,1730.2635973472593,9968.919627276477,11699.183224623735,274.7805072693322,1387.4764663891422,1662.2569736584744,0.0,0.0,0.0,0.0,2766.5667363493253,27315.09140635191,57916.65095634819,15850.112976518003,18532.696658091107,97418.3214202485,115951.01807833958,2006.3592886760148,27645.554022248907,29651.913310924916,289.1599700107683,4676.101128884195,4965.261098894963,33368.126286345585,32650.85189330933,143334.03738682353,175984.88928013272
1981-05-30 13:00:00+02:00,14309.431873668795,143.09431873668794,32650.85189330933,326.5085189330933,109.72054822951624,147.0527189705272,147.05271897052748,1730.2635973472593,4395.604759270906,6125.868356618164,274.7805072693322,632.4103418902622,907.1908491595943,0.0,0.0,0.0,0.0,2774.122060539331,17458.974771723362,48052.97899752963,14309.431873668795,18532.696658091107,38865.42589027106,57398.122548362175,2006.3592886760148,12771.818208147748,14778.177496823762,289.1599700107683,3360.5529141456636,3649.7128841564318,33368.126286345585,32650.85189330933,60441.031985909234,93091.88387921854
1981-05-31 13:00:00+02:00,16097.769630879824,160.97769630879824,32650.85189330933,326.5085189330933,147.0527189705272,147.0527189705272,153.52951168185544,1730.2635973472593,11725.864239538516,13456.127836885775,274.7805072693322,991.4667298100488,1266.247237079381,0.0,0.0,0.0,0.0,2774.0175083479567,30713.310931703934,61307.41970970157,16097.769630879824,18532.696658091107,109023.83025666107,127556.52691475213,2006.3592886760148,31552.139032760686,33558.49832143671,289.1599700107683,6035.994051045137,6325.154021055905,33368.126286345585,32650.85189330933,163826.68888122385,196477.54077453312
1981-06-01 13:00:00+02:00,15160.845601148976,151.60845601148975,32650.85189330933,326.5085189330933,139.5748379468862,147.0527189705272,147.0527189705277,1730.2635973472593,9610.17751043067,11340.44110777793,274.7805072693322,1242.2889384975786,1517.0694457669108,0.0,0.0,0.0,0.0,2766.5667363493253,26245.47695439418,56847.03650439046,15160.845601148976,18532.696658091107,88498.56833716537,107031.26499525645,2006.3592886760148,26863.600102346692,28869.959391022698,289.1599700107683,5384.447236128572,5673.60720613934,33368.126286345585,32650.85189330933,133815.21477900114,166466.0666723105
1981-06-02 13:00:00+02:00,15457.93228417847,154.57932284178472,32650.85189330933,326.5085189330933,140.26709429229322,147.0527189705272,147.0527189705277,1730.2635973472593,9530.279591620094,11260.543188967353,274.7805072693322,1066.998681223876,1341.7791884932083,0.0,0.0,0.0,0.0,2766.5667363493253,26801.60243366885,57403.16198366514,15457.93228417847,18532.696658091107,91628.47809640708,110161.1747544982,2006.3592886760148,26489.35281189079,28495.7121005668,289.1599700107683,5197.444272751879,5486.604242762647,33368.126286345585,32650.85189330933,136760.93436926932,169411.78626257856
1981-06-03 13:00:00+02:00,14162.578535506198,141.625785355062,32650.85189330933,326.5085189330933,85.44347585443518,147.0527189705272,147.0527189705272,1730.2635973472593,0.0,1730.2635973472593,274.7805072693322,119.3012310344381,394.0817383037703,0.0,0.0,0.0,0.0,2951.1309568169477,11203.10353682798,41620.09886635663,14162.578535506198,18532.696658091107,1149.9034166330296,19682.600074724138,2006.3592886760148,321.1893399575908,2327.548628633606,289.1599700107683,0.0,289.1599700107683,33368.126286345585,32650.85189330933,1369.8690723556138,34020.720965664936
1981-06-04 13:00:00+02:00,15582.906350000316,155.82906350000314,32650.85189330933,326.5085189330933,115.26277616380766,147.0527189705272,147.05271897052748,1730.2635973472593,4810.441869735374,6540.705467082633,274.7805072693322,201.83276152090062,476.61326879023284,0.0,0.0,0.0,0.0,2784.6672985656705,18341.186695133812,48924.64568291374,15582.906350000316,18532.696658091107,38633.580679588595,57166.27733767973,2006.3592886760148,12831.952296773405,14838.311585449415,289.1599700107683,3984.061720983069,4273.221690993837,33368.126286345585,32650.85189330933,61875.117893136245,94525.96978644552
1981-06-05 13:00:00+02:00,14421.796948661497,144.21796948661498,32650.85189330933,326.5085189330933,110.12739823947402,147.0527189705272,147.0527189705277,1730.2635973472593,4313.0642383885815,6043.327835735841,274.7805072693322,490.47167988753796,765.2521871568701,0.0,0.0,0.0,0.0,2784.6672985656705,18287.81411294254,48871.27310072246,14421.796948661497,18532.696658091107,40601.2587518504,59133.95540994152,2006.3592886760148,12144.699565622064,14151.05885429808,289.1599700107683,2105.1586846543514,2394.3186546651195,33368.126286345585,32650.85189330933,61147.448138523265,93798.3000318326
1981-06-06 13:00:00+02:00,16351.95444617093,163.5195444617093,32650.85189330933,326.5085189330933,142.60107319371411,147.0527189705272,147.05271897052754,1730.2635973472593,9866.945480834842,11597.209078182099,274.7805072693322,855.3068000517436,1130.0873073210757,0.0,0.0,0.0,0.0,2784.6672985656705,26799.48559105508,57382.94457883501,16351.95444617093,18532.696658091107,87714.27173675779,106246.96839484888,2006.3592886760148,26743.247899466856,28749.607188142872,289.1599700107683,6299.776444567451,6588.936414578219,33368.126286345585,32650.85189330933,134575.08146158673,167225.93335489614
1981-06-07 13:00:00+02:00,14463.2646991057,144.63264699105702,32650.85189330933,326.5085189330933,105.03543741218552,147.0527189705272,147.0527189705276,1730.2635973472593,2987.2254966647056,4717.489094011965,274.7805072693322,591.8650407632447,866.6455480325769,0.0,0.0,0.0,0.0,2784.6672985656705,15532.211055508193,46115.67004328813,14463.2646991057,18532.696658091107,26194.148092761436,44726.844750852564,2006.3592886760148,8018.606988292973,10024.96627696899,289.1599700107683,1098.1596408314153,1387.3196108421837,33368.126286345585,32650.85189330933,39234.13813995304,71884.99003326238
1981-06-08 13:00:00+02:00,14491.890665279943,144.91890665279942,32650.85189330933,326.5085189330933,117.58978733674044,147.0527189705272,147.05271897052754,1730.2635973472593,5162.314282263559,6892.577879610819,274.7805072693322,346.2093650892292,620.9898723585613,0.0,0.0,0.0,0.0,2784.6672985656705,18899.596515409023,49483.05550318896,14491.890665279943,18532.696658091107,43548.29727886261,62080.993936953724,2006.3592886760148,13813.118595762615,15819.477884438627,289.1599700107683,4205.75527693337,4494.915246944138,33368.126286345585,32650.85189330933,68502.18846800386,101153.0403613132
1981-06-09 13:00:00+02:00,14295.87964667171,142.9587964667171,32650.85189330933,326.5085189330933,85.44347585443556,147.0527189705272,147.05271897052754,1730.2635973472593,0.0,1730.2635973472593,274.7805072693322,0.0,274.7805072693322,0.0,0.0,0.0,0.0,2951.1309568169477,11203.10353682798,41620.09886635663,14295.87964667171,18532.696658091107,0.0,18532.696658091107,2006.3592886760148,0.0,2006.3592886760148,289.1599700107683,0.0,289.1599700107683,33368.126286345585,32650.85189330933,0.0,32650.85189330933
1981-06-10 13:00:00+02:00,14939.827298534192,149.39827298534192,32650.85189330933,326.5085189330933,85.44347585443518,147.0527189705272,147.0527189705277,1730.2635973472593,0.0,1730.2635973472593,274.7805072693322,0.0,274.7805072693322,0.0,0.0,0.0,0.0,2951.1309568169477,11203.10353682798,41620.09886635663,14939.827298534192,18532.696658091107,0.0,18532.696658091107,2006.3592886760148,0.0,2006.3592886760148,289.1599700107683,0.0,289.1599700107683,33368.126286345585,32650.85189330933,0.0,32650.85189330933
1981-06-11 13:00:00+02:00,14023.19378876389,140.2319378876389,32650.85189330933,326.5085189330933,85.4434758544352,147.0527189705272,147.05271897052722,1730.2635973472593,0.0,1730.2635973472593,274.7805072693322,0.0,274.7805072693322,0.0,0.0,0.0,0.0,2951.1309568169477,11203.10353682798,41620.09886635663,14023.19378876389,18532.696658091107,0.0,18532.696658091107,2006.3592886760148,0.0,2006.3592886760148,289.1599700107683,0.0,289.1599700107683,33368.126286345585,32650.85189330933,0.0,32650.85189330933
1981-06-12 13:00:00+02:00,14077.308029563304,140.77308029563304,32650.85189330933,326.5085189330933,85.44347585443518,147.0527189705272,147.05271897052754,1730.2635973472593,0.0,1730.2635973472593,274.7805072693322,0.0,274.7805072693322,0.0,0.0,0.0,0.0,2951.1309568169477,11203.10353682798,41620.09886635663,14077.308029563304,18532.696658091107,0.0,18532.696658091107,2006.3592886760148,0.0,2006.3592886760148,289.1599700107683,0.0,289.1599700107683,33368.126286345585,32650.85189330933,0.0,32650.85189330933
1981-06-13 13:00:00+02:00,15093.160478895154,150.93160478895155,32650.85189330933,326.5085189330933,85.44347585443518,147.0527189705272,147.0527189705277,1730.2635973472593,954.366177332895,2684.629774680154,274.7805072693322,0.0,274.7805072693322,0.0,0.0,0.0,0.0,2951.1309568169477,11203.10353682798,41620.09886635663,15093.160478895154,18532.696658091107,1783.9421059760152,20316.63876406712,2006.3592886760148,930.3234497211449,2936.68273839716,289.1599700107683,1629.177963299375,1918.3379333101434,33368.126286345585,32650.85189330933,4517.864364852874,37168.71625816219
1981-06-14 13:00:00+02:00,16480.785995466667,164.80785995466667,32650.85189330933,326.5085189330933,110.25872847349522,147.0527189705272,147.0527189705277,1730.2635973472593,3147.368271353316,4877.631868700575,274.7805072693322,0.0,274.7805072693322,0.0,0.0,0.0,0.0,2888.597927780001,16200.992053129492,46680.52041169509,16480.785995466667,18532.696658091107,27306.14709222073,45838.843750311855,2006.3592886760148,9068.007753212232,11074.367041888245,289.1599700107683,1996.7754574408764,2285.9354274516445,33368.126286345585,32650.85189330933,42483.429106890646,75134.28100019996
1981-06-15 13:00:00+02:00,15059.098657600543,150.59098657600543,32650.85189330933,326.5085189330933,85.44347585443556,147.0527189705272,147.0527189705277,1730.2635973472593,0.0,1730.2635973472593,274.7805072693322,0.0,274.7805072693322,0.0,0.0,0.0,0.0,2951.1309568169477,11203.10353682798,41620.09886635663,15059.098657600543,18532.696658091107,0.0,18532.696658091107,2006.3592886760148,0.0,2006.3592886760148,289.1599700107683,0.0,289.1599700107683,33368.126286345585,32650.85189330933,0.0,32650.85189330933
1981-06-16 13:00:00+02:00,14436.547073824308,144.36547073824306,32650.85189330933,326.5085189330933,122.59137347574558,147.0527189705272,147.05271897052722,1730.2635973472593,5910.739254598064,7641.002851945323,274.7805072693322,269.34731054060273,544.1278178099349,0.0,0.0,0.0,0.0,2784.6672985656705,20469.862927187834,51053.32191496777,14436.547073824308,18532.696658091107,50011.589895824545,68544.28655391565,2006.3592886760148,16020.096081928186,18026.455370604202,289.1599700107683,4617.842257883864,4907.002227894632,33368.126286345585,32650.85189330933,78911.88943899174,111562.74133230104
1981-06-17 13:00:00+02:00,14369.508663115128,143.69508663115127,32650.85189330933,326.5085189330933,109.95068839841187,147.0527189705272,147.05271897052748,1730.2635973472593,4381.355765780179,6111.619363127438,274.7805072693322,565.5797312353069,840.360238504639,0.0,0.0,0.0,0.0,2784.6672985656705,18211.129112271323,48794.58810005126,14369.508663115128,18532.696658091107,40281.22608709689,58813.922745187985,2006.3592886760148,11931.169528956798,13937.528817632814,289.1599700107683,2030.0415413202286,2319.2015113309967,33368.126286345585,32650.85189330933,60583.250109328284,93234.10200263756
1981-06-18 13:00:00+02:00,14263.809615713193,142.63809615713194,32650.85189330933,326.5085189330933,117.32177094729033,147.0527189705272,147.05271897052722,1730.2635973472593,5413.88327444546,7144.146871792718,274.7805072693322,468.8923349737655,743.6728422430976,0.0,0.0,0.0,0.0,2784.6672985656705,19165.358723488225,49748.81771126816,14263.809615713193,18532.696658091107,44959.11796572045,63491.814623811566,2006.3592886760148,14637.60965255676,16643.968941232775,289.1599700107683,4105.076180525195,4394.236150535963,33368.126286345585,32650.85189330933,70831.79813639412,103482.65002970338
1981-06-19 13:00:00+02:00,14950.642262531188,149.50642262531187,32650.85189330933,326.5085189330933,118.34003152577398,147.0527189705272,147.0527189705277,1730.2635973472593,5681.908643546905,7412.172240894164,274.7805072693322,599.0797103398146,873.8602176091467,0.0,0.0,0.0,0.0,2784.6672985656705,20657.451888540887,51240.91087632083,14950.642262531188,18532.696658091107,53540.37652111113,72073.07317920224,2006.3592886760148,15851.090786602048,17857.450075278062,289.1599700107683,2882.390286944189,3171.550256954957,33368.126286345585,32650.85189330933,80646.69147100841,113297.54336431777
1981-06-20 13:00:00+02:00,14598.468946715679,145.98468946715678,32650.85189330933,326.5085189330933,129.3551022361571,147.0527189705272,147.05271897052754,1730.2635973472593,7696.138107447533,9426.401704794793,274.7805072693322,753.7861584229714,1028.5666656923036,0.0,0.0,0.0,0.0,2784.6672985656705,23012.178740027783,53595.63772780771,14598.468946715679,18532.696658091107,67854.01175141276,86386.70840950386,2006.3592886760148,21029.75164321511,23036.110931891126,289.1599700107683,5062.653048302861,5351.813018313629,33368.126286345585,32650.85189330933,104338.99338791019,136989.8452812195
1981-06-21 13:00:00+02:00,14569.949232493253,145.69949232493252,32650.85189330933,326.5085189330933,111.08554212682401,147.0527189705272,147.05271897052748,1730.2635973472593,4320.344727420584,6050.6083247678425,274.7805072693322,572.7787871286015,847.5592943979336,0.0,0.0,0.0,0.0,2784.6672985656705,17925.292643126053,48508.75163090599,14569.949232493253,18532.696658091107,38142.376652747356,56675.073310838474,2006.3592886760148,11489.218099947515,13495.577388623527,289.1599700107683,2040.3684979932439,2329.528468004012,33368.126286345585,32650.85189330933,57807.67949141768,90458.53138472694
1981-06-22 13:00:00+02:00,14148.283863524139,141.4828386352414,32650.85189330933,326.5085189330933,100.41406899654362,147.0527189705272,147.05271897052748,1730.2635973472593,2286.063422487616,4016.3270198348755,274.7805072693322,200.60169545076528,475.38220272009744,0.0,0.0,0.0,0.0,2859.922134910646,13936.427365708358,44444.631517143316,14148.283863524139,18532.696658091107,16794.52457848072,35327.22123657183,2006.3592886760148,6072.2709634692965,8078.630252145311,289.1599700107683,2437.7985474248517,2726.95851743562,33368.126286345585,32650.85189330933,27682.724493482157,60333.57638679147
1981-06-23 13:00:00+02:00,14420.505400354908,144.2050540035491,32650.85189330933,326.5085189330933,85.5449437178036,147.0527189705272,147.05271897052754,1730.2635973472593,0.0,1730.2635973472593,274.7805072693322,0.0,274.7805072693322,0.0,0.0,0.0,0.0,2951.1309568169477,11207.046207417432,41624.04153694608,14420.505400354908,18532.696658091107,126.65420511862166,18659.35086320973,2006.3592886760148,61.733800266189746,2068.0930889422048,289.1599700107683,0.0,289.1599700107683,33368.126286345585,32650.85189330933,168.553171414488,32819.40506472381
1981-06-24 13:00:00+02:00,15410.445287505012,154.10445287505013,32650.85189330933,326.5085189330933,85.44347585443518,147.0527189705272,153.09902509417824,1730.2635973472593,0.0,1730.2635973472593,274.7805072693322,0.0,274.7805072693322,0.0,0.0,0.0,0.0,2951.1309568169477,11203.10353682798,41620.09886635663,15410.445287505012,18532.696658091107,0.0,18532.696658091107,2006.3592886760148,0.0,2006.3592886760148,289.1599700107683,0.0,289.1599700107683,33368.126286345585,32650.85189330933,0.0,32650.85189330933
1981-06-25 13:00:00+02:00,16017.830064735084,160.17830064735085,32650.85189330933,326.5085189330933,85.4434758544352,147.0527189705272,147.0527189705277,1730.2635973472593,0.0,1730.2635973472593,274.7805072693322,0.0,274.7805072693322,0.0,0.0,0.0,0.0,2951.1309568169477,11203.10353682798,41620.09886635663,16017.830064735084,18532.696658091107,0.0,18532.696658091107,2006.3592886760148,0.0,2006.3592886760148,289.1599700107683,0.0,289.1599700107683,33368.126286345585,32650.85189330933,0.0,32650.85189330933
1981-06-26 13:00:00+02:00,14687.38106172262,146.8738106172262,32650.85189330933,326.5085189330933,85.44347585443518,147.0527189705272,147.05271897052774,1730.2635973472593,0.0,1730.2635973472593,274.7805072693322,0.0,274.7805072693322,0.0,0.0,0.0,0.0,2951.1309568169477,11203.10353682798,41620.09886635663,14687.38106172262,18532.696658091107,0.0,18532.696658091107,2006.3592886760148,0.0,2006.3592886760148,289.1599700107683,0.0,289.1599700107683,33368.126286345585,32650.85189330933,0.0,32650.85189330933
1981-06-27 13:00:00+02:00,14577.240541343144,145.77240541343144,32650.85189330933,326.5085189330933,85.44347585443518,147.0527189705272,147.0527189705276,1730.2635973472593,0.0,1730.2635973472593,274.7805072693322,0.0,274.7805072693322,0.0,0.0,0.0,0.0,2951.1309568169477,11203.10353682798,41620.09886635663,14577.240541343144,18532.696658091107,0.0,18532.696658091107,2006.3592886760148,0.0,2006.3592886760148,289.1599700107683,0.0,289.1599700107683,33368.126286345585,32650.85189330933,0.0,32650.85189330933
1981-06-28 13:00:00+02:00,16086.245367284313,160.86245367284312,32650.85189330933,326.5085189330933,85.44347585443518,147.0527189705272,147.0527189705277,1730.2635973472593,820.4169125453624,2550.6805098926216,274.7805072693322,0.0,274.7805072693322,0.0,0.0,0.0,0.0,2951.1309568169477,11203.10353682798,41620.09886635663,16086.245367284313,18532.696658091107,911.4103657626931,19444.1070238538,2006.3592886760148,0.0,2006.3592886760148,289.1599700107683,1452.5697667702125,1741.7297367809808,33368.126286345585,32650.85189330933,2713.8434083532325,35364.695301662556
1981-06-29 13:00:00+02:00,14905.307429574834,149.05307429574833,32650.85189330933,326.5085189330933,85.44347585443556,147.0527189705272,154.31009270364981,1730.2635973472593,0.0,1730.2635973472593,274.7805072693322,0.0,274.7805072693322,0.0,0.0,0.0,0.0,2951.1309568169477,11203.10353682798,41620.09886635663,14905.307429574834,18532.696658091107,0.0,18532.696658091107,2006.3592886760148,0.0,2006.3592886760148,289.1599700107683,0.0,289.1599700107683,33368.126286345585,32650.85189330933,0.0,32650.85189330933
1981-06-30 13:00:00+02:00,14518.696830197468,145.18696830197467,32650.85189330933,326.5085189330933,85.44347585443518,147.0527189705272,147.05271897052762,1730.2635973472593,0.0,1730.2635973472593,274.7805072693322,0.0,274.7805072693322,0.0,0.0,0.0,0.0,2951.1309568169477,11203.10353682798,41620.09886635663,14518.696830197468,18532.696658091107,0.0,18532.696658091107,2006.3592886760148,0.0,2006.3592886760148,289.1599700107683,0.0,289.1599700107683,33368.126286345585,32650.85189330933,0.0,32650.85189330933
1981-07-01 13:00:00+02:00,14253.961916949713,142.53961916949712,32650.85189330933,326.5085189330933,101.4689897051787,147.0527189705272,147.0527189705276,1730.2635973472593,1766.9855566656029,3497.249154012862,274.7805072693322,0.0,274.7805072693322,0.0,0.0,0.0,0.0,2951.1309568169477,12578.765848783176,42995.761178311834,14253.961916949713,18532.696658091107,8527.026459476307,27059.723117567417,2006.3592886760148,4033.1116241343398,6039.470912810355,289.1599700107683,2414.0382043868944,2703.1981743976626,33368.126286345585,32650.85189330933,16101.654645915578,48752.50653922488
1981-07-02 13:00:00+02:00,14878.722201011671,148.78722201011672,32650.85189330933,326.5085189330933,85.4434758544352,147.0527189705272,147.0527189705277,1730.2635973472593,0.0,1730.2635973472593,274.7805072693322,0.0,274.7805072693322,0.0,0.0,0.0,0.0,2951.1309568169477,11203.10353682798,41620.09886635663,14878.722201011671,18532.696658091107,0.0,18532.696658091107,2006.3592886760148,0.0,2006.3592886760148,289.1599700107683,0.0,289.1599700107683,33368.126286345585,32650.85189330933,0.0,32650.85189330933
1981-07-03 13:00:00+02:00,15032.133271433338,150.32133271433338,32650.85189330933,326.5085189330933,85.44347585443518,147.0527189705272,147.05271897052722,1730.2635973472593,0.0,1730.2635973472593,274.7805072693322,0.0,274.7805072693322,0.0,0.0,0.0,0.0,2951.1309568169477,11203.10353682798,41620.09886635663,15032.133271433338,18532.696658091107,0.0,18532.696658091107,2006.3592886760148,0.0,2006.3592886760148,289.1599700107683,0.0,289.1599700107683,33368.126286345585,32650.85189330933,0.0,32650.85189330933
1981-07-04 13:00:00+02:00,15817.209201727877,158.17209201727877,32650.85189330933,326.5085189330933,85.44347585443556,147.0527189705272,147.05271897052722,1730.2635973472593,0.0,1730.2635973472593,274.7805072693322,0.0,274.7805072693322,0.0,0.0,0.0,0.0,2951.1309568169477,11203.10353682798,41620.09886635663,15817.209201727877,18532.696658091107,0.0,18532.696658091107,2006.3592886760148,0.0,2006.3592886760148,289.1599700107683,0.0,289.1599700107683,33368.126286345585,32650.85189330933,0.0,32650.85189330933
1981-07-05 13:00:00+02:00,14457.772159585127,144.57772159585127,32650.85189330933,326.5085189330933,85.44347585443556,147.0527189705272,147.59411943756425,1730.2635973472593,883.4140358411315,2613.6776331883907,274.7805072693322,0.0,274.7805072693322,0.0,0.0,0.0,0.0,2951.1309568169477,11203.10353682798,41620.09886635663,14457.772159585127,18532.696658091107,997.8144672785423,19530.51112536965,2006.3592886760148,405.5215222993213,2411.880810975336,289.1599700107683,1533.9851276084398,1823.1450976192082,33368.126286345585,32650.85189330933,3243.0281080124073,35893.88000132173
1981-07-06 13:00:00+02:00,14056.217791429577,140.56217791429577,32650.85189330933,326.5085189330933,105.30078774851413,147.0527189705272,147.0527189705272,1730.2635973472593,2800.000017321641,4530.2636146689,274.7805072693322,0.0,274.7805072693322,0.0,0.0,0.0,0.0,2888.597927780001,15566.711508705557,46046.23986727116,14056.217791429577,18532.696658091107,22606.226076653136,41138.922734744265,2006.3592886760148,8431.27758730195,10437.636875977962,289.1599700107683,1854.7498587862249,2143.909828796993,33368.126286345585,32650.85189330933,36537.11582512394,69187.96771843325
1981-07-07 13:00:00+02:00,14413.256522612071,144.1325652261207,32650.85189330933,326.5085189330933,85.44347585443518,147.0527189705272,147.0527189705277,1730.2635973472593,312.16347351571903,2042.427070862978,274.7805072693322,0.0,274.7805072693322,0.0,0.0,0.0,0.0,2951.1309568169477,11203.10353682798,41620.09886635663,14413.256522612071,18532.696658091107,505.10128559117646,19037.797943682282,2006.3592886760148,234.80963888346295,2241.1689275594777,289.1599700107683,799.7535450344898,1088.913515045258,33368.126286345585,32650.85189330933,1585.0407856836387,34235.89267899296
1981-07-08 13:00:00+02:00,14891.852726395482,148.91852726395481,32650.85189330933,326.5085189330933,98.1779664465571,147.0527189705272,147.0527189705277,1730.2635973472593,1929.2716163986136,3659.5352137458726,274.7805072693322,0.0,274.7805072693322,0.0,0.0,0.0,0.0,2888.597927780001,13507.373689552758,43986.902048118354,14891.852726395482,18532.696658091107,12428.62477437207,30961.321432463184,2006.3592886760148,5578.2131545083685,7584.572443184383,289.1599700107683,1765.4471839850803,2054.6071539958484,33368.126286345585,32650.85189330933,21734.095766398288,54384.94765970761
1981-07-09 13:00:00+02:00,15003.721207682174,150.03721207682173,32650.85189330933,326.5085189330933,106.16546899325876,147.0527189705272,160.78119785140834,1730.2635973472593,3488.051147822713,5218.3147451699715,274.7805072693322,241.60181756291408,516.3823248322462,0.0,0.0,0.0,0.0,2784.6672985656705,16969.302943928964,47552.7619317089,15003.721207682174,18532.696658091107,31739.830185394483,50272.5268434856,2006.3592886760148,8863.90469962377,10870.263988299785,289.1599700107683,2541.7592183296074,2830.9191883403755,33368.126286345585,32650.85189330933,48455.026564040796,81105.8784573501
1981-07-10 13:00:00+02:00,14819.092000144989,148.19092000144988,32650.85189330933,326.5085189330933,110.28840932191314,147.0527189705272,147.05271897052754,1730.2635973472593,4203.137481795377,5933.401079142636,274.7805072693322,376.8049610913647,651.585468360697,0.0,0.0,0.0,0.0,2784.6672985656705,17279.067941600526,47862.52692938046,14819.092000144989,18532.696658091107,34338.073645863,52870.770303954116,2006.3592886760148,11900.447699908971,13906.806988584985,289.1599700107683,2791.166788624612,3080.32675863538,33368.126286345585,32650.85189330933,54428.22667928078,87079.0785725901
1981-07-11 13:00:00+02:00,14137.46961527443,141.37469615274432,32650.85189330933,326.5085189330933,100.14769961865102,147.0527189705272,147.0527189705272,1730.2635973472593,2645.8401075617785,4376.103704909038,274.7805072693322,264.49522205145104,539.2757293207833,0.0,0.0,0.0,0.0,2784.6672985656705,15129.462205628352,45712.921193408285,14137.46961527443,18532.696658091107,22680.40796035972,41213.104618450845,2006.3592886760148,6620.288689907567,8626.647978583582,289.1599700107683,2001.4509185296943,2290.6108885404624,33368.126286345585,32650.85189330933,34970.469312283654,67621.32120559296
1981-07-12 13:00:00+02:00,14759.915561866725,147.59915561866725,32650.85189330933,326.5085189330933,102.65191263074391,147.0527189705272,147.0527189705276,1730.2635973472593,2787.459450076588,4517.723047423847,274.7805072693322,186.6650830907626,461.4455903600948,0.0,0.0,0.0,0.0,2808.95055685253,14905.613141714555,45464.78887120763,14759.915561866725,18532.696658091107,20461.940389461415,38994.63704755253,2006.3592886760148,7244.1257166181285,9250.485005294144,289.1599700107683,2119.2110125918407,2408.370982602609,33368.126286345585,32650.85189330933,33267.18100709825,65918.03290040756
1981-07-13 13:00:00+02:00,14021.820523266322,140.21820523266322,32650.85189330933,326.5085189330933,85.44347585443518,147.0527189705272,147.0527189705272,1730.2635973472593,0.0,1730.2635973472593,274.7805072693322,0.0,274.7805072693322,0.0,0.0,0.0,0.0,2951.1309568169477,11203.10353682798,41620.09886635663,14021.820523266322,18532.696658091107,0.0,18532.696658091107,2006.3592886760148,0.0,2006.3592886760148,289.1599700107683,0.0,289.1599700107683,33368.126286345585,32650.85189330933,0.0,32650.85189330933
1981-07-14 13:00:00+02:00,14448.766452538575,144.48766452538575,32650.85189330933,326.5085189330933,123.06518365498818,147.0527189705272,147.05271897052722,1730.2635973472593,5909.028273224614,7639.291870571874,274.7805072693322,0.0,274.7805072693322,0.0,0.0,0.0,0.0,2784.6672985656705,20475.97872403139,51059.43771181132,14448.766452538575,18532.696658091107,49552.90974509991,68085.60640319102,2006.3592886760148,15776.472311536514,17782.83160021253,289.1599700107683,4659.156007768409,4948.315977779177,33368.126286345585,32650.85189330933,78216.55005164744,110867.40194495673
1981-07-15 13:00:00+02:00,14565.520004209357,145.65520004209355,32650.85189330933,326.5085189330933,129.5127480130018,147.0527189705272,147.05271897052748,1730.2635973472593,7570.1366425197675,9300.400239867025,274.7805072693322,910.9279116793691,1185.7084189487014,0.0,0.0,0.0,0.0,2784.6672985656705,23754.256261753766,54337.71524953371,14565.520004209357,18532.696658091107,70884.35814837807,89417.0548064692,2006.3592886760148,20891.463946970125,22897.82323564614,289.1599700107683,3633.330219959886,3922.4901899706542,33368.126286345585,32650.85189330933,106623.23340496719,139274.08529827645
1981-07-16 13:00:00+02:00,15727.102279003419,157.27102279003418,32650.85189330933,326.5085189330933,106.10822678142827,147.0527189705272,147.0527189705277,1730.2635973472593,3285.5234087513336,5015.787006098592,274.7805072693322,458.4109756388048,733.191482908137,0.0,0.0,0.0,0.0,2833.367122859041,15342.76753902396,45877.52670251052,15727.102279003419,18532.696658091107,25371.54876844032,43904.24542653144,2006.3592886760148,8848.305729057985,10854.665017734,289.1599700107683,2859.2727846255875,3148.4327546363556,33368.126286345585,32650.85189330933,40696.37492334567,73347.22681665499
1981-07-17 13:00:00+02:00,14833.830102781696,148.33830102781695,32650.85189330933,326.5085189330933,123.37024574350929,147.0527189705272,147.0527189705277,1730.2635973472593,6270.082944701246,8000.3465420485045,274.7805072693322,496.26179337053395,771.0423006398662,0.0,0.0,0.0,0.0,2784.6672985656705,21844.274527615027,52427.73351539496,14833.830102781696,18532.696658091107,58348.04674445656,76880.7434025477,2006.3592886760148,17440.957547120885,19447.3168357969,289.1599700107683,3407.619547096048,3696.779517106816,33368.126286345585,32650.85189330933,88744.98743951003,121395.83933281938
1981-07-18 13:00:00+02:00,15631.652990873501,156.31652990873502,32650.85189330933,326.5085189330933,117.02062119276394,147.0527189705272,147.0527189705277,1730.2635973472593,5435.78697352832,7166.050570875579,274.7805072693322,628.2112642069143,902.9917714762464,0.0,0.0,0.0,0.0,2784.6672985656705,19052.75607935991,49636.215067139834,15631.652990873501,18532.696658091107,46822.160946823016,65354.857604914156,2006.3592886760148,14743.79853551424,16750.157824190253,289.1599700107683,3728.411143191143,4017.571113201911,33368.126286345585,32650.85189330933,72115.30170067915,104766.15359398846
1981-07-19 13:00:00+02:00,15371.782959404474,153.71782959404473,32650.85189330933,326.5085189330933,119.08272247723448,147.0527189705272,147.05271897052754,1730.2635973472593,5719.031363340641,7449.2949606879,274.7805072693322,555.9264383875517,830.7069456568838,0.0,0.0,0.0,0.0,2784.6672985656705,20449.12317213021,51032.58215991014,15371.782959404474,18532.696658091107,50640.05610536012,69172.75276345122,2006.3592886760148,15254.17345695359,17260.532745629604,289.1599700107683,3064.932170980706,3354.092140991474,33368.126286345585,32650.85189330933,77472.93971169682,110123.7916050061
1981-07-20 13:00:00+02:00,14949.092120223571,149.4909212022357,32650.85189330933,326.5085189330933,109.48105760243782,147.0527189705272,147.05271897052774,1730.2635973472593,3791.9581570520168,5522.221754399276,274.7805072693322,428.14609731838556,702.9266045877177,0.0,0.0,0.0,0.0,2784.6672985656705,16389.615013344683,46973.074001124616,14949.092120223571,18532.696658091107,31077.620552661847,49610.31721075297,2006.3592886760148,10122.251305178397,12128.610593854411,289.1599700107683,2845.747333974932,3134.9073039857003,33368.126286345585,32650.85189330933,48604.6567667616,81255.50866007093
1981-07-21 13:00:00+02:00,14552.041187280629,145.52041187280628,32650.85189330933,326.5085189330933,99.73843784090921,147.0527189705272,147.05271897052748,1730.2635973472593,2257.6312344894454,3987.8948318367043,274.7805072693322,195.41414902925214,470.19465629858433,0.0,0.0,0.0,0.0,2793.5493535828564,14643.86942047803,45218.446353240775,14552.041187280629,18532.696658091107,19309.371257281768,37842.067915372885,2006.3592886760148,6435.38257848791,8441.741867163924,289.1599700107683,1579.351362929924,1868.5113329406925,33368.126286345585,32650.85189330933,30498.43304616452,63149.28493947383
1981-07-22 13:00:00+02:00,15264.27322867723,152.6427322867723,32650.85189330933,326.5085189330933,107.63275449512452,147.0527189705272,147.0527189705276,1730.2635973472593,3250.8589764611606,4981.1225738084195,274.7805072693322,213.98647956520816,488.7669868345404,0.0,0.0,0.0,0.0,2789.3643030781545,15771.569231937847,46350.33121520529,15264.27322867723,18532.696658091107,26043.63552699696,44576.33218508808,2006.3592886760148,8629.109376231765,10635.468664907778,289.1599700107683,2660.6074728244457,2949.767442835214,33368.126286345585,32650.85189330933,41401.224018019864,74052.07591132919
1981-07-23 13:00:00+02:00,14298.66904615379,142.9866904615379,32650.85189330933,326.5085189330933,85.4434758544352,147.0527189705272,147.05271897052754,1730.2635973472593,0.0,1730.2635973472593,274.7805072693322,0.0,274.7805072693322,0.0,0.0,0.0,0.0,2951.1309568169477,11203.10353682798,41620.09886635663,14298.66904615379,18532.696658091107,0.0,18532.696658091107,2006.3592886760148,0.0,2006.3592886760148,289.1599700107683,0.0,289.1599700107683,33368.126286345585,32650.85189330933,0.0,32650.85189330933
1981-07-24 13:00:00+02:00,14124.095044354002,141.24095044354002,32650.85189330933,326.5085189330933,85.4434758544352,147.0527189705272,147.0527189705272,1730.2635973472593,0.0,1730.2635973472593,274.7805072693322,0.0,274.7805072693322,0.0,0.0,0.0,0.0,2951.1309568169477,11203.10353682798,41620.09886635663,14124.095044354002,18532.696658091107,0.0,18532.696658091107,2006.3592886760148,0.0,2006.3592886760148,289.1599700107683,0.0,289.1599700107683,33368.126286345585,32650.85189330933,0.0,32650.85189330933
1981-07-25 13:00:00+02:00,14375.326814310987,143.75326814310986,32650.85189330933,326.5085189330933,85.44347585443518,147.0527189705272,147.05271897052748,1730.2635973472593,826.1918150306725,2556.4554123779317,274.7805072693322,0.0,274.7805072693322,0.0,0.0,0.0,0.0,2951.1309568169477,11203.10353682798,41620.09886635663,14375.326814310987,18532.696658091107,956.6588962980836,19489.355554389193,2006.3592886760148,0.0,2006.3592886760148,289.1599700107683,1463.9566332755508,1753.116603286319,33368.126286345585,32650.85189330933,2768.9187052237644,35419.77059853308
1981-07-26 13:00:00+02:00,14587.081593797768,145.87081593797768,32650.85189330933,326.5085189330933,147.0242495978643,147.0527189705272,147.05271897052754,1730.2635973472593,9631.966188605638,11362.229785952897,274.7805072693322,568.0890385241771,842.8695457935094,0.0,0.0,0.0,0.0,2784.6672985656705,27806.34930594472,58389.808293724665,14587.081593797768,18532.696658091107,88915.35484121967,107448.05149931082,2006.3592886760148,27301.085844916222,29307.44513359224,289.1599700107683,5458.047211398987,5747.207181409755,33368.126286345585,32650.85189330933,136354.78148681013,169005.63338011943
1981-07-27 13:00:00+02:00,14555.947711493287,145.55947711493286,32650.85189330933,326.5085189330933,85.44347585443556,147.0527189705272,147.05271897052748,1730.2635973472593,36.56487509146444,1766.8284724387236,274.7805072693322,223.33339753709444,498.1139048064266,0.0,0.0,0.0,0.0,2951.1309568169477,11211.568166060708,41628.56349558936,14555.947711493287,18532.696658091107,1119.1485786966223,19651.845236787733,2006.3592886760148,196.64408014505062,2203.0033688210656,289.1599700107683,0.0,289.1599700107683,33368.126286345585,32650.85189330933,1338.3701906194851,33989.222083928806
1981-07-28 13:00:00+02:00,14777.745310245282,147.77745310245282,32650.85189330933,326.5085189330933,117.92639729727873,147.0527189705272,147.0527189705272,1730.2635973472593,5344.005773109868,7074.269370457127,274.7805072693322,224.89178012544966,499.67228739478185,0.0,0.0,0.0,0.0,2784.6672985656705,19141.18593894844,49724.64492672837,14777.745310245282,18532.696658091107,42974.619756807704,61507.316414898814,2006.3592886760148,13872.542271038099,15878.901559714113,289.1599700107683,4214.43554201398,4503.595512024748,33368.126286345585,32650.85189330933,68281.10727188441,100931.95916519377
1981-07-29 13:00:00+02:00,14546.241624206416,145.46241624206417,32650.85189330933,326.5085189330933,85.44347585443518,147.0527189705272,147.0527189705276,1730.2635973472593,0.0,1730.2635973472593,274.7805072693322,31.935275105388907,306.7157823747211,0.0,0.0,0.0,0.0,2951.1309568169477,11203.10353682798,41620.09886635663,14546.241624206416,18532.696658091107,466.81361984620463,18999.510277937316,2006.3592886760148,180.44240650390876,2186.8016951799236,289.1599700107683,0.0,289.1599700107683,33368.126286345585,32650.85189330933,587.2561962580228,33238.108089567344
1981-07-30 13:00:00+02:00,14304.190720724513,143.04190720724512,32650.85189330933,326.5085189330933,85.4434758544352,147.0527189705272,147.05271897052722,1730.2635973472593,0.0,1730.2635973472593,274.7805072693322,0.0,274.7805072693322,0.0,0.0,0.0,0.0,2951.1309568169477,11203.10353682798,41620.09886635663,14304.190720724513,18532.696658091107,0.0,18532.696658091107,2006.3592886760148,0.0,2006.3592886760148,289.1599700107683,0.0,289.1599700107683,33368.126286345585,32650.85189330933,0.0,32650.85189330933
1981-07-31 13:00:00+02:00,14255.075205094363,142.55075205094363,32650.85189330933,326.5085189330933,85.44347585443518,147.0527189705272,147.05271897052722,1730.2635973472593,936.9196607451353,2667.183258092394,274.7805072693322,0.0,274.7805072693322,0.0,0.0,0.0,0.0,2951.1309568169477,11203.10353682798,41620.09886635663,14255.075205094363,18532.696658091107,1738.5801818184998,20271.276839909606,2006.3592886760148,904.9435009076119,2911.3027895836267,289.1599700107683,1606.8207260237853,1895.9806960345536,33368.126286345585,32650.85189330933,4423.467818840673,37074.31971214999
1981-08-01 13:00:00+02:00,15118.3786431222,151.183786431222,32650.85189330933,326.5085189330933,110.97620348987043,147.0527189705272,147.05271897052748,1730.2635973472593,2850.432261620868,4580.695858968128,274.7805072693322,0.0,274.7805072693322,0.0,0.0,0.0,0.0,2888.597927780001,15828.787942941362,46308.31630150696,15118.3786431222,18532.696658091107,24166.503591659595,42699.200249750706,2006.3592886760148,8878.03988799126,10884.399176667273,289.1599700107683,1860.224661024979,2149.384631035747,33368.126286345585,32650.85189330933,38738.22578391968,71389.077677229
1981-08-02 13:00:00+02:00,14644.164759081972,146.4416475908197,32650.85189330933,326.5085189330933,98.96929707416554,147.0527189705272,147.05271897052754,1730.2635973472593,2678.936614607145,4409.200211954405,274.7805072693322,244.5312109972844,519.3117182666166,0.0,0.0,0.0,0.0,2784.6672985656705,14732.96676663193,45316.42575441186,14644.164759081972,18532.696658091107,20187.953113487358,38720.64977157848,2006.3592886760148,5496.363885119929,7502.7231737959455,289.1599700107683,2375.842381236125,2665.0023512468933,33368.126286345585,32650.85189330933,31633.27345561078,64284.1253489201
1981-08-03 13:00:00+02:00,14792.456827100004,147.92456827100006,32650.85189330933,326.5085189330933,102.41353550455743,147.0527189705272,147.0527189705277,1730.2635973472593,2141.784518258546,3872.0481156058054,274.7805072693322,149.12451349280997,423.90502076214216,0.0,0.0,0.0,0.0,2888.597927780001,14543.400843590192,45022.92920215579,14792.456827100004,18532.696658091107,17988.225163257786,36520.92182134891,2006.3592886760148,6599.972475736398,8606.331764412413,289.1599700107683,1528.3595979019833,1817.5195679127517,33368.126286345585,32650.85189330933,28936.71073801659,61587.56263132591
1981-08-04 13:00:00+02:00,17771.527405601882,177.7152740560188,32650.85189330933,326.5085189330933,85.44347585443556,147.0527189705272,147.05271897052748,1730.2635973472593,181.66045848332843,1911.9240558305876,274.7805072693322,0.0,274.7805072693322,0.0,0.0,0.0,0.0,2951.1309568169477,11203.10353682798,41620.09886635663,17771.527405601882,18532.696658091107,242.07235749050852,18774.769015581616,2006.3592886760148,36.98865306666761,2043.3479417426825,289.1599700107683,592.9468186975051,882.1067887082734,33368.126286345585,32650.85189330933,906.234361572426,33557.08625488175
1981-08-05 13:00:00+02:00,14448.76949946037,144.4876949946037,32650.85189330933,326.5085189330933,96.96373311483698,147.0527189705272,147.0527189705276,1730.2635973472593,1606.1316253042721,3336.3952226515316,274.7805072693322,0.0,274.7805072693322,0.0,0.0,0.0,0.0,2919.8644422984744,13214.51943199104,43662.781276038164,14448.76949946037,18532.696658091107,10999.164015827791,29531.860673918898,2006.3592886760148,5185.125777019781,7191.485065695796,289.1599700107683,1852.1066321132125,2141.2666021239806,33368.126286345585,32650.85189330933,19505.741480394867,52156.59337370419
1981-08-06 13:00:00+02:00,14740.47056480611,147.4047056480611,32650.85189330933,326.5085189330933,101.51584415397797,147.0527189705272,147.05271897052748,1730.2635973472593,2866.460999683218,4596.724597030477,274.7805072693322,142.26191775656983,417.04242502590205,0.0,0.0,0.0,0.0,2784.6672985656705,15499.601209405839,46083.06019718576,14740.47056480611,18532.696658091107,23784.38846995747,42317.08512804859,2006.3592886760148,6798.831264806536,8805.190553482551,289.1599700107683,1950.570346322219,2239.730316332987,33368.126286345585,32650.85189330933,36692.1829328715,69343.03482618081
1981-08-07 13:00:00+02:00,14608.65537360681,146.0865537360681,32650.85189330933,326.5085189330933,124.1021277651359,147.0527189705272,147.0527189705276,1730.2635973472593,6337.91286328329,8068.17646063055,274.7805072693322,527.9813815479083,802.7618888172406,0.0,0.0,0.0,0.0,2784.6672985656705,21331.799382453028,51915.25837023296,14608.65537360681,18532.696658091107,56011.58333154068,74544.27998963179,2006.3592886760148,18024.383753412672,20030.743042088692,289.1599700107683,4163.46799686815,4452.627966878918,33368.126286345585,32650.85189330933,87080.71984851555,119731.5717418249
1981-08-08 13:00:00+02:00,14321.283873181812,143.21283873181812,32650.85189330933,326.5085189330933,108.71896481732087,147.0527189705272,147.0527189705272,1730.2635973472593,2756.6666717742055,4486.930269121464,274.7805072693322,401.56809584079843,676.3486031101306,0.0,0.0,0.0,0.0,2795.1131370881444,14957.211864512945,45530.2250137704,14321.283873181812,18532.696658091107,22874.699702597136,41407.39636068825,2006.3592886760148,6813.097354500141,8819.456643176156,289.1599700107683,1689.0706264600394,1978.2305964708078,33368.126286345585,32650.85189330933,34914.23758962637,67565.08948293568
1981-08-09 13:00:00+02:00,14757.236178610157,147.57236178610157,32650.85189330933,326.5085189330933,111.26042673500926,147.0527189705272,147.05271897052754,1730.2635973472593,4383.908381846051,6114.17197919331,274.7805072693322,301.62568711470885,576.4061943840411,0.0,0.0,0.0,0.0,2784.6672985656705,17844.792348192925,48428.25133597287,14757.236178610157,18532.696658091107,36122.929196320285,54655.6258544114,2006.3592886760148,11943.102254825779,13949.461543501793,289.1599700107683,3222.269589741115,3511.429559751883,33368.126286345585,32650.85189330933,57309.124171157746,89959.97606446708
1981-08-10 13:00:00+02:00,13928.535838603306,139.28535838603307,32650.85189330933,326.5085189330933,85.4434758544352,147.0527189705272,147.0527189705272,1730.2635973472593,0.0,1730.2635973472593,274.7805072693322,0.0,274.7805072693322,0.0,0.0,0.0,0.0,2951.1309568169477,11203.10353682798,41620.09886635663,13928.535838603306,18532.696658091107,0.0,18532.696658091107,2006.3592886760148,0.0,2006.3592886760148,289.1599700107683,0.0,289.1599700107683,33368.126286345585,32650.85189330933,0.0,32650.85189330933
1981-08-11 13:00:00+02:00,14414.915799409122,144.1491579940912,32650.85189330933,326.5085189330933,85.44347585443518,147.0527189705272,147.05271897052754,1730.2635973472593,0.0,1730.2635973472593,274.7805072693322,0.0,274.7805072693322,0.0,0.0,0.0,0.0,2951.1309568169477,11203.10353682798,41620.09886635663,14414.915799409122,18532.696658091107,47.56947444355287,18580.26613253466,2006.3592886760148,0.0,2006.3592886760148,289.1599700107683,1156.1405748578145,1445.3005448685828,33368.126286345585,32650.85189330933,1060.2162328740744,33711.0681261834
1981-08-12 13:00:00+02:00,14842.874129371674,148.42874129371674,32650.85189330933,326.5085189330933,85.44347585443518,147.0527189705272,147.05271897052774,1730.2635973472593,0.0,1730.2635973472593,274.7805072693322,0.0,274.7805072693322,0.0,0.0,0.0,0.0,2951.1309568169477,11203.10353682798,41620.09886635663,14842.874129371674,18532.696658091107,0.0,18532.696658091107,2006.3592886760148,0.0,2006.3592886760148,289.1599700107683,0.0,289.1599700107683,33368.126286345585,32650.85189330933,0.0,32650.85189330933
1981-08-13 13:00:00+02:00,16909.470829370137,169.09470829370136,32650.85189330933,326.5085189330933,106.01186330516464,147.0527189705272,183.7317545714462,1730.2635973472593,0.0,1730.2635973472593,274.7805072693322,0.0,274.7805072693322,0.0,0.0,0.0,0.0,2951.1309568169477,11203.10353682798,41620.09886635663,16909.470829370137,18532.696658091107,0.0,18532.696658091107,2006.3592886760148,0.0,2006.3592886760148,289.1599700107683,0.0,289.1599700107683,33368.126286345585,32650.85189330933,0.0,32650.85189330933
1981-08-14 13:00:00+02:00,14996.087946705899,149.960879467059,32650.85189330933,326.5085189330933,85.44347585443556,147.0527189705272,147.0527189705276,1730.2635973472593,0.0,1730.2635973472593,274.7805072693322,0.0,274.7805072693322,0.0,0.0,0.0,0.0,2951.1309568169477,11203.10353682798,41620.09886635663,14996.087946705899,18532.696658091107,0.0,18532.696658091107,2006.3592886760148,0.0,2006.3592886760148,289.1599700107683,0.0,289.1599700107683,33368.126286345585,32650.85189330933,0.0,32650.85189330933
1981-08-15 13:00:00+02:00,14184.101197058975,141.84101197058976,32650.85189330933,326.5085189330933,85.4434758544352,147.0527189705272,147.05271897052722,1730.2635973472593,0.0,1730.2635973472593,274.7805072693322,0.0,274.7805072693322,0.0,0.0,0.0,0.0,2951.1309568169477,11203.10353682798,41620.09886635663,14184.101197058975,18532.696658091107,0.0,18532.696658091107,2006.3592886760148,0.0,2006.3592886760148,289.1599700107683,0.0,289.1599700107683,33368.126286345585,32650.85189330933,0.0,32650.85189330933
1981-08-16 13:00:00+02:00,14134.335998300703,141.34335998300702,32650.85189330933,326.5085189330933,85.4434758544352,147.0527189705272,147.05271897052722,1730.2635973472593,0.0,1730.2635973472593,274.7805072693322,0.0,274.7805072693322,0.0,0.0,0.0,0.0,2951.1309568169477,11203.10353682798,41620.09886635663,14134.335998300703,18532.696658091107,0.0,18532.696658091107,2006.3592886760148,0.0,2006.3592886760148,289.1599700107683,0.0,289.1599700107683,33368.126286345585,32650.85189330933,0.0,32650.85189330933
1981-08-17 13:00:00+02:00,14109.685302059124,141.09685302059125,32650.85189330933,326.5085189330933,85.44347585443518,147.0527189705272,147.05271897052722,1730.2635973472593,0.0,1730.2635973472593,274.7805072693322,0.0,274.7805072693322,0.0,0.0,0.0,0.0,2951.1309568169477,11203.10353682798,41620.09886635663,14109.685302059124,18532.696658091107,0.0,18532.696658091107,2006.3592886760148,0.0,2006.3592886760148,289.1599700107683,0.0,289.1599700107683,33368.126286345585,32650.85189330933,0.0,32650.85189330933
1981-08-18 13:00:00+02:00,14446.57758246898,144.4657758246898,32650.85189330933,326.5085189330933,101.14485892349374,147.0527189705272,147.05271897052754,1730.2635973472593,2556.5337505925436,4286.797347939802,274.7805072693322,0.0,274.7805072693322,0.0,0.0,0.0,0.0,2951.1309568169477,13108.271416334472,43525.266745863126,14446.57758246898,18532.696658091107,13686.402025927551,32219.098684018656,2006.3592886760148,5536.506638615434,7542.865927291449,289.1599700107683,2763.471047617906,3052.6310176286743,33368.126286345585,32650.85189330933,23770.730938391185,56421.5828317005
1981-08-19 13:00:00+02:00,15800.94190992234,158.0094190992234,32650.85189330933,326.5085189330933,127.1253800481076,147.0527189705272,147.0527189705272,1730.2635973472593,5715.483332802998,7445.746930150257,274.7805072693322,389.6677100983548,664.448217367687,0.0,0.0,0.0,0.0,2784.6672985656705,22172.37728688458,52755.836274664514,15800.94190992234,18532.696658091107,56136.846431770144,74669.54308986121,2006.3592886760148,16586.10510876546,18592.464397441476,289.1599700107683,3038.10765275349,3327.2676227642582,33368.126286345585,32650.85189330933,85503.99458538741,118154.84647869677
1981-08-20 13:00:00+02:00,15020.534016314494,150.20534016314494,32650.85189330933,326.5085189330933,93.8891906521836,147.0527189705272,147.05271897052748,1730.2635973472593,1455.8027659929412,3186.0663633402005,274.7805072693322,270.663087713085,545.4435949824172,0.0,0.0,0.0,0.0,2951.1309568169477,12290.709409723448,42707.704739252105,15020.534016314494,18532.696658091107,7978.168298839865,26510.86495693098,2006.3592886760148,3552.64810445713,5559.007393133145,289.1599700107683,1821.1007022602182,2110.2606722709866,33368.126286345585,32650.85189330933,14282.593861830637,46933.445755139954
1981-08-21 13:00:00+02:00,14223.398245416656,142.23398245416655,32650.85189330933,326.5085189330933,85.44347585443518,147.0527189705272,147.0527189705276,1730.2635973472593,0.0,1730.2635973472593,274.7805072693322,0.0,274.7805072693322,0.0,0.0,0.0,0.0,2951.1309568169477,11203.10353682798,41620.09886635663,14223.398245416656,18532.696658091107,0.0,18532.696658091107,2006.3592886760148,0.0,2006.3592886760148,289.1599700107683,0.0,289.1599700107683,33368.126286345585,32650.85189330933,0.0,32650.85189330933
1981-08-22 13:00:00+02:00,14060.045086874004,140.60045086874004,32650.85189330933,326.5085189330933,85.4434758544352,147.0527189705272,147.0527189705272,1730.2635973472593,0.0,1730.2635973472593,274.7805072693322,0.0,274.7805072693322,0.0,0.0,0.0,0.0,2951.1309568169477,11203.10353682798,41620.09886635663,14060.045086874004,18532.696658091107,0.0,18532.696658091107,2006.3592886760148,0.0,2006.3592886760148,289.1599700107683,0.0,289.1599700107683,33368.126286345585,32650.85189330933,0.0,32650.85189330933
1981-08-23 13:00:00+02:00,14431.768940862397,144.31768940862398,32650.85189330933,326.5085189330933,108.03170511055396,147.0527189705272,147.05271897052754,1730.2635973472593,3588.263906440507,5318.527503787766,274.7805072693322,0.0,274.7805072693322,0.0,0.0,0.0,0.0,2888.597927780001,15644.113815271423,46123.64217383702,14431.768940862397,18532.696658091107,24359.78728565449,42892.48394374561,2006.3592886760148,8811.292763597115,10817.652052273128,289.1599700107683,3304.55036873442,3593.710338745188,33368.126286345585,32650.85189330933,40392.70676726016,73043.55866056946
1981-08-24 13:00:00+02:00,14511.592558497887,145.11592558497887,32650.85189330933,326.5085189330933,85.44347585443518,147.0527189705272,147.0527189705276,1730.2635973472593,0.0,1730.2635973472593,274.7805072693322,0.0,274.7805072693322,0.0,0.0,0.0,0.0,2951.1309568169477,11203.10353682798,41620.09886635663,14511.592558497887,18532.696658091107,0.0,18532.696658091107,2006.3592886760148,0.0,2006.3592886760148,289.1599700107683,0.0,289.1599700107683,33368.126286345585,32650.85189330933,0.0,32650.85189330933
1981-08-25 13:00:00+02:00,14784.548074404978,147.84548074404978,32650.85189330933,326.5085189330933,96.75722563895721,147.0527189705272,147.0527189705277,1730.2635973472593,1797.946145685856,3528.2097430331155,274.7805072693322,0.0,274.7805072693322,0.0,0.0,0.0,0.0,2951.1309568169477,12627.85154427871,43044.846873807364,14784.548074404978,18532.696658091107,9849.542056640194,28382.238714731302,2006.3592886760148,4354.07407983088,6360.433368506895,289.1599700107683,2458.719008119446,2747.878978130214,33368.126286345585,32650.85189330933,17676.176863401706,50327.028756711006
1981-08-26 13:00:00+02:00,14392.542892065356,143.92542892065356,32650.85189330933,326.5085189330933,85.4434758544352,147.0527189705272,147.05271897052774,1730.2635973472593,0.0,1730.2635973472593,274.7805072693322,0.0,274.7805072693322,0.0,0.0,0.0,0.0,2951.1309568169477,11203.10353682798,41620.09886635663,14392.542892065356,18532.696658091107,0.0,18532.696658091107,2006.3592886760148,0.0,2006.3592886760148,289.1599700107683,0.0,289.1599700107683,33368.126286345585,32650.85189330933,0.0,32650.85189330933
1981-08-27 13:00:00+02:00,14426.517984653628,144.26517984653628,32650.85189330933,326.5085189330933,85.44347585443556,147.0527189705272,147.05271897052754,1730.2635973472593,1151.6594968066286,2881.923094153888,274.7805072693322,0.0,274.7805072693322,0.0,0.0,0.0,0.0,2951.1309568169477,11574.532230285251,41991.527559813905,14426.517984653628,18532.696658091107,3706.828691601718,22239.525349692824,2006.3592886760148,1322.4582635778033,3328.817552253818,289.1599700107683,1883.558877929005,2172.7188479397732,33368.126286345585,32650.85189330933,7313.26672721511,39964.11862052442
1981-08-28 13:00:00+02:00,14003.296387374268,140.0329638737427,32650.85189330933,326.5085189330933,85.44347585443518,147.0527189705272,147.0527189705272,1730.2635973472593,0.0,1730.2635973472593,274.7805072693322,0.0,274.7805072693322,0.0,0.0,0.0,0.0,2951.1309568169477,11203.10353682798,41620.09886635663,14003.296387374268,18532.696658091107,0.0,18532.696658091107,2006.3592886760148,0.0,2006.3592886760148,289.1599700107683,0.0,289.1599700107683,33368.126286345585,32650.85189330933,0.0,32650.85189330933
1981-08-29 13:00:00+02:00,14481.340297940216,144.81340297940216,32650.85189330933,326.5085189330933,85.44347585443518,147.0527189705272,147.05271897052748,1730.2635973472593,0.0,1730.2635973472593,274.7805072693322,0.0,274.7805072693322,0.0,0.0,0.0,0.0,2951.1309568169477,11203.10353682798,41620.09886635663,14481.340297940216,18532.696658091107,0.0,18532.696658091107,2006.3592886760148,0.0,2006.3592886760148,289.1599700107683,0.0,289.1599700107683,33368.126286345585,32650.85189330933,0.0,32650.85189330933
1981-08-30 13:00:00+02:00,14113.203323047517,141.13203323047517,32650.85189330933,326.5085189330933,85.44347585443556,147.0527189705272,147.05271897052722,1730.2635973472593,947.1940121363058,2677.4576094835647,274.7805072693322,0.0,274.7805072693322,0.0,0.0,0.0,0.0,2951.1309568169477,11203.10353682798,41620.09886635663,14113.203323047517,18532.696658091107,1178.32235215095,19711.019010242057,2006.3592886760148,921.5747175616343,2927.934006237649,289.1599700107683,1616.1749109068462,1905.3348809176146,33368.126286345585,32650.85189330933,3948.810816036649,36599.66270934596
1981-08-31 13:00:00+02:00,15416.277663860525,154.16277663860524,32650.85189330933,326.5085189330933,109.72370418240739,147.0527189705272,147.69202596492096,1730.2635973472593,3449.659355960879,5179.922953308138,274.7805072693322,0.0,274.7805072693322,0.0,0.0,0.0,0.0,2784.6672985656705,17025.380610755838,47608.839598535764,15416.277663860525,18532.696658091107,30855.704119760576,49388.4007778517,2006.3592886760148,9877.902571794519,11884.261860470533,289.1599700107683,2175.056605396388,2464.216575407156,33368.126286345585,32650.85189330933,48044.74548075711,80695.5973740664
1981-09-01 13:00:00+02:00,14227.83303836706,142.2783303836706,32650.85189330933,326.5085189330933,85.44347585443518,147.0527189705272,147.0527189705277,1730.2635973472593,84.28765332573401,1814.5512506729933,274.7805072693322,0.0,274.7805072693322,0.0,0.0,0.0,0.0,2951.1309568169477,11203.10353682798,41620.09886635663,14227.83303836706,18532.696658091107,298.02349278775796,18830.720150878864,2006.3592886760148,88.98444763128629,2095.3437363073012,289.1599700107683,503.3012464987446,792.461216509513,33368.126286345585,32650.85189330933,847.3092274798327,33498.161120789155
1981-09-02 13:00:00+02:00,13990.205338293577,139.90205338293578,32650.85189330933,326.5085189330933,85.44347585443518,147.0527189705272,147.05271897052748,1730.2635973472593,39.962688130571,1770.2262854778303,274.7805072693322,0.0,274.7805072693322,0.0,0.0,0.0,0.0,2951.1309568169477,11203.10353682798,41620.09886635663,13990.205338293577,18532.696658091107,0.6114268662698662,18533.308084957378,2006.3592886760148,0.0,2006.3592886760148,289.1599700107683,81.07777418658513,370.23774419735344,33368.126286345585,32650.85189330933,101.87074156176604,32752.722634871094
1981-09-03 13:00:00+02:00,14159.915239183982,141.59915239183982,32650.85189330933,326.5085189330933,85.4434758544352,147.0527189705272,147.0527189705272,1730.2635973472593,0.0,1730.2635973472593,274.7805072693322,0.0,274.7805072693322,0.0,0.0,0.0,0.0,2951.1309568169477,11203.10353682798,41620.09886635663,14159.915239183982,18532.696658091107,0.0,18532.696658091107,2006.3592886760148,0.0,2006.3592886760148,289.1599700107683,0.0,289.1599700107683,33368.126286345585,32650.85189330933,0.0,32650.85189330933
1981-09-04 13:00:00+02:00,15383.134413320524,153.83134413320525,32650.85189330933,326.5085189330933,85.44347585443518,147.0527189705272,147.05271897052748,1730.2635973472593,0.0,1730.2635973472593,274.7805072693322,0.0,274.7805072693322,0.0,0.0,0.0,0.0,2951.1309568169477,11203.10353682798,41620.09886635663,15383.134413320524,18532.696658091107,0.0,18532.696658091107,2006.3592886760148,0.0,2006.3592886760148,289.1599700107683,0.0,289.1599700107683,33368.126286345585,32650.85189330933,0.0,32650.85189330933
1981-09-05 13:00:00+02:00,15448.022002984106,154.48022002984106,32650.85189330933,326.5085189330933,85.44347585443556,147.0527189705272,156.46015210183796,1730.2635973472593,0.0,1730.2635973472593,274.7805072693322,0.0,274.7805072693322,0.0,0.0,0.0,0.0,2951.1309568169477,11203.10353682798,41620.09886635663,15448.022002984106,18532.696658091107,0.0,18532.696658091107,2006.3592886760148,0.0,2006.3592886760148,289.1599700107683,0.0,289.1599700107683,33368.126286345585,32650.85189330933,0.0,32650.85189330933
1981-09-06 13:00:00+02:00,14900.952869541507,149.00952869541507,32650.85189330933,326.5085189330933,85.44347585443518,147.0527189705272,147.05271897052754,1730.2635973472593,638.5745786442291,2368.8381759914882,274.7805072693322,0.0,274.7805072693322,0.0,0.0,0.0,0.0,2951.1309568169477,11203.10353682798,41620.09886635663,14900.952869541507,18532.696658091107,0.0,18532.696658091107,2006.3592886760148,0.0,2006.3592886760148,289.1599700107683,1218.6605390153686,1507.820509026137,33368.126286345585,32650.85189330933,1551.3522083166963,34202.20410162602
1981-09-07 13:00:00+02:00,14334.288675826054,143.34288675826053,32650.85189330933,326.5085189330933,85.4434758544352,147.0527189705272,147.05271897052748,1730.2635973472593,0.0,1730.2635973472593,274.7805072693322,0.0,274.7805072693322,0.0,0.0,0.0,0.0,2951.1309568169477,11203.10353682798,41620.09886635663,14334.288675826054,18532.696658091107,0.0,18532.696658091107,2006.3592886760148,0.0,2006.3592886760148,289.1599700107683,0.0,289.1599700107683,33368.126286345585,32650.85189330933,0.0,32650.85189330933
1981-09-08 13:00:00+02:00,14543.61778123654,145.4361778123654,32650.85189330933,326.5085189330933,85.44347585443556,147.0527189705272,147.05271897052754,1730.2635973472593,0.0,1730.2635973472593,274.7805072693322,0.0,274.7805072693322,0.0,0.0,0.0,0.0,2951.1309568169477,11203.10353682798,41620.09886635663,14543.61778123654,18532.696658091107,0.0,18532.696658091107,2006.3592886760148,0.0,2006.3592886760148,289.1599700107683,0.0,289.1599700107683,33368.126286345585,32650.85189330933,0.0,32650.85189330933
1981-09-09 13:00:00+02:00,14040.085894686943,140.40085894686942,32650.85189330933,326.5085189330933,85.4434758544352,147.0527189705272,147.05271897052748,1730.2635973472593,0.0,1730.2635973472593,274.7805072693322,0.0,274.7805072693322,0.0,0.0,0.0,0.0,2951.1309568169477,11203.10353682798,41620.09886635663,14040.085894686943,18532.696658091107,0.0,18532.696658091107,2006.3592886760148,0.0,2006.3592886760148,289.1599700107683,0.0,289.1599700107683,33368.126286345585,32650.85189330933,0.0,32650.85189330933
1981-09-10 13:00:00+02:00,15120.377432408606,151.20377432408606,32650.85189330933,326.5085189330933,85.4434758544352,147.0527189705272,163.64309749515095,1730.2635973472593,859.1339911397648,2589.3975884870238,274.7805072693322,0.0,274.7805072693322,0.0,0.0,0.0,0.0,2951.1309568169477,11203.10353682798,41620.09886635663,15120.377432408606,18532.696658091107,1003.7178259132015,19536.414484004308,2006.3592886760148,0.0,2006.3592886760148,289.1599700107683,1505.7417711320375,1794.9017411428058,33368.126286345585,32650.85189330933,2872.749295272898,35523.601188582215
1981-09-11 13:00:00+02:00,14351.369395842687,143.51369395842687,32650.85189330933,326.5085189330933,100.94870508618483,147.0527189705272,147.05271897052754,1730.2635973472593,1352.3485226109242,3082.6121199581835,274.7805072693322,0.0,274.7805072693322,0.0,0.0,0.0,0.0,2951.1309568169477,13087.11733962005,43504.1126691487,14351.369395842687,18532.696658091107,13218.080844341952,31750.777502433062,2006.3592886760148,6163.095459637826,8169.45474831384,289.1599700107683,1350.7187473957763,1639.8787174065446,33368.126286345585,32650.85189330933,21687.24456044666,54338.09645375597
1981-09-12 13:00:00+02:00,15366.330090687688,153.66330090687688,32650.85189330933,326.5085189330933,147.0527189705272,147.0527189705272,170.1788500785024,1730.2635973472593,14346.131180872377,16076.394778219634,274.7805072693322,1083.8518113159396,1358.6323185852718,0.0,0.0,0.0,0.0,2784.6672985656705,35153.43688094686,65736.89586872679,15366.330090687688,18532.696658091107,127697.11865466007,146229.81531275125,2006.3592886760148,36664.21175783487,38670.57104651088,289.1599700107683,8134.239644537667,8423.399614548436,33368.126286345585,32650.85189330933,194496.6232938133,227147.47518712256
1981-09-13 13:00:00+02:00,14789.378388109539,147.89378388109537,32650.85189330933,326.5085189330933,100.38080745402814,147.0527189705272,147.05271897052756,1730.2635973472593,2738.1933148680164,4468.456912215275,274.7805072693322,835.8275746837396,1110.6080819530719,0.0,0.0,0.0,0.0,2830.589545243611,14526.092509940045,45063.62925104204,14789.378388109539,18532.696658091107,25025.004899953365,43557.70155804448,2006.3592886760148,8986.897459119002,10993.256747795016,289.1599700107683,1070.0041480189661,1359.1641180297345,33368.126286345585,32650.85189330933,37498.00421037206,70148.8561036813
1981-09-14 13:00:00+02:00,14792.145743813242,147.92145743813242,32650.85189330933,326.5085189330933,135.11362833000356,147.0527189705272,147.05271897052748,1730.2635973472593,8179.997698544448,9910.261295891709,274.7805072693322,536.4482706304173,811.2287778997495,0.0,0.0,0.0,0.0,2784.6672985656705,24465.123442324853,55048.58243010478,14792.145743813242,18532.696658091107,71669.83779570219,90202.53445379331,2006.3592886760148,20796.600195766518,22802.959484442534,289.1599700107683,5593.213673628006,5882.373643638774,33368.126286345585,32650.85189330933,110363.94331235543,143014.79520566476
1981-09-15 13:00:00+02:00,14082.28159392961,140.8228159392961,32650.85189330933,326.5085189330933,85.4434758544352,147.0527189705272,147.0527189705272,1730.2635973472593,0.0,1730.2635973472593,274.7805072693322,50.459671615783414,325.2401788851156,0.0,0.0,0.0,0.0,2951.1309568169477,11203.10353682798,41620.09886635663,14082.28159392961,18532.696658091107,518.1806608288866,19050.877318919996,2006.3592886760148,243.72693685090053,2250.0862255269158,289.1599700107683,0.0,289.1599700107683,33368.126286345585,32650.85189330933,696.4944859332065,33347.346379242525
1981-09-16 13:00:00+02:00,15263.496413032357,152.63496413032357,32650.85189330933,326.5085189330933,112.7276975256335,147.0527189705272,167.92528416362234,1730.2635973472593,4429.319428906134,6159.583026253393,274.7805072693322,175.5050874020665,450.2855946713987,0.0,0.0,0.0,0.0,2784.6672985656705,17603.14347259649,48186.60246037642,15263.496413032357,18532.696658091107,34638.431823323655,53171.12848141477,2006.3592886760148,11655.035029077746,13661.394317753759,289.1599700107683,3764.8665184659512,4054.0264884767194,33368.126286345585,32650.85189330933,55863.64936025699,88514.50125356634
1981-09-17 13:00:00+02:00,13937.36943429424,139.3736943429424,32650.85189330933,326.5085189330933,85.44347585443518,147.0527189705272,147.0527189705272,1730.2635973472593,0.0,1730.2635973472593,274.7805072693322,0.0,274.7805072693322,0.0,0.0,0.0,0.0,2951.1309568169477,11203.10353682798,41620.09886635663,13937.36943429424,18532.696658091107,1.2417235097174255,18533.938381600823,2006.3592886760148,0.0,2006.3592886760148,289.1599700107683,0.0,289.1599700107683,33368.126286345585,32650.85189330933,1.117551158745683,32651.969444468075
1981-09-18 13:00:00+02:00,14881.625388887423,148.81625388887423,32650.85189330933,326.5085189330933,85.44347585443518,147.0527189705272,147.05271897052754,1730.2635973472593,985.4143980265225,2715.677995373782,274.7805072693322,0.0,274.7805072693322,0.0,0.0,0.0,0.0,2951.1309568169477,11203.10353682798,41620.09886635663,14881.625388887423,18532.696658091107,2425.8020344430583,20958.498692534165,2006.3592886760148,1139.0414828950497,3145.4007715710645,289.1599700107683,1669.1448918996591,1958.3048619104275,33368.126286345585,32650.85189330933,5325.144150364286,37975.9960436736
1981-09-19 13:00:00+02:00,15858.557805818014,158.58557805818015,32650.85189330933,326.5085189330933,132.0678626174573,147.0527189705272,147.05271897052748,1730.2635973472593,6630.16453886538,8360.428136212638,274.7805072693322,385.7295658414766,660.5100731108088,0.0,0.0,0.0,0.0,2784.6672985656705,23012.820190201895,53596.27917798183,15858.557805818014,18532.696658091107,61748.78410918951,80281.48076728062,2006.3592886760148,19272.942545878646,21279.30183455466,289.1599700107683,3812.870427004291,4102.030397015059,33368.126286345585,32650.85189330933,95323.94769307603,127974.79958638534
1981-09-20 13:00:00+02:00,15162.539050965339,151.62539050965339,32650.85189330933,326.5085189330933,102.62297857957613,147.0527189705272,147.05271897052774,1730.2635973472593,3212.9282187870217,4943.191816134281,274.7805072693322,473.77423943337203,748.5547467027043,0.0,0.0,0.0,0.0,2784.6672985656705,14705.648119536723,45289.10710731666,15162.539050965339,18532.696658091107,22321.460413335033,40854.15707142615,2006.3592886760148,6981.221224211282,8987.580512887294,289.1599700107683,2278.4054590705546,2567.5654290813227,33368.126286345585,32650.85189330933,35022.181162150955,67673.0330554603
1981-09-21 13:00:00+02:00,15397.03114235516,153.9703114235516,32650.85189330933,326.5085189330933,127.71478384193044,147.0527189705272,147.0527189705277,1730.2635973472593,6178.736996071726,7909.000593418985,274.7805072693322,468.7752486385562,743.5557559078884,0.0,0.0,0.0,0.0,2784.6672985656705,21728.299633879124,52311.75862165904,15397.03114235516,18532.696658091107,57014.95746350657,75547.6541215977,2006.3592886760148,17746.422066420306,19752.78135509632,289.1599700107683,3747.506129903521,4036.666099914289,33368.126286345585,32650.85189330933,87901.03314287969,120551.88503618899
1981-09-22 13:00:00+02:00,15873.636972209086,158.73636972209087,32650.85189330933,326.5085189330933,147.05271897052677,147.0527189705272,147.25376994468013,1730.2635973472593,11318.563978308786,13048.827575656045,274.7805072693322,1124.5165277120905,1399.2970349814227,0.0,0.0,0.0,0.0,2784.6672985656705,29231.139213637278,59814.59820141721,15873.636972209086,18532.696658091107,103608.24289638005,122140.93955447117,2006.3592886760148,30372.68052482916,32379.03981350517,289.1599700107683,6382.242853180006,6671.402823190774,33368.126286345585,32650.85189330933,156199.82042162286,188850.67231493222
1981-09-23 13:00:00+02:00,14730.673820559288,147.3067382055929,32650.85189330933,326.5085189330933,133.03962882663208,147.0527189705272,147.05271897052754,1730.2635973472593,7858.366626810244,9588.630224157501,274.7805072693322,1075.481754656342,1350.2622619256742,0.0,0.0,0.0,0.0,2784.6672985656705,23966.995683393765,54550.454671173706,14730.673820559288,18532.696658091107,75945.31356242798,94478.01022051912,2006.3592886760148,22790.721337545776,24797.08062622179,289.1599700107683,4220.581476149134,4509.741446159902,33368.126286345585,32650.85189330933,113845.69123215662,146496.54312546592
1981-09-24 13:00:00+02:00,16193.75946654036,161.9375946654036,32650.85189330933,326.5085189330933,138.12560783968618,147.0527189705272,147.05271897052774,1730.2635973472593,9635.252408744873,11365.51600609213,274.7805072693322,988.9791731110673,1263.7596803803995,0.0,0.0,0.0,0.0,2784.6672985656705,26504.753990827598,57088.212978607524,16193.75946654036,18532.696658091107,88776.45464827106,107309.15130636215,2006.3592886760148,26089.72359695906,28096.082885635074,289.1599700107683,5659.0667719778,5948.226741988568,33368.126286345585,32650.85189330933,133911.90116072123,166562.75305403056
1981-09-25 13:00:00+02:00,14301.069031222853,143.01069031222852,32650.85189330933,326.5085189330933,101.77369113255958,147.0527189705272,147.0527189705276,1730.2635973472593,2233.2081931062057,3963.4717904534646,274.7805072693322,512.5660447897916,787.3465520591237,0.0,0.0,0.0,0.0,2863.1203574123306,14323.11751543836,44828.12344437163,14301.069031222853,18532.696658091107,21324.785017981903,39857.481676073025,2006.3592886760148,7155.537150155845,9161.89643883186,289.1599700107683,1377.1481530420629,1666.3081230528312,33368.126286345585,32650.85189330933,32237.758555395067,64888.61044870437
1981-09-26 13:00:00+02:00,14996.62685942325,149.9662685942325,32650.85189330933,326.5085189330933,138.8768298162928,147.0527189705272,147.0527189705276,1730.2635973472593,9177.280433935231,10907.544031282489,274.7805072693322,648.8697571279058,923.6502643972381,0.0,0.0,0.0,0.0,2784.6672985656705,26091.407468523474,56674.8664563034,14996.62685942325,18532.696658091107,82026.70256138704,100559.39921947815,2006.3592886760148,24579.409053352072,26585.768342028085,289.1599700107683,5748.90453253252,6038.064502543288,33368.126286345585,32650.85189330933,125735.2260844156,158386.07797772487
1981-09-27 12:00:00+01:00,14745.052001544847,147.45052001544846,32650.85189330933,326.5085189330933,106.96341169376366,147.0527189705272,147.0527189705277,1730.2635973472593,2909.197949064426,4639.461546411685,274.7805072693322,576.1242128270333,850.9047200963655,0.0,0.0,0.0,0.0,2810.9826051968435,15147.310697977668,45704.45437912643,14745.052001544847,18532.696658091107,24668.393804810046,43201.09046290117,2006.3592886760148,7988.902277665649,9995.261566341665,289.1599700107683,1332.510949773454,1621.6709197842224,33368.126286345585,32650.85189330933,37392.2392197629,70043.09111307222
1981-09-28 12:00:00+01:00,15641.91983620103,156.4191983620103,32650.85189330933,326.5085189330933,147.0527189705272,147.0527189705272,165.08656943359938,1730.2635973472593,13505.712410445449,15235.976007792708,274.7805072693322,1042.7584483494802,1317.5389556188125,0.0,0.0,0.0,0.0,2784.6672985656705,33584.654939702574,64168.11392748251,15641.91983620103,18532.696658091107,124061.01561510538,142593.71227319652,2006.3592886760148,36974.763302007676,38981.12259068369,289.1599700107683,8175.248043875225,8464.408013885994,33368.126286345585,32650.85189330933,189132.63233133036,221783.4842246397
1981-09-29 12:00:00+01:00,14921.631446881487,149.21631446881486,32650.85189330933,326.5085189330933,136.27734686343106,147.0527189705272,147.05271897052748,1730.2635973472593,8873.113212183436,10603.376809530695,274.7805072693322,1319.8551931431437,1594.635700412476,0.0,0.0,0.0,0.0,2784.6672985656705,24787.791337682782,55371.250325462715,14921.631446881487,18532.696658091107,84582.80496153599,103115.50161962713,2006.3592886760148,24613.465250460496,26619.82453913651,289.1599700107683,3960.941364654749,4250.101334665517,33368.126286345585,32650.85189330933,124577.8210444537,157228.67293776304
1981-09-30 12:00:00+01:00,15544.521506800105,155.44521506800106,32650.85189330933,326.5085189330933,147.0527189705272,147.0527189705272,166.63309863783184,1730.2635973472593,14529.5384126268,16259.802009974057,274.7805072693322,1401.5025734106212,1676.2830806799534,0.0,0.0,0.0,0.0,2766.5667363493253,35254.06496882169,65855.62451881797,15544.521506800105,18532.696658091107,135544.8204091392,154077.5170672303,2006.3592886760148,40196.61925084167,42202.97853951769,289.1599700107683,8601.86609112698,8891.026061137749,33368.126286345585,32650.85189330933,205541.22778539333,238192.07967870272
1981-10-01 12:00:00+01:00,14765.136086239168,147.6513608623917,32650.85189330933,326.5085189330933,140.63583689522807,147.0527189705272,147.0527189705276,1730.2635973472593,10032.468050423247,11762.731647770508,274.7805072693322,1416.1616806143531,1690.9421878836854,0.0,0.0,0.0,0.0,2766.5667363493253,26645.371228161643,57246.93077815792,14765.136086239168,18532.696658091107,96318.44146954271,114851.13812763379,2006.3592886760148,27652.508202037065,29658.867490713073,289.1599700107683,4461.271843960028,4750.431813970796,33368.126286345585,32650.85189330933,141422.01903686905,174072.8709301784
1981-10-02 12:00:00+01:00,15498.190998895525,154.98190998895524,32650.85189330933,326.5085189330933,147.0527189705272,147.0527189705272,172.24675148796348,1730.2635973472593,14926.70380082629,16656.967398173547,274.7805072693322,1493.1901048700686,1767.9706121394008,0.0,0.0,0.0,0.0,2766.5667363493253,35947.127651189316,66548.6872011856,15498.190998895525,18532.696658091107,139852.91319394554,158385.60985203658,2006.3592886760148,41537.91148615512,43544.27077483113,289.1599700107683,8775.66918956405,9064.82915957482,33368.126286345585,32650.85189330933,211869.32953678878,244520.18143009805
1981-10-03 12:00:00+01:00,15055.357963988485,150.55357963988484,32650.85189330933,326.5085189330933,131.58548832819068,147.0527189705272,147.05271897052722,1730.2635973472593,8352.797354125272,10083.060951472533,274.7805072693322,1281.129800934849,1555.9103082041813,0.0,0.0,0.0,0.0,2766.5667363493253,23624.04968097771,54225.60923097399,15055.357963988485,18532.696658091107,79923.32505093687,98456.02170902796,2006.3592886760148,22838.065510609078,24844.424799285094,289.1599700107683,3566.395839260162,3855.5558092709302,33368.126286345585,32650.85189330933,116703.99685404687,149354.84874735618
1981-10-04 12:00:00+01:00,15427.37709868495,154.2737709868495,32650.85189330933,326.5085189330933,147.0527189705272,147.0527189705272,167.9087280045052,1730.2635973472593,14640.714253711018,16370.97785105828,274.7805072693322,1366.1382765115216,1640.9187837808538,0.0,0.0,0.0,0.0,2766.5667363493253,35815.18896277482,66416.74851277108,15427.37709868495,18532.696658091107,135614.55690230534,154147.25356039644,2006.3592886760148,40746.88561651843,42753.24490519446,289.1599700107683,8674.10692432344,8963.266894334209,33368.126286345585,32650.85189330933,206819.93865960103,239470.79055291042
1981-10-05 12:00:00+01:00,15000.573805956625,150.00573805956626,32650.85189330933,326.5085189330933,142.81374983376355,147.0527189705272,147.0527189705277,1730.2635973472593,9875.970256530023,11606.233853877282,274.7805072693322,1389.2193336379548,1663.999840907287,0.0,0.0,0.0,0.0,2766.5667363493253,26390.21316602499,56991.77271602126,15000.573805956625,18532.696658091107,93398.02570711271,111930.72236520384,2006.3592886760148,26921.0518788339,28927.41116750991,289.1599700107683,4154.6880802192345,4443.848050230003,33368.126286345585,32650.85189330933,137371.95097931635,170022.80287262565
1981-10-06 12:00:00+01:00,15075.487491527341,150.7548749152734,32650.85189330933,326.5085189330933,146.97091872302173,147.0527189705272,147.38584112155735,1730.2635973472593,11043.585071977477,12773.848669324734,274.7805072693322,1158.9108690070234,1433.6913762763556,0.0,0.0,0.0,0.0,2766.5667363493253,29175.763597839432,59777.32314783571,15075.487491527341,18532.696658091107,103153.85640249691,121686.55306058805,2006.3592886760148,31054.616706895038,33060.97599557105,289.1599700107683,7020.283187072659,7309.443157083427,33368.126286345585,32650.85189330933,156936.3069444076,189587.15883771708
1981-10-07 12:00:00+01:00,15932.155449323935,159.32155449323935,32650.85189330933,326.5085189330933,136.15341064562617,147.0527189705272,147.0527189705276,1730.2635973472593,8928.905722727808,10659.169320075065,274.7805072693322,1118.3534155238583,1393.1339227931905,0.0,0.0,0.0,0.0,2766.5667363493253,25014.13687774397,55615.69642774024,15932.155449323935,18532.696658091107,83526.23609621108,102058.93275430221,2006.3592886760148,24066.53246677508,26072.891755451103,289.1599700107683,3918.0454925059557,4207.205462516724,33368.126286345585,32650.85189330933,123379.74384751516,156030.59574082447
1981-10-08 12:00:00+01:00,14789.013470211383,147.89013470211384,32650.85189330933,326.5085189330933,126.04768047352881,147.0527189705272,147.0527189705276,1730.2635973472593,6600.196644767601,8330.460242114861,274.7805072693322,773.5211470395557,1048.301654308888,0.0,0.0,0.0,0.0,2773.3349599400362,21459.20533864426,52053.99666504982,14789.013470211383,18532.696658091107,60009.99064606069,78542.68730415178,2006.3592886760148,18766.209397834085,20772.568686510105,289.1599700107683,4677.752860763491,4966.912830774259,33368.126286345585,32650.85189330933,92410.20060019109,125061.0524935004
1981-10-09 12:00:00+01:00,15594.498877872378,155.94498877872377,32650.85189330933,326.5085189330933,135.91549211222096,147.0527189705272,156.88000097175902,1730.2635973472593,8513.8281246381,10244.09172198536,274.7805072693322,845.2058179108354,1119.9863251801676,0.0,0.0,0.0,0.0,2784.6672985656705,24740.16517956963,55323.624167349575,15594.498877872378,18532.696658091107,78383.58294302547,96916.27960111658,2006.3592886760148,22814.625774822114,24820.985063498134,289.1599700107683,4103.343196192321,4392.503166203089,33368.126286345585,32650.85189330933,117157.40917843721,149808.26107174653
1981-10-10 12:00:00+01:00,14360.269236615399,143.60269236615397,32650.85189330933,326.5085189330933,118.08986726720937,147.0527189705272,147.0527189705272,1730.2635973472593,5823.66542777953,7553.92902512679,274.7805072693322,736.9213297944489,1011.7018370637811,0.0,0.0,0.0,0.0,2784.6672985656705,19968.240372423057,50551.699360203,14360.269236615399,18532.696658091107,52389.82569459849,70922.52235268959,2006.3592886760148,16479.567747134563,18485.927035810582,289.1599700107683,4045.5624334325844,4334.722403443353,33368.126286345585,32650.85189330933,80521.31038359556,113172.16227690488
1981-10-11 12:00:00+01:00,14211.230655748517,142.11230655748517,32650.85189330933,326.5085189330933,97.81344388754944,147.0527189705272,147.05271897052754,1730.2635973472593,1842.3800855903842,3572.6436829376435,274.7805072693322,237.99860023453346,512.7791075038656,0.0,0.0,0.0,0.0,2835.577958997426,13570.292747506846,44102.84107485502,14211.230655748517,18532.696658091107,13175.08136940484,31707.77802749594,2006.3592886760148,4378.008586533735,6384.367875209751,289.1599700107683,949.221802995826,1238.3817730065944,33368.126286345585,32650.85189330933,20780.085782657257,53430.937675966576
1981-10-12 12:00:00+01:00,14441.058142302083,144.41058142302083,32650.85189330933,326.5085189330933,128.83910860860547,147.0527189705272,147.05271897052748,1730.2635973472593,6911.6518146617855,8641.915412009044,274.7805072693322,487.3830281916207,762.163535460953,0.0,0.0,0.0,0.0,2784.6672985656705,22302.08091186029,52885.539899640215,14441.058142302083,18532.696658091107,61590.581232849974,80123.27789094108,2006.3592886760148,19264.933542806135,21271.292831482147,289.1599700107683,4884.4885429332535,5173.648512944022,33368.126286345585,32650.85189330933,95632.04444368844,128282.89633699777
1981-10-13 12:00:00+01:00,14295.917686566854,142.95917686566855,32650.85189330933,326.5085189330933,117.32730912349834,147.0527189705272,147.05271897052722,1730.2635973472593,5832.044597075169,7562.308194422429,274.7805072693322,694.4671492724109,969.247656541743,0.0,0.0,0.0,0.0,2784.6672985656705,19921.484690287663,50504.94367806759,14295.917686566854,18532.696658091107,51065.351525425496,69598.04818351663,2006.3592886760148,15269.83812606139,17276.19741473741,289.1599700107683,2751.579117871127,3040.739087881895,33368.126286345585,32650.85189330933,76844.92254219872,109495.77443550808
1981-10-14 12:00:00+01:00,15262.808718738579,152.6280871873858,32650.85189330933,326.5085189330933,122.23015152149344,147.0527189705272,147.05271897052748,1730.2635973472593,3152.0085709886034,4882.272168335862,274.7805072693322,347.98771041359277,622.768217682925,0.0,0.0,0.0,0.0,2784.6672985656705,15648.868784709357,46232.32777248929,15262.808718738579,18532.696658091107,25943.38139270305,44476.07805079415,2006.3592886760148,8911.68685268849,10918.046141364503,289.1599700107683,2820.4710729994194,3109.6310430101876,33368.126286345585,32650.85189330933,41680.819408900636,74331.67130220993
1981-10-15 12:00:00+01:00,14841.296742006658,148.4129674200666,32650.85189330933,326.5085189330933,143.11157510433387,147.0527189705272,147.0527189705277,1730.2635973472593,10116.918237257763,11847.181834605022,274.7805072693322,816.918059301617,1091.6985665709492,0.0,0.0,0.0,0.0,2784.6672985656705,27780.094764354762,58363.55375213469,14841.296742006658,18532.696658091107,92274.0736869501,110806.77034504121,2006.3592886760148,27202.11470925736,29208.473997933368,289.1599700107683,5280.337935155837,5569.497905166605,33368.126286345585,32650.85189330933,139474.6468469538,172125.49874026308
1981-10-16 12:00:00+01:00,15166.582103529132,151.66582103529132,32650.85189330933,326.5085189330933,147.0527189705272,147.0527189705272,179.31456776344803,1730.2635973472593,17078.448067982885,18808.711665330142,274.7805072693322,1808.3496478234654,2083.1301550927974,0.0,0.0,0.0,0.0,2784.6672985656705,39260.40381960649,69843.8628073864,15166.582103529132,18532.696658091107,161200.94205034818,179733.6387084393,2006.3592886760148,47546.26475838018,49552.624047056204,289.1599700107683,9391.18730417817,9680.347274188938,33368.126286345585,32650.85189330933,242549.92450831563,275200.77640162496
1981-10-17 12:00:00+01:00,15487.926750381086,154.87926750381087,32650.85189330933,326.5085189330933,147.0527189705272,147.0527189705272,158.6960465412378,1730.2635973472593,13917.998719377787,15648.262316725046,274.7805072693322,1842.2099746527465,2116.9904819220787,0.0,0.0,0.0,0.0,2766.5667363493253,33329.62214071748,63931.18169071376,15487.926750381086,18532.696658091107,133208.92532725213,151741.62198534328,2006.3592886760148,38287.46370451109,40293.822993187096,289.1599700107683,6656.195444431037,6945.355414441805,33368.126286345585,32650.85189330933,197108.22700312795,229759.07889643725
1981-10-18 12:00:00+01:00,15456.406648081638,154.5640664808164,32650.85189330933,326.5085189330933,147.0527189705272,147.0527189705272,166.99292825924465,1730.2635973472593,14672.15458287934,16402.4181802266,274.7805072693322,1647.358178640885,1922.1386859102172,0.0,0.0,0.0,0.0,2766.5667363493253,35486.969992052036,66088.5295420483,15456.406648081638,18532.696658091107,138048.05006481416,156580.7467229053,2006.3592886760148,41012.79501795953,43019.154306635544,289.1599700107683,7999.226477770793,8288.386447781562,33368.126286345585,32650.85189330933,208201.50635933256,240852.35825264192
1981-10-19 12:00:00+01:00,14783.527688330052,147.8352768833005,32650.85189330933,326.5085189330933,147.0527189705272,147.0527189705272,151.20294269918196,1730.2635973472593,12464.879530423277,14195.143127770538,274.7805072693322,1549.0602482928118,1823.840755562144,0.0,0.0,0.0,0.0,2766.5667363493253,31013.811507776398,61615.37105777268,14783.527688330052,18532.696658091107,118066.08606194511,136598.78272003625,2006.3592886760148,34239.19268238567,36245.55197106168,289.1599700107683,5990.846893171353,6280.006863182121,33368.126286345585,32650.85189330933,175317.09644281986,207967.94833612905
1981-10-20 12:00:00+01:00,15881.678373855619,158.81678373855618,32650.85189330933,326.5085189330933,147.0527189705272,147.0527189705272,164.74992127075285,1730.2635973472593,14497.832573017411,16228.096170364668,274.7805072693322,1602.8677789678097,1877.648286237142,0.0,0.0,0.0,0.0,2766.5667363493253,34888.77171710349,65490.33126709977,15881.678373855619,18532.696658091107,137888.33185568432,156421.0285137754,2006.3592886760148,40533.83135671801,42540.190645394025,289.1599700107683,8136.297466564656,8425.457436575425,33368.126286345585,32650.85189330933,207020.06464860262,239670.91654191195
1981-10-21 12:00:00+01:00,15337.6112785086,153.376112785086,32650.85189330933,326.5085189330933,147.05271897052677,147.0527189705272,147.0527189705277,1730.2635973472593,11256.596221314358,12986.859818661615,274.7805072693322,1465.784150817009,1740.5646580863413,0.0,0.0,0.0,0.0,2766.5667363493253,28847.529051442303,59449.08860143858,15337.6112785086,18532.696658091107,106320.74904456892,124853.44570266003,2006.3592886760148,30773.978667530417,32780.33795620644,289.1599700107683,5368.706562467538,5657.866532478306,33368.126286345585,32650.85189330933,157609.00048052496,190259.8523738343
1981-10-22 12:00:00+01:00,15505.942764577052,155.0594276457705,32650.85189330933,326.5085189330933,147.0527189705272,147.0527189705272,160.4270484554404,1730.2635973472593,13194.62835012746,14924.891947474718,274.7805072693322,1424.0018606705876,1698.7823679399198,0.0,0.0,0.0,0.0,2766.5667363493253,32801.52123616032,63403.080786156606,15505.942764577052,18532.696658091107,125128.6235580944,143661.32021618553,2006.3592886760148,36957.110951960654,38963.47024063667,289.1599700107683,7561.089634984998,7850.249604995766,33368.126286345585,32650.85189330933,188335.05573196453,220985.9076252738
1981-10-23 12:00:00+01:00,14685.189517160881,146.85189517160882,32650.85189330933,326.5085189330933,123.32356223022175,147.0527189705272,147.05271897052774,1730.2635973472593,5644.4647205485,7374.728317895759,274.7805072693322,938.399166582227,1213.1796738515593,0.0,0.0,0.0,0.0,2766.5667363493253,19108.6016626169,49710.16121261317,14685.189517160881,18532.696658091107,51590.869435879,70123.56609397013,2006.3592886760148,15162.727302959625,17169.08659163564,289.1599700107683,2564.3852396098246,2853.5452096205927,33368.126286345585,32650.85189330933,76024.32908834041,108675.18098164976
1981-10-24 12:00:00+01:00,15930.46875081619,159.3046875081619,32650.85189330933,326.5085189330933,147.0527189705272,147.0527189705272,198.88619242864422,1730.2635973472593,19847.121936063148,21577.385533410405,274.7805072693322,1690.3265451871641,1965.1070524564964,0.0,0.0,0.0,0.0,2766.5667363493253,44883.54177634088,75485.1013263371,15930.46875081619,18532.696658091107,182915.84224906607,201448.53890715714,2006.3592886760148,54865.76311922395,56872.122407899966,289.1599700107683,11302.920049865335,11592.080019876104,33368.126286345585,32650.85189330933,279019.64517131605,311670.49706462526
1981-10-25 12:00:00+01:00,17486.050394795115,174.86050394795114,32650.85189330933,326.5085189330933,147.0527189705272,147.0527189705272,175.27374427248947,1730.2635973472593,15824.223171682068,17554.486769029325,274.7805072693322,2173.6746384761495,2448.455145745482,0.0,0.0,0.0,0.0,2766.5667363493253,36369.524172986705,66971.08372298298,17486.050394795115,18532.696658091107,150940.73922594904,169473.43588404014,2006.3592886760148,43477.12682956374,45483.48611823977,289.1599700107683,6733.772110377988,7022.932080388756,33368.126286345585,32650.85189330933,222672.50586152467,255323.35775483397
1981-10-26 12:00:00+01:00,15453.25983797811,154.5325983797811,32650.85189330933,326.5085189330933,147.0527189705272,147.0527189705272,186.96295632475648,1730.2635973472593,18907.054912987438,20637.3185103347,274.7805072693322,2052.5367355057106,2327.317242775043,0.0,0.0,0.0,0.0,2766.5667363493253,42677.503878282645,73279.06342827887,15453.25983797811,18532.696658091107,177336.68270731802,195869.37936540903,2006.3592886760148,52872.42037893169,54878.779667607705,289.1599700107683,10661.688255679928,10950.848225690697,33368.126286345585,32650.85189330933,268427.4145141407,301078.2664074499
1981-10-27 12:00:00+01:00,15106.80543804054,151.06805438040539,32650.85189330933,326.5085189330933,147.0527189705272,147.0527189705272,158.32895331615725,1730.2635973472593,13483.74612029323,15214.009717640489,274.7805072693322,1878.424531994314,2153.205039263646,0.0,0.0,0.0,0.0,2766.5667363493253,32152.034690472996,62753.594240469276,15106.80543804054,18532.696658091107,131985.36525917792,150518.0619172691,2006.3592886760148,37131.52725607729,39137.886544753295,289.1599700107683,5911.5781305379005,6200.738100548669,33368.126286345585,32650.85189330933,192540.46226240927,225191.3141557186
1981-10-28 12:00:00+01:00,16910.895900258354,169.10895900258353,32650.85189330933,326.5085189330933,147.0527189705272,147.0527189705272,194.96101692260123,1730.2635973472593,19679.662182835706,21409.925780182966,274.7805072693322,2038.2626314250494,2313.0431386943815,0.0,0.0,0.0,0.0,2766.5667363493253,44193.47877164999,74795.0383216462,16910.895900258354,18532.696658091107,183858.11048804387,202390.8071461349,2006.3592886760148,55003.38900807017,57009.74829674618,289.1599700107683,11124.47823912947,11413.63820914024,33368.126286345585,32650.85189330933,278977.81066494103,311628.6625582503
1981-10-29 12:00:00+01:00,16291.908992157933,162.9190899215793,32650.85189330933,326.5085189330933,147.0527189705272,147.0527189705272,173.58042647348415,1730.2635973472593,16305.183505668445,18035.447103015704,274.7805072693322,2171.5119015214855,2446.2924087908177,0.0,0.0,0.0,0.0,2766.5667363493253,36877.782570056064,67479.34212005234,16291.908992157933,18532.696658091107,157686.40749240373,176219.10415049485,2006.3592886760148,44761.32547621667,46767.68476489268,289.1599700107683,7237.627166954984,7526.787136965752,33368.126286345585,32650.85189330933,231464.8900175628,264115.7419108722
1981-10-30 12:00:00+01:00,15505.988154637967,155.05988154637967,32650.85189330933,326.5085189330933,147.0527189705272,147.0527189705272,184.60002629924324,1730.2635973472593,18408.817111587283,20139.080708934544,274.7805072693322,2073.266533805737,2348.047041075069,0.0,0.0,0.0,0.0,2766.5667363493253,41816.63232223041,72418.19187222667,15505.988154637967,18532.696658091107,173692.72604640134,192225.42270449255,2006.3592886760148,51710.08029305555,53716.43958173157,289.1599700107683,10364.00891317117,10653.16888318194,33368.126286345585,32650.85189330933,262421.8328624389,295072.68475574825
1981-10-31 12:00:00+01:00,17086.88745032028,170.8688745032028,32650.85189330933,326.5085189330933,147.0527189705272,147.0527189705272,182.08116822723554,1730.2635973472593,17903.253713088725,19633.517310435982,274.7805072693322,2208.320538566479,2483.1010458358114,0.0,0.0,0.0,0.0,2766.5667363493253,39853.3843582143,70454.94390821057,17086.88745032028,18532.696658091107,171324.68344883653,189857.38010692757,2006.3592886760148,49120.85495574819,51127.2142444242,289.1599700107683,8195.03821295794,8484.198182968708,33368.126286345585,32650.85189330933,253247.4670903899,285898.3189836992
1981-11-01 12:00:00+01:00,15923.843565406138,159.2384356540614,32650.85189330933,326.5085189330933,147.0527189705272,147.0527189705272,201.32915561313095,1730.2635973472593,20538.10491328723,22268.368510634486,274.7805072693322,2321.524001227042,2596.304508496374,0.0,0.0,0.0,0.0,2766.5667363493253,45607.011481182395,76208.57103117861,15923.843565406138,18532.696658091107,190407.22054536408,208939.91720345517,2006.3592886760148,57453.81179680702,59460.17108548303,289.1599700107683,10960.074784459523,11249.234754470292,33368.126286345585,32650.85189330933,289076.23558345856,321727.08747676807
1981-11-02 12:00:00+01:00,15357.797055725354,153.57797055725354,32650.85189330933,326.5085189330933,147.0527189705272,147.0527189705272,181.30034779093202,1730.2635973472593,17843.653917958498,19573.917515305755,274.7805072693322,2256.609585281759,2531.390092551091,0.0,0.0,0.0,0.0,2766.5667363493253,39815.42392057126,70416.98347056752,15357.797055725354,18532.696658091107,170574.5844277612,189107.28108585233,2006.3592886760148,49061.057430038,51067.41671871402,289.1599700107683,8105.671711460365,8394.831681471134,33368.126286345585,32650.85189330933,252297.71484599682,284948.5667393063
1981-11-03 12:00:00+01:00,15907.889754378075,159.07889754378076,32650.85189330933,326.5085189330933,147.0527189705272,147.0527189705272,208.55828190940346,1730.2635973472593,22665.16884846304,24395.432445810304,274.7805072693322,2521.2745413163652,2796.0550485856975,0.0,0.0,0.0,0.0,2766.5667363493253,48345.965438686275,78947.52498868246,15907.889754378075,18532.696658091107,208916.8745446795,227449.57120277057,2006.3592886760148,61918.74142789512,63925.10071657112,289.1599700107683,12335.97872886458,12625.13869887535,33368.126286345585,32650.85189330933,315891.01324620016,348541.86513950955
1981-11-04 12:00:00+01:00,15370.528982217233,153.70528982217232,32650.85189330933,326.5085189330933,147.05271897052677,147.0527189705272,147.0527189705277,1730.2635973472593,11230.849888755603,12961.113486102864,274.7805072693322,1855.1807131854057,2129.961220454738,0.0,0.0,0.0,0.0,2766.5667363493253,28517.18109872799,59118.74064872427,15370.528982217233,18532.696658091107,115468.12671425885,134000.82337234993,2006.3592886760148,32220.165432496713,34226.524721172726,289.1599700107683,4631.325881116633,4920.4858511274015,33368.126286345585,32650.85189330933,166245.8671748321,198896.7190681414
1981-11-05 12:00:00+01:00,15697.575629231225,156.97575629231224,32650.85189330933,326.5085189330933,147.0527189705272,147.0527189705272,184.29748413238727,1730.2635973472593,17998.460253581048,19728.723850928312,274.7805072693322,1740.3405001695012,2015.1210074388334,0.0,0.0,0.0,0.0,2766.5667363493253,41136.493097000945,71738.0526469972,15697.575629231225,18532.696658091107,165349.02104939445,183881.71770748557,2006.3592886760148,49259.85652683696,51266.215815512965,289.1599700107683,10493.868752185444,10783.028722196213,33368.126286345585,32650.85189330933,251568.99125582358,284219.8431491331
1981-11-06 12:00:00+01:00,15692.601680711297,156.92601680711297,32650.85189330933,326.5085189330933,147.02440806863194,147.0527189705272,147.05271897052774,1730.2635973472593,10578.399005520987,12308.662602868248,274.7805072693322,1627.637817759242,1902.4183250285741,0.0,0.0,0.0,0.0,2766.5667363493253,27317.124288994684,57918.68383899096,15692.601680711297,18532.696658091107,106346.21027666036,124878.90693475146,2006.3592886760148,29809.70593415036,31816.06522282637,289.1599700107683,4280.703142958905,4569.863112969673,33368.126286345585,32650.85189330933,153581.85993449582,186232.7118278052
1981-11-07 12:00:00+01:00,15505.250746312242,155.05250746312242,32650.85189330933,326.5085189330933,147.0527189705272,147.0527189705272,164.34791523972692,1730.2635973472593,13911.246843677205,15641.510441024466,274.7805072693322,1395.4451691428696,1670.225676412202,0.0,0.0,0.0,0.0,2766.5667363493253,34219.61033416269,64821.16988415898,15505.250746312242,18532.696658091107,126726.10043442882,145258.7970925199,2006.3592886760148,38232.08483555219,40238.444124228205,289.1599700107683,8539.188292520697,8828.348262531466,33368.126286345585,32650.85189330933,193899.8018241435,226550.65371745278
1981-11-08 12:00:00+01:00,15258.091137879213,152.58091137879214,32650.85189330933,326.5085189330933,147.0527189705272,147.0527189705272,168.60166298355603,1730.2635973472593,15346.983772295811,17077.24736964307,274.7805072693322,1785.4210643608228,2060.201571630155,0.0,0.0,0.0,0.0,2766.5667363493253,36141.75037858775,66743.30992858401,15258.091137879213,18532.696658091107,146597.7346142736,165130.43127236472,2006.3592886760148,42493.01927725059,44499.37856592661,289.1599700107683,6694.70049066412,6983.860460674888,33368.126286345585,32650.85189330933,217291.82215310147,249942.6740464109
1981-11-09 12:00:00+01:00,14859.650507223585,148.59650507223586,32650.85189330933,326.5085189330933,147.0527189705272,147.0527189705272,148.78976124004828,1730.2635973472593,12085.507199466518,13815.770796813778,274.7805072693322,1526.724780988785,1801.5052882581172,0.0,0.0,0.0,0.0,2766.5667363493253,30621.788243981708,61223.34779397799,14859.650507223585,18532.696658091107,112295.87380415133,130828.57046224248,2006.3592886760148,33480.706979306786,35487.06626798281,289.1599700107683,7186.226482721079,7475.386452731847,33368.126286345585,32650.85189330933,169781.96117968668,202432.8130729961
1981-11-10 12:00:00+01:00,14959.127277755153,149.59127277755152,32650.85189330933,326.5085189330933,142.02256440059514,147.0527189705272,147.05271897052748,1730.2635973472593,9856.33546603741,11586.599063384669,274.7805072693322,1194.0544500982562,1468.8349573675885,0.0,0.0,0.0,0.0,2766.5667363493253,26650.656053053688,57252.21560304996,14959.127277755153,18532.696658091107,94607.37600602947,113140.07266412061,2006.3592886760148,27388.908336785305,29395.267625461318,289.1599700107683,4543.640678476314,4832.800648487082,33368.126286345585,32650.85189330933,139759.74217015877,172410.59406346802
1981-11-11 12:00:00+01:00,15383.85540731222,153.8385540731222,32650.85189330933,326.5085189330933,147.0527189705272,147.0527189705272,177.36108568159653,1730.2635973472593,17001.781390528395,18732.044987875655,274.7805072693322,1696.8205132177836,1971.6010204871159,0.0,0.0,0.0,0.0,2766.5667363493253,39449.0150957865,70050.57464578276,15383.85540731222,18532.696658091107,158656.26781348782,177188.96447157892,2006.3592886760148,46901.11570997048,48907.4749986465,289.1599700107683,9732.35153354156,10021.511503552329,33368.126286345585,32650.85189330933,239982.18621414847,272633.0381074577
1981-11-12 12:00:00+01:00,14770.027276759678,147.70027276759677,32650.85189330933,326.5085189330933,132.2471300750754,147.0527189705272,147.05271897052748,1730.2635973472593,6881.229872859604,8611.493470206864,274.7805072693322,1257.7818102130752,1532.5623174824075,0.0,0.0,0.0,0.0,2766.5667363493253,20868.276520265914,51469.83607026219,14770.027276759678,18532.696658091107,66758.46482157316,85291.16147966428,2006.3592886760148,19087.56211712734,21093.921405803358,289.1599700107683,2717.801696390196,3006.961666400964,33368.126286345585,32650.85189330933,96524.0994040775,129174.95129738688
1981-11-13 12:00:00+01:00,14992.300076718284,149.92300076718283,32650.85189330933,326.5085189330933,145.44535853234288,147.0527189705272,147.05271897052722,1730.2635973472593,9719.910643166837,11450.174240514096,274.7805072693322,862.3712399401213,1137.1517472094536,0.0,0.0,0.0,0.0,2766.5667363493253,27412.32452303433,58013.88407303061,14992.300076718284,18532.696658091107,88536.17771555872,107068.87437364984,2006.3592886760148,27006.191004351796,29012.55029302781,289.1599700107683,6448.189525771206,6737.349495781974,33368.126286345585,32650.85189330933,136307.95158723445,168958.80348054384
1981-11-14 12:00:00+01:00,14632.372618475501,146.323726184755,32650.85189330933,326.5085189330933,123.28963423527365,147.0527189705272,147.05271897052754,1730.2635973472593,6555.956252222734,8286.219849569996,274.7805072693322,883.9699550731682,1158.7504623425004,0.0,0.0,0.0,0.0,2772.152173696912,20684.083351980677,51280.05746462936,14632.372618475501,18532.696658091107,61459.12505952744,79991.82171761853,2006.3592886760148,17763.32476279013,19769.68405146614,289.1599700107683,2774.465934725978,3063.625904736746,33368.126286345585,32650.85189330933,90063.11993350943,122713.97182681873
1981-11-15 12:00:00+01:00,15193.552427834677,151.93552427834678,32650.85189330933,326.5085189330933,147.0527189705272,147.0527189705272,180.05953675021865,1730.2635973472593,17390.96074316078,19121.22434050804,274.7805072693322,1550.2523745236508,1825.032881792983,0.0,0.0,0.0,0.0,2766.5667363493253,40663.757700776536,71265.31725077279,15193.552427834677,18532.696658091107,160453.34870015705,178986.04535824817,2006.3592886760148,48103.32914504106,50109.68843371707,289.1599700107683,10169.635792176727,10458.795762187496,33368.126286345585,32650.85189330933,244845.3982739573,277496.25016726664
1981-11-16 12:00:00+01:00,16086.331762218297,160.86331762218296,32650.85189330933,326.5085189330933,138.5381737458099,147.0527189705272,147.0527189705276,1730.2635973472593,9119.098567853573,10849.362165200831,274.7805072693322,1477.846339140999,1752.6268464103312,0.0,0.0,0.0,0.0,2766.5667363493253,24845.547003500244,55447.10655349651,16086.331762218297,18532.696658091107,87254.3276517345,105787.02430982562,2006.3592886760148,24985.571026138594,26991.93031481461,289.1599700107683,3464.8785995164694,3754.0385695272375,33368.126286345585,32650.85189330933,127156.112997956,159806.96489126535
1981-11-17 12:00:00+01:00,15928.379267914579,159.2837926791458,32650.85189330933,326.5085189330933,147.0527189705272,147.0527189705272,203.1666844732598,1730.2635973472593,20319.693498401775,22049.95709574904,274.7805072693322,1868.8219024684934,2143.6024097378254,0.0,0.0,0.0,0.0,2766.5667363493253,45405.85102788014,76007.41057787636,15928.379267914579,18532.696658091107,187720.30449267072,206253.00115076188,2006.3592886760148,56004.05332958039,58010.4126182564,289.1599700107683,12018.37076750734,12307.53073751811,33368.126286345585,32650.85189330933,286020.4517359916,318671.303629301
1981-11-18 12:00:00+01:00,14724.877970804766,147.24877970804766,32650.85189330933,326.5085189330933,146.53686404881034,147.0527189705272,147.0527189705277,1730.2635973472593,9988.783423627647,11719.047020974904,274.7805072693322,1725.2281814644816,2000.0086887338139,0.0,0.0,0.0,0.0,2766.5667363493253,25905.835639612444,56507.39518960874,14724.877970804766,18532.696658091107,100369.68134416247,118902.37800225358,2006.3592886760148,27796.293061758523,29802.65235043453,289.1599700107683,3569.2636853135255,3858.4236553242936,33368.126286345585,32650.85189330933,143622.88634571288,176273.73823902212
1981-11-19 12:00:00+01:00,16224.242416935407,162.24242416935408,32650.85189330933,326.5085189330933,147.0527189705272,147.0527189705272,207.40746800780445,1730.2635973472593,21855.711188638183,23585.97478598544,274.7805072693322,2005.68778215164,2280.4682894209723,0.0,0.0,0.0,0.0,2766.5667363493253,47656.444361702175,78258.00391169838,16224.242416935407,18532.696658091107,198831.73303813298,217364.42969622405,2006.3592886760148,59102.633304779905,61108.99259345592,289.1599700107683,12412.552395544202,12701.712365554971,33368.126286345585,32650.85189330933,302950.25951961183,335601.11141292134
1981-11-20 12:00:00+01:00,15385.996016210029,153.8599601621003,32650.85189330933,326.5085189330933,147.0527189705272,147.0527189705272,165.55440742126058,1730.2635973472593,14531.780578483153,16262.044175830411,274.7805072693322,2189.26854410103,2464.049051370362,0.0,0.0,0.0,0.0,2766.5667363493253,34071.02434663256,64672.58389662884,15385.996016210029,18532.696658091107,145672.58997625357,164205.28663434472,2006.3592886760148,41520.49246091532,43526.85174959133,289.1599700107683,6122.47734030626,6411.637310317028,33368.126286345585,32650.85189330933,212162.28214417337,244813.1340374827
1981-11-21 12:00:00+01:00,17355.597514570614,173.55597514570616,32650.85189330933,326.5085189330933,147.0527189705272,147.0527189705272,205.51520293994815,1730.2635973472593,21812.078226566493,23542.341823913754,274.7805072693322,2228.118521266438,2502.8990285357704,0.0,0.0,0.0,0.0,2766.5667363493253,47460.428128514155,78061.98767851038,17355.597514570614,18532.696658091107,199980.37432310736,218513.07098119843,2006.3592886760148,59527.53189444945,61533.89118312545,289.1599700107683,12346.806964321586,12635.966934332355,33368.126286345585,32650.85189330933,304048.17796030064,336699.02985361003
1981-11-22 12:00:00+01:00,14636.528111481199,146.36528111481198,32650.85189330933,326.5085189330933,129.33058281158756,147.0527189705272,147.05271897052748,1730.2635973472593,5276.2499633278785,7006.513560675137,274.7805072693322,1325.3401423146058,1600.120649583938,0.0,0.0,0.0,0.0,2766.5667363493253,18566.469856578635,49168.029406574904,14636.528111481199,18532.696658091107,56706.938161601225,75239.63481969235,2006.3592886760148,15558.826291224084,17565.185579900095,289.1599700107683,1122.680726760047,1411.8406967708154,33368.126286345585,32650.85189330933,78725.38589068335,111376.23778399268
1981-11-23 12:00:00+01:00,16016.365112007963,160.16365112007963,32650.85189330933,326.5085189330933,147.0527189705272,147.0527189705272,200.00672603672498,1730.2635973472593,21562.749390920566,23293.012988267827,274.7805072693322,1717.1613074662632,1991.9418147355955,0.0,0.0,0.0,0.0,2766.5667363493253,47081.706654875656,77683.26620487186,16016.365112007963,18532.696658091107,193793.23695437596,212325.93361246714,2006.3592886760148,57874.53011499692,59880.88940367294,289.1599700107683,12412.552395544202,12701.712365554971,33368.126286345585,32650.85189330933,296449.1149060099,329099.96679931926
1981-11-24 12:00:00+01:00,15367.8174817843,153.678174817843,32650.85189330933,326.5085189330933,147.0527189705272,147.0527189705272,167.26371818741248,1730.2635973472593,14433.299533265666,16163.563130612923,274.7805072693322,2213.8127238196716,2488.593231089004,0.0,0.0,0.0,0.0,2766.5667363493253,34082.09213625235,64683.65168624863,15367.8174817843,18532.696658091107,145205.74501257073,163738.4416706618,2006.3592886760148,41377.414048366525,43383.773337042534,289.1599700107683,6017.223238508919,6306.383208519687,33368.126286345585,32650.85189330933,211373.49138410724,244024.34327741657
1981-11-25 12:00:00+01:00,15312.44973453987,153.1244973453987,32650.85189330933,326.5085189330933,147.0527189705272,147.0527189705272,181.54338862099416,1730.2635973472593,17678.43536626162,19408.698963608877,274.7805072693322,1866.9088775322948,2141.689384801627,0.0,0.0,0.0,0.0,2766.5667363493253,40123.088889349616,70724.64843934587,15312.44973453987,18532.696658091107,162433.88677749253,180966.58343558366,2006.3592886760148,48046.9913720501,50053.350660726115,289.1599700107683,10287.645133427231,10576.805103438,33368.126286345585,32650.85189330933,246378.56635902508,279029.41825233446
1981-11-26 12:00:00+01:00,15617.512019380114,156.17512019380115,32650.85189330933,326.5085189330933,147.0527189705272,147.0527189705272,171.07749842560557,1730.2635973472593,11057.579313881746,12787.842911229005,274.7805072693322,1628.7230502345606,1903.5035575038928,0.0,0.0,0.0,0.0,2766.5667363493253,28553.593514405817,59155.153064402104,15617.512019380114,18532.696658091107,111550.78718058695,130083.48383867808,2006.3592886760148,31569.444448769606,33575.80373744562,289.1599700107683,4589.451832762967,4878.611802773735,33368.126286345585,32650.85189330933,161883.36797055215,194534.21986386136
1981-11-27 12:00:00+01:00,15620.364869445448,156.20364869445447,32650.85189330933,326.5085189330933,147.0527189705272,147.0527189705272,184.69437259182016,1730.2635973472593,19053.834587828984,20784.098185176244,274.7805072693322,1860.4056729088143,2135.1861801781465,0.0,0.0,0.0,0.0,2766.5667363493253,42786.86242523376,73388.42197522998,15620.364869445448,18532.696658091107,175311.89660221993,193844.59326031109,2006.3592886760148,52146.627035022975,54152.986323699,289.1599700107683,11057.93309521482,11347.093065225588,33368.126286345585,32650.85189330933,266471.1645369791,299122.01643028844
1981-11-28 12:00:00+01:00,15553.089553846172,155.53089553846172,32650.85189330933,326.5085189330933,147.0527189705272,147.0527189705272,174.74363385183514,1730.2635973472593,16279.631613525944,18009.895210873205,274.7805072693322,2163.6935368120776,2438.47404408141,0.0,0.0,0.0,0.0,2766.5667363493253,37285.67154324677,67887.23109324306,15553.089553846172,18532.696658091107,159187.61817677264,177720.31483486376,2006.3592886760148,45576.20532233094,47582.56461100695,289.1599700107683,7096.024353022357,7385.184323033125,33368.126286345585,32650.85189330933,233930.30564785982,266581.1575411691
1981-11-29 12:00:00+01:00,16465.65794193982,164.65657941939818,32650.85189330933,326.5085189330933,147.0527189705272,147.0527189705272,225.20601567448531,1730.2635973472593,25699.373050458886,27429.636647806146,274.7805072693322,2648.739112493299,2923.5196197626315,0.0,0.0,0.0,0.0,2766.5667363493253,52746.38577941376,83347.94532940997,16465.65794193982,18532.696658091107,224870.80697455158,243403.50363264277,2006.3592886760148,66241.8069437232,68248.16623239922,289.1599700107683,12412.552395544202,12701.712365554971,33368.126286345585,32650.85189330933,341705.1770942117,374356.028987521
1981-11-30 12:00:00+01:00,15172.142644000214,151.72142644000215,32650.85189330933,326.5085189330933,147.0527189705272,147.0527189705272,164.09941445714435,1730.2635973472593,15209.256650951804,16939.520248299064,274.7805072693322,2327.823810062331,2602.6043173316634,0.0,0.0,0.0,0.0,2766.5667363493253,36611.232973941536,67212.79252393782,15172.142644000214,18532.696658091107,157354.97489608606,175887.67155417716,2006.3592886760148,46653.63051786081,48659.98980653682,289.1599700107683,7476.363448768238,7765.5234187790065,33368.126286345585,32650.85189330933,231823.06814351983,264473.92003682913
1981-12-01 12:00:00+01:00,16178.285309428258,161.7828530942826,32650.85189330933,326.5085189330933,147.0527189705272,147.0527189705272,206.39133077190792,1730.2635973472593,23103.2788338222,24833.542431169462,274.7805072693322,2354.3373455731676,2629.1178528425,0.0,0.0,0.0,0.0,2766.5667363493253,48409.575779397,79011.13532939319,16178.285309428258,18532.696658091107,207787.156565267,226319.85322335802,2006.3592886760148,60553.19356543839,62559.5528541144,289.1599700107683,11974.958491086938,12264.118461097707,33368.126286345585,32650.85189330933,313947.3235170456,346598.175410355
1981-12-02 12:00:00+01:00,15794.43501964788,157.9443501964788,32650.85189330933,326.5085189330933,147.0527189705272,147.0527189705272,164.45679337746446,1730.2635973472593,12796.711104554948,14526.974701902207,274.7805072693322,2054.487957334706,2329.2684646040384,0.0,0.0,0.0,0.0,2766.5667363493253,32016.702762320387,62618.26231231668,15794.43501964788,18532.696658091107,133822.7464189219,152355.44307701313,2006.3592886760148,38776.720974351076,40783.0802630271,289.1599700107683,6021.246380870695,6310.406350881463,33368.126286345585,32650.85189330933,195020.5680866903,227671.4199799997
1981-12-03 12:00:00+01:00,16357.706153540952,163.5770615354095,32650.85189330933,326.5085189330933,147.0527189705272,147.0527189705272,215.18945201729193,1730.2635973472593,23645.678060753708,25375.941658100965,274.7805072693322,2282.025241614391,2556.805748883723,0.0,0.0,0.0,0.0,2766.5667363493253,49829.12802637538,80430.6875763716,16357.706153540952,18532.696658091107,211779.61815060122,230312.31480869232,2006.3592886760148,62124.589140083,64130.948428759024,289.1599700107683,12412.552395544202,12701.712365554971,33368.126286345585,32650.85189330933,321308.5644598625,353959.416353172
1981-12-04 12:00:00+01:00,15356.532255942646,153.56532255942645,32650.85189330933,326.5085189330933,147.0527189705272,147.0527189705272,182.72251867024673,1730.2635973472593,18097.410525770963,19827.674123118224,274.7805072693322,2555.0735029931984,2829.8540102625307,0.0,0.0,0.0,0.0,2766.5667363493253,40840.121141567804,71441.68069156408,15356.532255942646,18532.696658091107,179291.1593997925,197823.85605788368,2006.3592886760148,53266.583438960464,55272.94272763647,289.1599700107683,8570.998864093599,8860.158834104368,33368.126286345585,32650.85189330933,265827.6081434034,298478.46003671293
1981-12-05 12:00:00+01:00,18251.307067994214,182.51307067994213,32650.85189330933,326.5085189330933,147.0527189705272,147.0527189705272,231.0852543809952,1730.2635973472593,25736.60206617855,27466.865663525812,274.7805072693322,2734.116108424152,3008.8966156934844,0.0,0.0,0.0,0.0,2766.5667363493253,52498.472132118826,83100.03168211503,18251.307067994214,18532.696658091107,227263.9766488359,245796.673306927,2006.3592886760148,66292.50305444772,68298.86234312374,289.1599700107683,12412.552395544202,12701.712365554971,33368.126286345585,32650.85189330933,343788.5804133939,376439.4323067032
1981-12-06 12:00:00+01:00,16813.789987621523,168.13789987621524,32650.85189330933,326.5085189330933,147.0527189705272,147.0527189705272,188.39077066144384,1730.2635973472593,18756.418985374927,20486.682582722187,274.7805072693322,2611.7436980109655,2886.524205280298,0.0,0.0,0.0,0.0,2766.5667363493253,43034.04521293105,73635.6047629273,16813.789987621523,18532.696658091107,184337.0970289448,202869.79368703577,2006.3592886760148,56573.36953137397,58579.72882004999,289.1599700107683,9263.460923950232,9552.620893961,33368.126286345585,32650.85189330933,276793.1754064496,309444.0272997589
1981-12-07 12:00:00+01:00,16630.423565612513,166.30423565612512,32650.85189330933,326.5085189330933,147.0527189705272,147.0527189705272,227.0327983910884,1730.2635973472593,26692.20364645359,28422.46724380085,274.7805072693322,2803.291042348423,3078.0715496177554,0.0,0.0,0.0,0.0,2766.5667363493253,53669.98860532041,84271.54815531662,16630.423565612513,18532.696658091107,233113.81762096199,251646.5142790531,2006.3592886760148,67781.89250014443,69788.25178882043,289.1599700107683,12412.552395544202,12701.712365554971,33368.126286345585,32650.85189330933,352505.3233382472,385156.17523155635
1981-12-08 12:00:00+01:00,15326.897392150018,153.2689739215002,32650.85189330933,326.5085189330933,147.0527189705272,147.0527189705272,171.21892070552943,1730.2635973472593,16308.61986580952,18038.88346315678,274.7805072693322,2509.019022010479,2783.7995292798114,0.0,0.0,0.0,0.0,2766.5667363493253,38495.75924841204,69097.31879840829,15326.897392150018,18532.696658091107,170062.97358041033,188595.67023850145,2006.3592886760148,51218.3873954983,53224.74668417431,289.1599700107683,8750.83320762988,9039.993177640648,33368.126286345585,32650.85189330933,251670.61215886215,284321.46405217156
1981-12-09 12:00:00+01:00,15783.54942752281,157.83549427522811,32650.85189330933,326.5085189330933,147.0527189705272,147.0527189705272,165.95215869572593,1730.2635973472593,15142.66658674962,16872.930184096876,274.7805072693322,1723.6820016051786,1998.4625088745108,0.0,0.0,0.0,0.0,2766.5667363493253,34420.26871123539,65021.82826123168,15783.54942752281,18532.696658091107,134454.25997163195,152986.95662972305,2006.3592886760148,37141.67622376517,39148.03551244119,289.1599700107683,7149.868281393356,7439.028251404124,33368.126286345585,32650.85189330933,199895.31231163666,232546.16420494588
1981-12-10 12:00:00+01:00,15897.011174802248,158.97011174802248,32650.85189330933,326.5085189330933,147.0527189705272,147.0527189705272,202.18182994751973,1730.2635973472593,20635.281694123987,22365.545291471248,274.7805072693322,2272.360854444266,2547.141361713598,0.0,0.0,0.0,0.0,2766.5667363493253,45958.40526306003,76559.96481305626,15897.011174802248,18532.696658091107,196588.45236149323,215121.14901958432,2006.3592886760148,59421.980986042276,61428.34027471829,289.1599700107683,11252.854054503658,11542.014024514427,33368.126286345585,32650.85189330933,297035.98839200113,329686.8402853106
1981-12-11 12:00:00+01:00,15834.927609358841,158.3492760935884,32650.85189330933,326.5085189330933,147.0527189705272,147.0527189705272,209.37883005418507,1730.2635973472593,23578.72168867924,25308.9852860265,274.7805072693322,2789.857467378216,3064.637974647548,0.0,0.0,0.0,0.0,2766.5667363493253,49021.74118648581,79623.30073648202,15834.927609358841,18532.696658091107,213466.72882727248,231999.4254853636,2006.3592886760148,62929.37655498158,64935.735843657596,289.1599700107683,11053.032233803278,11342.192203814047,33368.126286345585,32650.85189330933,321403.83569085615,354054.68758416554
1981-12-12 12:00:00+01:00,16158.790577846561,161.5879057784656,32650.85189330933,326.5085189330933,147.0527189705272,147.0527189705272,229.5434354532997,1730.2635973472593,26801.276184890958,28531.539782238222,274.7805072693322,3176.4383879695856,3451.218895238918,0.0,0.0,0.0,0.0,2766.5667363493253,53974.9712875073,84576.53083750351,16158.790577846561,18532.696658091107,241434.35298212778,259967.04964021893,2006.3592886760148,70115.9027914599,72122.26208013587,289.1599700107683,12412.552395544202,12701.712365554971,33368.126286345585,32650.85189330933,362457.36610457016,395108.21799787955
1981-12-13 12:00:00+01:00,16721.644734408408,167.2164473440841,32650.85189330933,326.5085189330933,147.0527189705272,147.0527189705272,238.88870618656696,1730.2635973472593,27362.40558349225,29092.66918083951,274.7805072693322,3306.29561920501,3581.0761264743423,0.0,0.0,0.0,0.0,2766.5667363493253,54906.70160337544,85508.26115337164,16721.644734408408,18532.696658091107,241638.9409825948,260171.63764068577,2006.3592886760148,70689.14962381788,72695.5089124939,289.1599700107683,12412.552395544202,12701.712365554971,33368.126286345585,32650.85189330933,364499.5731504904,397150.4250437997
1981-12-14 12:00:00+01:00,19735.70091015851,197.3570091015851,32650.85189330933,326.5085189330933,147.0527189705272,147.0527189705272,261.09657250121745,1730.2635973472593,31029.46853018107,32759.732127528325,274.7805072693322,3676.0131032404047,3950.793610509737,0.0,0.0,0.0,0.0,2766.5667363493253,60499.0201291945,91100.57967919069,19735.70091015851,18532.696658091107,271305.3911892243,289838.0878473154,2006.3592886760148,76611.12022739413,78617.47951607016,289.1599700107683,12412.552395544202,12701.712365554971,33368.126286345585,32650.85189330933,406319.09727066854,438969.94916397776
1981-12-15 12:00:00+01:00,16201.153027490684,162.01153027490685,32650.85189330933,326.5085189330933,147.0527189705272,147.0527189705272,221.77673824068614,1730.2635973472593,27477.24565184208,29207.509249189337,274.7805072693322,3568.061553653167,3842.842060922499,0.0,0.0,0.0,0.0,2766.5667363493253,53427.894347482565,84029.45389747877,16201.153027490684,18532.696658091107,244880.4978702824,263413.1945283736,2006.3592886760148,71184.77366971683,73191.13295839283,289.1599700107683,12412.552395544202,12701.712365554971,33368.126286345585,32650.85189330933,366386.35956175684,399037.2114550664
1981-12-16 12:00:00+01:00,16786.27678111704,167.86276781117041,32650.85189330933,326.5085189330933,147.0527189705272,147.0527189705272,249.12294851690498,1730.2635973472593,29243.264499100427,30973.528096447684,274.7805072693322,3492.463227700509,3767.243734969841,0.0,0.0,0.0,0.0,2766.5667363493253,57969.71267132515,88571.27222132137,16786.27678111704,18532.696658091107,258837.98991979938,277370.6865778906,2006.3592886760148,73678.0484601242,75684.40774880021,289.1599700107683,12412.552395544202,12701.712365554971,33368.126286345585,32650.85189330933,388071.1129327656,420721.96482607507
1981-12-17 12:00:00+01:00,17093.42133743545,170.9342133743545,32650.85189330933,326.5085189330933,147.0527189705272,147.0527189705272,182.09666543936515,1730.2635973472593,19039.32403062221,20769.58762796947,274.7805072693322,2773.023151516803,3047.803658786135,0.0,0.0,0.0,0.0,2766.5667363493253,42360.71450640674,72962.27405640298,17093.42133743545,18532.696658091107,188869.3544766202,207402.05113471128,2006.3592886760148,58260.20746491634,60266.56675359235,289.1599700107683,10947.835812699863,11236.995782710632,33368.126286345585,32650.85189330933,283266.9039879721,315917.75588128134
1981-12-18 12:00:00+01:00,15339.990600742609,153.3999060074261,32650.85189330933,326.5085189330933,147.0527189705272,147.0527189705272,155.85867672731538,1730.2635973472593,12702.166661834151,14432.43025918141,274.7805072693322,1657.7381679073128,1932.518675176645,0.0,0.0,0.0,0.0,2766.5667363493253,30663.391559431413,61264.95110942769,15339.990600742609,18532.696658091107,118968.38577992136,137501.08243801244,2006.3592886760148,30988.246525954484,32994.60581463049,289.1599700107683,4948.015881858341,5237.1758518691095,33368.126286345585,32650.85189330933,172399.32325256878,205050.17514587796
1981-12-19 12:00:00+01:00,15855.98630627762,158.5598630627762,32650.85189330933,326.5085189330933,147.0527189705272,147.0527189705272,173.11042133178412,1730.2635973472593,16406.583726451,18136.847323798258,274.7805072693322,1747.8297091323498,2022.610216401682,0.0,0.0,0.0,0.0,2766.5667363493253,38925.35686440865,69526.91641440491,15855.98630627762,18532.696658091107,159575.03254391646,178107.72920200753,2006.3592886760148,49546.96474146401,51553.32403014003,289.1599700107683,10072.247585383517,10361.407555394286,33368.126286345585,32650.85189330933,242201.06005492187,274851.91194823117
1981-12-20 12:00:00+01:00,16594.213074307892,165.94213074307893,32650.85189330933,326.5085189330933,147.0527189705272,147.0527189705272,230.2132775050099,1730.2635973472593,25675.440956792754,27405.704554140015,274.7805072693322,2732.3321229932135,3007.1126302625457,0.0,0.0,0.0,0.0,2766.5667363493253,53164.59981176191,83766.15936175812,16594.213074307892,18532.696658091107,225802.69776480214,244335.3944228933,2006.3592886760148,66671.95949311776,68678.31878179377,289.1599700107683,11293.626301819537,11582.786271830306,33368.126286345585,32650.85189330933,342416.086427002,375066.9383203115
1981-12-21 12:00:00+01:00,15111.690608452069,151.11690608452068,32650.85189330933,326.5085189330933,146.92299869285202,147.0527189705272,147.17904473443116,1730.2635973472593,8292.513378625816,10022.776975973075,274.7805072693322,1725.3508764566616,2000.1313837259938,0.0,0.0,0.0,0.0,2766.5667363493253,24157.34282773596,54758.902377732236,15111.690608452069,18532.696658091107,94579.64309657851,113112.3397546696,2006.3592886760148,27049.40445052102,29055.76373919704,289.1599700107683,4953.468780295969,5242.628750306737,33368.126286345585,32650.85189330933,135443.41355702392,168094.26545033325
1981-12-22 12:00:00+01:00,16882.562050990895,168.82562050990896,32650.85189330933,326.5085189330933,147.0527189705272,147.0527189705272,165.40709024368462,1730.2635973472593,14791.126651427383,16521.39024877464,274.7805072693322,1291.2446461396971,1566.0251534090294,0.0,0.0,0.0,0.0,2766.5667363493253,35098.64275709279,65700.20230708906,16882.562050990895,18532.696658091107,127314.12949605926,145846.82615415033,2006.3592886760148,37814.45860240956,39820.81789108558,289.1599700107683,7373.147392571921,7662.307362582689,33368.126286345585,32650.85189330933,194916.2413360882,227567.09322939746
1981-12-23 12:00:00+01:00,15252.344103556985,152.52344103556985,32650.85189330933,326.5085189330933,147.0527189705272,147.0527189705272,151.21016349334533,1730.2635973472593,12059.163105930189,13789.426703277448,274.7805072693322,1612.8914515753422,1887.6719588446745,0.0,0.0,0.0,0.0,2766.5667363493253,30772.28436891596,61373.843918912244,15252.344103556985,18532.696658091107,124601.05407713608,143133.75073522722,2006.3592886760148,36057.40304407626,38063.76233275227,289.1599700107683,6689.482637259974,6978.642607270742,33368.126286345585,32650.85189330933,182738.4341186532,215389.28601196242
1981-12-24 12:00:00+01:00,16265.444502033752,162.6544450203375,32650.85189330933,326.5085189330933,147.0527189705272,147.0527189705272,206.61578453446467,1730.2635973472593,22295.84057193048,24026.104169277736,274.7805072693322,2208.633022468295,2483.4135297376274,0.0,0.0,0.0,0.0,2766.5667363493253,47907.00117042089,78508.5607204171,16265.444502033752,18532.696658091107,200868.0285073239,219400.72516541503,2006.3592886760148,59160.801699884105,61167.16098856011,289.1599700107683,11197.929365104075,11487.089335114844,33368.126286345585,32650.85189330933,304608.04170254664,337258.893595856
1981-12-25 12:00:00+01:00,15454.627741647506,154.54627741647505,32650.85189330933,326.5085189330933,147.0527189705272,147.0527189705272,170.72183240326842,1730.2635973472593,15535.026025274232,17265.28962262149,274.7805072693322,2261.3521808215464,2536.1326880908787,0.0,0.0,0.0,0.0,2766.5667363493253,36101.55357884844,66703.11312884472,15454.627741647506,18532.696658091107,156610.78693740277,175143.48359549386,2006.3592886760148,45391.427013830704,47397.78630250672,289.1599700107683,7860.884776184963,8150.044746195731,33368.126286345585,32650.85189330933,230022.2409642147,262673.09285752405
1981-12-26 12:00:00+01:00,17176.66160730885,171.76661607308853,32650.85189330933,326.5085189330933,147.0527189705272,147.0527189705272,227.53052124950196,1730.2635973472593,25082.00021485786,26812.263812205125,274.7805072693322,2561.9687679954855,2836.7492752648177,0.0,0.0,0.0,0.0,2766.5667363493253,51956.787444899426,82558.34699489563,17176.66160730885,18532.696658091107,222772.54882357817,241305.24548166938,2006.3592886760148,65197.59526463492,67203.95455331092,289.1599700107683,12412.552395544202,12701.712365554971,33368.126286345585,32650.85189330933,337616.9329992062,370267.78489251534
1981-12-27 12:00:00+01:00,15540.827500165964,155.40827500165963,32650.85189330933,326.5085189330933,147.0527189705272,147.0527189705272,192.26627369767283,1730.2635973472593,20502.11936589333,22232.382963240587,274.7805072693322,2747.180853056029,3021.961360325361,0.0,0.0,0.0,0.0,2766.5667363493253,45575.270085816606,76176.82963581281,15540.827500165964,18532.696658091107,195699.62533789471,214232.3219959858,2006.3592886760148,60184.65257294715,62191.01186162316,289.1599700107683,9929.093789745652,10218.25375975642,33368.126286345585,32650.85189330933,295060.22499353375,327711.0768868432
1981-12-28 12:00:00+01:00,16419.318359349512,164.19318359349512,32650.85189330933,326.5085189330933,147.0527189705272,147.0527189705272,245.98063462621576,1730.2635973472593,30389.54467210097,32119.80826944823,274.7805072693322,3253.480233615165,3528.2607408844974,0.0,0.0,0.0,0.0,2766.5667363493253,59539.16420374481,90140.72375374104,16419.318359349512,18532.696658091107,259492.3497395854,278025.04639767646,2006.3592886760148,73544.9562616332,75551.31555030921,289.1599700107683,12412.552395544202,12701.712365554971,33368.126286345585,32650.85189330933,391424.01942905784,424074.8713223672
1981-12-29 12:00:00+01:00,16975.676155901994,169.75676155901994,32650.85189330933,326.5085189330933,147.0527189705272,147.0527189705272,242.34703103810986,1730.2635973472593,29630.921137768913,31361.18473511617,274.7805072693322,3813.093781924949,4087.874289194281,0.0,0.0,0.0,0.0,2766.5667363493253,56830.808712628044,87432.36826262427,16975.676155901994,18532.696658091107,262417.9671255575,280950.6637836486,2006.3592886760148,75020.57845407791,77026.93774275391,289.1599700107683,12412.552395544202,12701.712365554971,33368.126286345585,32650.85189330933,391309.7408420199,423960.592735329
1981-12-30 12:00:00+01:00,17482.877093653755,174.82877093653755,32650.85189330933,326.5085189330933,147.0527189705272,147.0527189705272,272.83881260507127,1730.2635973472593,31935.186724950123,33665.45032229739,274.7805072693322,3927.0514632616264,4201.831970530959,0.0,0.0,0.0,0.0,2766.5667363493253,62673.971701804956,93275.53125180118,17482.877093653755,18532.696658091107,279019.59770361095,297552.29436170205,2006.3592886760148,78000.5184015162,80006.87769019221,289.1599700107683,12412.552395544202,12701.712365554971,33368.126286345585,32650.85189330933,418053.0645292319,450703.9164225415
1981-12-31 12:00:00+01:00,16453.766646005766,164.53766646005766,32650.85189330933,326.5085189330933,147.0527189705272,147.0527189705272,253.91724815056898,1730.2635973472593,31274.19078808946,33004.454385436715,274.7805072693322,4059.692702306529,4334.473209575861,0.0,0.0,0.0,0.0,2766.5667363493253,60067.88091288063,90669.44046287684,16453.766646005766,18532.696658091107,277143.09393288614,295675.7905909774,2006.3592886760148,78118.04306215186,80124.40235082788,289.1599700107683,12412.552395544202,12701.712365554971,33368.126286345585,32650.85189330933,412581.61862659175,445232.47051990114
