timestamp,archetype_id,schedule_state,occupied_probability,T_outdoor_C,T_set_C,T_indoor_prev_C,T_indoor_free_float_C,T_indoor_next_C,Q_occ_W,Q_app_W,Q_lighting_W,Q_cooking_W,Q_internal_gains_W,Q_solar_gains_W,Q_air_W,Q_dhw_demand_W,Q_heating_requested_W,Q_heating_supplied_W,Q_unmet_heating_W,Q_excess_heat_W,comfort_violation_degC,P_el_total_W,P_el_space_heating_W,P_el_dhw_W,P_el_space_heating_technology_W,P_el_dhw_technology_W,P_el_appliances_W,P_el_lighting_W,P_el_cooking_W,P_el_ev_charging_W,P_pv_generation_W,P_el_gross_actual_W,P_el_net_grid_W,P_el_grid_import_W,P_el_grid_export_W,P_gas_space_heating_W,P_gas_dhw_W,P_oil_space_heating_W,P_oil_dhw_W,P_biomass_space_heating_W,P_biomass_dhw_W,P_propane_space_heating_W,P_propane_dhw_W,P_coal_space_heating_W,P_coal_dhw_W,P_district_heat_space_heating_W,P_district_heat_dhw_W,heating_technology_type,dhw_technology_type,heating_on,integration_substeps,Q_total_thermal_W,raw_P_el_appliances_W,raw_P_el_lighting_W,raw_P_el_cooking_W,raw_P_el_dhw_W,raw_P_el_space_heating_W,raw_P_el_total_W,P_gas_total_W,P_oil_total_W,P_biomass_total_W,P_propane_total_W,P_coal_total_W,P_district_heat_total_W
1981-01-01 12:00:00+01:00,BE_RES_APT_AS_IS_HP_V1,away,0.17500000000000004,4.1038818359375,16.0,17.0,5.588121445060772,5.588121445060772,24.000000000000004,164.9508786495088,27.521793275217934,17.60936874013865,234.0820406648654,196.4104430904,657.7020263671876,400.3048232545867,0.0,0.0,0.0,0.0,9.411878554939229,445.2054794520537,61.609243116092436,85.44347585443477,0.0,0.0,235.64411235644005,32.378580323785805,30.130067801300633,0.0,0.0,298.1527604815265,298.1527604815265,298.1527604815265,0.0,0.0,444.7831369495408,0.0,0.0,0.0,0.0,0.0,0.0,0.0,0.0,0.0,0.0,gas_boiler,gas_boiler,False,5,400.3048232545867,235.64411235644116,32.378580323785805,35.2187374802773,0.0,0.0,303.24143016050425,444.7831369495408,0.0,0.0,0.0,0.0,0.0
1981-01-02 12:00:00+01:00,BE_RES_APT_AS_IS_HP_V1,away,0.17500000000000004,-0.099212646484375,16.0,5.588121445060772,0.9993414292552116,9.874442969648523,24.000000000000004,164.9508786495088,27.521793275217934,17.60936874013865,234.0820406648654,196.4104430904,290.05403866880255,400.3048232545867,4810.287892381924,4810.287892381924,0.0,0.0,5.125557030351477,445.2054794520537,61.609243116092436,85.44347585443477,0.0,0.0,235.64411235644005,32.378580323785805,30.130067801300633,0.0,0.0,298.1527604815265,298.1527604815265,298.1527604815265,0.0,5344.764324868805,444.7831369495408,0.0,0.0,0.0,0.0,0.0,0.0,0.0,0.0,0.0,0.0,gas_boiler,gas_boiler,True,5,5210.5927156365115,235.64411235644116,32.378580323785805,35.2187374802773,0.0,0.0,303.24143016050425,5789.547461818345,0.0,0.0,0.0,0.0,0.0
1981-01-03 12:00:00+01:00,BE_RES_APT_AS_IS_HP_V1,occupied_day,0.95,-0.80859375,21.0,9.874442969648523,0.6441951677895175,9.847033697465177,132.25,164.9508786495088,27.521793275217934,17.60936874013865,342.3320406648654,196.4104430904,758.4956070950452,400.3048232545867,5140.007348022383,5140.007348022383,0.0,0.0,5.152966302534823,445.2054794520537,61.609243116092436,85.44347585443477,0.0,0.0,235.64411235644005,32.378580323785805,30.130067801300633,0.0,0.0,298.1527604815265,298.1527604815265,298.1527604815265,0.0,5711.119275580425,444.7831369495408,0.0,0.0,0.0,0.0,0.0,0.0,0.0,0.0,0.0,0.0,gas_boiler,gas_boiler,True,5,5540.31217127697,235.64411235644116,32.378580323785805,35.2187374802773,0.0,0.0,303.24143016050425,6155.902412529966,0.0,0.0,0.0,0.0,0.0
1981-01-04 12:00:00+01:00,BE_RES_APT_AS_IS_HP_V1,occupied_day,0.95,1.785888671875,21.0,9.847033697465177,3.1188591409092474,12.344370073003153,132.25,164.9508786495088,27.521793275217934,17.60936874013865,342.3320406648654,196.4104430904,572.3412968169025,400.3048232545867,5152.670431771089,5152.670431771089,0.0,0.0,2.6556299269968466,445.2054794520537,61.609243116092436,85.44347585443477,0.0,0.0,235.64411235644005,32.378580323785805,30.130067801300633,0.0,0.0,298.1527604815265,298.1527604815265,298.1527604815265,0.0,5725.189368634544,444.7831369495408,0.0,0.0,0.0,0.0,0.0,0.0,0.0,0.0,0.0,0.0,gas_boiler,gas_boiler,True,5,5552.975255025676,235.64411235644116,32.378580323785805,35.2187374802773,0.0,0.0,303.24143016050425,6169.9725055840845,0.0,0.0,0.0,0.0,0.0
1981-01-05 12:00:00+01:00,BE_RES_APT_AS_IS_HP_V1,away,0.17500000000000004,0.864105224609375,16.0,12.344370073003153,2.2725936202473394,5.388658278992965,24.000000000000004,164.9508786495088,27.521793275217934,17.60936874013865,234.0820406648654,196.4104430904,585.4935072680828,400.3048232545867,1688.9010262725433,1688.9010262725433,0.0,0.0,9.611341721007035,445.2054794520537,61.609243116092436,85.44347585443477,0.0,0.0,235.64411235644005,32.378580323785805,30.130067801300633,0.0,0.0,298.1527604815265,298.1527604815265,298.1527604815265,0.0,1876.5566958583813,444.7831369495408,0.0,0.0,0.0,0.0,0.0,0.0,0.0,0.0,0.0,0.0,gas_boiler,gas_boiler,True,5,2089.20584952713,235.64411235644116,32.378580323785805,35.2187374802773,0.0,0.0,303.24143016050425,2321.339832807922,0.0,0.0,0.0,0.0,0.0
1981-01-06 12:00:00+01:00,BE_RES_APT_AS_IS_HP_V1,away,0.17500000000000004,2.26129150390625,16.0,5.388658278992965,3.2228817935258998,12.26800604817574,24.000000000000004,164.9508786495088,27.521793275217934,17.60936874013865,234.0820406648654,196.4104430904,159.49570552942248,400.3048232545867,4902.43987510525,4902.43987510525,0.0,0.0,2.7319939518242595,445.2054794520537,61.609243116092436,85.44347585443477,0.0,0.0,235.64411235644005,32.378580323785805,30.130067801300633,0.0,0.0,298.1527604815265,298.1527604815265,298.1527604815265,0.0,5447.155416783611,444.7831369495408,0.0,0.0,0.0,0.0,0.0,0.0,0.0,0.0,0.0,0.0,gas_boiler,gas_boiler,True,5,5302.7446983598375,235.64411235644116,32.378580323785805,35.2187374802773,0.0,0.0,303.24143016050425,5891.938553733152,0.0,0.0,0.0,0.0,0.0
1981-01-07 12:00:00+01:00,BE_RES_APT_AS_IS_HP_V1,away,0.17500000000000004,5.256805419921875,16.0,12.26800604817574,6.426189217595554,9.607346690361268,24.000000000000004,164.9508786495088,27.521793275217934,17.60936874013865,234.0820406648654,196.4104430904,357.57123204094717,400.3048232545867,1724.181205742808,1724.181205742808,0.0,0.0,5.392653309638732,445.2054794520537,61.609243116092436,85.44347585443477,0.0,0.0,235.64411235644005,32.378580323785805,30.130067801300633,0.0,0.0,298.1527604815265,298.1527604815265,298.1527604815265,0.0,1915.7568952697866,444.7831369495408,0.0,0.0,0.0,0.0,0.0,0.0,0.0,0.0,0.0,0.0,gas_boiler,gas_boiler,True,5,2124.486028997395,235.64411235644116,32.378580323785805,35.2187374802773,0.0,0.0,303.24143016050425,2360.5400322193273,0.0,0.0,0.0,0.0,0.0
1981-01-08 12:00:00+01:00,BE_RES_APT_AS_IS_HP_V1,away,0.17500000000000004,5.994354248046875,16.0,9.607346690361268,6.9819265607935,12.431034225294708,24.000000000000004,164.9508786495088,27.521793275217934,17.60936874013865,234.0820406648654,196.4104430904,184.26261455803407,400.3048232545867,2953.4058290530943,2953.4058290530943,0.0,0.0,2.5689657747052923,445.2054794520537,61.609243116092436,85.44347585443477,0.0,0.0,235.64411235644005,32.378580323785805,30.130067801300633,0.0,0.0,298.1527604815265,298.1527604815265,298.1527604815265,0.0,3281.5620322812156,444.7831369495408,0.0,0.0,0.0,0.0,0.0,0.0,0.0,0.0,0.0,0.0,gas_boiler,gas_boiler,True,5,3353.710652307681,235.64411235644116,32.378580323785805,35.2187374802773,0.0,0.0,303.24143016050425,3726.3451692307563,0.0,0.0,0.0,0.0,0.0
1981-01-09 12:00:00+01:00,BE_RES_APT_AS_IS_HP_V1,away,0.17500000000000004,7.621917724609375,16.0,12.431034225294708,8.673485260517783,11.715677260507244,24.000000000000004,164.9508786495088,27.521793275217934,17.60936874013865,234.0820406648654,196.4104430904,245.26494153495202,400.3048232545867,1648.8621879138452,1648.8621879138452,0.0,0.0,3.2843227394927563,445.2054794520537,61.609243116092436,85.44347585443477,0.0,0.0,235.64411235644005,32.378580323785805,30.130067801300633,0.0,0.0,298.1527604815265,298.1527604815265,298.1527604815265,0.0,1832.0690976820501,444.7831369495408,0.0,0.0,0.0,0.0,0.0,0.0,0.0,0.0,0.0,0.0,gas_boiler,gas_boiler,True,5,2049.167011168432,235.64411235644116,32.378580323785805,35.2187374802773,0.0,0.0,303.24143016050425,2276.852234631591,0.0,0.0,0.0,0.0,0.0
1981-01-10 12:00:00+01:00,BE_RES_APT_AS_IS_HP_V1,occupied_day,0.95,3.71929931640625,21.0,11.715677260507244,5.049309979262376,12.729116284317875,132.25,164.9508786495088,27.521793275217934,17.60936874013865,342.3320406648654,196.4104430904,567.7428340311706,400.3048232545867,4289.357105645654,4289.357105645654,0.0,0.0,2.2708837156821247,445.2054794520537,61.609243116092436,85.44347585443477,0.0,0.0,235.64411235644005,32.378580323785805,30.130067801300633,0.0,0.0,298.1527604815265,298.1527604815265,298.1527604815265,0.0,4765.952339606282,444.7831369495408,0.0,0.0,0.0,0.0,0.0,0.0,0.0,0.0,0.0,0.0,gas_boiler,gas_boiler,True,5,4689.661928900241,235.64411235644116,32.378580323785805,35.2187374802773,0.0,0.0,303.24143016050425,5210.735476555823,0.0,0.0,0.0,0.0,0.0
1981-01-11 12:00:00+01:00,BE_RES_APT_AS_IS_HP_V1,occupied_day,0.95,2.582305908203125,21.0,12.729116284317875,4.010589691471058,10.852099480643547,132.25,164.9508786495088,27.521793275217934,17.60936874013865,342.3320406648654,196.4104430904,720.4235367041473,400.3048232545867,3821.1482766451422,3821.1482766451422,0.0,0.0,4.147900519356453,445.2054794520537,61.609243116092436,85.44347585443477,0.0,0.0,235.64411235644005,32.378580323785805,30.130067801300633,0.0,0.0,298.1527604815265,298.1527604815265,298.1527604815265,0.0,4245.720307383492,444.7831369495408,0.0,0.0,0.0,0.0,0.0,0.0,0.0,0.0,0.0,0.0,gas_boiler,gas_boiler,True,5,4221.453099899729,235.64411235644116,32.378580323785805,35.2187374802773,0.0,0.0,303.24143016050425,4690.503444333032,0.0,0.0,0.0,0.0,0.0
1981-01-12 12:00:00+01:00,BE_RES_APT_AS_IS_HP_V1,away,0.17500000000000004,2.725067138671875,16.0,10.852099480643547,3.954150345475088,8.342228787617334,24.000000000000004,164.9508786495088,27.521793275217934,17.60936874013865,234.0820406648654,196.4104430904,414.47864944055533,400.3048232545867,2378.3300399426817,2378.3300399426817,0.0,0.0,6.6577712123826664,445.2054794520537,61.609243116092436,85.44347585443477,0.0,0.0,235.64411235644005,32.378580323785805,30.130067801300633,0.0,0.0,298.1527604815265,298.1527604815265,298.1527604815265,0.0,2642.588933269646,444.7831369495408,0.0,0.0,0.0,0.0,0.0,0.0,0.0,0.0,0.0,0.0,gas_boiler,gas_boiler,True,5,2778.6348631972683,235.64411235644116,32.378580323785805,35.2187374802773,0.0,0.0,303.24143016050425,3087.3720702191868,0.0,0.0,0.0,0.0,0.0
1981-01-13 12:00:00+01:00,BE_RES_APT_AS_IS_HP_V1,away,0.17500000000000004,3.978179931640625,16.0,8.342228787617334,5.005935386313906,11.533431526840456,24.000000000000004,164.9508786495088,27.521793275217934,17.60936874013865,234.0820406648654,196.4104430904,222.56649165481215,400.3048232545867,3537.8903001207923,3537.8903001207923,0.0,0.0,3.466568473159544,445.2054794520537,61.609243116092436,85.44347585443477,0.0,0.0,235.64411235644005,32.378580323785805,30.130067801300633,0.0,0.0,298.1527604815265,298.1527604815265,298.1527604815265,0.0,3930.9892223564357,444.7831369495408,0.0,0.0,0.0,0.0,0.0,0.0,0.0,0.0,0.0,0.0,gas_boiler,gas_boiler,True,5,3938.195123375379,235.64411235644116,32.378580323785805,35.2187374802773,0.0,0.0,303.24143016050425,4375.772359305976,0.0,0.0,0.0,0.0,0.0
1981-01-14 12:00:00+01:00,BE_RES_APT_AS_IS_HP_V1,away,0.17500000000000004,1.9163818359375,16.0,11.533431526840456,3.225184192349369,7.032494134281538,24.000000000000004,164.9508786495088,27.521793275217934,17.60936874013865,234.0820406648654,196.4104430904,490.46953423605083,400.3048232545867,2063.5546345997095,2063.5546345997095,0.0,0.0,7.967505865718462,445.2054794520537,61.609243116092436,85.44347585443477,0.0,0.0,235.64411235644005,32.378580323785805,30.130067801300633,0.0,0.0,298.1527604815265,298.1527604815265,298.1527604815265,0.0,2292.838482888566,444.7831369495408,0.0,0.0,0.0,0.0,0.0,0.0,0.0,0.0,0.0,0.0,gas_boiler,gas_boiler,True,5,2463.859457854296,235.64411235644116,32.378580323785805,35.2187374802773,0.0,0.0,303.24143016050425,2737.6216198381067,0.0,0.0,0.0,0.0,0.0
1981-01-15 12:00:00+01:00,BE_RES_APT_AS_IS_HP_V1,away,0.17500000000000004,1.152374267578125,16.0,7.032494134281538,2.2612427990945427,9.905158803528625,24.000000000000004,164.9508786495088,27.521793275217934,17.60936874013865,234.0820406648654,196.4104430904,299.8861132018741,400.3048232545867,4142.98770996193,4142.98770996193,0.0,0.0,5.094841196471375,445.2054794520537,61.609243116092436,85.44347585443477,0.0,0.0,235.64411235644005,32.378580323785805,30.130067801300633,0.0,0.0,298.1527604815265,298.1527604815265,298.1527604815265,0.0,4603.319677735478,444.7831369495408,0.0,0.0,0.0,0.0,0.0,0.0,0.0,0.0,0.0,0.0,gas_boiler,gas_boiler,True,5,4543.292533216517,235.64411235644116,32.378580323785805,35.2187374802773,0.0,0.0,303.24143016050425,5048.1028146850185,0.0,0.0,0.0,0.0,0.0
1981-01-16 12:00:00+01:00,BE_RES_APT_AS_IS_HP_V1,away,0.17500000000000004,1.03265380859375,16.0,9.905158803528625,2.301621414054039,7.496873568200149,24.000000000000004,164.9508786495088,27.521793275217934,17.60936874013865,234.0820406648654,196.4104430904,452.4977547416787,400.3048232545867,2815.8166327697754,2815.8166327697754,0.0,0.0,7.503126431799851,445.2054794520537,61.609243116092436,85.44347585443477,0.0,0.0,235.64411235644005,32.378580323785805,30.130067801300633,0.0,0.0,298.1527604815265,298.1527604815265,298.1527604815265,0.0,3128.685147521973,444.7831369495408,0.0,0.0,0.0,0.0,0.0,0.0,0.0,0.0,0.0,0.0,gas_boiler,gas_boiler,True,5,3216.121456024362,235.64411235644116,32.378580323785805,35.2187374802773,0.0,0.0,303.24143016050425,3573.4682844715135,0.0,0.0,0.0,0.0,0.0
1981-01-17 12:00:00+01:00,BE_RES_APT_AS_IS_HP_V1,occupied_day,0.95,2.554443359375,21.0,7.496873568200149,3.744890942242102,14.914407386105378,132.25,164.9508786495088,27.521793275217934,17.60936874013865,342.3320406648654,196.4104430904,350.9125448265856,400.3048232545867,6238.444411491532,6238.444411491532,0.0,0.0,0.08559261389462236,445.2054794520537,61.609243116092436,85.44347585443477,0.0,0.0,235.64411235644005,32.378580323785805,30.130067801300633,0.0,0.0,298.1527604815265,298.1527604815265,298.1527604815265,0.0,6931.604901657258,444.7831369495408,0.0,0.0,0.0,0.0,0.0,0.0,0.0,0.0,0.0,0.0,gas_boiler,gas_boiler,True,5,6638.749234746119,235.64411235644116,32.378580323785805,35.2187374802773,0.0,0.0,303.24143016050425,7376.388038606799,0.0,0.0,0.0,0.0,0.0
1981-01-18 12:00:00+01:00,BE_RES_APT_AS_IS_HP_V1,occupied_day,0.95,5.016571044921875,21.0,14.914407386105378,6.433476904870775,11.467357548354364,132.25,164.9508786495088,27.521793275217934,17.60936874013865,342.3320406648654,196.4104430904,702.7463802240287,400.3048232545867,2811.543787619316,2811.543787619316,0.0,0.0,3.5326424516456356,445.2054794520537,61.609243116092436,85.44347585443477,0.0,0.0,235.64411235644005,32.378580323785805,30.130067801300633,0.0,0.0,298.1527604815265,298.1527604815265,298.1527604815265,0.0,3123.9375417992396,444.7831369495408,0.0,0.0,0.0,0.0,0.0,0.0,0.0,0.0,0.0,0.0,gas_boiler,gas_boiler,True,5,3211.8486108739025,235.64411235644116,32.378580323785805,35.2187374802773,0.0,0.0,303.24143016050425,3568.7206787487803,0.0,0.0,0.0,0.0,0.0
1981-01-19 12:00:00+01:00,BE_RES_APT_AS_IS_HP_V1,away,0.17500000000000004,4.5107421875,16.0,11.467357548354364,5.677205555353603,9.540837059734619,24.000000000000004,164.9508786495088,27.521793275217934,17.60936874013865,234.0820406648654,196.4104430904,354.7873834035726,400.3048232545867,2094.0808126602838,2094.0808126602838,0.0,0.0,5.459162940265381,445.2054794520537,61.609243116092436,85.44347585443477,0.0,0.0,235.64411235644005,32.378580323785805,30.130067801300633,0.0,0.0,298.1527604815265,298.1527604815265,298.1527604815265,0.0,2326.7564585114264,444.7831369495408,0.0,0.0,0.0,0.0,0.0,0.0,0.0,0.0,0.0,0.0,gas_boiler,gas_boiler,True,5,2494.3856359148704,235.64411235644116,32.378580323785805,35.2187374802773,0.0,0.0,303.24143016050425,2771.539595460967,0.0,0.0,0.0,0.0,0.0
1981-01-20 12:00:00+01:00,BE_RES_APT_AS_IS_HP_V1,away,0.17500000000000004,5.5277099609375,16.0,9.540837059734619,6.536690342903341,12.042490920418363,24.000000000000004,164.9508786495088,27.521793275217934,17.60936874013865,234.0820406648654,196.4104430904,204.6694820386531,400.3048232545867,2984.1332784026063,2984.1332784026063,0.0,0.0,2.9575090795816372,445.2054794520537,61.609243116092436,85.44347585443477,0.0,0.0,235.64411235644005,32.378580323785805,30.130067801300633,0.0,0.0,298.1527604815265,298.1527604815265,298.1527604815265,0.0,3315.703642669562,444.7831369495408,0.0,0.0,0.0,0.0,0.0,0.0,0.0,0.0,0.0,0.0,gas_boiler,gas_boiler,True,5,3384.438101657193,235.64411235644116,32.378580323785805,35.2187374802773,0.0,0.0,303.24143016050425,3760.486779619103,0.0,0.0,0.0,0.0,0.0
1981-01-21 12:00:00+01:00,BE_RES_APT_AS_IS_HP_V1,away,0.17500000000000004,5.30218505859375,16.0,12.042490920418363,6.4570754005847375,9.83046232043635,24.000000000000004,164.9508786495088,27.521793275217934,17.60936874013865,234.0820406648654,196.4104430904,343.7555989530553,400.3048232545867,1828.3691947667166,1828.3691947667166,0.0,0.0,5.16953767956365,445.2054794520537,61.609243116092436,85.44347585443477,0.0,0.0,235.64411235644005,32.378580323785805,30.130067801300633,0.0,0.0,298.1527604815265,298.1527604815265,298.1527604815265,0.0,2031.521327518574,444.7831369495408,0.0,0.0,0.0,0.0,0.0,0.0,0.0,0.0,0.0,0.0,gas_boiler,gas_boiler,True,5,2228.6740180213033,235.64411235644116,32.378580323785805,35.2187374802773,0.0,0.0,303.24143016050425,2476.304464468115,0.0,0.0,0.0,0.0,0.0
1981-01-22 12:00:00+01:00,BE_RES_APT_AS_IS_HP_V1,away,0.17500000000000004,7.833709716796875,16.0,9.83046232043635,8.734809703838561,13.99373325682554,24.000000000000004,164.9508786495088,27.521793275217934,17.60936874013865,234.0820406648654,196.4104430904,101.83438278561324,400.3048232545867,2850.3264079584064,2850.3264079584064,0.0,0.0,1.0062667431744607,445.2054794520537,61.609243116092436,85.44347585443477,0.0,0.0,235.64411235644005,32.378580323785805,30.130067801300633,0.0,0.0,298.1527604815265,298.1527604815265,298.1527604815265,0.0,3167.029342176007,444.7831369495408,0.0,0.0,0.0,0.0,0.0,0.0,0.0,0.0,0.0,0.0,gas_boiler,gas_boiler,True,5,3250.631231212993,235.64411235644116,32.378580323785805,35.2187374802773,0.0,0.0,303.24143016050425,3611.8124791255477,0.0,0.0,0.0,0.0,0.0
1981-01-23 12:00:00+01:00,BE_RES_APT_AS_IS_HP_V1,away,0.17500000000000004,4.585845947265625,16.0,13.99373325682554,5.8834576640632985,7.593602569118952,24.000000000000004,164.9508786495088,27.521793275217934,17.60936874013865,234.0820406648654,196.4104430904,479.8022527875557,400.3048232545867,926.895235346601,926.895235346601,0.0,0.0,7.406397430881048,445.2054794520537,61.609243116092436,85.44347585443477,0.0,0.0,235.64411235644005,32.378580323785805,30.130067801300633,0.0,0.0,298.1527604815265,298.1527604815265,298.1527604815265,0.0,1029.8835948295566,444.7831369495408,0.0,0.0,0.0,0.0,0.0,0.0,0.0,0.0,0.0,0.0,gas_boiler,gas_boiler,True,5,1327.2000586011877,235.64411235644116,32.378580323785805,35.2187374802773,0.0,0.0,303.24143016050425,1474.6667317790975,0.0,0.0,0.0,0.0,0.0
1981-01-24 12:00:00+01:00,BE_RES_APT_AS_IS_HP_V1,occupied_day,0.95,4.033416748046875,21.0,7.593602569118952,5.160696817657586,16.250200964234164,132.25,164.9508786495088,27.521793275217934,17.60936874013865,342.3320406648654,196.4104430904,252.77319329611746,400.3048232545867,6193.7556130670455,6193.7556130670455,0.0,0.0,0.0,445.2054794520537,61.609243116092436,85.44347585443477,0.0,0.0,235.64411235644005,32.378580323785805,30.130067801300633,0.0,0.0,298.1527604815265,298.1527604815265,298.1527604815265,0.0,6881.950681185606,444.7831369495408,0.0,0.0,0.0,0.0,0.0,0.0,0.0,0.0,0.0,0.0,gas_boiler,gas_boiler,True,5,6594.060436321633,235.64411235644116,32.378580323785805,35.2187374802773,0.0,0.0,303.24143016050425,7326.733818135147,0.0,0.0,0.0,0.0,0.0
1981-01-25 12:00:00+01:00,BE_RES_APT_AS_IS_HP_V1,occupied_day,0.95,6.011932373046875,21.0,16.250200964234164,7.444395726920547,11.373334606593092,132.25,164.9508786495088,27.521793275217934,17.60936874013865,342.3320406648654,196.4104430904,726.9170699742975,400.3048232545867,2194.4071545238166,2194.4071545238166,0.0,0.0,3.626665393406908,445.2054794520537,61.609243116092436,85.44347585443477,0.0,0.0,235.64411235644005,32.378580323785805,30.130067801300633,0.0,0.0,298.1527604815265,298.1527604815265,298.1527604815265,0.0,2438.2301716931297,444.7831369495408,0.0,0.0,0.0,0.0,0.0,0.0,0.0,0.0,0.0,0.0,gas_boiler,gas_boiler,True,5,2594.7119777784033,235.64411235644116,32.378580323785805,35.2187374802773,0.0,0.0,303.24143016050425,2883.0133086426704,0.0,0.0,0.0,0.0,0.0
1981-01-26 12:00:00+01:00,BE_RES_APT_AS_IS_HP_V1,away,0.17500000000000004,6.360443115234375,16.0,11.373334606593092,7.422913053708529,11.366689860481872,24.000000000000004,164.9508786495088,27.521793275217934,17.60936874013865,234.0820406648654,196.4104430904,255.6574660592946,400.3048232545867,2137.519411753992,2137.519411753992,0.0,0.0,3.6333101395181284,445.2054794520537,61.609243116092436,85.44347585443477,0.0,0.0,235.64411235644005,32.378580323785805,30.130067801300633,0.0,0.0,298.1527604815265,298.1527604815265,298.1527604815265,0.0,2375.0215686155466,444.7831369495408,0.0,0.0,0.0,0.0,0.0,0.0,0.0,0.0,0.0,0.0,gas_boiler,gas_boiler,True,5,2537.8242350085784,235.64411235644116,32.378580323785805,35.2187374802773,0.0,0.0,303.24143016050425,2819.8047055650873,0.0,0.0,0.0,0.0,0.0
1981-01-27 12:00:00+01:00,BE_RES_APT_AS_IS_HP_V1,away,0.17500000000000004,4.202789306640625,16.0,11.366689860481872,5.380342880472858,9.329783679208463,24.000000000000004,164.9508786495088,27.521793275217934,17.60936874013865,234.0820406648654,196.4104430904,365.3589282459036,400.3048232545867,2140.5892844573755,2140.5892844573755,0.0,0.0,5.670216320791537,445.2054794520537,61.609243116092436,85.44347585443477,0.0,0.0,235.64411235644005,32.378580323785805,30.130067801300633,0.0,0.0,298.1527604815265,298.1527604815265,298.1527604815265,0.0,2378.432538285973,444.7831369495408,0.0,0.0,0.0,0.0,0.0,0.0,0.0,0.0,0.0,0.0,gas_boiler,gas_boiler,True,5,2540.894107711962,235.64411235644116,32.378580323785805,35.2187374802773,0.0,0.0,303.24143016050425,2823.2156752355136,0.0,0.0,0.0,0.0,0.0
1981-01-28 12:00:00+01:00,BE_RES_APT_AS_IS_HP_V1,away,0.17500000000000004,6.29937744140625,16.0,9.329783679208463,7.25578013265098,12.941482941327191,24.000000000000004,164.9508786495088,27.521793275217934,17.60936874013865,234.0820406648654,196.4104430904,154.55071812791286,400.3048232545867,3081.6399402056904,3081.6399402056904,0.0,0.0,2.058517058672809,445.2054794520537,61.609243116092436,85.44347585443477,0.0,0.0,235.64411235644005,32.378580323785805,30.130067801300633,0.0,0.0,298.1527604815265,298.1527604815265,298.1527604815265,0.0,3424.0443780063224,444.7831369495408,0.0,0.0,0.0,0.0,0.0,0.0,0.0,0.0,0.0,0.0,gas_boiler,gas_boiler,True,5,3481.944763460277,235.64411235644116,32.378580323785805,35.2187374802773,0.0,0.0,303.24143016050425,3868.827514955863,0.0,0.0,0.0,0.0,0.0
1981-01-29 12:00:00+01:00,BE_RES_APT_AS_IS_HP_V1,away,0.17500000000000004,4.502166748046875,16.0,12.941482941327191,5.747957816057675,8.355042533336603,24.000000000000004,164.9508786495088,27.521793275217934,17.60936874013865,234.0820406648654,196.4104430904,430.4051258572962,400.3048232545867,1413.034881106838,1413.034881106838,0.0,0.0,6.6449574666633975,445.2054794520537,61.609243116092436,85.44347585443477,0.0,0.0,235.64411235644005,32.378580323785805,30.130067801300633,0.0,0.0,298.1527604815265,298.1527604815265,298.1527604815265,0.0,1570.0387567853754,444.7831369495408,0.0,0.0,0.0,0.0,0.0,0.0,0.0,0.0,0.0,0.0,gas_boiler,gas_boiler,True,5,1813.3397043614245,235.64411235644116,32.378580323785805,35.2187374802773,0.0,0.0,303.24143016050425,2014.821893734916,0.0,0.0,0.0,0.0,0.0
1981-01-30 12:00:00+01:00,BE_RES_APT_AS_IS_HP_V1,away,0.17500000000000004,4.58734130859375,16.0,8.355042533336603,5.5831908756831075,12.099764559347408,24.000000000000004,164.9508786495088,27.521793275217934,17.60936874013865,234.0820406648654,196.4104430904,192.15276246188552,400.3048232545867,3531.97034959849,3531.97034959849,0.0,0.0,2.900235440652592,445.2054794520537,61.609243116092436,85.44347585443477,0.0,0.0,235.64411235644005,32.378580323785805,30.130067801300633,0.0,0.0,298.1527604815265,298.1527604815265,298.1527604815265,0.0,3924.4114995538775,444.7831369495408,0.0,0.0,0.0,0.0,0.0,0.0,0.0,0.0,0.0,0.0,gas_boiler,gas_boiler,True,5,3932.2751728530766,235.64411235644116,32.378580323785805,35.2187374802773,0.0,0.0,303.24143016050425,4369.194636503418,0.0,0.0,0.0,0.0,0.0
1981-01-31 12:00:00+01:00,BE_RES_APT_AS_IS_HP_V1,occupied_day,0.95,7.68951416015625,21.0,12.099764559347408,8.855641532011692,16.21773849605331,132.25,164.9508786495088,27.521793275217934,17.60936874013865,342.3320406648654,196.4104430904,313.1277783425722,400.3048232545867,4111.908773581498,4111.908773581498,0.0,0.0,0.0,445.2054794520537,61.609243116092436,85.44347585443477,0.0,0.0,235.64411235644005,32.378580323785805,30.130067801300633,0.0,0.0,298.1527604815265,298.1527604815265,298.1527604815265,0.0,4568.787526201665,444.7831369495408,0.0,0.0,0.0,0.0,0.0,0.0,0.0,0.0,0.0,0.0,gas_boiler,gas_boiler,True,5,4512.213596836085,235.64411235644116,32.378580323785805,35.2187374802773,0.0,0.0,303.24143016050425,5013.570663151206,0.0,0.0,0.0,0.0,0.0
1981-02-01 12:00:00+01:00,BE_RES_APT_AS_IS_HP_V1,occupied_day,0.95,7.6776123046875,21.0,16.21773849605331,9.03247184732318,12.98826303219969,132.25,164.9508786495088,27.521793275217934,17.60936874013865,342.3320406648654,196.4104430904,606.3489595869726,400.3048232545867,2209.4048148233705,2209.4048148233705,0.0,0.0,2.01173696780031,445.2054794520537,61.609243116092436,85.44347585443477,0.0,0.0,235.64411235644005,32.378580323785805,30.130067801300633,0.0,0.0,298.1527604815265,298.1527604815265,298.1527604815265,0.0,2454.8942386926337,444.7831369495408,0.0,0.0,0.0,0.0,0.0,0.0,0.0,0.0,0.0,0.0,gas_boiler,gas_boiler,True,5,2609.709638077957,235.64411235644116,32.378580323785805,35.2187374802773,0.0,0.0,303.24143016050425,2899.6773756421744,0.0,0.0,0.0,0.0,0.0
1981-02-02 12:00:00+01:00,BE_RES_APT_AS_IS_HP_V1,away,0.17500000000000004,7.3873291015625,16.0,12.98826303219969,8.481260581895011,11.048469876658055,24.000000000000004,164.9508786495088,27.521793275217934,17.60936874013865,234.0820406648654,196.4104430904,285.64763046249675,400.3048232545867,1391.4224791237434,1391.4224791237434,0.0,0.0,3.9515301233419446,445.2054794520537,61.609243116092436,85.44347585443477,0.0,0.0,235.64411235644005,32.378580323785805,30.130067801300633,0.0,0.0,298.1527604815265,298.1527604815265,298.1527604815265,0.0,1546.0249768041592,444.7831369495408,0.0,0.0,0.0,0.0,0.0,0.0,0.0,0.0,0.0,0.0,gas_boiler,gas_boiler,True,5,1791.72730237833,235.64411235644116,32.378580323785805,35.2187374802773,0.0,0.0,303.24143016050425,1990.8081137537001,0.0,0.0,0.0,0.0,0.0
1981-02-03 12:00:00+01:00,BE_RES_APT_AS_IS_HP_V1,away,0.17500000000000004,4.8570556640625,16.0,11.048469876658055,5.982579116107396,10.203271126016503,24.000000000000004,164.9508786495088,27.521793275217934,17.60936874013865,234.0820406648654,196.4104430904,315.76212484237334,400.3048232545867,2287.606916983979,2287.606916983979,0.0,0.0,4.796728873983497,445.2054794520537,61.609243116092436,85.44347585443477,0.0,0.0,235.64411235644005,32.378580323785805,30.130067801300633,0.0,0.0,298.1527604815265,298.1527604815265,298.1527604815265,0.0,2541.785463315532,444.7831369495408,0.0,0.0,0.0,0.0,0.0,0.0,0.0,0.0,0.0,0.0,gas_boiler,gas_boiler,True,5,2687.9117402385655,235.64411235644116,32.378580323785805,35.2187374802773,0.0,0.0,303.24143016050425,2986.5686002650727,0.0,0.0,0.0,0.0,0.0
1981-02-04 12:00:00+01:00,BE_RES_APT_AS_IS_HP_V1,away,0.17500000000000004,1.054107666015625,16.0,10.203271126016503,2.3378770974968774,7.279017842394242,24.000000000000004,164.9508786495088,27.521793275217934,17.60936874013865,234.0820406648654,196.4104430904,466.60733646004485,400.3048232545867,2678.088739780376,2678.088739780376,0.0,0.0,7.720982157605758,445.2054794520537,61.609243116092436,85.44347585443477,0.0,0.0,235.64411235644005,32.378580323785805,30.130067801300633,0.0,0.0,298.1527604815265,298.1527604815265,298.1527604815265,0.0,2975.6541553115285,444.7831369495408,0.0,0.0,0.0,0.0,0.0,0.0,0.0,0.0,0.0,0.0,gas_boiler,gas_boiler,True,5,3078.3935630349624,235.64411235644116,32.378580323785805,35.2187374802773,0.0,0.0,303.24143016050425,3420.437292261069,0.0,0.0,0.0,0.0,0.0
1981-02-05 12:00:00+01:00,BE_RES_APT_AS_IS_HP_V1,away,0.17500000000000004,1.564361572265625,16.0,7.279017842394242,2.6643774436304053,10.098156254274745,24.000000000000004,164.9508786495088,27.521793275217934,17.60936874013865,234.0820406648654,196.4104430904,291.4474697765595,400.3048232545867,4029.09375681386,4029.09375681386,0.0,0.0,4.901843745725255,445.2054794520537,61.609243116092436,85.44347585443477,0.0,0.0,235.64411235644005,32.378580323785805,30.130067801300633,0.0,0.0,298.1527604815265,298.1527604815265,298.1527604815265,0.0,4476.770840904289,444.7831369495408,0.0,0.0,0.0,0.0,0.0,0.0,0.0,0.0,0.0,0.0,gas_boiler,gas_boiler,True,5,4429.398580068447,235.64411235644116,32.378580323785805,35.2187374802773,0.0,0.0,303.24143016050425,4921.55397785383,0.0,0.0,0.0,0.0,0.0
1981-02-06 12:00:00+01:00,BE_RES_APT_AS_IS_HP_V1,away,0.17500000000000004,6.86163330078125,16.0,10.098156254274745,7.829063681943029,12.859804507670281,24.000000000000004,164.9508786495088,27.521793275217934,17.60936874013865,234.0820406648654,196.4104430904,165.06267062816826,400.3048232545867,2726.6518105250684,2726.6518105250684,0.0,0.0,2.1401954923297186,445.2054794520537,61.609243116092436,85.44347585443477,0.0,0.0,235.64411235644005,32.378580323785805,30.130067801300633,0.0,0.0,298.1527604815265,298.1527604815265,298.1527604815265,0.0,3029.6131228056315,444.7831369495408,0.0,0.0,0.0,0.0,0.0,0.0,0.0,0.0,0.0,0.0,gas_boiler,gas_boiler,True,5,3126.956633779655,235.64411235644116,32.378580323785805,35.2187374802773,0.0,0.0,303.24143016050425,3474.396259755172,0.0,0.0,0.0,0.0,0.0
1981-02-07 12:00:00+01:00,BE_RES_APT_AS_IS_HP_V1,occupied_day,0.95,3.453704833984375,21.0,12.859804507670281,4.84813870364124,11.581545805104582,132.25,164.9508786495088,27.521793275217934,17.60936874013865,342.3320406648654,196.4104430904,667.8330768316994,400.3048232545867,3760.7703174563303,3760.7703174563303,0.0,0.0,3.4184541948954177,445.2054794520537,61.609243116092436,85.44347585443477,0.0,0.0,235.64411235644005,32.378580323785805,30.130067801300633,0.0,0.0,298.1527604815265,298.1527604815265,298.1527604815265,0.0,4178.633686062589,444.7831369495408,0.0,0.0,0.0,0.0,0.0,0.0,0.0,0.0,0.0,0.0,gas_boiler,gas_boiler,True,5,4161.075140710917,235.64411235644116,32.378580323785805,35.2187374802773,0.0,0.0,303.24143016050425,4623.4168230121295,0.0,0.0,0.0,0.0,0.0
1981-02-08 12:00:00+01:00,BE_RES_APT_AS_IS_HP_V1,occupied_day,0.95,3.922271728515625,21.0,11.581545805104582,5.236877001985825,13.027634167519912,132.25,164.9508786495088,27.521793275217934,17.60936874013865,342.3320406648654,196.4104430904,543.8084594378159,400.3048232545867,4351.325838041684,4351.325838041684,0.0,0.0,1.9723658324800883,445.2054794520537,61.609243116092436,85.44347585443477,0.0,0.0,235.64411235644005,32.378580323785805,30.130067801300633,0.0,0.0,298.1527604815265,298.1527604815265,298.1527604815265,0.0,4834.8064867129815,444.7831369495408,0.0,0.0,0.0,0.0,0.0,0.0,0.0,0.0,0.0,0.0,gas_boiler,gas_boiler,True,5,4751.630661296271,235.64411235644116,32.378580323785805,35.2187374802773,0.0,0.0,303.24143016050425,5279.589623662522,0.0,0.0,0.0,0.0,0.0
1981-02-09 12:00:00+01:00,BE_RES_APT_AS_IS_HP_V1,away,0.17500000000000004,4.23406982421875,16.0,13.027634167519912,5.498813934145711,8.032463211676154,24.000000000000004,164.9508786495088,27.521793275217934,17.60936874013865,234.0820406648654,196.4104430904,448.4717815083593,400.3048232545867,1373.233014605801,1373.233014605801,0.0,0.0,6.967536788323846,445.2054794520537,61.609243116092436,85.44347585443477,0.0,0.0,235.64411235644005,32.378580323785805,30.130067801300633,0.0,0.0,298.1527604815265,298.1527604815265,298.1527604815265,0.0,1525.814460673112,444.7831369495408,0.0,0.0,0.0,0.0,0.0,0.0,0.0,0.0,0.0,0.0,gas_boiler,gas_boiler,True,5,1773.5378378603878,235.64411235644116,32.378580323785805,35.2187374802773,0.0,0.0,303.24143016050425,1970.5975976226528,0.0,0.0,0.0,0.0,0.0
1981-02-10 12:00:00+01:00,BE_RES_APT_AS_IS_HP_V1,away,0.17500000000000004,5.149932861328125,16.0,8.032463211676154,6.098423872884072,12.88996467410177,24.000000000000004,164.9508786495088,27.521793275217934,17.60936874013865,234.0820406648654,196.4104430904,147.0090478677495,400.3048232545867,3681.001996205617,3681.001996205617,0.0,0.0,2.110035325898229,445.2054794520537,61.609243116092436,85.44347585443477,0.0,0.0,235.64411235644005,32.378580323785805,30.130067801300633,0.0,0.0,298.1527604815265,298.1527604815265,298.1527604815265,0.0,4090.002218006241,444.7831369495408,0.0,0.0,0.0,0.0,0.0,0.0,0.0,0.0,0.0,0.0,gas_boiler,gas_boiler,True,5,4081.3068194602038,235.64411235644116,32.378580323785805,35.2187374802773,0.0,0.0,303.24143016050425,4534.785354955782,0.0,0.0,0.0,0.0,0.0
1981-02-11 12:00:00+01:00,BE_RES_APT_AS_IS_HP_V1,away,0.17500000000000004,7.114410400390625,16.0,12.88996467410177,8.217684446609507,10.868683415327126,24.000000000000004,164.9508786495088,27.521793275217934,17.60936874013865,234.0820406648654,196.4104430904,294.55326795926845,400.3048232545867,1436.836320564982,1436.836320564982,0.0,0.0,4.131316584672874,445.2054794520537,61.609243116092436,85.44347585443477,0.0,0.0,235.64411235644005,32.378580323785805,30.130067801300633,0.0,0.0,298.1527604815265,298.1527604815265,298.1527604815265,0.0,1596.4848006277577,444.7831369495408,0.0,0.0,0.0,0.0,0.0,0.0,0.0,0.0,0.0,0.0,gas_boiler,gas_boiler,True,5,1837.1411438195687,235.64411235644116,32.378580323785805,35.2187374802773,0.0,0.0,303.24143016050425,2041.2679375772987,0.0,0.0,0.0,0.0,0.0
1981-02-12 12:00:00+01:00,BE_RES_APT_AS_IS_HP_V1,away,0.17500000000000004,6.7784423828125,16.0,10.868683415327126,7.791548526953759,12.1654907972727,24.000000000000004,164.9508786495088,27.521793275217934,17.60936874013865,234.0820406648654,196.4104430904,208.60229265824597,400.3048232545867,2370.668262118868,2370.668262118868,0.0,0.0,2.8345092027273004,445.2054794520537,61.609243116092436,85.44347585443477,0.0,0.0,235.64411235644005,32.378580323785805,30.130067801300633,0.0,0.0,298.1527604815265,298.1527604815265,298.1527604815265,0.0,2634.075846798742,444.7831369495408,0.0,0.0,0.0,0.0,0.0,0.0,0.0,0.0,0.0,0.0,gas_boiler,gas_boiler,True,5,2770.9730853734545,235.64411235644116,32.378580323785805,35.2187374802773,0.0,0.0,303.24143016050425,3078.8589837482828,0.0,0.0,0.0,0.0,0.0
1981-02-13 12:00:00+01:00,BE_RES_APT_AS_IS_HP_V1,away,0.17500000000000004,1.257659912109375,16.0,12.1654907972727,2.635521853103321,5.904063485836189,24.000000000000004,164.9508786495088,27.521793275217934,17.60936874013865,234.0820406648654,196.4104430904,556.2993751433296,400.3048232545867,1771.543251660013,1771.543251660013,0.0,0.0,9.09593651416381,445.2054794520537,61.609243116092436,85.44347585443477,0.0,0.0,235.64411235644005,32.378580323785805,30.130067801300633,0.0,0.0,298.1527604815265,298.1527604815265,298.1527604815265,0.0,1968.3813907333479,444.7831369495408,0.0,0.0,0.0,0.0,0.0,0.0,0.0,0.0,0.0,0.0,gas_boiler,gas_boiler,True,5,2171.8480749145997,235.64411235644116,32.378580323785805,35.2187374802773,0.0,0.0,303.24143016050425,2413.1645276828885,0.0,0.0,0.0,0.0,0.0
1981-02-14 12:00:00+01:00,BE_RES_APT_AS_IS_HP_V1,occupied_day,0.95,-0.18170166015625,21.0,5.904063485836189,1.0609954564690685,13.548052582245672,132.25,164.9508786495088,27.521793275217934,17.60936874013865,342.3320406648654,196.4104430904,432.08932536546314,400.3048232545867,6974.3226695436815,6974.3226695436815,0.0,0.0,1.4519474177543277,445.2054794520537,61.609243116092436,85.44347585443477,0.0,0.0,235.64411235644005,32.378580323785805,30.130067801300633,0.0,0.0,298.1527604815265,298.1527604815265,298.1527604815265,0.0,7749.24741060409,444.7831369495408,0.0,0.0,0.0,0.0,0.0,0.0,0.0,0.0,0.0,0.0,gas_boiler,gas_boiler,True,5,7374.627492798269,235.64411235644116,32.378580323785805,35.2187374802773,0.0,0.0,303.24143016050425,8194.030547553632,0.0,0.0,0.0,0.0,0.0
1981-02-15 12:00:00+01:00,BE_RES_APT_AS_IS_HP_V1,occupied_day,0.95,-0.90460205078125,21.0,13.548052582245672,0.7204555277636447,6.884557570487166,132.25,164.9508786495088,27.521793275217934,17.60936874013865,342.3320406648654,196.4104430904,1026.1384789449114,400.3048232545867,3442.7997070025,3442.7997070025,0.0,0.0,8.115442429512834,445.2054794520537,61.609243116092436,85.44347585443477,0.0,0.0,235.64411235644005,32.378580323785805,30.130067801300633,0.0,0.0,298.1527604815265,298.1527604815265,298.1527604815265,0.0,3825.3330077805554,444.7831369495408,0.0,0.0,0.0,0.0,0.0,0.0,0.0,0.0,0.0,0.0,gas_boiler,gas_boiler,True,5,3843.1045302570865,235.64411235644116,32.378580323785805,35.2187374802773,0.0,0.0,303.24143016050425,4270.1161447300965,0.0,0.0,0.0,0.0,0.0
1981-02-16 12:00:00+01:00,BE_RES_APT_AS_IS_HP_V1,away,0.17500000000000004,-0.4036865234375,16.0,6.884557570487166,0.7805196986218759,8.550537061065853,24.000000000000004,164.9508786495088,27.521793275217934,17.60936874013865,234.0820406648654,196.4104430904,371.700448790158,400.3048232545867,4211.33440243493,4211.33440243493,0.0,0.0,6.449462938934147,445.2054794520537,61.609243116092436,85.44347585443477,0.0,0.0,235.64411235644005,32.378580323785805,30.130067801300633,0.0,0.0,298.1527604815265,298.1527604815265,298.1527604815265,0.0,4679.260447149922,444.7831369495408,0.0,0.0,0.0,0.0,0.0,0.0,0.0,0.0,0.0,0.0,gas_boiler,gas_boiler,True,5,4611.639225689517,235.64411235644116,32.378580323785805,35.2187374802773,0.0,0.0,303.24143016050425,5124.043584099462,0.0,0.0,0.0,0.0,0.0
1981-02-17 12:00:00+01:00,BE_RES_APT_AS_IS_HP_V1,away,0.17500000000000004,5.570159912109375,16.0,8.550537061065853,6.523885938937184,12.873819781862538,24.000000000000004,164.9508786495088,27.521793275217934,17.60936874013865,234.0820406648654,196.4104430904,151.9992345967804,400.3048232545867,3441.6518777875763,3441.6518777875763,0.0,0.0,2.1261802181374616,445.2054794520537,61.609243116092436,85.44347585443477,0.0,0.0,235.64411235644005,32.378580323785805,30.130067801300633,0.0,0.0,298.1527604815265,298.1527604815265,298.1527604815265,0.0,3824.057641986196,444.7831369495408,0.0,0.0,0.0,0.0,0.0,0.0,0.0,0.0,0.0,0.0,gas_boiler,gas_boiler,True,5,3841.956701042163,235.64411235644116,32.378580323785805,35.2187374802773,0.0,0.0,303.24143016050425,4268.840778935737,0.0,0.0,0.0,0.0,0.0
1981-02-18 12:00:00+01:00,BE_RES_APT_AS_IS_HP_V1,away,0.17500000000000004,8.673309326171875,16.0,12.873819781862538,9.692315122857272,12.357076022932986,24.000000000000004,164.9508786495088,27.521793275217934,17.60936874013865,234.0820406648654,196.4104430904,214.22603324022387,400.3048232545867,1444.2952607795075,1444.2952607795075,0.0,0.0,2.6429239770670137,445.2054794520537,61.609243116092436,85.44347585443477,0.0,0.0,235.64411235644005,32.378580323785805,30.130067801300633,0.0,0.0,298.1527604815265,298.1527604815265,298.1527604815265,0.0,1604.7725119772306,444.7831369495408,0.0,0.0,0.0,0.0,0.0,0.0,0.0,0.0,0.0,0.0,gas_boiler,gas_boiler,True,5,1844.6000840340944,235.64411235644116,32.378580323785805,35.2187374802773,0.0,0.0,303.24143016050425,2049.5556489267715,0.0,0.0,0.0,0.0,0.0
1981-02-19 12:00:00+01:00,BE_RES_APT_AS_IS_HP_V1,away,0.17500000000000004,6.4881591796875,16.0,12.357076022932986,7.596428325227806,10.701662412410444,24.000000000000004,164.9508786495088,27.521793275217934,17.60936874013865,234.0820406648654,196.4104430904,299.3147590055198,400.3048232545867,1683.0308774049606,1683.0308774049606,0.0,0.0,4.298337587589556,445.2054794520537,61.609243116092436,85.44347585443477,0.0,0.0,235.64411235644005,32.378580323785805,30.130067801300633,0.0,0.0,298.1527604815265,298.1527604815265,298.1527604815265,0.0,1870.034308227734,444.7831369495408,0.0,0.0,0.0,0.0,0.0,0.0,0.0,0.0,0.0,0.0,gas_boiler,gas_boiler,True,5,2083.3357006595475,235.64411235644116,32.378580323785805,35.2187374802773,0.0,0.0,303.24143016050425,2314.8174451772747,0.0,0.0,0.0,0.0,0.0
1981-02-20 12:00:00+01:00,BE_RES_APT_AS_IS_HP_V1,away,0.17500000000000004,5.40521240234375,16.0,10.701662412410444,6.4828533346267365,10.99916456866747,24.000000000000004,164.9508786495088,27.521793275217934,17.60936874013865,234.0820406648654,196.4104430904,270.11895051340144,400.3048232545867,2447.831965466375,2447.831965466375,0.0,0.0,4.000835431332529,445.2054794520537,61.609243116092436,85.44347585443477,0.0,0.0,235.64411235644005,32.378580323785805,30.130067801300633,0.0,0.0,298.1527604815265,298.1527604815265,298.1527604815265,0.0,2719.813294962639,444.7831369495408,0.0,0.0,0.0,0.0,0.0,0.0,0.0,0.0,0.0,0.0,gas_boiler,gas_boiler,True,5,2848.1367887209617,235.64411235644116,32.378580323785805,35.2187374802773,0.0,0.0,303.24143016050425,3164.5964319121795,0.0,0.0,0.0,0.0,0.0
1981-02-21 12:00:00+01:00,BE_RES_APT_AS_IS_HP_V1,occupied_day,0.95,4.0955810546875,21.0,10.99916456866747,5.3756518463726595,13.648143136950754,132.25,164.9508786495088,27.521793275217934,17.60936874013865,342.3320406648654,196.4104430904,490.15442949257795,400.3048232545867,4620.385969275629,4620.385969275629,0.0,0.0,1.351856863049246,445.2054794520537,61.609243116092436,85.44347585443477,0.0,0.0,235.64411235644005,32.378580323785805,30.130067801300633,0.0,0.0,298.1527604815265,298.1527604815265,298.1527604815265,0.0,5133.762188084032,444.7831369495408,0.0,0.0,0.0,0.0,0.0,0.0,0.0,0.0,0.0,0.0,gas_boiler,gas_boiler,True,5,5020.690792530216,235.64411235644116,32.378580323785805,35.2187374802773,0.0,0.0,303.24143016050425,5578.545325033572,0.0,0.0,0.0,0.0,0.0
1981-02-22 12:00:00+01:00,BE_RES_APT_AS_IS_HP_V1,occupied_day,0.95,3.679107666015625,21.0,13.648143136950754,5.099267271837743,11.18057640713347,132.25,164.9508786495088,27.521793275217934,17.60936874013865,342.3320406648654,196.4104430904,707.8015184363942,400.3048232545867,3396.5578707287523,3396.5578707287523,0.0,0.0,3.8194235928665297,445.2054794520537,61.609243116092436,85.44347585443477,0.0,0.0,235.64411235644005,32.378580323785805,30.130067801300633,0.0,0.0,298.1527604815265,298.1527604815265,298.1527604815265,0.0,3773.9531896986136,444.7831369495408,0.0,0.0,0.0,0.0,0.0,0.0,0.0,0.0,0.0,0.0,gas_boiler,gas_boiler,True,5,3796.862693983339,235.64411235644116,32.378580323785805,35.2187374802773,0.0,0.0,303.24143016050425,4218.736326648154,0.0,0.0,0.0,0.0,0.0
1981-02-23 12:00:00+01:00,BE_RES_APT_AS_IS_HP_V1,away,0.17500000000000004,3.035797119140625,16.0,11.18057640713347,4.265829825925145,8.373914022947098,24.000000000000004,164.9508786495088,27.521793275217934,17.60936874013865,234.0820406648654,196.4104430904,415.38374368763516,400.3048232545867,2226.573699904337,2226.573699904337,0.0,0.0,6.626085977052902,445.2054794520537,61.609243116092436,85.44347585443477,0.0,0.0,235.64411235644005,32.378580323785805,30.130067801300633,0.0,0.0,298.1527604815265,298.1527604815265,298.1527604815265,0.0,2473.9707776714854,444.7831369495408,0.0,0.0,0.0,0.0,0.0,0.0,0.0,0.0,0.0,0.0,gas_boiler,gas_boiler,True,5,2626.8785231589236,235.64411235644116,32.378580323785805,35.2187374802773,0.0,0.0,303.24143016050425,2918.753914621026,0.0,0.0,0.0,0.0,0.0
1981-02-24 12:00:00+01:00,BE_RES_APT_AS_IS_HP_V1,away,0.17500000000000004,4.41754150390625,16.0,8.373914022947098,5.423485393150841,11.923972989599674,24.000000000000004,164.9508786495088,27.521793275217934,17.60936874013865,234.0820406648654,196.4104430904,201.77499847108325,400.3048232545867,3523.2517213984415,3523.2517213984415,0.0,0.0,3.076027010400326,445.2054794520537,61.609243116092436,85.44347585443477,0.0,0.0,235.64411235644005,32.378580323785805,30.130067801300633,0.0,0.0,298.1527604815265,298.1527604815265,298.1527604815265,0.0,3914.724134887157,444.7831369495408,0.0,0.0,0.0,0.0,0.0,0.0,0.0,0.0,0.0,0.0,gas_boiler,gas_boiler,True,5,3923.556544653028,235.64411235644116,32.378580323785805,35.2187374802773,0.0,0.0,303.24143016050425,4359.507271836698,0.0,0.0,0.0,0.0,0.0
1981-02-25 12:00:00+01:00,BE_RES_APT_AS_IS_HP_V1,away,0.17500000000000004,6.66339111328125,16.0,11.923972989599674,7.739113022861237,11.213524812031382,24.000000000000004,164.9508786495088,27.521793275217934,17.60936874013865,234.0820406648654,196.4104430904,268.28967569223965,400.3048232545867,1883.1244788049507,1883.1244788049507,0.0,0.0,3.786475187968618,445.2054794520537,61.609243116092436,85.44347585443477,0.0,0.0,235.64411235644005,32.378580323785805,30.130067801300633,0.0,0.0,298.1527604815265,298.1527604815265,298.1527604815265,0.0,2092.3605320055008,444.7831369495408,0.0,0.0,0.0,0.0,0.0,0.0,0.0,0.0,0.0,0.0,gas_boiler,gas_boiler,True,5,2283.4293020595373,235.64411235644116,32.378580323785805,35.2187374802773,0.0,0.0,303.24143016050425,2537.1436689550414,0.0,0.0,0.0,0.0,0.0
1981-02-26 12:00:00+01:00,BE_RES_APT_AS_IS_HP_V1,away,0.17500000000000004,3.131256103515625,16.0,11.213524812031382,4.35794435914927,8.437943284380934,24.000000000000004,164.9508786495088,27.521793275217934,17.60936874013865,234.0820406648654,196.4104430904,412.1957041343037,400.3048232545867,2211.351536841502,2211.351536841502,0.0,0.0,6.562056715619066,445.2054794520537,61.609243116092436,85.44347585443477,0.0,0.0,235.64411235644005,32.378580323785805,30.130067801300633,0.0,0.0,298.1527604815265,298.1527604815265,298.1527604815265,0.0,2457.0572631572245,444.7831369495408,0.0,0.0,0.0,0.0,0.0,0.0,0.0,0.0,0.0,0.0,gas_boiler,gas_boiler,True,5,2611.6563600960885,235.64411235644116,32.378580323785805,35.2187374802773,0.0,0.0,303.24143016050425,2901.840400106765,0.0,0.0,0.0,0.0,0.0
1981-02-27 12:00:00+01:00,BE_RES_APT_AS_IS_HP_V1,away,0.17500000000000004,1.9608154296875,16.0,8.437943284380934,3.101625179301999,9.547534133310549,24.000000000000004,164.9508786495088,27.521793275217934,17.60936874013865,234.0820406648654,196.4104430904,330.33352058936515,400.3048232545867,3493.670202616009,3493.670202616009,0.0,0.0,5.452465866689451,445.2054794520537,61.609243116092436,85.44347585443477,0.0,0.0,235.64411235644005,32.378580323785805,30.130067801300633,0.0,0.0,298.1527604815265,298.1527604815265,298.1527604815265,0.0,3881.8557806844547,444.7831369495408,0.0,0.0,0.0,0.0,0.0,0.0,0.0,0.0,0.0,0.0,gas_boiler,gas_boiler,True,5,3893.975025870596,235.64411235644116,32.378580323785805,35.2187374802773,0.0,0.0,303.24143016050425,4326.638917633995,0.0,0.0,0.0,0.0,0.0
1981-02-28 12:00:00+01:00,BE_RES_APT_AS_IS_HP_V1,occupied_day,0.95,3.075836181640625,21.0,9.547534133310549,4.3361701328479505,13.809421121561405,132.25,164.9508786495088,27.521793275217934,17.60936874013865,342.3320406648654,196.4104430904,459.4905545685646,400.3048232545867,5291.039230410527,5291.039230410527,0.0,0.0,1.1905788784385951,445.2054794520537,61.609243116092436,85.44347585443477,0.0,0.0,235.64411235644005,32.378580323785805,30.130067801300633,0.0,0.0,298.1527604815265,298.1527604815265,298.1527604815265,0.0,5878.932478233919,444.7831369495408,0.0,0.0,0.0,0.0,0.0,0.0,0.0,0.0,0.0,0.0,gas_boiler,gas_boiler,True,5,5691.344053665114,235.64411235644116,32.378580323785805,35.2187374802773,0.0,0.0,303.24143016050425,6323.71561518346,0.0,0.0,0.0,0.0,0.0
1981-03-01 12:00:00+01:00,BE_RES_APT_AS_IS_HP_V1,occupied_day,0.95,4.087646484375,21.0,13.809421121561405,5.4965064588641965,11.444409667003713,132.25,164.9508786495088,27.521793275217934,17.60936874013865,342.3320406648654,196.4104430904,690.2459992402347,400.3048232545867,3322.047441838631,3322.047441838631,0.0,0.0,3.555590332996287,445.2054794520537,61.609243116092436,85.44347585443477,0.0,0.0,235.64411235644005,32.378580323785805,30.130067801300633,0.0,0.0,298.1527604815265,298.1527604815265,298.1527604815265,0.0,3691.1638242651456,444.7831369495408,0.0,0.0,0.0,0.0,0.0,0.0,0.0,0.0,0.0,0.0,gas_boiler,gas_boiler,True,5,3722.3522650932177,235.64411235644116,32.378580323785805,35.2187374802773,0.0,0.0,303.24143016050425,4135.946961214687,0.0,0.0,0.0,0.0,0.0
1981-03-02 12:00:00+01:00,BE_RES_APT_AS_IS_HP_V1,away,0.17500000000000004,6.2247314453125,16.0,11.444409667003713,7.29826492093559,11.18145723521746,24.000000000000004,164.9508786495088,27.521793275217934,17.60936874013865,234.0820406648654,196.4104430904,266.2035893062519,400.3048232545867,2104.682733844285,2104.682733844285,0.0,0.0,3.8185427647825403,445.2054794520537,61.609243116092436,85.44347585443477,0.0,0.0,235.64411235644005,32.378580323785805,30.130067801300633,0.0,0.0,298.1527604815265,298.1527604815265,298.1527604815265,0.0,2338.5363709380945,444.7831369495408,0.0,0.0,0.0,0.0,0.0,0.0,0.0,0.0,0.0,0.0,gas_boiler,gas_boiler,True,5,2504.9875570988715,235.64411235644116,32.378580323785805,35.2187374802773,0.0,0.0,303.24143016050425,2783.319507887635,0.0,0.0,0.0,0.0,0.0
1981-03-03 12:00:00+01:00,BE_RES_APT_AS_IS_HP_V1,away,0.17500000000000004,4.556121826171875,16.0,11.18145723521746,5.704861000371266,9.812194378158843,24.000000000000004,164.9508786495088,27.521793275217934,17.60936874013865,234.0820406648654,196.4104430904,337.89210586132486,400.3048232545867,2226.166757329534,2226.166757329534,0.0,0.0,5.187805621841157,445.2054794520537,61.609243116092436,85.44347585443477,0.0,0.0,235.64411235644005,32.378580323785805,30.130067801300633,0.0,0.0,298.1527604815265,298.1527604815265,298.1527604815265,0.0,2473.5186192550377,444.7831369495408,0.0,0.0,0.0,0.0,0.0,0.0,0.0,0.0,0.0,0.0,gas_boiler,gas_boiler,True,5,2626.4715805841206,235.64411235644116,32.378580323785805,35.2187374802773,0.0,0.0,303.24143016050425,2918.3017562045784,0.0,0.0,0.0,0.0,0.0
1981-03-04 12:00:00+01:00,BE_RES_APT_AS_IS_HP_V1,away,0.17500000000000004,2.608154296875,16.0,9.812194378158843,3.787855422207698,9.06235059772095,24.000000000000004,164.9508786495088,27.521793275217934,17.60936874013865,234.0820406648654,196.4104430904,367.406044145476,400.3048232545867,2858.766197290615,2858.766197290615,0.0,0.0,5.93764940227905,445.2054794520537,61.609243116092436,85.44347585443477,0.0,0.0,235.64411235644005,32.378580323785805,30.130067801300633,0.0,0.0,298.1527604815265,298.1527604815265,298.1527604815265,0.0,3176.406885878461,444.7831369495408,0.0,0.0,0.0,0.0,0.0,0.0,0.0,0.0,0.0,0.0,gas_boiler,gas_boiler,True,5,3259.0710205452015,235.64411235644116,32.378580323785805,35.2187374802773,0.0,0.0,303.24143016050425,3621.1900228280015,0.0,0.0,0.0,0.0,0.0
1981-03-05 12:00:00+01:00,BE_RES_APT_AS_IS_HP_V1,away,0.17500000000000004,3.056488037109375,16.0,9.06235059772095,4.172084074607552,10.085747259592225,24.000000000000004,164.9508786495088,27.521793275217934,17.60936874013865,234.0820406648654,196.4104430904,306.2989905911904,400.3048232545867,3205.1940238529214,3205.1940238529214,0.0,0.0,4.914252740407775,445.2054794520537,61.609243116092436,85.44347585443477,0.0,0.0,235.64411235644005,32.378580323785805,30.130067801300633,0.0,0.0,298.1527604815265,298.1527604815265,298.1527604815265,0.0,3561.3266931699127,444.7831369495408,0.0,0.0,0.0,0.0,0.0,0.0,0.0,0.0,0.0,0.0,gas_boiler,gas_boiler,True,5,3605.498847107508,235.64411235644116,32.378580323785805,35.2187374802773,0.0,0.0,303.24143016050425,4006.1098301194534,0.0,0.0,0.0,0.0,0.0
1981-03-06 12:00:00+01:00,BE_RES_APT_AS_IS_HP_V1,away,0.17500000000000004,3.999908447265625,16.0,10.085747259592225,5.119783387140464,10.161101659314143,24.000000000000004,164.9508786495088,27.521793275217934,17.60936874013865,234.0820406648654,196.4104430904,310.37777942865665,400.3048232545867,2732.3847660683928,2732.3847660683928,0.0,0.0,4.838898340685857,445.2054794520537,61.609243116092436,85.44347585443477,0.0,0.0,235.64411235644005,32.378580323785805,30.130067801300633,0.0,0.0,298.1527604815265,298.1527604815265,298.1527604815265,0.0,3035.9830734093252,444.7831369495408,0.0,0.0,0.0,0.0,0.0,0.0,0.0,0.0,0.0,0.0,gas_boiler,gas_boiler,True,5,3132.6895893229794,235.64411235644116,32.378580323785805,35.2187374802773,0.0,0.0,303.24143016050425,3480.766210358866,0.0,0.0,0.0,0.0,0.0
1981-03-07 12:00:00+01:00,BE_RES_APT_AS_IS_HP_V1,occupied_day,0.95,5.984100341796875,21.0,10.161101659314143,7.13956840869205,16.105288596614194,132.25,164.9508786495088,27.521793275217934,17.60936874013865,342.3320406648654,196.4104430904,296.56709354372606,400.3048232545867,5007.571033396866,5007.571033396866,0.0,0.0,0.0,445.2054794520537,61.609243116092436,85.44347585443477,0.0,0.0,235.64411235644005,32.378580323785805,30.130067801300633,0.0,0.0,298.1527604815265,298.1527604815265,298.1527604815265,0.0,5563.967814885407,444.7831369495408,0.0,0.0,0.0,0.0,0.0,0.0,0.0,0.0,0.0,0.0,gas_boiler,gas_boiler,True,5,5407.875856651453,235.64411235644116,32.378580323785805,35.2187374802773,0.0,0.0,303.24143016050425,6008.750951834948,0.0,0.0,0.0,0.0,0.0
1981-03-08 12:00:00+01:00,BE_RES_APT_AS_IS_HP_V1,occupied_day,0.95,5.58251953125,21.0,16.105288596614194,7.027984339593841,11.076791834969976,132.25,164.9508786495088,27.521793275217934,17.60936874013865,342.3320406648654,196.4104430904,747.1166036408578,400.3048232545867,2261.3566683642425,2261.3566683642425,0.0,0.0,3.923208165030024,445.2054794520537,61.609243116092436,85.44347585443477,0.0,0.0,235.64411235644005,32.378580323785805,30.130067801300633,0.0,0.0,298.1527604815265,298.1527604815265,298.1527604815265,0.0,2512.6185204047138,444.7831369495408,0.0,0.0,0.0,0.0,0.0,0.0,0.0,0.0,0.0,0.0,gas_boiler,gas_boiler,True,5,2661.661491618829,235.64411235644116,32.378580323785805,35.2187374802773,0.0,0.0,303.24143016050425,2957.4016573542544,0.0,0.0,0.0,0.0,0.0
1981-03-09 12:00:00+01:00,BE_RES_APT_AS_IS_HP_V1,away,0.17500000000000004,9.285888671875,16.0,11.076791834969976,10.175975268797842,14.37252559721165,24.000000000000004,164.9508786495088,27.521793275217934,17.60936874013865,234.0820406648654,196.4104430904,91.33606131784379,400.3048232545867,2274.5221722438714,2274.5221722438714,0.0,0.0,0.6274744027883496,445.2054794520537,61.609243116092436,85.44347585443477,0.0,0.0,235.64411235644005,32.378580323785805,30.130067801300633,0.0,0.0,298.1527604815265,298.1527604815265,298.1527604815265,0.0,2527.246858048746,444.7831369495408,0.0,0.0,0.0,0.0,0.0,0.0,0.0,0.0,0.0,0.0,gas_boiler,gas_boiler,True,5,2674.826995498458,235.64411235644116,32.378580323785805,35.2187374802773,0.0,0.0,303.24143016050425,2972.029994998287,0.0,0.0,0.0,0.0,0.0
1981-03-10 12:00:00+01:00,BE_RES_APT_AS_IS_HP_V1,away,0.17500000000000004,8.763946533203125,16.0,14.37252559721165,9.8582870446999,11.245548767252894,24.000000000000004,164.9508786495088,27.521793275217934,17.60936874013865,234.0820406648654,196.4104430904,286.03753226443484,400.3048232545867,751.8931740882176,751.8931740882176,0.0,0.0,3.7544512327471065,445.2054794520537,61.609243116092436,85.44347585443477,0.0,0.0,235.64411235644005,32.378580323785805,30.130067801300633,0.0,0.0,298.1527604815265,298.1527604815265,298.1527604815265,0.0,835.4368600980196,444.7831369495408,0.0,0.0,0.0,0.0,0.0,0.0,0.0,0.0,0.0,0.0,gas_boiler,gas_boiler,True,5,1152.1979973428042,235.64411235644116,32.378580323785805,35.2187374802773,0.0,0.0,303.24143016050425,1280.2199970475604,0.0,0.0,0.0,0.0,0.0
1981-03-11 12:00:00+01:00,BE_RES_APT_AS_IS_HP_V1,away,0.17500000000000004,5.31756591796875,16.0,11.245548767252894,6.4289952225337545,10.481696878322998,24.000000000000004,164.9508786495088,27.521793275217934,17.60936874013865,234.0820406648654,196.4104430904,302.32712531349136,400.3048232545867,2196.5564695291637,2196.5564695291637,0.0,0.0,4.518303121677002,445.2054794520537,61.609243116092436,85.44347585443477,0.0,0.0,235.64411235644005,32.378580323785805,30.130067801300633,0.0,0.0,298.1527604815265,298.1527604815265,298.1527604815265,0.0,2440.6182994768483,444.7831369495408,0.0,0.0,0.0,0.0,0.0,0.0,0.0,0.0,0.0,0.0,gas_boiler,gas_boiler,True,5,2596.8612927837503,235.64411235644116,32.378580323785805,35.2187374802773,0.0,0.0,303.24143016050425,2885.401436426389,0.0,0.0,0.0,0.0,0.0
1981-03-12 12:00:00+01:00,BE_RES_APT_AS_IS_HP_V1,away,0.17500000000000004,4.85174560546875,16.0,10.481696878322998,5.947229576345822,10.65103977516144,24.000000000000004,164.9508786495088,27.521793275217934,17.60936874013865,234.0820406648654,196.4104430904,287.1275149155667,400.3048232545867,2549.456042214775,2549.456042214775,0.0,0.0,4.34896022483856,445.2054794520537,61.609243116092436,85.44347585443477,0.0,0.0,235.64411235644005,32.378580323785805,30.130067801300633,0.0,0.0,298.1527604815265,298.1527604815265,298.1527604815265,0.0,2832.7289357941945,444.7831369495408,0.0,0.0,0.0,0.0,0.0,0.0,0.0,0.0,0.0,0.0,gas_boiler,gas_boiler,True,5,2949.7608654693618,235.64411235644116,32.378580323785805,35.2187374802773,0.0,0.0,303.24143016050425,3277.512072743735,0.0,0.0,0.0,0.0,0.0
1981-03-13 12:00:00+01:00,BE_RES_APT_AS_IS_HP_V1,away,0.17500000000000004,5.249603271484375,16.0,10.65103977516144,6.332861208157959,10.892323257246789,24.000000000000004,164.9508786495088,27.521793275217934,17.60936874013865,234.0820406648654,196.4104430904,275.47326168753034,400.3048232545867,2471.219623875415,2471.219623875415,0.0,0.0,4.1076767427532115,445.2054794520537,61.609243116092436,85.44347585443477,0.0,0.0,235.64411235644005,32.378580323785805,30.130067801300633,0.0,0.0,298.1527604815265,298.1527604815265,298.1527604815265,0.0,2745.7995820837946,444.7831369495408,0.0,0.0,0.0,0.0,0.0,0.0,0.0,0.0,0.0,0.0,gas_boiler,gas_boiler,True,5,2871.5244471300016,235.64411235644116,32.378580323785805,35.2187374802773,0.0,0.0,303.24143016050425,3190.5827190333353,0.0,0.0,0.0,0.0,0.0
1981-03-14 12:00:00+01:00,BE_RES_APT_AS_IS_HP_V1,occupied_day,0.95,2.820343017578125,21.0,10.892323257246789,4.153808647623698,12.514676936730584,132.25,164.9508786495088,27.521793275217934,17.60936874013865,342.3320406648654,196.4104430904,573.1105970164751,400.3048232545867,4669.746655151985,4669.746655151985,0.0,0.0,2.4853230632694157,445.2054794520537,61.609243116092436,85.44347585443477,0.0,0.0,235.64411235644005,32.378580323785805,30.130067801300633,0.0,0.0,298.1527604815265,298.1527604815265,298.1527604815265,0.0,5188.6073946133165,444.7831369495408,0.0,0.0,0.0,0.0,0.0,0.0,0.0,0.0,0.0,0.0,gas_boiler,gas_boiler,True,5,5070.051478406572,235.64411235644116,32.378580323785805,35.2187374802773,0.0,0.0,303.24143016050425,5633.390531562857,0.0,0.0,0.0,0.0,0.0
1981-03-15 12:00:00+01:00,BE_RES_APT_AS_IS_HP_V1,occupied_day,0.95,4.060302734375,21.0,12.514676936730584,5.411243476579614,12.430133210403064,132.25,164.9508786495088,27.521793275217934,17.60936874013865,342.3320406648654,196.4104430904,600.2605683672465,400.3048232545867,3920.2192552304705,3920.2192552304705,0.0,0.0,2.5698667895969365,445.2054794520537,61.609243116092436,85.44347585443477,0.0,0.0,235.64411235644005,32.378580323785805,30.130067801300633,0.0,0.0,298.1527604815265,298.1527604815265,298.1527604815265,0.0,4355.7991724783005,444.7831369495408,0.0,0.0,0.0,0.0,0.0,0.0,0.0,0.0,0.0,0.0,gas_boiler,gas_boiler,True,5,4320.5240784850575,235.64411235644116,32.378580323785805,35.2187374802773,0.0,0.0,303.24143016050425,4800.582309427841,0.0,0.0,0.0,0.0,0.0
1981-03-16 12:00:00+01:00,BE_RES_APT_AS_IS_HP_V1,away,0.17500000000000004,5.838104248046875,16.0,12.430133210403064,6.985061455339324,10.028021481829533,24.000000000000004,164.9508786495088,27.521793275217934,17.60936874013865,234.0820406648654,196.4104430904,336.1934770801657,400.3048232545867,1649.278456793785,1649.278456793785,0.0,0.0,4.9719785181704665,445.2054794520537,61.609243116092436,85.44347585443477,0.0,0.0,235.64411235644005,32.378580323785805,30.130067801300633,0.0,0.0,298.1527604815265,298.1527604815265,298.1527604815265,0.0,1832.531618659761,444.7831369495408,0.0,0.0,0.0,0.0,0.0,0.0,0.0,0.0,0.0,0.0,gas_boiler,gas_boiler,True,5,2049.5832800483718,235.64411235644116,32.378580323785805,35.2187374802773,0.0,0.0,303.24143016050425,2277.3147556093018,0.0,0.0,0.0,0.0,0.0
1981-03-17 12:00:00+01:00,BE_RES_APT_AS_IS_HP_V1,away,0.17500000000000004,8.576446533203125,16.0,10.028021481829533,9.448378337018989,14.538902152307557,24.000000000000004,164.9508786495088,27.521793275217934,17.60936874013865,234.0820406648654,196.4104430904,74.03032237994684,400.3048232545867,2759.0540753947557,2759.0540753947557,0.0,0.0,0.461097847692443,445.2054794520537,61.609243116092436,85.44347585443477,0.0,0.0,235.64411235644005,32.378580323785805,30.130067801300633,0.0,0.0,298.1527604815265,298.1527604815265,298.1527604815265,0.0,3065.6156393275064,444.7831369495408,0.0,0.0,0.0,0.0,0.0,0.0,0.0,0.0,0.0,0.0,gas_boiler,gas_boiler,True,5,3159.3588986493423,235.64411235644116,32.378580323785805,35.2187374802773,0.0,0.0,303.24143016050425,3510.398776277047,0.0,0.0,0.0,0.0,0.0
1981-03-18 12:00:00+01:00,BE_RES_APT_AS_IS_HP_V1,away,0.17500000000000004,8.880645751953125,16.0,14.538902152307557,9.977644108347585,11.223086195507642,24.000000000000004,164.9508786495088,27.521793275217934,17.60936874013865,234.0820406648654,196.4104430904,288.5710764180761,400.3048232545867,675.0272056339087,675.0272056339087,0.0,0.0,3.7769138044923576,445.2054794520537,61.609243116092436,85.44347585443477,0.0,0.0,235.64411235644005,32.378580323785805,30.130067801300633,0.0,0.0,298.1527604815265,298.1527604815265,298.1527604815265,0.0,750.0302284821207,444.7831369495408,0.0,0.0,0.0,0.0,0.0,0.0,0.0,0.0,0.0,0.0,gas_boiler,gas_boiler,True,5,1075.3320288884954,235.64411235644116,32.378580323785805,35.2187374802773,0.0,0.0,303.24143016050425,1194.8133654316616,0.0,0.0,0.0,0.0,0.0
1981-03-19 12:00:00+01:00,BE_RES_APT_AS_IS_HP_V1,away,0.17500000000000004,6.195098876953125,16.0,11.223086195507642,7.258376474819669,11.330225261844216,24.000000000000004,164.9508786495088,27.521793275217934,17.60936874013865,234.0820406648654,196.4104430904,256.4273532462804,400.3048232545867,2206.9341776754695,2206.9341776754695,0.0,0.0,3.669774738155784,445.2054794520537,61.609243116092436,85.44347585443477,0.0,0.0,235.64411235644005,32.378580323785805,30.130067801300633,0.0,0.0,298.1527604815265,298.1527604815265,298.1527604815265,0.0,2452.149086306077,444.7831369495408,0.0,0.0,0.0,0.0,0.0,0.0,0.0,0.0,0.0,0.0,gas_boiler,gas_boiler,True,5,2607.239000930056,235.64411235644116,32.378580323785805,35.2187374802773,0.0,0.0,303.24143016050425,2896.932223255618,0.0,0.0,0.0,0.0,0.0
1981-03-20 12:00:00+01:00,BE_RES_APT_AS_IS_HP_V1,away,0.17500000000000004,4.6177978515625,16.0,11.330225261844216,5.771196636122294,9.751719915683163,24.000000000000004,164.9508786495088,27.521793275217934,17.60936874013865,234.0820406648654,196.4104430904,342.33379792436756,400.3048232545867,2157.4359290279726,2157.4359290279726,0.0,0.0,5.248280084316837,445.2054794520537,61.609243116092436,85.44347585443477,0.0,0.0,235.64411235644005,32.378580323785805,30.130067801300633,0.0,0.0,298.1527604815265,298.1527604815265,298.1527604815265,0.0,2397.1510322533027,444.7831369495408,0.0,0.0,0.0,0.0,0.0,0.0,0.0,0.0,0.0,0.0,gas_boiler,gas_boiler,True,5,2557.7407522825592,235.64411235644116,32.378580323785805,35.2187374802773,0.0,0.0,303.24143016050425,2841.9341692028433,0.0,0.0,0.0,0.0,0.0
1981-03-21 12:00:00+01:00,BE_RES_APT_AS_IS_HP_V1,occupied_day,0.95,8.51983642578125,21.0,9.751719915683163,9.540714856382122,18.84506744476341,132.25,164.9508786495088,27.521793275217934,17.60936874013865,342.3320406648654,196.4104430904,87.4637277830358,400.3048232545867,5196.705398954379,5196.705398954379,0.0,0.0,0.0,445.2054794520537,61.609243116092436,85.44347585443477,0.0,0.0,235.64411235644005,32.378580323785805,30.130067801300633,0.0,0.0,298.1527604815265,298.1527604815265,298.1527604815265,0.0,5774.11710994931,444.7831369495408,0.0,0.0,0.0,0.0,0.0,0.0,0.0,0.0,0.0,0.0,gas_boiler,gas_boiler,True,5,5597.010222208966,235.64411235644116,32.378580323785805,35.2187374802773,0.0,0.0,303.24143016050425,6218.900246898851,0.0,0.0,0.0,0.0,0.0
1981-03-22 12:00:00+01:00,BE_RES_APT_AS_IS_HP_V1,occupied_day,0.95,6.045074462890625,21.0,18.84506744476341,7.594606665689695,9.377123828118659,132.25,164.9508786495088,27.521793275217934,17.60936874013865,342.3320406648654,196.4104430904,908.7995017129676,400.3048232545867,995.5788405193053,995.5788405193053,0.0,0.0,5.622876171881341,445.2054794520537,61.609243116092436,85.44347585443477,0.0,0.0,235.64411235644005,32.378580323785805,30.130067801300633,0.0,0.0,298.1527604815265,298.1527604815265,298.1527604815265,0.0,1106.198711688117,444.7831369495408,0.0,0.0,0.0,0.0,0.0,0.0,0.0,0.0,0.0,0.0,gas_boiler,gas_boiler,True,5,1395.883663773892,235.64411235644116,32.378580323785805,35.2187374802773,0.0,0.0,303.24143016050425,1550.981848637658,0.0,0.0,0.0,0.0,0.0
1981-03-23 12:00:00+01:00,BE_RES_APT_AS_IS_HP_V1,away,0.17500000000000004,3.54364013671875,16.0,9.377123828118659,4.650013532028289,10.295363523842646,24.000000000000004,164.9508786495088,27.521793275217934,17.60936874013865,234.0820406648654,196.4104430904,297.5076682613954,400.3048232545867,3059.76879140918,3059.76879140918,0.0,0.0,4.704636476157354,445.2054794520537,61.609243116092436,85.44347585443477,0.0,0.0,235.64411235644005,32.378580323785805,30.130067801300633,0.0,0.0,298.1527604815265,298.1527604815265,298.1527604815265,0.0,3399.7431015657553,444.7831369495408,0.0,0.0,0.0,0.0,0.0,0.0,0.0,0.0,0.0,0.0,gas_boiler,gas_boiler,True,5,3460.0736146637664,235.64411235644116,32.378580323785805,35.2187374802773,0.0,0.0,303.24143016050425,3844.526238515296,0.0,0.0,0.0,0.0,0.0
1981-03-24 12:00:00+01:00,BE_RES_APT_AS_IS_HP_V1,away,0.17500000000000004,3.20849609375,16.0,10.295363523842646,4.381928228914863,9.244569270085124,24.000000000000004,164.9508786495088,27.521793275217934,17.60936874013865,234.0820406648654,196.4104430904,361.43023893472497,400.3048232545867,2635.542051984698,2635.542051984698,0.0,0.0,5.755430729914876,445.2054794520537,61.609243116092436,85.44347585443477,0.0,0.0,235.64411235644005,32.378580323785805,30.130067801300633,0.0,0.0,298.1527604815265,298.1527604815265,298.1527604815265,0.0,2928.3800577607753,444.7831369495408,0.0,0.0,0.0,0.0,0.0,0.0,0.0,0.0,0.0,0.0,gas_boiler,gas_boiler,True,5,3035.8468752392846,235.64411235644116,32.378580323785805,35.2187374802773,0.0,0.0,303.24143016050425,3373.163194710316,0.0,0.0,0.0,0.0,0.0
1981-03-25 12:00:00+01:00,BE_RES_APT_AS_IS_HP_V1,away,0.17500000000000004,3.239654541015625,16.0,9.244569270085124,4.355199867477074,10.113539571568808,24.000000000000004,164.9508786495088,27.521793275217934,17.60936874013865,234.0820406648654,196.4104430904,306.2506511825445,400.3048232545867,3121.008997220673,3121.008997220673,0.0,0.0,4.886460428431192,445.2054794520537,61.609243116092436,85.44347585443477,0.0,0.0,235.64411235644005,32.378580323785805,30.130067801300633,0.0,0.0,298.1527604815265,298.1527604815265,298.1527604815265,0.0,3467.7877746896365,444.7831369495408,0.0,0.0,0.0,0.0,0.0,0.0,0.0,0.0,0.0,0.0,gas_boiler,gas_boiler,True,5,3521.3138204752595,235.64411235644116,32.378580323785805,35.2187374802773,0.0,0.0,303.24143016050425,3912.570911639177,0.0,0.0,0.0,0.0,0.0
1981-03-26 12:00:00+01:00,BE_RES_APT_AS_IS_HP_V1,away,0.17500000000000004,3.069976806640625,16.0,10.113539571568808,4.241092048593825,9.258720110635592,24.000000000000004,164.9508786495088,27.521793275217934,17.60936874013865,234.0820406648654,196.4104430904,359.22170101133736,400.3048232545867,2719.5447179352113,2719.5447179352113,0.0,0.0,5.741279889364408,445.2054794520537,61.609243116092436,85.44347585443477,0.0,0.0,235.64411235644005,32.378580323785805,30.130067801300633,0.0,0.0,298.1527604815265,298.1527604815265,298.1527604815265,0.0,3021.716353261346,444.7831369495408,0.0,0.0,0.0,0.0,0.0,0.0,0.0,0.0,0.0,0.0,gas_boiler,gas_boiler,True,5,3119.849541189798,235.64411235644116,32.378580323785805,35.2187374802773,0.0,0.0,303.24143016050425,3466.4994902108865,0.0,0.0,0.0,0.0,0.0
1981-03-27 12:00:00+01:00,BE_RES_APT_AS_IS_HP_V1,away,0.17500000000000004,3.9315185546875,16.0,9.258720110635592,5.010804761160465,10.757082266667704,24.000000000000004,164.9508786495088,27.521793275217934,17.60936874013865,234.0820406648654,196.4104430904,271.6872793533527,400.3048232545867,3114.471308886357,3114.471308886357,0.0,0.0,4.2429177333322965,445.2054794520537,61.609243116092436,85.44347585443477,0.0,0.0,235.64411235644005,32.378580323785805,30.130067801300633,0.0,0.0,298.1527604815265,298.1527604815265,298.1527604815265,0.0,3460.5236765403965,444.7831369495408,0.0,0.0,0.0,0.0,0.0,0.0,0.0,0.0,0.0,0.0,gas_boiler,gas_boiler,True,5,3514.7761321409434,235.64411235644116,32.378580323785805,35.2187374802773,0.0,0.0,303.24143016050425,3905.306813489937,0.0,0.0,0.0,0.0,0.0
1981-03-28 12:00:00+01:00,BE_RES_APT_AS_IS_HP_V1,occupied_day,0.95,4.81866455078125,21.0,10.757082266667704,6.054628002341996,14.52736493726116,132.25,164.9508786495088,27.521793275217934,17.60936874013865,342.3320406648654,196.4104430904,421.6276578279382,400.3048232545867,4732.227992799521,4732.227992799521,0.0,0.0,0.47263506273884026,445.2054794520537,61.609243116092436,85.44347585443477,0.0,0.0,235.64411235644005,32.378580323785805,30.130067801300633,0.0,0.0,298.1527604815265,298.1527604815265,298.1527604815265,0.0,5258.031103110579,444.7831369495408,0.0,0.0,0.0,0.0,0.0,0.0,0.0,0.0,0.0,0.0,gas_boiler,gas_boiler,True,5,5132.5328160541085,235.64411235644116,32.378580323785805,35.2187374802773,0.0,0.0,303.24143016050425,5702.81424006012,0.0,0.0,0.0,0.0,0.0
1981-03-29 13:00:00+02:00,BE_RES_APT_AS_IS_HP_V1,away,0.52,4.0091552734375,16.0,14.52736493726116,5.3444791373559415,6.562613443669967,70.85000000000001,164.9508786495088,27.521793275217934,17.60936874013865,280.93204066486544,196.4104430904,746.7928861314798,400.3048232545867,680.3573989853443,680.3573989853443,0.0,0.0,8.437386556330033,445.2054794520537,61.609243116092436,85.44347585443477,0.0,0.0,235.64411235644005,32.378580323785805,30.130067801300633,0.0,0.0,298.1527604815265,298.1527604815265,298.1527604815265,0.0,755.9526655392714,444.7831369495408,0.0,0.0,0.0,0.0,0.0,0.0,0.0,0.0,0.0,0.0,gas_boiler,gas_boiler,True,5,1080.662222239931,235.64411235644116,32.378580323785805,35.2187374802773,0.0,0.0,303.24143016050425,1200.7358024888122,0.0,0.0,0.0,0.0,0.0
1981-03-30 13:00:00+02:00,BE_RES_APT_AS_IS_HP_V1,away,0.17500000000000004,4.175384521484375,16.0,6.562613443669967,5.097375835784192,13.1418188747052,24.000000000000004,164.9508786495088,27.521793275217934,17.60936874013865,234.0820406648654,196.4104430904,121.74867503146523,400.3048232545867,4360.072589024476,4360.072589024476,0.0,0.0,1.8581811252948004,445.2054794520537,61.609243116092436,85.44347585443477,0.0,0.0,235.64411235644005,32.378580323785805,30.130067801300633,0.0,0.0,298.1527604815265,298.1527604815265,298.1527604815265,0.0,4844.525098916084,444.7831369495408,0.0,0.0,0.0,0.0,0.0,0.0,0.0,0.0,0.0,0.0,gas_boiler,gas_boiler,True,5,4760.377412279063,235.64411235644116,32.378580323785805,35.2187374802773,0.0,0.0,303.24143016050425,5289.308235865625,0.0,0.0,0.0,0.0,0.0
1981-03-31 13:00:00+02:00,BE_RES_APT_AS_IS_HP_V1,away,0.17500000000000004,3.611907958984375,16.0,13.1418188747052,4.916048202528604,7.3523662573327915,24.000000000000004,164.9508786495088,27.521793275217934,17.60936874013865,234.0820406648654,196.4104430904,486.0254567017621,400.3048232545867,1320.479679886198,1320.479679886198,0.0,0.0,7.6476337426672085,445.2054794520537,61.609243116092436,85.44347585443477,0.0,0.0,235.64411235644005,32.378580323785805,30.130067801300633,0.0,0.0,298.1527604815265,298.1527604815265,298.1527604815265,0.0,1467.1996443179978,444.7831369495408,0.0,0.0,0.0,0.0,0.0,0.0,0.0,0.0,0.0,0.0,gas_boiler,gas_boiler,True,5,1720.7845031407846,235.64411235644116,32.378580323785805,35.2187374802773,0.0,0.0,303.24143016050425,1911.9827812675385,0.0,0.0,0.0,0.0,0.0
1981-04-01 13:00:00+02:00,BE_RES_APT_AS_IS_HP_V1,away,0.17500000000000004,4.293121337890625,16.0,7.3523662573327915,5.251066960952773,12.622323468155752,24.000000000000004,164.9508786495088,27.521793275217934,17.60936874013865,234.0820406648654,196.4104430904,156.0214908915505,400.3048232545867,3995.206789112251,3995.206789112251,0.0,0.0,2.377676531844248,445.2054794520537,61.609243116092436,85.44347585443477,0.0,0.0,235.64411235644005,32.378580323785805,30.130067801300633,0.0,0.0,298.1527604815265,298.1527604815265,298.1527604815265,0.0,4439.118654569168,444.7831369495408,0.0,0.0,0.0,0.0,0.0,0.0,0.0,0.0,0.0,0.0,gas_boiler,gas_boiler,True,5,4395.511612366838,235.64411235644116,32.378580323785805,35.2187374802773,0.0,0.0,303.24143016050425,4883.901791518709,0.0,0.0,0.0,0.0,0.0
1981-04-02 13:00:00+02:00,BE_RES_APT_AS_IS_HP_V1,away,0.17500000000000004,3.074615478515625,16.0,12.622323468155752,4.379707903992089,7.258844654631628,24.000000000000004,164.9508786495088,27.521793275217934,17.60936874013865,234.0820406648654,196.4104430904,486.93310747164657,400.3048232545867,1560.4865577120427,1560.4865577120427,0.0,0.0,7.741155345368372,445.2054794520537,61.609243116092436,85.44347585443477,0.0,0.0,235.64411235644005,32.378580323785805,30.130067801300633,0.0,0.0,298.1527604815265,298.1527604815265,298.1527604815265,0.0,1733.8739530133807,444.7831369495408,0.0,0.0,0.0,0.0,0.0,0.0,0.0,0.0,0.0,0.0,gas_boiler,gas_boiler,True,5,1960.7913809666293,235.64411235644116,32.378580323785805,35.2187374802773,0.0,0.0,303.24143016050425,2178.6570899629214,0.0,0.0,0.0,0.0,0.0
1981-04-03 13:00:00+02:00,BE_RES_APT_AS_IS_HP_V1,away,0.17500000000000004,6.15142822265625,16.0,7.258844654631628,7.004946801755183,14.455921269152713,24.000000000000004,164.9508786495088,27.521793275217934,17.60936874013865,234.0820406648654,196.4104430904,56.47823803074428,400.3048232545867,4038.413769560189,4038.413769560189,0.0,0.0,0.5440787308472874,445.2054794520537,61.609243116092436,85.44347585443477,0.0,0.0,235.64411235644005,32.378580323785805,30.130067801300633,0.0,0.0,298.1527604815265,298.1527604815265,298.1527604815265,0.0,4487.126410622432,444.7831369495408,0.0,0.0,0.0,0.0,0.0,0.0,0.0,0.0,0.0,0.0,gas_boiler,gas_boiler,True,5,4438.718592814776,235.64411235644116,32.378580323785805,35.2187374802773,0.0,0.0,303.24143016050425,4931.909547571972,0.0,0.0,0.0,0.0,0.0
1981-04-04 13:00:00+02:00,BE_RES_APT_AS_IS_HP_V1,away,0.52,5.191253662109375,16.0,14.455921269152713,6.4692916110400684,7.7465226924437465,70.85000000000001,164.9508786495088,27.521793275217934,17.60936874013865,280.93204066486544,196.4104430904,657.791400100077,400.3048232545867,713.3643736514468,713.3643736514468,0.0,0.0,7.2534773075562535,445.2054794520537,61.609243116092436,85.44347585443477,0.0,0.0,235.64411235644005,32.378580323785805,30.130067801300633,0.0,0.0,298.1527604815265,298.1527604815265,298.1527604815265,0.0,792.6270818349409,444.7831369495408,0.0,0.0,0.0,0.0,0.0,0.0,0.0,0.0,0.0,0.0,gas_boiler,gas_boiler,True,5,1113.6691969060334,235.64411235644116,32.378580323785805,35.2187374802773,0.0,0.0,303.24143016050425,1237.4102187844817,0.0,0.0,0.0,0.0,0.0
1981-04-05 13:00:00+02:00,BE_RES_APT_AS_IS_HP_V1,away,0.52,4.870513916015625,16.0,7.7465226924437465,5.856595033760011,12.683706589843855,70.85000000000001,164.9508786495088,27.521793275217934,17.60936874013865,280.93204066486544,196.4104430904,204.19662312639662,400.3048232545867,3813.1065160909893,3813.1065160909893,0.0,0.0,2.3162934101561454,445.2054794520537,61.609243116092436,85.44347585443477,0.0,0.0,235.64411235644005,32.378580323785805,30.130067801300633,0.0,0.0,298.1527604815265,298.1527604815265,298.1527604815265,0.0,4236.785017878877,444.7831369495408,0.0,0.0,0.0,0.0,0.0,0.0,0.0,0.0,0.0,0.0,gas_boiler,gas_boiler,True,5,4213.411339345576,235.64411235644116,32.378580323785805,35.2187374802773,0.0,0.0,303.24143016050425,4681.568154828417,0.0,0.0,0.0,0.0,0.0
1981-04-06 13:00:00+02:00,BE_RES_APT_AS_IS_HP_V1,away,0.17500000000000004,6.24713134765625,16.0,12.683706589843855,7.385771444826304,10.212585126677281,24.000000000000004,164.9508786495088,27.521793275217934,17.60936874013865,234.0820406648654,196.4104430904,328.2653373515679,400.3048232545867,1532.1275554921394,1532.1275554921394,0.0,0.0,4.787414873322719,445.2054794520537,61.609243116092436,85.44347585443477,0.0,0.0,235.64411235644005,32.378580323785805,30.130067801300633,0.0,0.0,298.1527604815265,298.1527604815265,298.1527604815265,0.0,1702.3639505468216,444.7831369495408,0.0,0.0,0.0,0.0,0.0,0.0,0.0,0.0,0.0,0.0,gas_boiler,gas_boiler,True,5,1932.432378746726,235.64411235644116,32.378580323785805,35.2187374802773,0.0,0.0,303.24143016050425,2147.1470874963625,0.0,0.0,0.0,0.0,0.0
1981-04-07 13:00:00+02:00,BE_RES_APT_AS_IS_HP_V1,away,0.17500000000000004,4.581268310546875,16.0,10.212585126677281,5.676825340941547,10.61002681713005,24.000000000000004,164.9508786495088,27.521793275217934,17.60936874013865,234.0820406648654,196.4104430904,287.19715762265076,400.3048232545867,2673.7856714750965,2673.7856714750965,0.0,0.0,4.38997318286995,445.2054794520537,61.609243116092436,85.44347585443477,0.0,0.0,235.64411235644005,32.378580323785805,30.130067801300633,0.0,0.0,298.1527604815265,298.1527604815265,298.1527604815265,0.0,2970.8729683056627,444.7831369495408,0.0,0.0,0.0,0.0,0.0,0.0,0.0,0.0,0.0,0.0,gas_boiler,gas_boiler,True,5,3074.090494729683,235.64411235644116,32.378580323785805,35.2187374802773,0.0,0.0,303.24143016050425,3415.6561052552033,0.0,0.0,0.0,0.0,0.0
1981-04-08 13:00:00+02:00,BE_RES_APT_AS_IS_HP_V1,away,0.17500000000000004,4.904266357421875,16.0,10.61002681713005,6.00380628369628,10.598227842260737,24.000000000000004,164.9508786495088,27.521793275217934,17.60936874013865,234.0820406648654,196.4104430904,290.993783445117,400.3048232545867,2490.167610485917,2490.167610485917,0.0,0.0,4.401772157739263,445.2054794520537,61.609243116092436,85.44347585443477,0.0,0.0,235.64411235644005,32.378580323785805,30.130067801300633,0.0,0.0,298.1527604815265,298.1527604815265,298.1527604815265,0.0,2766.8529005399078,444.7831369495408,0.0,0.0,0.0,0.0,0.0,0.0,0.0,0.0,0.0,0.0,gas_boiler,gas_boiler,True,5,2890.4724337405037,235.64411235644116,32.378580323785805,35.2187374802773,0.0,0.0,303.24143016050425,3211.6360374894484,0.0,0.0,0.0,0.0,0.0
1981-04-09 13:00:00+02:00,BE_RES_APT_AS_IS_HP_V1,away,0.17500000000000004,4.7845458984375,16.0,10.598227842260737,5.889859857439999,10.49433888060944,24.000000000000004,164.9508786495088,27.521793275217934,17.60936874013865,234.0820406648654,196.4104430904,296.49777913498514,400.3048232545867,2495.6187368755395,2495.6187368755395,0.0,0.0,4.50566111939056,445.2054794520537,61.609243116092436,85.44347585443477,0.0,0.0,235.64411235644005,32.378580323785805,30.130067801300633,0.0,0.0,298.1527604815265,298.1527604815265,298.1527604815265,0.0,2772.9097076394883,444.7831369495408,0.0,0.0,0.0,0.0,0.0,0.0,0.0,0.0,0.0,0.0,gas_boiler,gas_boiler,True,5,2895.923560130126,235.64411235644116,32.378580323785805,35.2187374802773,0.0,0.0,303.24143016050425,3217.692844589029,0.0,0.0,0.0,0.0,0.0
1981-04-10 13:00:00+02:00,BE_RES_APT_AS_IS_HP_V1,away,0.17500000000000004,6.877410888671875,16.0,10.49433888060944,7.865193761832059,12.558227898155783,24.000000000000004,164.9508786495088,27.521793275217934,17.60936874013865,234.0820406648654,196.4104430904,184.46332758881587,400.3048232545867,2543.615437158439,2543.615437158439,0.0,0.0,2.441772101844217,445.2054794520537,61.609243116092436,85.44347585443477,0.0,0.0,235.64411235644005,32.378580323785805,30.130067801300633,0.0,0.0,298.1527604815265,298.1527604815265,298.1527604815265,0.0,2826.2393746204875,444.7831369495408,0.0,0.0,0.0,0.0,0.0,0.0,0.0,0.0,0.0,0.0,gas_boiler,gas_boiler,True,5,2943.9202604130255,235.64411235644116,32.378580323785805,35.2187374802773,0.0,0.0,303.24143016050425,3271.022511570028,0.0,0.0,0.0,0.0,0.0
1981-04-11 13:00:00+02:00,BE_RES_APT_AS_IS_HP_V1,away,0.52,8.71661376953125,16.0,12.558227898155783,9.746822314686979,12.593787443965912,70.85000000000001,164.9508786495088,27.521793275217934,17.60936874013865,280.93204066486544,196.4104430904,272.75460313234186,400.3048232545867,1590.0987110520284,1590.0987110520284,0.0,0.0,2.406212556034088,445.2054794520537,61.609243116092436,85.44347585443477,0.0,0.0,235.64411235644005,32.378580323785805,30.130067801300633,0.0,0.0,298.1527604815265,298.1527604815265,298.1527604815265,0.0,1766.7763456133648,444.7831369495408,0.0,0.0,0.0,0.0,0.0,0.0,0.0,0.0,0.0,0.0,gas_boiler,gas_boiler,True,5,1990.4035343066153,235.64411235644116,32.378580323785805,35.2187374802773,0.0,0.0,303.24143016050425,2211.5594825629055,0.0,0.0,0.0,0.0,0.0
1981-04-12 13:00:00+02:00,BE_RES_APT_AS_IS_HP_V1,away,0.52,9.67901611328125,16.0,12.593787443965912,10.666868650162185,13.484419633489914,70.85000000000001,164.9508786495088,27.521793275217934,17.60936874013865,280.93204066486544,196.4104430904,206.948764478611,400.3048232545867,1573.670200887749,1573.670200887749,0.0,0.0,1.5155803665100862,445.2054794520537,61.609243116092436,85.44347585443477,0.0,0.0,235.64411235644005,32.378580323785805,30.130067801300633,0.0,0.0,298.1527604815265,298.1527604815265,298.1527604815265,0.0,1748.522445430832,444.7831369495408,0.0,0.0,0.0,0.0,0.0,0.0,0.0,0.0,0.0,0.0,gas_boiler,gas_boiler,True,5,1973.9750241423358,235.64411235644116,32.378580323785805,35.2187374802773,0.0,0.0,303.24143016050425,2193.305582380373,0.0,0.0,0.0,0.0,0.0
1981-04-13 13:00:00+02:00,BE_RES_APT_AS_IS_HP_V1,away,0.17500000000000004,10.13824462890625,16.0,13.484419633489914,11.111541631870804,13.25582626484952,24.000000000000004,164.9508786495088,27.521793275217934,17.60936874013865,234.0820406648654,196.4104430904,170.65492523376687,400.3048232545867,1162.19812932766,1162.19812932766,0.0,0.0,1.7441737351504791,445.2054794520537,61.609243116092436,85.44347585443477,0.0,0.0,235.64411235644005,32.378580323785805,30.130067801300633,0.0,0.0,298.1527604815265,298.1527604815265,298.1527604815265,0.0,1291.331254808511,444.7831369495408,0.0,0.0,0.0,0.0,0.0,0.0,0.0,0.0,0.0,0.0,gas_boiler,gas_boiler,True,5,1562.5029525822465,235.64411235644116,32.378580323785805,35.2187374802773,0.0,0.0,303.24143016050425,1736.1143917580516,0.0,0.0,0.0,0.0,0.0
1981-04-14 13:00:00+02:00,BE_RES_APT_AS_IS_HP_V1,away,0.17500000000000004,6.639678955078125,16.0,13.25582626484952,7.787926546101533,10.127064523502101,24.000000000000004,164.9508786495088,27.521793275217934,17.60936874013865,234.0820406648654,196.4104430904,337.4235127983412,400.3048232545867,1267.8082656395216,1267.8082656395216,0.0,0.0,4.872935476497899,445.2054794520537,61.609243116092436,85.44347585443477,0.0,0.0,235.64411235644005,32.378580323785805,30.130067801300633,0.0,0.0,298.1527604815265,298.1527604815265,298.1527604815265,0.0,1408.6758507105794,444.7831369495408,0.0,0.0,0.0,0.0,0.0,0.0,0.0,0.0,0.0,0.0,gas_boiler,gas_boiler,True,5,1668.1130888941084,235.64411235644116,32.378580323785805,35.2187374802773,0.0,0.0,303.24143016050425,1853.4589876601203,0.0,0.0,0.0,0.0,0.0
1981-04-15 13:00:00+02:00,BE_RES_APT_AS_IS_HP_V1,away,0.17500000000000004,4.848236083984375,16.0,10.127064523502101,5.92493422414488,10.931033596036878,24.000000000000004,164.9508786495088,27.521793275217934,17.60936874013865,234.0820406648654,196.4104430904,269.22025041540405,400.3048232545867,2713.2961901420294,2713.2961901420294,0.0,0.0,4.068966403963122,445.2054794520537,61.609243116092436,85.44347585443477,0.0,0.0,235.64411235644005,32.378580323785805,30.130067801300633,0.0,0.0,298.1527604815265,298.1527604815265,298.1527604815265,0.0,3014.773544602255,444.7831369495408,0.0,0.0,0.0,0.0,0.0,0.0,0.0,0.0,0.0,0.0,gas_boiler,gas_boiler,True,5,3113.601013396616,235.64411235644116,32.378580323785805,35.2187374802773,0.0,0.0,303.24143016050425,3459.5566815517955,0.0,0.0,0.0,0.0,0.0
1981-04-16 13:00:00+02:00,BE_RES_APT_AS_IS_HP_V1,away,0.17500000000000004,4.062347412109375,16.0,10.931033596036878,5.224106378893134,9.54490125780321,24.000000000000004,164.9508786495088,27.521793275217934,17.60936874013865,234.0820406648654,196.4104430904,350.3029953803027,400.3048232545867,2341.862478630963,2341.862478630963,0.0,0.0,5.455098742196791,445.2054794520537,61.609243116092436,85.44347585443477,0.0,0.0,235.64411235644005,32.378580323785805,30.130067801300633,0.0,0.0,298.1527604815265,298.1527604815265,298.1527604815265,0.0,2602.0694207010697,444.7831369495408,0.0,0.0,0.0,0.0,0.0,0.0,0.0,0.0,0.0,0.0,gas_boiler,gas_boiler,True,5,2742.1673018855495,235.64411235644116,32.378580323785805,35.2187374802773,0.0,0.0,303.24143016050425,3046.8525576506104,0.0,0.0,0.0,0.0,0.0
1981-04-17 13:00:00+02:00,BE_RES_APT_AS_IS_HP_V1,away,0.17500000000000004,6.4205322265625,16.0,9.54490125780321,7.381962130405219,12.884298379139544,24.000000000000004,164.9508786495088,27.521793275217934,17.60936874013865,234.0820406648654,196.4104430904,159.3428205932762,400.3048232545867,2982.2556188949175,2982.2556188949175,0.0,0.0,2.115701620860456,445.2054794520537,61.609243116092436,85.44347585443477,0.0,0.0,235.64411235644005,32.378580323785805,30.130067801300633,0.0,0.0,298.1527604815265,298.1527604815265,298.1527604815265,0.0,3313.617354327686,444.7831369495408,0.0,0.0,0.0,0.0,0.0,0.0,0.0,0.0,0.0,0.0,gas_boiler,gas_boiler,True,5,3382.560442149504,235.64411235644116,32.378580323785805,35.2187374802773,0.0,0.0,303.24143016050425,3758.4004912772266,0.0,0.0,0.0,0.0,0.0
1981-04-18 13:00:00+02:00,BE_RES_APT_AS_IS_HP_V1,away,0.52,6.103302001953125,16.0,12.884298379139544,7.267838071819196,9.845084212862226,70.85000000000001,164.9508786495088,27.521793275217934,17.60936874013865,280.93204066486544,196.4104430904,481.45074278023577,400.3048232545867,1439.4541488375307,1439.4541488375307,0.0,0.0,5.154915787137774,445.2054794520537,61.609243116092436,85.44347585443477,0.0,0.0,235.64411235644005,32.378580323785805,30.130067801300633,0.0,0.0,298.1527604815265,298.1527604815265,298.1527604815265,0.0,1599.3934987083674,444.7831369495408,0.0,0.0,0.0,0.0,0.0,0.0,0.0,0.0,0.0,0.0,gas_boiler,gas_boiler,True,5,1839.7589720921173,235.64411235644116,32.378580323785805,35.2187374802773,0.0,0.0,303.24143016050425,2044.1766356579083,0.0,0.0,0.0,0.0,0.0
1981-04-19 13:00:00+02:00,BE_RES_APT_AS_IS_HP_V1,away,0.52,6.9407958984375,16.0,9.845084212862226,7.928169369478534,13.019392757058531,70.85000000000001,164.9508786495088,27.521793275217934,17.60936874013865,280.93204066486544,196.4104430904,206.20447032415552,400.3048232545867,2843.571093657652,2843.571093657652,0.0,0.0,1.9806072429414687,445.2054794520537,61.609243116092436,85.44347585443477,0.0,0.0,235.64411235644005,32.378580323785805,30.130067801300633,0.0,0.0,298.1527604815265,298.1527604815265,298.1527604815265,0.0,3159.523437397391,444.7831369495408,0.0,0.0,0.0,0.0,0.0,0.0,0.0,0.0,0.0,0.0,gas_boiler,gas_boiler,True,5,3243.8759169122386,235.64411235644116,32.378580323785805,35.2187374802773,0.0,0.0,303.24143016050425,3604.3065743469315,0.0,0.0,0.0,0.0,0.0
1981-04-20 13:00:00+02:00,BE_RES_APT_AS_IS_HP_V1,away,0.17500000000000004,5.608612060546875,16.0,13.019392757058531,6.799374255770708,9.340048524448989,24.000000000000004,164.9508786495088,27.521793275217934,17.60936874013865,234.0820406648654,196.4104430904,377.9498155220945,400.3048232545867,1377.0405462389588,1377.0405462389588,0.0,0.0,5.659951475551011,445.2054794520537,61.609243116092436,85.44347585443477,0.0,0.0,235.64411235644005,32.378580323785805,30.130067801300633,0.0,0.0,298.1527604815265,298.1527604815265,298.1527604815265,0.0,1530.045051376621,444.7831369495408,0.0,0.0,0.0,0.0,0.0,0.0,0.0,0.0,0.0,0.0,gas_boiler,gas_boiler,True,5,1777.3453694935456,235.64411235644116,32.378580323785805,35.2187374802773,0.0,0.0,303.24143016050425,1974.8281883261616,0.0,0.0,0.0,0.0,0.0
1981-04-21 13:00:00+02:00,BE_RES_APT_AS_IS_HP_V1,away,0.17500000000000004,2.163238525390625,16.0,9.340048524448989,3.3414827824523963,9.018435821015041,24.000000000000004,164.9508786495088,27.521793275217934,17.60936874013865,234.0820406648654,196.4104430904,366.0173099519766,400.3048232545867,3076.8975817045675,3076.8975817045675,0.0,0.0,5.981564178984959,445.2054794520537,61.609243116092436,85.44347585443477,0.0,0.0,235.64411235644005,32.378580323785805,30.130067801300633,0.0,0.0,298.1527604815265,298.1527604815265,298.1527604815265,0.0,3418.7750907828527,444.7831369495408,0.0,0.0,0.0,0.0,0.0,0.0,0.0,0.0,0.0,0.0,gas_boiler,gas_boiler,True,5,3477.202404959154,235.64411235644116,32.378580323785805,35.2187374802773,0.0,0.0,303.24143016050425,3863.5582277323933,0.0,0.0,0.0,0.0,0.0
1981-04-22 13:00:00+02:00,BE_RES_APT_AS_IS_HP_V1,away,0.17500000000000004,3.29351806640625,16.0,9.018435821015041,4.39408294937621,10.34517915860642,24.000000000000004,164.9508786495088,27.521793275217934,17.60936874013865,234.0820406648654,196.4104430904,291.9708054850484,400.3048232545867,3225.4826506910513,3225.4826506910513,0.0,0.0,4.65482084139358,445.2054794520537,61.609243116092436,85.44347585443477,0.0,0.0,235.64411235644005,32.378580323785805,30.130067801300633,0.0,0.0,298.1527604815265,298.1527604815265,298.1527604815265,0.0,3583.8696118789458,444.7831369495408,0.0,0.0,0.0,0.0,0.0,0.0,0.0,0.0,0.0,0.0,gas_boiler,gas_boiler,True,5,3625.787473945638,235.64411235644116,32.378580323785805,35.2187374802773,0.0,0.0,303.24143016050425,4028.6527488284864,0.0,0.0,0.0,0.0,0.0
1981-04-23 13:00:00+02:00,BE_RES_APT_AS_IS_HP_V1,away,0.17500000000000004,5.798919677734375,16.0,10.34517915860642,6.836423794781781,11.656601911082648,24.000000000000004,164.9508786495088,27.521793275217934,17.60936874013865,234.0820406648654,196.4104430904,231.85923352447435,400.3048232545867,2612.527228723834,2612.527228723834,0.0,0.0,3.3433980889173522,445.2054794520537,61.609243116092436,85.44347585443477,0.0,0.0,235.64411235644005,32.378580323785805,30.130067801300633,0.0,0.0,298.1527604815265,298.1527604815265,298.1527604815265,0.0,2902.808031915371,444.7831369495408,0.0,0.0,0.0,0.0,0.0,0.0,0.0,0.0,0.0,0.0,gas_boiler,gas_boiler,True,5,3012.8320519784206,235.64411235644116,32.378580323785805,35.2187374802773,0.0,0.0,303.24143016050425,3347.5911688649117,0.0,0.0,0.0,0.0,0.0
1981-04-24 13:00:00+02:00,BE_RES_APT_AS_IS_HP_V1,away,0.17500000000000004,5.163177490234375,16.0,11.656601911082648,6.3048591413715895,10.007178455421325,24.000000000000004,164.9508786495088,27.521793275217934,17.60936874013865,234.0820406648654,196.4104430904,331.16464546326193,400.3048232545867,2006.649917079817,2006.649917079817,0.0,0.0,4.992821544578675,445.2054794520537,61.609243116092436,85.44347585443477,0.0,0.0,235.64411235644005,32.378580323785805,30.130067801300633,0.0,0.0,298.1527604815265,298.1527604815265,298.1527604815265,0.0,2229.6110189775745,444.7831369495408,0.0,0.0,0.0,0.0,0.0,0.0,0.0,0.0,0.0,0.0,gas_boiler,gas_boiler,True,5,2406.9547403344036,235.64411235644116,32.378580323785805,35.2187374802773,0.0,0.0,303.24143016050425,2674.394155927115,0.0,0.0,0.0,0.0,0.0
1981-04-25 13:00:00+02:00,BE_RES_APT_AS_IS_HP_V1,away,0.52,5.57049560546875,16.0,10.007178455421325,6.6278983368884985,11.585040605043023,70.85000000000001,164.9508786495088,27.521793275217934,17.60936874013865,280.93204066486544,196.4104430904,315.0044823466328,400.3048232545867,2768.6835535953483,2768.6835535953483,0.0,0.0,3.414959394956977,445.2054794520537,61.609243116092436,85.44347585443477,0.0,0.0,235.64411235644005,32.378580323785805,30.130067801300633,0.0,0.0,298.1527604815265,298.1527604815265,298.1527604815265,0.0,3076.3150595503866,444.7831369495408,0.0,0.0,0.0,0.0,0.0,0.0,0.0,0.0,0.0,0.0,gas_boiler,gas_boiler,True,5,3168.988376849935,235.64411235644116,32.378580323785805,35.2187374802773,0.0,0.0,303.24143016050425,3521.0981964999273,0.0,0.0,0.0,0.0,0.0
1981-04-26 13:00:00+02:00,BE_RES_APT_AS_IS_HP_V1,away,0.52,6.82781982421875,16.0,11.585040605043023,7.8998708943670986,11.5518371119705,70.85000000000001,164.9508786495088,27.521793275217934,17.60936874013865,280.93204066486544,196.4104430904,337.7626754385234,400.3048232545867,2039.7112404701236,2039.7112404701236,0.0,0.0,3.4481628880295006,445.2054794520537,61.609243116092436,85.44347585443477,0.0,0.0,235.64411235644005,32.378580323785805,30.130067801300633,0.0,0.0,298.1527604815265,298.1527604815265,298.1527604815265,0.0,2266.3458227445817,444.7831369495408,0.0,0.0,0.0,0.0,0.0,0.0,0.0,0.0,0.0,0.0,gas_boiler,gas_boiler,True,5,2440.0160637247104,235.64411235644116,32.378580323785805,35.2187374802773,0.0,0.0,303.24143016050425,2711.1289596941224,0.0,0.0,0.0,0.0,0.0
1981-04-27 13:00:00+02:00,BE_RES_APT_AS_IS_HP_V1,away,0.17500000000000004,7.748809814453125,16.0,11.5518371119705,8.746549402811441,12.538170395234879,24.000000000000004,164.9508786495088,27.521793275217934,17.60936874013865,234.0820406648654,196.4104430904,193.9543921733861,400.3048232545867,2055.0512542696297,2055.0512542696297,0.0,0.0,2.4618296047651214,445.2054794520537,61.609243116092436,85.44347585443477,0.0,0.0,235.64411235644005,32.378580323785805,30.130067801300633,0.0,0.0,298.1527604815265,298.1527604815265,298.1527604815265,0.0,2283.3902825218106,444.7831369495408,0.0,0.0,0.0,0.0,0.0,0.0,0.0,0.0,0.0,0.0,gas_boiler,gas_boiler,True,5,2455.3560775242163,235.64411235644116,32.378580323785805,35.2187374802773,0.0,0.0,303.24143016050425,2728.1734194713513,0.0,0.0,0.0,0.0,0.0
1981-04-28 13:00:00+02:00,BE_RES_APT_AS_IS_HP_V1,away,0.17500000000000004,9.046356201171877,16.0,12.538170395234879,10.027445215647782,12.97831417706638,24.000000000000004,164.9508786495088,27.521793275217934,17.60936874013865,234.0820406648654,196.4104430904,178.08252389721312,400.3048232545867,1599.3652774014863,1599.3652774014863,0.0,0.0,2.0216858229336196,445.2054794520537,61.609243116092436,85.44347585443477,0.0,0.0,235.64411235644005,32.378580323785805,30.130067801300633,0.0,0.0,298.1527604815265,298.1527604815265,298.1527604815265,0.0,1777.072530446096,444.7831369495408,0.0,0.0,0.0,0.0,0.0,0.0,0.0,0.0,0.0,0.0,gas_boiler,gas_boiler,True,5,1999.670100656073,235.64411235644116,32.378580323785805,35.2187374802773,0.0,0.0,303.24143016050425,2221.855667395637,0.0,0.0,0.0,0.0,0.0
1981-04-29 13:00:00+02:00,BE_RES_APT_AS_IS_HP_V1,away,0.17500000000000004,7.247955322265625,16.0,12.97831417706638,8.348811315859598,10.924501030275339,24.000000000000004,164.9508786495088,27.521793275217934,17.60936874013865,234.0820406648654,196.4104430904,292.24830159483855,400.3048232545867,1396.0188501953326,1396.0188501953326,0.0,0.0,4.075498969724661,445.2054794520537,61.609243116092436,85.44347585443477,0.0,0.0,235.64411235644005,32.378580323785805,30.130067801300633,0.0,0.0,298.1527604815265,298.1527604815265,298.1527604815265,0.0,1551.1320557725917,444.7831369495408,0.0,0.0,0.0,0.0,0.0,0.0,0.0,0.0,0.0,0.0,gas_boiler,gas_boiler,True,5,1796.3236734499192,235.64411235644116,32.378580323785805,35.2187374802773,0.0,0.0,303.24143016050425,1995.9151927221324,0.0,0.0,0.0,0.0,0.0
1981-04-30 13:00:00+02:00,BE_RES_APT_AS_IS_HP_V1,away,0.17500000000000004,4.504608154296875,16.0,10.924501030275339,5.6423557088072025,9.968718956974278,24.000000000000004,164.9508786495088,27.521793275217934,17.60936874013865,234.0820406648654,196.4104430904,327.4145366749017,400.3048232545867,2344.8805240127936,2344.8805240127936,0.0,0.0,5.0312810430257215,445.2054794520537,61.609243116092436,85.44347585443477,0.0,0.0,235.64411235644005,32.378580323785805,30.130067801300633,0.0,0.0,298.1527604815265,298.1527604815265,298.1527604815265,0.0,2605.4228044586594,444.7831369495408,0.0,0.0,0.0,0.0,0.0,0.0,0.0,0.0,0.0,0.0,gas_boiler,gas_boiler,True,5,2745.18534726738,235.64411235644116,32.378580323785805,35.2187374802773,0.0,0.0,303.24143016050425,3050.2059414082,0.0,0.0,0.0,0.0,0.0
1981-05-01 13:00:00+02:00,BE_RES_APT_AS_IS_HP_V1,away,0.17500000000000004,4.9827880859375,16.0,9.968718956974278,6.043815572935147,11.184888953022703,24.000000000000004,164.9508786495088,27.521793275217934,17.60936874013865,234.0820406648654,196.4104430904,254.28247442287574,400.3048232545867,2786.451841877884,2786.451841877884,0.0,0.0,3.8151110469772966,445.2054794520537,61.609243116092436,85.44347585443477,0.0,0.0,235.64411235644005,32.378580323785805,30.130067801300633,0.0,0.0,298.1527604815265,298.1527604815265,298.1527604815265,0.0,3096.0576020865374,444.7831369495408,0.0,0.0,0.0,0.0,0.0,0.0,0.0,0.0,0.0,0.0,gas_boiler,gas_boiler,True,5,3186.7566651324705,235.64411235644116,32.378580323785805,35.2187374802773,0.0,0.0,303.24143016050425,3540.840739036078,0.0,0.0,0.0,0.0,0.0
1981-05-02 13:00:00+02:00,BE_RES_APT_AS_IS_HP_V1,away,0.52,6.882659912109375,16.0,11.184888953022703,7.933918207103764,11.916881877767691,70.85000000000001,164.9508786495088,27.521793275217934,17.60936874013865,280.93204066486544,196.4104430904,305.4582619048463,400.3048232545867,2224.5813037035114,2224.5813037035114,0.0,0.0,3.0831181222323085,445.2054794520537,61.609243116092436,85.44347585443477,0.0,0.0,235.64411235644005,32.378580323785805,30.130067801300633,0.0,0.0,298.1527604815265,298.1527604815265,298.1527604815265,0.0,2471.7570041150125,444.7831369495408,0.0,0.0,0.0,0.0,0.0,0.0,0.0,0.0,0.0,0.0,gas_boiler,gas_boiler,True,5,2624.886126958098,235.64411235644116,32.378580323785805,35.2187374802773,0.0,0.0,303.24143016050425,2916.540141064553,0.0,0.0,0.0,0.0,0.0
1981-05-03 13:00:00+02:00,BE_RES_APT_AS_IS_HP_V1,away,0.52,7.300323486328125,16.0,11.916881877767691,8.36594639266922,11.74342013838686,70.85000000000001,164.9508786495088,27.521793275217934,17.60936874013865,280.93204066486544,196.4104430904,327.7756457922092,400.3048232545867,1886.4005724713268,1886.4005724713268,0.0,0.0,3.2565798616131403,445.2054794520537,61.609243116092436,85.44347585443477,0.0,0.0,235.64411235644005,32.378580323785805,30.130067801300633,0.0,0.0,298.1527604815265,298.1527604815265,298.1527604815265,0.0,2096.0006360792518,444.7831369495408,0.0,0.0,0.0,0.0,0.0,0.0,0.0,0.0,0.0,0.0,gas_boiler,gas_boiler,True,5,2286.7053957259136,235.64411235644116,32.378580323785805,35.2187374802773,0.0,0.0,303.24143016050425,2540.7837730287924,0.0,0.0,0.0,0.0,0.0
1981-05-04 13:00:00+02:00,BE_RES_APT_AS_IS_HP_V1,away,0.17500000000000004,5.68804931640625,16.0,11.74342013838686,6.8062941529253065,10.43460947443747,24.000000000000004,164.9508786495088,27.521793275217934,17.60936874013865,234.0820406648654,196.4104430904,308.82391192101113,400.3048232545867,1966.539896065271,1966.539896065271,0.0,0.0,4.565390525562529,445.2054794520537,61.609243116092436,85.44347585443477,0.0,0.0,235.64411235644005,32.378580323785805,30.130067801300633,0.0,0.0,298.1527604815265,298.1527604815265,298.1527604815265,0.0,2185.0443289614122,444.7831369495408,0.0,0.0,0.0,0.0,0.0,0.0,0.0,0.0,0.0,0.0,gas_boiler,gas_boiler,True,5,2366.8447193198576,235.64411235644116,32.378580323785805,35.2187374802773,0.0,0.0,303.24143016050425,2629.827465910953,0.0,0.0,0.0,0.0,0.0
1981-05-05 13:00:00+02:00,BE_RES_APT_AS_IS_HP_V1,away,0.17500000000000004,7.249603271484375,16.0,10.43460947443747,8.214277395112221,12.958224970535957,24.000000000000004,164.9508786495088,27.521793275217934,17.60936874013865,234.0820406648654,196.4104430904,162.4353163506079,400.3048232545867,2571.2104228098888,2571.2104228098888,0.0,0.0,2.041775029464043,445.2054794520537,61.609243116092436,85.44347585443477,0.0,0.0,235.64411235644005,32.378580323785805,30.130067801300633,0.0,0.0,298.1527604815265,298.1527604815265,298.1527604815265,0.0,2856.9004697887653,444.7831369495408,0.0,0.0,0.0,0.0,0.0,0.0,0.0,0.0,0.0,0.0,gas_boiler,gas_boiler,True,5,2971.5152460644754,235.64411235644116,32.378580323785805,35.2187374802773,0.0,0.0,303.24143016050425,3301.683606738306,0.0,0.0,0.0,0.0,0.0
1981-05-06 13:00:00+02:00,BE_RES_APT_AS_IS_HP_V1,away,0.17500000000000004,8.95843505859375,16.0,12.958224970535957,9.966701872227647,12.559515657663106,24.000000000000004,164.9508786495088,27.521793275217934,17.60936874013865,234.0820406648654,196.4104430904,203.9892855090526,400.3048232545867,1405.3000636123882,1405.3000636123882,0.0,0.0,2.4404843423368945,445.2054794520537,61.609243116092436,85.44347585443477,0.0,0.0,235.64411235644005,32.378580323785805,30.130067801300633,0.0,0.0,298.1527604815265,298.1527604815265,298.1527604815265,0.0,1561.4445151248756,444.7831369495408,0.0,0.0,0.0,0.0,0.0,0.0,0.0,0.0,0.0,0.0,gas_boiler,gas_boiler,True,5,1805.604886866975,235.64411235644116,32.378580323785805,35.2187374802773,0.0,0.0,303.24143016050425,2006.2276520744163,0.0,0.0,0.0,0.0,0.0
1981-05-07 13:00:00+02:00,BE_RES_APT_AS_IS_HP_V1,away,0.17500000000000004,9.5758056640625,16.0,12.559515657663106,10.529710005284432,13.462384231674454,24.000000000000004,164.9508786495088,27.521793275217934,17.60936874013865,234.0820406648654,196.4104430904,152.1692096736309,400.3048232545867,1589.5037661596455,1589.5037661596455,0.0,0.0,1.537615768325546,445.2054794520537,61.609243116092436,85.44347585443477,0.0,0.0,235.64411235644005,32.378580323785805,30.130067801300633,0.0,0.0,298.1527604815265,298.1527604815265,298.1527604815265,0.0,1766.1152957329393,444.7831369495408,0.0,0.0,0.0,0.0,0.0,0.0,0.0,0.0,0.0,0.0,gas_boiler,gas_boiler,True,5,1989.8085894142323,235.64411235644116,32.378580323785805,35.2187374802773,0.0,0.0,303.24143016050425,2210.8984326824802,0.0,0.0,0.0,0.0,0.0
1981-05-08 13:00:00+02:00,BE_RES_APT_AS_IS_HP_V1,away,0.17500000000000004,13.66748046875,16.0,13.462384231674454,14.450776782381773,16.613844426280533,24.000000000000004,164.9508786495088,27.521793275217934,17.60936874013865,234.0820406648654,196.4104430904,-10.45990809085285,400.3048232545867,1172.3784849664023,1172.3784849664023,0.0,0.0,0.0,445.2054794520537,61.609243116092436,85.44347585443477,0.0,0.0,235.64411235644005,32.378580323785805,30.130067801300633,0.0,0.0,298.1527604815265,298.1527604815265,298.1527604815265,0.0,1302.6427610737803,444.7831369495408,0.0,0.0,0.0,0.0,0.0,0.0,0.0,0.0,0.0,0.0,gas_boiler,gas_boiler,True,5,1572.6833082209891,235.64411235644116,32.378580323785805,35.2187374802773,0.0,0.0,303.24143016050425,1747.4258980233212,0.0,0.0,0.0,0.0,0.0
1981-05-09 13:00:00+02:00,BE_RES_APT_AS_IS_HP_V1,away,0.52,10.292144775390623,16.0,16.613844426280533,11.435691335511523,11.435691335511523,70.85000000000001,164.9508786495088,27.521793275217934,17.60936874013865,280.93204066486544,196.4104430904,448.8406752131836,400.3048232545867,0.0,0.0,0.0,0.0,3.564308664488477,445.2054794520537,61.609243116092436,85.44347585443477,0.0,0.0,235.64411235644005,32.378580323785805,30.130067801300633,0.0,0.0,298.1527604815265,298.1527604815265,298.1527604815265,0.0,0.0,444.7831369495408,0.0,0.0,0.0,0.0,0.0,0.0,0.0,0.0,0.0,0.0,gas_boiler,gas_boiler,True,5,400.3048232545867,235.64411235644116,32.378580323785805,35.2187374802773,0.0,0.0,303.24143016050425,444.7831369495408,0.0,0.0,0.0,0.0,0.0
1981-05-10 13:00:00+02:00,BE_RES_APT_AS_IS_HP_V1,away,0.52,9.107391357421877,16.0,11.435691335511523,10.068442601226295,13.843947551162273,70.85000000000001,164.9508786495088,27.521793275217934,17.60936874013865,280.93204066486544,196.4104430904,165.30929844436486,400.3048232545867,2108.7106029936767,2108.7106029936767,0.0,0.0,1.1560524488377268,445.2054794520537,61.609243116092436,85.44347585443477,0.0,0.0,235.64411235644005,32.378580323785805,30.130067801300633,0.0,0.0,298.1527604815265,298.1527604815265,298.1527604815265,0.0,2343.011781104085,444.7831369495408,0.0,0.0,0.0,0.0,0.0,0.0,0.0,0.0,0.0,0.0,gas_boiler,gas_boiler,True,5,2509.0154262482633,235.64411235644116,32.378580323785805,35.2187374802773,0.0,0.0,303.24143016050425,2787.7949180536257,0.0,0.0,0.0,0.0,0.0
1981-05-11 13:00:00+02:00,BE_RES_APT_AS_IS_HP_V1,away,0.17500000000000004,10.2379150390625,16.0,13.843947551162273,11.225114980495166,13.062937454977549,24.000000000000004,164.9508786495088,27.521793275217934,17.60936874013865,234.0820406648654,196.4104430904,183.90765811708846,400.3048232545867,996.0962313630299,996.0962313630299,0.0,0.0,1.9370625450224512,445.2054794520537,61.609243116092436,85.44347585443477,0.0,0.0,235.64411235644005,32.378580323785805,30.130067801300633,0.0,0.0,298.1527604815265,298.1527604815265,298.1527604815265,0.0,1106.7735904033666,444.7831369495408,0.0,0.0,0.0,0.0,0.0,0.0,0.0,0.0,0.0,0.0,gas_boiler,gas_boiler,True,5,1396.4010546176166,235.64411235644116,32.378580323785805,35.2187374802773,0.0,0.0,303.24143016050425,1551.5567273529073,0.0,0.0,0.0,0.0,0.0
1981-05-12 13:00:00+02:00,BE_RES_APT_AS_IS_HP_V1,away,0.17500000000000004,10.5880126953125,16.0,13.062937454977549,11.51469592651724,14.018252626685879,24.000000000000004,164.9508786495088,27.521793275217934,17.60936874013865,234.0820406648654,196.4104430904,126.2211627429175,400.3048232545867,1356.9228958003725,1356.9228958003725,0.0,0.0,0.9817473733141213,445.2054794520537,61.609243116092436,85.44347585443477,0.0,0.0,235.64411235644005,32.378580323785805,30.130067801300633,0.0,0.0,298.1527604815265,298.1527604815265,298.1527604815265,0.0,1507.6921064448584,444.7831369495408,0.0,0.0,0.0,0.0,0.0,0.0,0.0,0.0,0.0,0.0,gas_boiler,gas_boiler,True,5,1757.2277190549594,235.64411235644116,32.378580323785805,35.2187374802773,0.0,0.0,303.24143016050425,1952.475243394399,0.0,0.0,0.0,0.0,0.0
1981-05-13 13:00:00+02:00,BE_RES_APT_AS_IS_HP_V1,away,0.17500000000000004,9.71722412109375,16.0,14.018252626685879,10.741607850770473,12.43085240666543,24.000000000000004,164.9508786495088,27.521793275217934,17.60936874013865,234.0820406648654,196.4104430904,219.3524537851986,400.3048232545867,915.5672864711241,915.5672864711241,0.0,0.0,2.56914759333457,445.2054794520537,61.609243116092436,85.44347585443477,0.0,0.0,235.64411235644005,32.378580323785805,30.130067801300633,0.0,0.0,298.1527604815265,298.1527604815265,298.1527604815265,0.0,1017.2969849679157,444.7831369495408,0.0,0.0,0.0,0.0,0.0,0.0,0.0,0.0,0.0,0.0,gas_boiler,gas_boiler,True,5,1315.8721097257107,235.64411235644116,32.378580323785805,35.2187374802773,0.0,0.0,303.24143016050425,1462.0801219174564,0.0,0.0,0.0,0.0,0.0
1981-05-14 13:00:00+02:00,BE_RES_APT_AS_IS_HP_V1,away,0.17500000000000004,11.35711669921875,16.0,12.43085240666543,12.208833286737143,15.251180269210145,24.000000000000004,164.9508786495088,27.521793275217934,17.60936874013865,234.0820406648654,196.4104430904,54.76052107978069,400.3048232545867,1648.9461881205716,1648.9461881205716,0.0,0.0,0.0,445.2054794520537,61.609243116092436,85.44347585443477,0.0,0.0,235.64411235644005,32.378580323785805,30.130067801300633,0.0,0.0,298.1527604815265,298.1527604815265,298.1527604815265,0.0,1832.1624312450795,444.7831369495408,0.0,0.0,0.0,0.0,0.0,0.0,0.0,0.0,0.0,0.0,gas_boiler,gas_boiler,True,5,2049.251011375158,235.64411235644116,32.378580323785805,35.2187374802773,0.0,0.0,303.24143016050425,2276.94556819462,0.0,0.0,0.0,0.0,0.0
1981-05-15 13:00:00+02:00,BE_RES_APT_AS_IS_HP_V1,away,0.17500000000000004,10.110137939453123,16.0,15.251180269210145,11.179464224845704,11.817759332797888,24.000000000000004,164.9508786495088,27.521793275217934,17.60936874013865,234.0820406648654,196.4104430904,262.19315881760815,400.3048232545867,345.9547156249128,345.9547156249128,0.0,0.0,3.1822406672021124,445.2054794520537,61.609243116092436,85.44347585443477,0.0,0.0,235.64411235644005,32.378580323785805,30.130067801300633,0.0,0.0,298.1527604815265,298.1527604815265,298.1527604815265,0.0,384.3941284721253,444.7831369495408,0.0,0.0,0.0,0.0,0.0,0.0,0.0,0.0,0.0,0.0,gas_boiler,gas_boiler,True,5,746.2595388794996,235.64411235644116,32.378580323785805,35.2187374802773,0.0,0.0,303.24143016050425,829.1772654216661,0.0,0.0,0.0,0.0,0.0
1981-05-16 13:00:00+02:00,BE_RES_APT_AS_IS_HP_V1,away,0.52,9.114837646484377,16.0,11.817759332797888,10.093008816352544,13.552474751182066,70.85000000000001,164.9508786495088,27.521793275217934,17.60936874013865,280.93204066486544,196.4104430904,191.90743972825928,400.3048232545867,1932.195188247376,1932.195188247376,0.0,0.0,1.447525248817934,445.2054794520537,61.609243116092436,85.44347585443477,0.0,0.0,235.64411235644005,32.378580323785805,30.130067801300633,0.0,0.0,298.1527604815265,298.1527604815265,298.1527604815265,0.0,2146.8835424970844,444.7831369495408,0.0,0.0,0.0,0.0,0.0,0.0,0.0,0.0,0.0,0.0,gas_boiler,gas_boiler,True,5,2332.500011501963,235.64411235644116,32.378580323785805,35.2187374802773,0.0,0.0,303.24143016050425,2591.666679446625,0.0,0.0,0.0,0.0,0.0
1981-05-17 13:00:00+02:00,BE_RES_APT_AS_IS_HP_V1,away,0.52,6.331512451171875,16.0,13.552474751182066,7.516154627822368,9.540698621505362,70.85000000000001,164.9508786495088,27.521793275217934,17.60936874013865,280.93204066486544,196.4104430904,512.6883233007236,400.3048232545867,1130.7566649538855,1130.7566649538855,0.0,0.0,5.459301378494638,445.2054794520537,61.609243116092436,85.44347585443477,0.0,0.0,235.64411235644005,32.378580323785805,30.130067801300633,0.0,0.0,298.1527604815265,298.1527604815265,298.1527604815265,0.0,1256.396294393206,444.7831369495408,0.0,0.0,0.0,0.0,0.0,0.0,0.0,0.0,0.0,0.0,gas_boiler,gas_boiler,True,5,1531.0614882084724,235.64411235644116,32.378580323785805,35.2187374802773,0.0,0.0,303.24143016050425,1701.1794313427467,0.0,0.0,0.0,0.0,0.0
1981-05-18 13:00:00+02:00,BE_RES_APT_AS_IS_HP_V1,away,0.17500000000000004,5.880035400390625,16.0,9.540698621505362,6.870158202868039,12.376076785345877,24.000000000000004,164.9508786495088,27.521793275217934,17.60936874013865,234.0820406648654,196.4104430904,186.6938242768516,400.3048232545867,2984.1972368645233,2984.1972368645233,0.0,0.0,2.6239232146541234,445.2054794520537,61.609243116092436,85.44347585443477,0.0,0.0,235.64411235644005,32.378580323785805,30.130067801300633,0.0,0.0,298.1527604815265,298.1527604815265,298.1527604815265,0.0,3315.774707627248,444.7831369495408,0.0,0.0,0.0,0.0,0.0,0.0,0.0,0.0,0.0,0.0,gas_boiler,gas_boiler,True,5,3384.50206011911,235.64411235644116,32.378580323785805,35.2187374802773,0.0,0.0,303.24143016050425,3760.5578445767887,0.0,0.0,0.0,0.0,0.0
1981-05-19 13:00:00+02:00,BE_RES_APT_AS_IS_HP_V1,away,0.17500000000000004,5.494903564453125,16.0,12.376076785345877,6.657330614711694,9.746368422340215,24.000000000000004,164.9508786495088,27.521793275217934,17.60936874013865,234.0820406648654,196.4104430904,350.9398342655304,400.3048232545867,1674.2525251702052,1674.2525251702052,0.0,0.0,5.253631577659785,445.2054794520537,61.609243116092436,85.44347585443477,0.0,0.0,235.64411235644005,32.378580323785805,30.130067801300633,0.0,0.0,298.1527604815265,298.1527604815265,298.1527604815265,0.0,1860.2805835224501,444.7831369495408,0.0,0.0,0.0,0.0,0.0,0.0,0.0,0.0,0.0,0.0,gas_boiler,gas_boiler,True,5,2074.557348424792,235.64411235644116,32.378580323785805,35.2187374802773,0.0,0.0,303.24143016050425,2305.063720471991,0.0,0.0,0.0,0.0,0.0
1981-05-20 13:00:00+02:00,BE_RES_APT_AS_IS_HP_V1,away,0.17500000000000004,5.647003173828125,16.0,9.746368422340215,6.660597483251948,11.991202806304965,24.000000000000004,164.9508786495088,27.521793275217934,17.60936874013865,234.0820406648654,196.4104430904,209.0676276741166,400.3048232545867,2889.177788878821,2889.177788878821,0.0,0.0,3.0087971936950346,445.2054794520537,61.609243116092436,85.44347585443477,0.0,0.0,235.64411235644005,32.378580323785805,30.130067801300633,0.0,0.0,298.1527604815265,298.1527604815265,298.1527604815265,0.0,3210.19754319869,444.7831369495408,0.0,0.0,0.0,0.0,0.0,0.0,0.0,0.0,0.0,0.0,gas_boiler,gas_boiler,True,5,3289.4826121334077,235.64411235644116,32.378580323785805,35.2187374802773,0.0,0.0,303.24143016050425,3654.9806801482305,0.0,0.0,0.0,0.0,0.0
1981-05-21 13:00:00+02:00,BE_RES_APT_AS_IS_HP_V1,away,0.17500000000000004,5.827880859375,16.0,11.991202806304965,6.951901314470869,10.369006302889057,24.000000000000004,164.9508786495088,27.521793275217934,17.60936874013865,234.0820406648654,196.4104430904,314.32941929342826,400.3048232545867,1852.0643034871061,1852.0643034871061,0.0,0.0,4.630993697110943,445.2054794520537,61.609243116092436,85.44347585443477,0.0,0.0,235.64411235644005,32.378580323785805,30.130067801300633,0.0,0.0,298.1527604815265,298.1527604815265,298.1527604815265,0.0,2057.8492260967846,444.7831369495408,0.0,0.0,0.0,0.0,0.0,0.0,0.0,0.0,0.0,0.0,gas_boiler,gas_boiler,True,5,2252.369126741693,235.64411235644116,32.378580323785805,35.2187374802773,0.0,0.0,303.24143016050425,2502.6323630463253,0.0,0.0,0.0,0.0,0.0
1981-05-22 13:00:00+02:00,BE_RES_APT_AS_IS_HP_V1,away,0.17500000000000004,5.362823486328125,16.0,10.369006302889057,6.424934496196338,11.224802317499988,24.000000000000004,164.9508786495088,27.521793275217934,17.60936874013865,234.0820406648654,196.4104430904,255.31532364460756,400.3048232545867,2601.5190880652563,2601.5190880652563,0.0,0.0,3.7751976825000124,445.2054794520537,61.609243116092436,85.44347585443477,0.0,0.0,235.64411235644005,32.378580323785805,30.130067801300633,0.0,0.0,298.1527604815265,298.1527604815265,298.1527604815265,0.0,2890.5767645169512,444.7831369495408,0.0,0.0,0.0,0.0,0.0,0.0,0.0,0.0,0.0,0.0,gas_boiler,gas_boiler,True,5,3001.823911319843,235.64411235644116,32.378580323785805,35.2187374802773,0.0,0.0,303.24143016050425,3335.359901466492,0.0,0.0,0.0,0.0,0.0
1981-05-23 13:00:00+02:00,BE_RES_APT_AS_IS_HP_V1,away,0.52,7.271026611328125,16.0,11.224802317499988,8.306360854948867,12.256308987832664,70.85000000000001,164.9508786495088,27.521793275217934,17.60936874013865,280.93204066486544,196.4104430904,280.71807513820227,400.3048232545867,2206.141329315006,2206.141329315006,0.0,0.0,2.7436910121673357,445.2054794520537,61.609243116092436,85.44347585443477,0.0,0.0,235.64411235644005,32.378580323785805,30.130067801300633,0.0,0.0,298.1527604815265,298.1527604815265,298.1527604815265,0.0,2451.2681436833395,444.7831369495408,0.0,0.0,0.0,0.0,0.0,0.0,0.0,0.0,0.0,0.0,gas_boiler,gas_boiler,True,5,2606.4461525695924,235.64411235644116,32.378580323785805,35.2187374802773,0.0,0.0,303.24143016050425,2896.05128063288,0.0,0.0,0.0,0.0,0.0
1981-05-24 13:00:00+02:00,BE_RES_APT_AS_IS_HP_V1,away,0.52,9.954803466796877,16.0,12.256308987832664,10.914630224369958,14.011336645089784,70.85000000000001,164.9508786495088,27.521793275217934,17.60936874013865,280.93204066486544,196.4104430904,163.4068919935409,400.3048232545867,1729.5852476213092,1729.5852476213092,0.0,0.0,0.9886633549102157,445.2054794520537,61.609243116092436,85.44347585443477,0.0,0.0,235.64411235644005,32.378580323785805,30.130067801300633,0.0,0.0,298.1527604815265,298.1527604815265,298.1527604815265,0.0,1921.761386245899,444.7831369495408,0.0,0.0,0.0,0.0,0.0,0.0,0.0,0.0,0.0,0.0,gas_boiler,gas_boiler,True,5,2129.890070875896,235.64411235644116,32.378580323785805,35.2187374802773,0.0,0.0,303.24143016050425,2366.54452319544,0.0,0.0,0.0,0.0,0.0
1981-05-25 13:00:00+02:00,BE_RES_APT_AS_IS_HP_V1,away,0.17500000000000004,12.289154052734377,16.0,14.011336645089784,13.175563950547701,14.870703699955815,24.000000000000004,164.9508786495088,27.521793275217934,17.60936874013865,234.0820406648654,196.4104430904,87.83131221012579,400.3048232545867,918.7624699685198,918.7624699685198,0.0,0.0,0.12929630004418513,445.2054794520537,61.609243116092436,85.44347585443477,0.0,0.0,235.64411235644005,32.378580323785805,30.130067801300633,0.0,0.0,298.1527604815265,298.1527604815265,298.1527604815265,0.0,1020.8471888539109,444.7831369495408,0.0,0.0,0.0,0.0,0.0,0.0,0.0,0.0,0.0,0.0,gas_boiler,gas_boiler,True,5,1319.0672932231064,235.64411235644116,32.378580323785805,35.2187374802773,0.0,0.0,303.24143016050425,1465.6303258034518,0.0,0.0,0.0,0.0,0.0
1981-05-26 13:00:00+02:00,BE_RES_APT_AS_IS_HP_V1,away,0.17500000000000004,11.473297119140623,16.0,14.870703699955815,12.449335122197034,13.411949051969394,24.000000000000004,164.9508786495088,27.521793275217934,17.60936874013865,234.0820406648654,196.4104430904,173.2677356215748,400.3048232545867,521.7348906204136,521.7348906204136,0.0,0.0,1.588050948030606,445.2054794520537,61.609243116092436,85.44347585443477,0.0,0.0,235.64411235644005,32.378580323785805,30.130067801300633,0.0,0.0,298.1527604815265,298.1527604815265,298.1527604815265,0.0,579.7054340226817,444.7831369495408,0.0,0.0,0.0,0.0,0.0,0.0,0.0,0.0,0.0,0.0,gas_boiler,gas_boiler,True,5,922.0397138750003,235.64411235644116,32.378580323785805,35.2187374802773,0.0,0.0,303.24143016050425,1024.4885709722225,0.0,0.0,0.0,0.0,0.0
1981-05-27 13:00:00+02:00,BE_RES_APT_AS_IS_HP_V1,away,0.17500000000000004,8.462249755859375,16.0,13.411949051969394,9.521338775265209,11.727397445108853,24.000000000000004,164.9508786495088,27.521793275217934,17.60936874013865,234.0820406648654,196.4104430904,252.434664101611,400.3048232545867,1195.67953799014,1195.67953799014,0.0,0.0,3.2726025548911473,445.2054794520537,61.609243116092436,85.44347585443477,0.0,0.0,235.64411235644005,32.378580323785805,30.130067801300633,0.0,0.0,298.1527604815265,298.1527604815265,298.1527604815265,0.0,1328.5328199890444,444.7831369495408,0.0,0.0,0.0,0.0,0.0,0.0,0.0,0.0,0.0,0.0,gas_boiler,gas_boiler,True,5,1595.9843612447266,235.64411235644116,32.378580323785805,35.2187374802773,0.0,0.0,303.24143016050425,1773.3159569385853,0.0,0.0,0.0,0.0,0.0
1981-05-28 13:00:00+02:00,BE_RES_APT_AS_IS_HP_V1,away,0.17500000000000004,8.230224609375,16.0,11.727397445108853,9.211600322765763,12.853573413050638,24.000000000000004,164.9508786495088,27.521793275217934,17.60936874013865,234.0820406648654,196.4104430904,178.35581462242652,400.3048232545867,1973.9423803597103,1973.9423803597103,0.0,0.0,2.146426586949362,445.2054794520537,61.609243116092436,85.44347585443477,0.0,0.0,235.64411235644005,32.378580323785805,30.130067801300633,0.0,0.0,298.1527604815265,298.1527604815265,298.1527604815265,0.0,2193.269311510789,444.7831369495408,0.0,0.0,0.0,0.0,0.0,0.0,0.0,0.0,0.0,0.0,gas_boiler,gas_boiler,True,5,2374.247203614297,235.64411235644116,32.378580323785805,35.2187374802773,0.0,0.0,303.24143016050425,2638.0524484603297,0.0,0.0,0.0,0.0,0.0
1981-05-29 13:00:00+02:00,BE_RES_APT_AS_IS_HP_V1,away,0.17500000000000004,12.383819580078123,16.0,12.853573413050638,13.203221831493883,15.885240767963483,24.000000000000004,164.9508786495088,27.521793275217934,17.60936874013865,234.0820406648654,196.4104430904,23.95744548159826,400.3048232545867,1453.6490831706053,1453.6490831706053,0.0,0.0,0.0,445.2054794520537,61.609243116092436,85.44347585443477,0.0,0.0,235.64411235644005,32.378580323785805,30.130067801300633,0.0,0.0,298.1527604815265,298.1527604815265,298.1527604815265,0.0,1615.1656479673393,444.7831369495408,0.0,0.0,0.0,0.0,0.0,0.0,0.0,0.0,0.0,0.0,gas_boiler,gas_boiler,True,5,1853.9539064251921,235.64411235644116,32.378580323785805,35.2187374802773,0.0,0.0,303.24143016050425,2059.94878491688,0.0,0.0,0.0,0.0,0.0
1981-05-30 13:00:00+02:00,BE_RES_APT_AS_IS_HP_V1,away,0.52,11.019622802734377,16.0,15.885240767963483,12.096627541455023,12.191554085747637,70.85000000000001,164.9508786495088,27.521793275217934,17.60936874013865,280.93204066486544,196.4104430904,345.45887553126653,400.3048232545867,53.01876520087104,53.01876520087104,0.0,0.0,2.8084459142523635,445.2054794520537,61.609243116092436,85.44347585443477,0.0,0.0,235.64411235644005,32.378580323785805,30.130067801300633,0.0,0.0,298.1527604815265,298.1527604815265,298.1527604815265,0.0,58.90973911207893,444.7831369495408,0.0,0.0,0.0,0.0,0.0,0.0,0.0,0.0,0.0,0.0,gas_boiler,gas_boiler,True,5,453.32358845545775,235.64411235644116,32.378580323785805,35.2187374802773,0.0,0.0,303.24143016050425,503.6928760616197,0.0,0.0,0.0,0.0,0.0
1981-05-31 13:00:00+02:00,BE_RES_APT_AS_IS_HP_V1,away,0.52,9.363037109375,16.0,12.191554085747637,10.346947888114103,13.497218270284822,70.85000000000001,164.9508786495088,27.521793275217934,17.60936874013865,280.93204066486544,196.4104430904,200.8247053224572,400.3048232545867,1759.502012384592,1759.502012384592,0.0,0.0,1.5027817297151778,445.2054794520537,61.609243116092436,85.44347585443477,0.0,0.0,235.64411235644005,32.378580323785805,30.130067801300633,0.0,0.0,298.1527604815265,298.1527604815265,298.1527604815265,0.0,1955.00223598288,444.7831369495408,0.0,0.0,0.0,0.0,0.0,0.0,0.0,0.0,0.0,0.0,gas_boiler,gas_boiler,True,5,2159.8068356391786,235.64411235644116,32.378580323785805,35.2187374802773,0.0,0.0,303.24143016050425,2399.7853729324206,0.0,0.0,0.0,0.0,0.0
1981-06-01 13:00:00+02:00,BE_RES_APT_AS_IS_HP_V1,away,0.17500000000000004,10.123992919921877,16.0,13.497218270284822,11.098737174868894,13.232112229856083,24.000000000000004,164.9508786495088,27.521793275217934,17.60936874013865,234.0820406648654,196.4104430904,172.03449286851026,400.3048232545867,1156.2851591284123,1156.2851591284123,0.0,0.0,1.7678877701439166,445.2054794520537,61.609243116092436,85.44347585443477,0.0,0.0,235.64411235644005,32.378580323785805,30.130067801300633,0.0,0.0,298.1527604815265,298.1527604815265,298.1527604815265,0.0,1284.761287920458,444.7831369495408,0.0,0.0,0.0,0.0,0.0,0.0,0.0,0.0,0.0,0.0,gas_boiler,gas_boiler,True,5,1556.589982382999,235.64411235644116,32.378580323785805,35.2187374802773,0.0,0.0,303.24143016050425,1729.5444248699987,0.0,0.0,0.0,0.0,0.0
1981-06-02 13:00:00+02:00,BE_RES_APT_AS_IS_HP_V1,away,0.17500000000000004,15.44329833984375,16.0,13.232112229856083,16.119264508077016,18.478616365940045,24.000000000000004,164.9508786495088,27.521793275217934,17.60936874013865,234.0820406648654,196.4104430904,-112.770491609371,400.3048232545867,1278.7641498064897,1278.7641498064897,0.0,0.0,0.0,445.2054794520537,61.609243116092436,85.44347585443477,0.0,0.0,235.64411235644005,32.378580323785805,30.130067801300633,0.0,0.0,298.1527604815265,298.1527604815265,298.1527604815265,0.0,1420.849055340544,444.7831369495408,0.0,0.0,0.0,0.0,0.0,0.0,0.0,0.0,0.0,0.0,gas_boiler,gas_boiler,True,5,1679.0689730610766,235.64411235644116,32.378580323785805,35.2187374802773,0.0,0.0,303.24143016050425,1865.6321922900847,0.0,0.0,0.0,0.0,0.0
1981-06-03 13:00:00+02:00,BE_RES_APT_AS_IS_HP_V1,away,0.17500000000000004,15.746185302734377,16.0,18.478616365940045,16.6866456779112,16.6866456779112,24.000000000000004,164.9508786495088,27.521793275217934,17.60936874013865,234.0820406648654,196.4104430904,139.3539842234891,400.3048232545867,0.0,0.0,0.0,0.0,0.0,445.2054794520537,61.609243116092436,85.44347585443477,0.0,0.0,235.64411235644005,32.378580323785805,30.130067801300633,0.0,0.0,298.1527604815265,298.1527604815265,298.1527604815265,0.0,0.0,444.7831369495408,0.0,0.0,0.0,0.0,0.0,0.0,0.0,0.0,0.0,0.0,gas_boiler,gas_boiler,False,5,400.3048232545867,235.64411235644116,32.378580323785805,35.2187374802773,0.0,0.0,303.24143016050425,444.7831369495408,0.0,0.0,0.0,0.0,0.0
1981-06-04 13:00:00+02:00,BE_RES_APT_AS_IS_HP_V1,away,0.17500000000000004,14.1029052734375,16.0,16.6866456779112,15.03541037690063,15.03541037690063,24.000000000000004,164.9508786495088,27.521793275217934,17.60936874013865,234.0820406648654,196.4104430904,131.7707606281588,400.3048232545867,0.0,0.0,0.0,0.0,0.0,445.2054794520537,61.609243116092436,85.44347585443477,0.0,0.0,235.64411235644005,32.378580323785805,30.130067801300633,0.0,0.0,298.1527604815265,298.1527604815265,298.1527604815265,0.0,0.0,444.7831369495408,0.0,0.0,0.0,0.0,0.0,0.0,0.0,0.0,0.0,0.0,gas_boiler,gas_boiler,False,5,400.3048232545867,235.64411235644116,32.378580323785805,35.2187374802773,0.0,0.0,303.24143016050425,444.7831369495408,0.0,0.0,0.0,0.0,0.0
1981-06-05 13:00:00+02:00,BE_RES_APT_AS_IS_HP_V1,away,0.17500000000000004,11.879180908203123,16.0,15.03541037690063,12.842315414332546,12.842315414332546,24.000000000000004,164.9508786495088,27.521793275217934,17.60936874013865,234.0820406648654,196.4104430904,160.9677029035729,400.3048232545867,0.0,0.0,0.0,0.0,2.157684585667454,445.2054794520537,61.609243116092436,85.44347585443477,0.0,0.0,235.64411235644005,32.378580323785805,30.130067801300633,0.0,0.0,298.1527604815265,298.1527604815265,298.1527604815265,0.0,0.0,444.7831369495408,0.0,0.0,0.0,0.0,0.0,0.0,0.0,0.0,0.0,0.0,gas_boiler,gas_boiler,False,5,400.3048232545867,235.64411235644116,32.378580323785805,35.2187374802773,0.0,0.0,303.24143016050425,444.7831369495408,0.0,0.0,0.0,0.0,0.0
1981-06-06 13:00:00+02:00,BE_RES_APT_AS_IS_HP_V1,away,0.52,13.026397705078123,16.0,12.842315414332546,13.872634997255835,16.48460860812908,70.85000000000001,164.9508786495088,27.521793275217934,17.60936874013865,280.93204066486544,196.4104430904,-13.069842642935969,400.3048232545867,1458.850278578364,1458.850278578364,0.0,0.0,0.0,445.2054794520537,61.609243116092436,85.44347585443477,0.0,0.0,235.64411235644005,32.378580323785805,30.130067801300633,0.0,0.0,298.1527604815265,298.1527604815265,298.1527604815265,0.0,1620.9447539759599,444.7831369495408,0.0,0.0,0.0,0.0,0.0,0.0,0.0,0.0,0.0,0.0,gas_boiler,gas_boiler,True,5,1859.1551018329505,235.64411235644116,32.378580323785805,35.2187374802773,0.0,0.0,303.24143016050425,2065.7278909255006,0.0,0.0,0.0,0.0,0.0
1981-06-07 13:00:00+02:00,BE_RES_APT_AS_IS_HP_V1,away,0.52,14.57867431640625,16.0,16.48460860812908,15.520423770795563,15.520423770795563,70.85000000000001,164.9508786495088,27.521793275217934,17.60936874013865,280.93204066486544,196.4104430904,135.3213347123209,400.3048232545867,0.0,0.0,0.0,0.0,0.0,445.2054794520537,61.609243116092436,85.44347585443477,0.0,0.0,235.64411235644005,32.378580323785805,30.130067801300633,0.0,0.0,298.1527604815265,298.1527604815265,298.1527604815265,0.0,0.0,444.7831369495408,0.0,0.0,0.0,0.0,0.0,0.0,0.0,0.0,0.0,0.0,gas_boiler,gas_boiler,True,5,400.3048232545867,235.64411235644116,32.378580323785805,35.2187374802773,0.0,0.0,303.24143016050425,444.7831369495408,0.0,0.0,0.0,0.0,0.0
1981-06-08 13:00:00+02:00,BE_RES_APT_AS_IS_HP_V1,away,0.17500000000000004,18.27996826171875,16.0,15.520423770795563,18.92659607101256,19.33538759773751,24.000000000000004,164.9508786495088,27.521793275217934,17.60936874013865,234.0820406648654,196.4104430904,-140.73676903708252,400.3048232545867,221.5642178924497,221.5642178924497,0.0,0.0,0.0,445.2054794520537,61.609243116092436,85.44347585443477,0.0,0.0,235.64411235644005,32.378580323785805,30.130067801300633,0.0,0.0,298.1527604815265,298.1527604815265,298.1527604815265,0.0,246.1824643249441,444.7831369495408,0.0,0.0,0.0,0.0,0.0,0.0,0.0,0.0,0.0,0.0,gas_boiler,gas_boiler,True,5,621.8690411470365,235.64411235644116,32.378580323785805,35.2187374802773,0.0,0.0,303.24143016050425,690.9656012744849,0.0,0.0,0.0,0.0,0.0
1981-06-09 13:00:00+02:00,BE_RES_APT_AS_IS_HP_V1,away,0.17500000000000004,20.272430419921875,16.0,19.33538759773751,21.01656600877035,21.01656600877035,24.000000000000004,164.9508786495088,27.521793275217934,17.60936874013865,234.0820406648654,196.4104430904,-47.78918393140271,400.3048232545867,0.0,0.0,0.0,0.0,0.0,445.2054794520537,61.609243116092436,85.44347585443477,0.0,0.0,235.64411235644005,32.378580323785805,30.130067801300633,0.0,0.0,298.1527604815265,298.1527604815265,298.1527604815265,0.0,0.0,444.7831369495408,0.0,0.0,0.0,0.0,0.0,0.0,0.0,0.0,0.0,0.0,gas_boiler,gas_boiler,False,5,400.3048232545867,235.64411235644116,32.378580323785805,35.2187374802773,0.0,0.0,303.24143016050425,444.7831369495408,0.0,0.0,0.0,0.0,0.0
1981-06-10 13:00:00+02:00,BE_RES_APT_AS_IS_HP_V1,away,0.17500000000000004,21.040496826171875,16.0,21.01656600877035,21.83348588143868,21.83348588143868,24.000000000000004,164.9508786495088,27.521793275217934,17.60936874013865,234.0820406648654,196.4104430904,-1.220471687477737,400.3048232545867,0.0,0.0,0.0,0.0,0.0,445.2054794520537,61.609243116092436,85.44347585443477,0.0,0.0,235.64411235644005,32.378580323785805,30.130067801300633,0.0,0.0,298.1527604815265,298.1527604815265,298.1527604815265,0.0,0.0,444.7831369495408,0.0,0.0,0.0,0.0,0.0,0.0,0.0,0.0,0.0,0.0,gas_boiler,gas_boiler,False,5,400.3048232545867,235.64411235644116,32.378580323785805,35.2187374802773,0.0,0.0,303.24143016050425,444.7831369495408,0.0,0.0,0.0,0.0,0.0
1981-06-11 13:00:00+02:00,BE_RES_APT_AS_IS_HP_V1,away,0.17500000000000004,20.593505859375,16.0,21.83348588143868,21.454116877148213,21.454116877148213,24.000000000000004,164.9508786495088,27.521793275217934,17.60936874013865,234.0820406648654,196.4104430904,63.23898112524768,400.3048232545867,0.0,0.0,0.0,0.0,0.0,445.2054794520537,61.609243116092436,85.44347585443477,0.0,0.0,235.64411235644005,32.378580323785805,30.130067801300633,0.0,0.0,298.1527604815265,298.1527604815265,298.1527604815265,0.0,0.0,444.7831369495408,0.0,0.0,0.0,0.0,0.0,0.0,0.0,0.0,0.0,0.0,gas_boiler,gas_boiler,False,5,400.3048232545867,235.64411235644116,32.378580323785805,35.2187374802773,0.0,0.0,303.24143016050425,444.7831369495408,0.0,0.0,0.0,0.0,0.0
1981-06-12 13:00:00+02:00,BE_RES_APT_AS_IS_HP_V1,away,0.17500000000000004,17.88055419921875,16.0,21.454116877148213,18.866016934323014,18.866016934323014,24.000000000000004,164.9508786495088,27.521793275217934,17.60936874013865,234.0820406648654,196.4104430904,182.25169657440262,400.3048232545867,0.0,0.0,0.0,0.0,0.0,445.2054794520537,61.609243116092436,85.44347585443477,0.0,0.0,235.64411235644005,32.378580323785805,30.130067801300633,0.0,0.0,298.1527604815265,298.1527604815265,298.1527604815265,0.0,0.0,444.7831369495408,0.0,0.0,0.0,0.0,0.0,0.0,0.0,0.0,0.0,0.0,gas_boiler,gas_boiler,False,5,400.3048232545867,235.64411235644116,32.378580323785805,35.2187374802773,0.0,0.0,303.24143016050425,444.7831369495408,0.0,0.0,0.0,0.0,0.0
1981-06-13 13:00:00+02:00,BE_RES_APT_AS_IS_HP_V1,away,0.52,16.134796142578125,16.0,18.866016934323014,17.11426055995977,17.11426055995977,70.85000000000001,164.9508786495088,27.521793275217934,17.60936874013865,280.93204066486544,196.4104430904,193.91667621388711,400.3048232545867,0.0,0.0,0.0,0.0,0.0,445.2054794520537,61.609243116092436,85.44347585443477,0.0,0.0,235.64411235644005,32.378580323785805,30.130067801300633,0.0,0.0,298.1527604815265,298.1527604815265,298.1527604815265,0.0,0.0,444.7831369495408,0.0,0.0,0.0,0.0,0.0,0.0,0.0,0.0,0.0,0.0,gas_boiler,gas_boiler,False,5,400.3048232545867,235.64411235644116,32.378580323785805,35.2187374802773,0.0,0.0,303.24143016050425,444.7831369495408,0.0,0.0,0.0,0.0,0.0
1981-06-14 13:00:00+02:00,BE_RES_APT_AS_IS_HP_V1,away,0.52,17.972381591796875,16.0,17.11426055995977,18.787815828096434,18.787815828096434,70.85000000000001,164.9508786495088,27.521793275217934,17.60936874013865,280.93204066486544,196.4104430904,-60.9265932604344,400.3048232545867,0.0,0.0,0.0,0.0,0.0,445.2054794520537,61.609243116092436,85.44347585443477,0.0,0.0,235.64411235644005,32.378580323785805,30.130067801300633,0.0,0.0,298.1527604815265,298.1527604815265,298.1527604815265,0.0,0.0,444.7831369495408,0.0,0.0,0.0,0.0,0.0,0.0,0.0,0.0,0.0,0.0,gas_boiler,gas_boiler,False,5,400.3048232545867,235.64411235644116,32.378580323785805,35.2187374802773,0.0,0.0,303.24143016050425,444.7831369495408,0.0,0.0,0.0,0.0,0.0
1981-06-15 13:00:00+02:00,BE_RES_APT_AS_IS_HP_V1,away,0.17500000000000004,15.1717529296875,16.0,18.787815828096434,16.159489518473556,16.159489518473556,24.000000000000004,164.9508786495088,27.521793275217934,17.60936874013865,234.0820406648654,196.4104430904,184.41920781885568,400.3048232545867,0.0,0.0,0.0,0.0,0.0,445.2054794520537,61.609243116092436,85.44347585443477,0.0,0.0,235.64411235644005,32.378580323785805,30.130067801300633,0.0,0.0,298.1527604815265,298.1527604815265,298.1527604815265,0.0,0.0,444.7831369495408,0.0,0.0,0.0,0.0,0.0,0.0,0.0,0.0,0.0,0.0,gas_boiler,gas_boiler,False,5,400.3048232545867,235.64411235644116,32.378580323785805,35.2187374802773,0.0,0.0,303.24143016050425,444.7831369495408,0.0,0.0,0.0,0.0,0.0
1981-06-16 13:00:00+02:00,BE_RES_APT_AS_IS_HP_V1,away,0.17500000000000004,13.638671875,16.0,16.159489518473556,14.56781047470963,14.56781047470963,24.000000000000004,164.9508786495088,27.521793275217934,17.60936874013865,234.0820406648654,196.4104430904,128.56169981715138,400.3048232545867,0.0,0.0,0.0,0.0,0.43218952529037047,445.2054794520537,61.609243116092436,85.44347585443477,0.0,0.0,235.64411235644005,32.378580323785805,30.130067801300633,0.0,0.0,298.1527604815265,298.1527604815265,298.1527604815265,0.0,0.0,444.7831369495408,0.0,0.0,0.0,0.0,0.0,0.0,0.0,0.0,0.0,0.0,gas_boiler,gas_boiler,False,5,400.3048232545867,235.64411235644116,32.378580323785805,35.2187374802773,0.0,0.0,303.24143016050425,444.7831369495408,0.0,0.0,0.0,0.0,0.0
1981-06-17 13:00:00+02:00,BE_RES_APT_AS_IS_HP_V1,away,0.17500000000000004,13.93145751953125,16.0,14.56781047470963,14.759773184174932,15.980573772173523,24.000000000000004,164.9508786495088,27.521793275217934,17.60936874013865,234.0820406648654,196.4104430904,32.45400071409736,400.3048232545867,661.6715606841512,661.6715606841512,0.0,0.0,0.0,445.2054794520537,61.609243116092436,85.44347585443477,0.0,0.0,235.64411235644005,32.378580323785805,30.130067801300633,0.0,0.0,298.1527604815265,298.1527604815265,298.1527604815265,0.0,735.1906229823902,444.7831369495408,0.0,0.0,0.0,0.0,0.0,0.0,0.0,0.0,0.0,0.0,gas_boiler,gas_boiler,True,5,1061.9763839387379,235.64411235644116,32.378580323785805,35.2187374802773,0.0,0.0,303.24143016050425,1179.973759931931,0.0,0.0,0.0,0.0,0.0
1981-06-18 13:00:00+02:00,BE_RES_APT_AS_IS_HP_V1,away,0.17500000000000004,13.29681396484375,16.0,15.980573772173523,14.234670322603195,14.251229269540298,24.000000000000004,164.9508786495088,27.521793275217934,17.60936874013865,234.0820406648654,196.4104430904,136.87175017381844,400.3048232545867,8.974917255832358,8.974917255832358,0.0,0.0,0.748770730459702,445.2054794520537,61.609243116092436,85.44347585443477,0.0,0.0,235.64411235644005,32.378580323785805,30.130067801300633,0.0,0.0,298.1527604815265,298.1527604815265,298.1527604815265,0.0,9.972130284258174,444.7831369495408,0.0,0.0,0.0,0.0,0.0,0.0,0.0,0.0,0.0,0.0,gas_boiler,gas_boiler,True,5,409.27974051041906,235.64411235644116,32.378580323785805,35.2187374802773,0.0,0.0,303.24143016050425,454.755267233799,0.0,0.0,0.0,0.0,0.0
1981-06-19 13:00:00+02:00,BE_RES_APT_AS_IS_HP_V1,away,0.17500000000000004,12.34765625,16.0,14.251229269540298,13.24377092783666,14.734425829524401,24.000000000000004,164.9508786495088,27.521793275217934,17.60936874013865,234.0820406648654,196.4104430904,97.08222399655521,400.3048232545867,807.9320774723824,807.9320774723824,0.0,0.0,0.26557417047559895,445.2054794520537,61.609243116092436,85.44347585443477,0.0,0.0,235.64411235644005,32.378580323785805,30.130067801300633,0.0,0.0,298.1527604815265,298.1527604815265,298.1527604815265,0.0,897.7023083026471,444.7831369495408,0.0,0.0,0.0,0.0,0.0,0.0,0.0,0.0,0.0,0.0,gas_boiler,gas_boiler,True,5,1208.236900726969,235.64411235644116,32.378580323785805,35.2187374802773,0.0,0.0,303.24143016050425,1342.485445252188,0.0,0.0,0.0,0.0,0.0
1981-06-20 13:00:00+02:00,BE_RES_APT_AS_IS_HP_V1,away,0.52,13.21148681640625,16.0,14.734425829524401,14.135733678958152,15.18259135147212,70.85000000000001,164.9508786495088,27.521793275217934,17.60936874013865,280.93204066486544,196.4104430904,108.12866993138873,400.3048232545867,584.6952667597268,584.6952667597268,0.0,0.0,0.0,445.2054794520537,61.609243116092436,85.44347585443477,0.0,0.0,235.64411235644005,32.378580323785805,30.130067801300633,0.0,0.0,298.1527604815265,298.1527604815265,298.1527604815265,0.0,649.6614075108075,444.7831369495408,0.0,0.0,0.0,0.0,0.0,0.0,0.0,0.0,0.0,0.0,gas_boiler,gas_boiler,True,5,985.0000900143135,235.64411235644116,32.378580323785805,35.2187374802773,0.0,0.0,303.24143016050425,1094.4445444603484,0.0,0.0,0.0,0.0,0.0
1981-06-21 13:00:00+02:00,BE_RES_APT_AS_IS_HP_V1,away,0.52,15.38970947265625,16.0,15.18259135147212,16.234894044969447,16.911038150351363,70.85000000000001,164.9508786495088,27.521793275217934,17.60936874013865,280.93204066486544,196.4104430904,-14.705386604073276,400.3048232545867,377.6427956198809,377.6427956198809,0.0,0.0,0.0,445.2054794520537,61.609243116092436,85.44347585443477,0.0,0.0,235.64411235644005,32.378580323785805,30.130067801300633,0.0,0.0,298.1527604815265,298.1527604815265,298.1527604815265,0.0,419.60310624431213,444.7831369495408,0.0,0.0,0.0,0.0,0.0,0.0,0.0,0.0,0.0,0.0,gas_boiler,gas_boiler,True,5,777.9476188744677,235.64411235644116,32.378580323785805,35.2187374802773,0.0,0.0,303.24143016050425,864.3862431938529,0.0,0.0,0.0,0.0,0.0
1981-06-22 13:00:00+02:00,BE_RES_APT_AS_IS_HP_V1,away,0.17500000000000004,17.482147216796875,16.0,16.911038150351363,18.24586105273189,18.24586105273189,24.000000000000004,164.9508786495088,27.521793275217934,17.60936874013865,234.0820406648654,196.4104430904,-29.12656238872112,400.3048232545867,0.0,0.0,0.0,0.0,0.0,445.2054794520537,61.609243116092436,85.44347585443477,0.0,0.0,235.64411235644005,32.378580323785805,30.130067801300633,0.0,0.0,298.1527604815265,298.1527604815265,298.1527604815265,0.0,0.0,444.7831369495408,0.0,0.0,0.0,0.0,0.0,0.0,0.0,0.0,0.0,0.0,gas_boiler,gas_boiler,True,5,400.3048232545867,235.64411235644116,32.378580323785805,35.2187374802773,0.0,0.0,303.24143016050425,444.7831369495408,0.0,0.0,0.0,0.0,0.0
1981-06-23 13:00:00+02:00,BE_RES_APT_AS_IS_HP_V1,away,0.17500000000000004,19.408203125,16.0,18.24586105273189,20.14028471686849,20.14028471686849,24.000000000000004,164.9508786495088,27.521793275217934,17.60936874013865,234.0820406648654,196.4104430904,-59.279445685673636,400.3048232545867,0.0,0.0,0.0,0.0,0.0,445.2054794520537,61.609243116092436,85.44347585443477,0.0,0.0,235.64411235644005,32.378580323785805,30.130067801300633,0.0,0.0,298.1527604815265,298.1527604815265,298.1527604815265,0.0,0.0,444.7831369495408,0.0,0.0,0.0,0.0,0.0,0.0,0.0,0.0,0.0,0.0,gas_boiler,gas_boiler,False,5,400.3048232545867,235.64411235644116,32.378580323785805,35.2187374802773,0.0,0.0,303.24143016050425,444.7831369495408,0.0,0.0,0.0,0.0,0.0
1981-06-24 13:00:00+02:00,BE_RES_APT_AS_IS_HP_V1,away,0.17500000000000004,21.282745361328125,16.0,20.14028471686849,22.015890652568324,22.015890652568324,24.000000000000004,164.9508786495088,27.521793275217934,17.60936874013865,234.0820406648654,196.4104430904,-58.26549286744143,400.3048232545867,0.0,0.0,0.0,0.0,0.0,445.2054794520537,61.609243116092436,85.44347585443477,0.0,0.0,235.64411235644005,32.378580323785805,30.130067801300633,0.0,0.0,298.1527604815265,298.1527604815265,298.1527604815265,0.0,0.0,444.7831369495408,0.0,0.0,0.0,0.0,0.0,0.0,0.0,0.0,0.0,0.0,gas_boiler,gas_boiler,False,5,400.3048232545867,235.64411235644116,32.378580323785805,35.2187374802773,0.0,0.0,303.24143016050425,444.7831369495408,0.0,0.0,0.0,0.0,0.0
1981-06-25 13:00:00+02:00,BE_RES_APT_AS_IS_HP_V1,away,0.17500000000000004,19.627960205078125,16.0,22.015890652568324,20.549989052498447,20.549989052498447,24.000000000000004,164.9508786495088,27.521793275217934,17.60936874013865,234.0820406648654,196.4104430904,121.78445282200015,400.3048232545867,0.0,0.0,0.0,0.0,0.0,445.2054794520537,61.609243116092436,85.44347585443477,0.0,0.0,235.64411235644005,32.378580323785805,30.130067801300633,0.0,0.0,298.1527604815265,298.1527604815265,298.1527604815265,0.0,0.0,444.7831369495408,0.0,0.0,0.0,0.0,0.0,0.0,0.0,0.0,0.0,0.0,gas_boiler,gas_boiler,False,5,400.3048232545867,235.64411235644116,32.378580323785805,35.2187374802773,0.0,0.0,303.24143016050425,444.7831369495408,0.0,0.0,0.0,0.0,0.0
1981-06-26 13:00:00+02:00,BE_RES_APT_AS_IS_HP_V1,away,0.17500000000000004,18.78271484375,16.0,20.549989052498447,19.671537240529133,19.671537240529133,24.000000000000004,164.9508786495088,27.521793275217934,17.60936874013865,234.0820406648654,196.4104430904,90.13098464617079,400.3048232545867,0.0,0.0,0.0,0.0,0.0,445.2054794520537,61.609243116092436,85.44347585443477,0.0,0.0,235.64411235644005,32.378580323785805,30.130067801300633,0.0,0.0,298.1527604815265,298.1527604815265,298.1527604815265,0.0,0.0,444.7831369495408,0.0,0.0,0.0,0.0,0.0,0.0,0.0,0.0,0.0,0.0,gas_boiler,gas_boiler,False,5,400.3048232545867,235.64411235644116,32.378580323785805,35.2187374802773,0.0,0.0,303.24143016050425,444.7831369495408,0.0,0.0,0.0,0.0,0.0
1981-06-27 13:00:00+02:00,BE_RES_APT_AS_IS_HP_V1,away,0.52,17.99639892578125,16.0,19.671537240529133,18.927601180222236,18.927601180222236,70.85000000000001,164.9508786495088,27.521793275217934,17.60936874013865,280.93204066486544,196.4104430904,118.93482034709972,400.3048232545867,0.0,0.0,0.0,0.0,0.0,445.2054794520537,61.609243116092436,85.44347585443477,0.0,0.0,235.64411235644005,32.378580323785805,30.130067801300633,0.0,0.0,298.1527604815265,298.1527604815265,298.1527604815265,0.0,0.0,444.7831369495408,0.0,0.0,0.0,0.0,0.0,0.0,0.0,0.0,0.0,0.0,gas_boiler,gas_boiler,False,5,400.3048232545867,235.64411235644116,32.378580323785805,35.2187374802773,0.0,0.0,303.24143016050425,444.7831369495408,0.0,0.0,0.0,0.0,0.0
1981-06-28 13:00:00+02:00,BE_RES_APT_AS_IS_HP_V1,away,0.52,19.242584228515625,16.0,18.927601180222236,20.082839456008585,20.082839456008585,70.85000000000001,164.9508786495088,27.521793275217934,17.60936874013865,280.93204066486544,196.4104430904,-22.363796428830593,400.3048232545867,0.0,0.0,0.0,0.0,0.0,445.2054794520537,61.609243116092436,85.44347585443477,0.0,0.0,235.64411235644005,32.378580323785805,30.130067801300633,0.0,0.0,298.1527604815265,298.1527604815265,298.1527604815265,0.0,0.0,444.7831369495408,0.0,0.0,0.0,0.0,0.0,0.0,0.0,0.0,0.0,0.0,gas_boiler,gas_boiler,False,5,400.3048232545867,235.64411235644116,32.378580323785805,35.2187374802773,0.0,0.0,303.24143016050425,444.7831369495408,0.0,0.0,0.0,0.0,0.0
1981-06-29 13:00:00+02:00,BE_RES_APT_AS_IS_HP_V1,away,0.17500000000000004,18.690643310546875,16.0,20.082839456008585,19.559398220015524,19.559398220015524,24.000000000000004,164.9508786495088,27.521793275217934,17.60936874013865,234.0820406648654,196.4104430904,71.00200341854725,400.3048232545867,0.0,0.0,0.0,0.0,0.0,445.2054794520537,61.609243116092436,85.44347585443477,0.0,0.0,235.64411235644005,32.378580323785805,30.130067801300633,0.0,0.0,298.1527604815265,298.1527604815265,298.1527604815265,0.0,0.0,444.7831369495408,0.0,0.0,0.0,0.0,0.0,0.0,0.0,0.0,0.0,0.0,gas_boiler,gas_boiler,False,5,400.3048232545867,235.64411235644116,32.378580323785805,35.2187374802773,0.0,0.0,303.24143016050425,444.7831369495408,0.0,0.0,0.0,0.0,0.0
1981-06-30 13:00:00+02:00,BE_RES_APT_AS_IS_HP_V1,away,0.17500000000000004,17.169189453125,16.0,19.559398220015524,18.091340195559,18.091340195559,24.000000000000004,164.9508786495088,27.521793275217934,17.60936874013865,234.0820406648654,196.4104430904,121.90064711141673,400.3048232545867,0.0,0.0,0.0,0.0,0.0,445.2054794520537,61.609243116092436,85.44347585443477,0.0,0.0,235.64411235644005,32.378580323785805,30.130067801300633,0.0,0.0,298.1527604815265,298.1527604815265,298.1527604815265,0.0,0.0,444.7831369495408,0.0,0.0,0.0,0.0,0.0,0.0,0.0,0.0,0.0,0.0,gas_boiler,gas_boiler,False,5,400.3048232545867,235.64411235644116,32.378580323785805,35.2187374802773,0.0,0.0,303.24143016050425,444.7831369495408,0.0,0.0,0.0,0.0,0.0
1981-07-01 13:00:00+02:00,BE_RES_APT_AS_IS_HP_V1,away,0.17500000000000004,18.65472412109375,16.0,18.091340195559,19.418851268769366,19.418851268769366,24.000000000000004,164.9508786495088,27.521793275217934,17.60936874013865,234.0820406648654,196.4104430904,-28.732580202272306,400.3048232545867,0.0,0.0,0.0,0.0,0.0,445.2054794520537,61.609243116092436,85.44347585443477,0.0,0.0,235.64411235644005,32.378580323785805,30.130067801300633,0.0,0.0,298.1527604815265,298.1527604815265,298.1527604815265,0.0,0.0,444.7831369495408,0.0,0.0,0.0,0.0,0.0,0.0,0.0,0.0,0.0,0.0,gas_boiler,gas_boiler,False,5,400.3048232545867,235.64411235644116,32.378580323785805,35.2187374802773,0.0,0.0,303.24143016050425,444.7831369495408,0.0,0.0,0.0,0.0,0.0
1981-07-02 13:00:00+02:00,BE_RES_APT_AS_IS_HP_V1,away,0.17500000000000004,18.9541015625,16.0,19.418851268769366,19.77323608231814,19.77323608231814,24.000000000000004,164.9508786495088,27.521793275217934,17.60936874013865,234.0820406648654,196.4104430904,23.702235019737667,400.3048232545867,0.0,0.0,0.0,0.0,0.0,445.2054794520537,61.609243116092436,85.44347585443477,0.0,0.0,235.64411235644005,32.378580323785805,30.130067801300633,0.0,0.0,298.1527604815265,298.1527604815265,298.1527604815265,0.0,0.0,444.7831369495408,0.0,0.0,0.0,0.0,0.0,0.0,0.0,0.0,0.0,0.0,gas_boiler,gas_boiler,False,5,400.3048232545867,235.64411235644116,32.378580323785805,35.2187374802773,0.0,0.0,303.24143016050425,444.7831369495408,0.0,0.0,0.0,0.0,0.0
1981-07-03 13:00:00+02:00,BE_RES_APT_AS_IS_HP_V1,away,0.17500000000000004,19.493927001953125,16.0,19.77323608231814,20.303140047359847,20.303140047359847,24.000000000000004,164.9508786495088,27.521793275217934,17.60936874013865,234.0820406648654,196.4104430904,14.244763098615705,400.3048232545867,0.0,0.0,0.0,0.0,0.0,445.2054794520537,61.609243116092436,85.44347585443477,0.0,0.0,235.64411235644005,32.378580323785805,30.130067801300633,0.0,0.0,298.1527604815265,298.1527604815265,298.1527604815265,0.0,0.0,444.7831369495408,0.0,0.0,0.0,0.0,0.0,0.0,0.0,0.0,0.0,0.0,gas_boiler,gas_boiler,False,5,400.3048232545867,235.64411235644116,32.378580323785805,35.2187374802773,0.0,0.0,303.24143016050425,444.7831369495408,0.0,0.0,0.0,0.0,0.0
1981-07-04 13:00:00+02:00,BE_RES_APT_AS_IS_HP_V1,away,0.52,17.922607421875,16.0,20.303140047359847,18.886045657788763,18.886045657788763,70.85000000000001,164.9508786495088,27.521793275217934,17.60936874013865,280.93204066486544,196.4104430904,169.0178164094241,400.3048232545867,0.0,0.0,0.0,0.0,0.0,445.2054794520537,61.609243116092436,85.44347585443477,0.0,0.0,235.64411235644005,32.378580323785805,30.130067801300633,0.0,0.0,298.1527604815265,298.1527604815265,298.1527604815265,0.0,0.0,444.7831369495408,0.0,0.0,0.0,0.0,0.0,0.0,0.0,0.0,0.0,0.0,gas_boiler,gas_boiler,False,5,400.3048232545867,235.64411235644116,32.378580323785805,35.2187374802773,0.0,0.0,303.24143016050425,444.7831369495408,0.0,0.0,0.0,0.0,0.0
1981-07-05 13:00:00+02:00,BE_RES_APT_AS_IS_HP_V1,away,0.52,16.343475341796875,16.0,18.886045657788763,17.314318576460373,17.314318576460373,70.85000000000001,164.9508786495088,27.521793275217934,17.60936874013865,280.93204066486544,196.4104430904,180.52249243542406,400.3048232545867,0.0,0.0,0.0,0.0,0.0,445.2054794520537,61.609243116092436,85.44347585443477,0.0,0.0,235.64411235644005,32.378580323785805,30.130067801300633,0.0,0.0,298.1527604815265,298.1527604815265,298.1527604815265,0.0,0.0,444.7831369495408,0.0,0.0,0.0,0.0,0.0,0.0,0.0,0.0,0.0,0.0,gas_boiler,gas_boiler,False,5,400.3048232545867,235.64411235644116,32.378580323785805,35.2187374802773,0.0,0.0,303.24143016050425,444.7831369495408,0.0,0.0,0.0,0.0,0.0
1981-07-06 13:00:00+02:00,BE_RES_APT_AS_IS_HP_V1,away,0.17500000000000004,17.074493408203125,16.0,17.314318576460373,17.881593978947244,17.881593978947244,24.000000000000004,164.9508786495088,27.521793275217934,17.60936874013865,234.0820406648654,196.4104430904,12.231083581119643,400.3048232545867,0.0,0.0,0.0,0.0,0.0,445.2054794520537,61.609243116092436,85.44347585443477,0.0,0.0,235.64411235644005,32.378580323785805,30.130067801300633,0.0,0.0,298.1527604815265,298.1527604815265,298.1527604815265,0.0,0.0,444.7831369495408,0.0,0.0,0.0,0.0,0.0,0.0,0.0,0.0,0.0,0.0,gas_boiler,gas_boiler,False,5,400.3048232545867,235.64411235644116,32.378580323785805,35.2187374802773,0.0,0.0,303.24143016050425,444.7831369495408,0.0,0.0,0.0,0.0,0.0
1981-07-07 13:00:00+02:00,BE_RES_APT_AS_IS_HP_V1,away,0.17500000000000004,17.0853271484375,16.0,17.881593978947244,17.922198551147712,17.922198551147712,24.000000000000004,164.9508786495088,27.521793275217934,17.60936874013865,234.0820406648654,196.4104430904,40.60960835599694,400.3048232545867,0.0,0.0,0.0,0.0,0.0,445.2054794520537,61.609243116092436,85.44347585443477,0.0,0.0,235.64411235644005,32.378580323785805,30.130067801300633,0.0,0.0,298.1527604815265,298.1527604815265,298.1527604815265,0.0,0.0,444.7831369495408,0.0,0.0,0.0,0.0,0.0,0.0,0.0,0.0,0.0,0.0,gas_boiler,gas_boiler,False,5,400.3048232545867,235.64411235644116,32.378580323785805,35.2187374802773,0.0,0.0,303.24143016050425,444.7831369495408,0.0,0.0,0.0,0.0,0.0
1981-07-08 13:00:00+02:00,BE_RES_APT_AS_IS_HP_V1,away,0.17500000000000004,15.57061767578125,16.0,17.922198551147712,16.49070174250461,16.49070174250461,24.000000000000004,164.9508786495088,27.521793275217934,17.60936874013865,234.0820406648654,196.4104430904,119.93062464368958,400.3048232545867,0.0,0.0,0.0,0.0,0.0,445.2054794520537,61.609243116092436,85.44347585443477,0.0,0.0,235.64411235644005,32.378580323785805,30.130067801300633,0.0,0.0,298.1527604815265,298.1527604815265,298.1527604815265,0.0,0.0,444.7831369495408,0.0,0.0,0.0,0.0,0.0,0.0,0.0,0.0,0.0,0.0,gas_boiler,gas_boiler,False,5,400.3048232545867,235.64411235644116,32.378580323785805,35.2187374802773,0.0,0.0,303.24143016050425,444.7831369495408,0.0,0.0,0.0,0.0,0.0
1981-07-09 13:00:00+02:00,BE_RES_APT_AS_IS_HP_V1,away,0.17500000000000004,14.692535400390623,16.0,16.49070174250461,15.58301059309409,15.58301059309409,24.000000000000004,164.9508786495088,27.521793275217934,17.60936874013865,234.0820406648654,196.4104430904,91.70648344781327,400.3048232545867,0.0,0.0,0.0,0.0,0.0,445.2054794520537,61.609243116092436,85.44347585443477,0.0,0.0,235.64411235644005,32.378580323785805,30.130067801300633,0.0,0.0,298.1527604815265,298.1527604815265,298.1527604815265,0.0,0.0,444.7831369495408,0.0,0.0,0.0,0.0,0.0,0.0,0.0,0.0,0.0,0.0,gas_boiler,gas_boiler,False,5,400.3048232545867,235.64411235644116,32.378580323785805,35.2187374802773,0.0,0.0,303.24143016050425,444.7831369495408,0.0,0.0,0.0,0.0,0.0
1981-07-10 13:00:00+02:00,BE_RES_APT_AS_IS_HP_V1,away,0.17500000000000004,15.198822021484377,16.0,15.58301059309409,16.01364634642379,16.01364634642379,24.000000000000004,164.9508786495088,27.521793275217934,17.60936874013865,234.0820406648654,196.4104430904,19.593617152095337,400.3048232545867,0.0,0.0,0.0,0.0,0.0,445.2054794520537,61.609243116092436,85.44347585443477,0.0,0.0,235.64411235644005,32.378580323785805,30.130067801300633,0.0,0.0,298.1527604815265,298.1527604815265,298.1527604815265,0.0,0.0,444.7831369495408,0.0,0.0,0.0,0.0,0.0,0.0,0.0,0.0,0.0,0.0,gas_boiler,gas_boiler,False,5,400.3048232545867,235.64411235644116,32.378580323785805,35.2187374802773,0.0,0.0,303.24143016050425,444.7831369495408,0.0,0.0,0.0,0.0,0.0
1981-07-11 13:00:00+02:00,BE_RES_APT_AS_IS_HP_V1,away,0.52,15.711151123046877,16.0,16.01364634642379,16.579624636146097,16.579624636146097,70.85000000000001,164.9508786495088,27.521793275217934,17.60936874013865,280.93204066486544,196.4104430904,21.47716085976088,400.3048232545867,0.0,0.0,0.0,0.0,0.0,445.2054794520537,61.609243116092436,85.44347585443477,0.0,0.0,235.64411235644005,32.378580323785805,30.130067801300633,0.0,0.0,298.1527604815265,298.1527604815265,298.1527604815265,0.0,0.0,444.7831369495408,0.0,0.0,0.0,0.0,0.0,0.0,0.0,0.0,0.0,0.0,gas_boiler,gas_boiler,False,5,400.3048232545867,235.64411235644116,32.378580323785805,35.2187374802773,0.0,0.0,303.24143016050425,444.7831369495408,0.0,0.0,0.0,0.0,0.0
1981-07-12 13:00:00+02:00,BE_RES_APT_AS_IS_HP_V1,away,0.52,20.783233642578125,16.0,16.579624636146097,21.445781632525946,21.445781632525946,70.85000000000001,164.9508786495088,27.521793275217934,17.60936874013865,280.93204066486544,196.4104430904,-298.45623945667404,400.3048232545867,0.0,0.0,0.0,0.0,0.0,445.2054794520537,61.609243116092436,85.44347585443477,0.0,0.0,235.64411235644005,32.378580323785805,30.130067801300633,0.0,0.0,298.1527604815265,298.1527604815265,298.1527604815265,0.0,0.0,444.7831369495408,0.0,0.0,0.0,0.0,0.0,0.0,0.0,0.0,0.0,0.0,gas_boiler,gas_boiler,False,5,400.3048232545867,235.64411235644116,32.378580323785805,35.2187374802773,0.0,0.0,303.24143016050425,444.7831369495408,0.0,0.0,0.0,0.0,0.0
1981-07-13 13:00:00+02:00,BE_RES_APT_AS_IS_HP_V1,away,0.17500000000000004,15.134307861328123,16.0,21.445781632525946,16.266254759328884,16.266254759328884,24.000000000000004,164.9508786495088,27.521793275217934,17.60936874013865,234.0820406648654,196.4104430904,321.885162331089,400.3048232545867,0.0,0.0,0.0,0.0,0.0,445.2054794520537,61.609243116092436,85.44347585443477,0.0,0.0,235.64411235644005,32.378580323785805,30.130067801300633,0.0,0.0,298.1527604815265,298.1527604815265,298.1527604815265,0.0,0.0,444.7831369495408,0.0,0.0,0.0,0.0,0.0,0.0,0.0,0.0,0.0,0.0,gas_boiler,gas_boiler,False,5,400.3048232545867,235.64411235644116,32.378580323785805,35.2187374802773,0.0,0.0,303.24143016050425,444.7831369495408,0.0,0.0,0.0,0.0,0.0
1981-07-14 13:00:00+02:00,BE_RES_APT_AS_IS_HP_V1,away,0.17500000000000004,12.15081787109375,16.0,16.266254759328884,13.165272047989893,13.165272047989893,24.000000000000004,164.9508786495088,27.521793275217934,17.60936874013865,234.0820406648654,196.4104430904,209.88728129999188,400.3048232545867,0.0,0.0,0.0,0.0,1.8347279520101072,445.2054794520537,61.609243116092436,85.44347585443477,0.0,0.0,235.64411235644005,32.378580323785805,30.130067801300633,0.0,0.0,298.1527604815265,298.1527604815265,298.1527604815265,0.0,0.0,444.7831369495408,0.0,0.0,0.0,0.0,0.0,0.0,0.0,0.0,0.0,0.0,gas_boiler,gas_boiler,False,5,400.3048232545867,235.64411235644116,32.378580323785805,35.2187374802773,0.0,0.0,303.24143016050425,444.7831369495408,0.0,0.0,0.0,0.0,0.0
1981-07-15 13:00:00+02:00,BE_RES_APT_AS_IS_HP_V1,away,0.17500000000000004,13.7139892578125,16.0,13.165272047989893,14.478901106488381,16.89522763975803,24.000000000000004,164.9508786495088,27.521793275217934,17.60936874013865,234.0820406648654,196.4104430904,-27.984577700952972,400.3048232545867,1309.6443138286697,1309.6443138286697,0.0,0.0,0.0,445.2054794520537,61.609243116092436,85.44347585443477,0.0,0.0,235.64411235644005,32.378580323785805,30.130067801300633,0.0,0.0,298.1527604815265,298.1527604815265,298.1527604815265,0.0,1455.1603486985218,444.7831369495408,0.0,0.0,0.0,0.0,0.0,0.0,0.0,0.0,0.0,0.0,gas_boiler,gas_boiler,True,5,1709.9491370832566,235.64411235644116,32.378580323785805,35.2187374802773,0.0,0.0,303.24143016050425,1899.9434856480625,0.0,0.0,0.0,0.0,0.0
1981-07-16 13:00:00+02:00,BE_RES_APT_AS_IS_HP_V1,away,0.17500000000000004,13.86712646484375,16.0,16.89522763975803,14.823405830240393,14.823405830240393,24.000000000000004,164.9508786495088,27.521793275217934,17.60936874013865,234.0820406648654,196.4104430904,154.4331599206283,400.3048232545867,0.0,0.0,0.0,0.0,0.17659416975960696,445.2054794520537,61.609243116092436,85.44347585443477,0.0,0.0,235.64411235644005,32.378580323785805,30.130067801300633,0.0,0.0,298.1527604815265,298.1527604815265,298.1527604815265,0.0,0.0,444.7831369495408,0.0,0.0,0.0,0.0,0.0,0.0,0.0,0.0,0.0,0.0,gas_boiler,gas_boiler,True,5,400.3048232545867,235.64411235644116,32.378580323785805,35.2187374802773,0.0,0.0,303.24143016050425,444.7831369495408,0.0,0.0,0.0,0.0,0.0
1981-07-17 13:00:00+02:00,BE_RES_APT_AS_IS_HP_V1,away,0.17500000000000004,13.115814208984377,16.0,14.823405830240393,14.001443458297977,15.00437416608054,24.000000000000004,164.9508786495088,27.521793275217934,17.60936874013865,234.0820406648654,196.4104430904,87.08717268405684,400.3048232545867,543.5865064289385,543.5865064289385,0.0,0.0,0.0,445.2054794520537,61.609243116092436,85.44347585443477,0.0,0.0,235.64411235644005,32.378580323785805,30.130067801300633,0.0,0.0,298.1527604815265,298.1527604815265,298.1527604815265,0.0,603.985007143265,444.7831369495408,0.0,0.0,0.0,0.0,0.0,0.0,0.0,0.0,0.0,0.0,gas_boiler,gas_boiler,True,5,943.8913296835252,235.64411235644116,32.378580323785805,35.2187374802773,0.0,0.0,303.24143016050425,1048.7681440928059,0.0,0.0,0.0,0.0,0.0
1981-07-18 13:00:00+02:00,BE_RES_APT_AS_IS_HP_V1,away,0.52,13.40350341796875,16.0,15.00437416608054,14.331311701313473,15.154873502357514,70.85000000000001,164.9508786495088,27.521793275217934,17.60936874013865,280.93204066486544,196.4104430904,113.66182311593708,400.3048232545867,459.97913527079066,459.97913527079066,0.0,0.0,0.0,445.2054794520537,61.609243116092436,85.44347585443477,0.0,0.0,235.64411235644005,32.378580323785805,30.130067801300633,0.0,0.0,298.1527604815265,298.1527604815265,298.1527604815265,0.0,511.08792807865626,444.7831369495408,0.0,0.0,0.0,0.0,0.0,0.0,0.0,0.0,0.0,0.0,gas_boiler,gas_boiler,True,5,860.2839585253773,235.64411235644116,32.378580323785805,35.2187374802773,0.0,0.0,303.24143016050425,955.8710650281971,0.0,0.0,0.0,0.0,0.0
1981-07-19 13:00:00+02:00,BE_RES_APT_AS_IS_HP_V1,away,0.52,14.159423828125,16.0,15.154873502357514,15.059564830597536,15.758636587071056,70.85000000000001,164.9508786495088,27.521793275217934,17.60936874013865,280.93204066486544,196.4104430904,70.6769268705085,400.3048232545867,390.44844191082854,390.44844191082854,0.0,0.0,0.0,445.2054794520537,61.609243116092436,85.44347585443477,0.0,0.0,235.64411235644005,32.378580323785805,30.130067801300633,0.0,0.0,298.1527604815265,298.1527604815265,298.1527604815265,0.0,433.83160212314283,444.7831369495408,0.0,0.0,0.0,0.0,0.0,0.0,0.0,0.0,0.0,0.0,gas_boiler,gas_boiler,True,5,790.7532651654153,235.64411235644116,32.378580323785805,35.2187374802773,0.0,0.0,303.24143016050425,878.6147390726836,0.0,0.0,0.0,0.0,0.0
1981-07-20 13:00:00+02:00,BE_RES_APT_AS_IS_HP_V1,away,0.17500000000000004,15.535552978515623,16.0,15.758636587071056,16.341757839620183,16.547496389736487,24.000000000000004,164.9508786495088,27.521793275217934,17.60936874013865,234.0820406648654,196.4104430904,11.377264036327066,400.3048232545867,111.5098967731722,111.5098967731722,0.0,0.0,0.0,445.2054794520537,61.609243116092436,85.44347585443477,0.0,0.0,235.64411235644005,32.378580323785805,30.130067801300633,0.0,0.0,298.1527604815265,298.1527604815265,298.1527604815265,0.0,123.89988530352467,444.7831369495408,0.0,0.0,0.0,0.0,0.0,0.0,0.0,0.0,0.0,0.0,gas_boiler,gas_boiler,True,5,511.81472002775894,235.64411235644116,32.378580323785805,35.2187374802773,0.0,0.0,303.24143016050425,568.6830222530655,0.0,0.0,0.0,0.0,0.0
1981-07-21 13:00:00+02:00,BE_RES_APT_AS_IS_HP_V1,away,0.17500000000000004,15.61920166015625,16.0,16.547496389736487,16.46313684091312,16.46313684091312,24.000000000000004,164.9508786495088,27.521793275217934,17.60936874013865,234.0820406648654,196.4104430904,47.34303120859211,400.3048232545867,0.0,0.0,0.0,0.0,0.0,445.2054794520537,61.609243116092436,85.44347585443477,0.0,0.0,235.64411235644005,32.378580323785805,30.130067801300633,0.0,0.0,298.1527604815265,298.1527604815265,298.1527604815265,0.0,0.0,444.7831369495408,0.0,0.0,0.0,0.0,0.0,0.0,0.0,0.0,0.0,0.0,gas_boiler,gas_boiler,True,5,400.3048232545867,235.64411235644116,32.378580323785805,35.2187374802773,0.0,0.0,303.24143016050425,444.7831369495408,0.0,0.0,0.0,0.0,0.0
1981-07-22 13:00:00+02:00,BE_RES_APT_AS_IS_HP_V1,away,0.17500000000000004,17.7880859375,16.0,16.46313684091312,18.511467702008506,18.511467702008506,24.000000000000004,164.9508786495088,27.521793275217934,17.60936874013865,234.0820406648654,196.4104430904,-67.57240392593093,400.3048232545867,0.0,0.0,0.0,0.0,0.0,445.2054794520537,61.609243116092436,85.44347585443477,0.0,0.0,235.64411235644005,32.378580323785805,30.130067801300633,0.0,0.0,298.1527604815265,298.1527604815265,298.1527604815265,0.0,0.0,444.7831369495408,0.0,0.0,0.0,0.0,0.0,0.0,0.0,0.0,0.0,0.0,gas_boiler,gas_boiler,True,5,400.3048232545867,235.64411235644116,32.378580323785805,35.2187374802773,0.0,0.0,303.24143016050425,444.7831369495408,0.0,0.0,0.0,0.0,0.0
1981-07-23 13:00:00+02:00,BE_RES_APT_AS_IS_HP_V1,away,0.17500000000000004,20.913238525390625,16.0,18.511467702008506,21.579007999410155,21.579007999410155,24.000000000000004,164.9508786495088,27.521793275217934,17.60936874013865,234.0820406648654,196.4104430904,-122.49031199248807,400.3048232545867,0.0,0.0,0.0,0.0,0.0,445.2054794520537,61.609243116092436,85.44347585443477,0.0,0.0,235.64411235644005,32.378580323785805,30.130067801300633,0.0,0.0,298.1527604815265,298.1527604815265,298.1527604815265,0.0,0.0,444.7831369495408,0.0,0.0,0.0,0.0,0.0,0.0,0.0,0.0,0.0,0.0,gas_boiler,gas_boiler,False,5,400.3048232545867,235.64411235644116,32.378580323785805,35.2187374802773,0.0,0.0,303.24143016050425,444.7831369495408,0.0,0.0,0.0,0.0,0.0
1981-07-24 13:00:00+02:00,BE_RES_APT_AS_IS_HP_V1,away,0.17500000000000004,18.030303955078125,16.0,21.579007999410155,19.01443669954017,19.01443669954017,24.000000000000004,164.9508786495088,27.521793275217934,17.60936874013865,234.0820406648654,196.4104430904,180.98390626093357,400.3048232545867,0.0,0.0,0.0,0.0,0.0,445.2054794520537,61.609243116092436,85.44347585443477,0.0,0.0,235.64411235644005,32.378580323785805,30.130067801300633,0.0,0.0,298.1527604815265,298.1527604815265,298.1527604815265,0.0,0.0,444.7831369495408,0.0,0.0,0.0,0.0,0.0,0.0,0.0,0.0,0.0,0.0,gas_boiler,gas_boiler,False,5,400.3048232545867,235.64411235644116,32.378580323785805,35.2187374802773,0.0,0.0,303.24143016050425,444.7831369495408,0.0,0.0,0.0,0.0,0.0
1981-07-25 13:00:00+02:00,BE_RES_APT_AS_IS_HP_V1,away,0.52,13.13641357421875,16.0,19.01443669954017,14.259684455842626,14.259684455842626,70.85000000000001,164.9508786495088,27.521793275217934,17.60936874013865,280.93204066486544,196.4104430904,417.3396418978208,400.3048232545867,0.0,0.0,0.0,0.0,0.7403155441573741,445.2054794520537,61.609243116092436,85.44347585443477,0.0,0.0,235.64411235644005,32.378580323785805,30.130067801300633,0.0,0.0,298.1527604815265,298.1527604815265,298.1527604815265,0.0,0.0,444.7831369495408,0.0,0.0,0.0,0.0,0.0,0.0,0.0,0.0,0.0,0.0,gas_boiler,gas_boiler,False,5,400.3048232545867,235.64411235644116,32.378580323785805,35.2187374802773,0.0,0.0,303.24143016050425,444.7831369495408,0.0,0.0,0.0,0.0,0.0
1981-07-26 13:00:00+02:00,BE_RES_APT_AS_IS_HP_V1,away,0.52,15.269195556640623,16.0,14.259684455842626,16.07771138236626,17.517265635683408,70.85000000000001,164.9508786495088,27.521793275217934,17.60936874013865,280.93204066486544,196.4104430904,-71.67528815665781,400.3048232545867,804.0257814007069,804.0257814007069,0.0,0.0,0.0,445.2054794520537,61.609243116092436,85.44347585443477,0.0,0.0,235.64411235644005,32.378580323785805,30.130067801300633,0.0,0.0,298.1527604815265,298.1527604815265,298.1527604815265,0.0,893.3619793341188,444.7831369495408,0.0,0.0,0.0,0.0,0.0,0.0,0.0,0.0,0.0,0.0,gas_boiler,gas_boiler,True,5,1204.3306046552937,235.64411235644116,32.378580323785805,35.2187374802773,0.0,0.0,303.24143016050425,1338.1451162836597,0.0,0.0,0.0,0.0,0.0
1981-07-27 13:00:00+02:00,BE_RES_APT_AS_IS_HP_V1,away,0.17500000000000004,15.537384033203123,16.0,17.517265635683408,16.437581385207423,16.437581385207423,24.000000000000004,164.9508786495088,27.521793275217934,17.60936874013865,234.0820406648654,196.4104430904,100.97396172649455,400.3048232545867,0.0,0.0,0.0,0.0,0.0,445.2054794520537,61.609243116092436,85.44347585443477,0.0,0.0,235.64411235644005,32.378580323785805,30.130067801300633,0.0,0.0,298.1527604815265,298.1527604815265,298.1527604815265,0.0,0.0,444.7831369495408,0.0,0.0,0.0,0.0,0.0,0.0,0.0,0.0,0.0,0.0,gas_boiler,gas_boiler,False,5,400.3048232545867,235.64411235644116,32.378580323785805,35.2187374802773,0.0,0.0,303.24143016050425,444.7831369495408,0.0,0.0,0.0,0.0,0.0
1981-07-28 13:00:00+02:00,BE_RES_APT_AS_IS_HP_V1,away,0.17500000000000004,16.590789794921875,16.0,16.437581385207423,17.37686221949976,17.37686221949976,24.000000000000004,164.9508786495088,27.521793275217934,17.60936874013865,234.0820406648654,196.4104430904,-7.813628895437049,400.3048232545867,0.0,0.0,0.0,0.0,0.0,445.2054794520537,61.609243116092436,85.44347585443477,0.0,0.0,235.64411235644005,32.378580323785805,30.130067801300633,0.0,0.0,298.1527604815265,298.1527604815265,298.1527604815265,0.0,0.0,444.7831369495408,0.0,0.0,0.0,0.0,0.0,0.0,0.0,0.0,0.0,0.0,gas_boiler,gas_boiler,False,5,400.3048232545867,235.64411235644116,32.378580323785805,35.2187374802773,0.0,0.0,303.24143016050425,444.7831369495408,0.0,0.0,0.0,0.0,0.0
1981-07-29 13:00:00+02:00,BE_RES_APT_AS_IS_HP_V1,away,0.17500000000000004,21.05517578125,16.0,17.37686221949976,21.652647458861452,21.652647458861452,24.000000000000004,164.9508786495088,27.521793275217934,17.60936874013865,234.0820406648654,196.4104430904,-187.59399164926228,400.3048232545867,0.0,0.0,0.0,0.0,0.0,445.2054794520537,61.609243116092436,85.44347585443477,0.0,0.0,235.64411235644005,32.378580323785805,30.130067801300633,0.0,0.0,298.1527604815265,298.1527604815265,298.1527604815265,0.0,0.0,444.7831369495408,0.0,0.0,0.0,0.0,0.0,0.0,0.0,0.0,0.0,0.0,gas_boiler,gas_boiler,False,5,400.3048232545867,235.64411235644116,32.378580323785805,35.2187374802773,0.0,0.0,303.24143016050425,444.7831369495408,0.0,0.0,0.0,0.0,0.0
1981-07-30 13:00:00+02:00,BE_RES_APT_AS_IS_HP_V1,away,0.17500000000000004,17.90081787109375,16.0,21.652647458861452,18.89581827129021,18.89581827129021,24.000000000000004,164.9508786495088,27.521793275217934,17.60936874013865,234.0820406648654,196.4104430904,191.34330897615283,400.3048232545867,0.0,0.0,0.0,0.0,0.0,445.2054794520537,61.609243116092436,85.44347585443477,0.0,0.0,235.64411235644005,32.378580323785805,30.130067801300633,0.0,0.0,298.1527604815265,298.1527604815265,298.1527604815265,0.0,0.0,444.7831369495408,0.0,0.0,0.0,0.0,0.0,0.0,0.0,0.0,0.0,0.0,gas_boiler,gas_boiler,False,5,400.3048232545867,235.64411235644116,32.378580323785805,35.2187374802773,0.0,0.0,303.24143016050425,444.7831369495408,0.0,0.0,0.0,0.0,0.0
1981-07-31 13:00:00+02:00,BE_RES_APT_AS_IS_HP_V1,away,0.17500000000000004,16.321563720703125,16.0,18.89581827129021,17.25356131047476,17.25356131047476,24.000000000000004,164.9508786495088,27.521793275217934,17.60936874013865,234.0820406648654,196.4104430904,131.28698207994137,400.3048232545867,0.0,0.0,0.0,0.0,0.0,445.2054794520537,61.609243116092436,85.44347585443477,0.0,0.0,235.64411235644005,32.378580323785805,30.130067801300633,0.0,0.0,298.1527604815265,298.1527604815265,298.1527604815265,0.0,0.0,444.7831369495408,0.0,0.0,0.0,0.0,0.0,0.0,0.0,0.0,0.0,0.0,gas_boiler,gas_boiler,False,5,400.3048232545867,235.64411235644116,32.378580323785805,35.2187374802773,0.0,0.0,303.24143016050425,444.7831369495408,0.0,0.0,0.0,0.0,0.0
1981-08-01 13:00:00+02:00,BE_RES_APT_AS_IS_HP_V1,away,0.52,15.59716796875,16.0,17.25356131047476,16.527513592234534,16.527513592234534,70.85000000000001,164.9508786495088,27.521793275217934,17.60936874013865,280.93204066486544,196.4104430904,117.60392726245783,400.3048232545867,0.0,0.0,0.0,0.0,0.0,445.2054794520537,61.609243116092436,85.44347585443477,0.0,0.0,235.64411235644005,32.378580323785805,30.130067801300633,0.0,0.0,298.1527604815265,298.1527604815265,298.1527604815265,0.0,0.0,444.7831369495408,0.0,0.0,0.0,0.0,0.0,0.0,0.0,0.0,0.0,0.0,gas_boiler,gas_boiler,False,5,400.3048232545867,235.64411235644116,32.378580323785805,35.2187374802773,0.0,0.0,303.24143016050425,444.7831369495408,0.0,0.0,0.0,0.0,0.0
1981-08-02 13:00:00+02:00,BE_RES_APT_AS_IS_HP_V1,away,0.52,15.932220458984377,16.0,16.527513592234534,16.814074613030474,16.814074613030474,70.85000000000001,164.9508786495088,27.521793275217934,17.60936874013865,280.93204066486544,196.4104430904,42.265812460761175,400.3048232545867,0.0,0.0,0.0,0.0,0.0,445.2054794520537,61.609243116092436,85.44347585443477,0.0,0.0,235.64411235644005,32.378580323785805,30.130067801300633,0.0,0.0,298.1527604815265,298.1527604815265,298.1527604815265,0.0,0.0,444.7831369495408,0.0,0.0,0.0,0.0,0.0,0.0,0.0,0.0,0.0,0.0,gas_boiler,gas_boiler,False,5,400.3048232545867,235.64411235644116,32.378580323785805,35.2187374802773,0.0,0.0,303.24143016050425,444.7831369495408,0.0,0.0,0.0,0.0,0.0
1981-08-03 13:00:00+02:00,BE_RES_APT_AS_IS_HP_V1,away,0.17500000000000004,17.53607177734375,16.0,16.814074613030474,18.291712773820407,18.291712773820407,24.000000000000004,164.9508786495088,27.521793275217934,17.60936874013865,234.0820406648654,196.4104430904,-36.82185537997707,400.3048232545867,0.0,0.0,0.0,0.0,0.0,445.2054794520537,61.609243116092436,85.44347585443477,0.0,0.0,235.64411235644005,32.378580323785805,30.130067801300633,0.0,0.0,298.1527604815265,298.1527604815265,298.1527604815265,0.0,0.0,444.7831369495408,0.0,0.0,0.0,0.0,0.0,0.0,0.0,0.0,0.0,0.0,gas_boiler,gas_boiler,False,5,400.3048232545867,235.64411235644116,32.378580323785805,35.2187374802773,0.0,0.0,303.24143016050425,444.7831369495408,0.0,0.0,0.0,0.0,0.0
1981-08-04 13:00:00+02:00,BE_RES_APT_AS_IS_HP_V1,away,0.17500000000000004,17.18048095703125,16.0,18.291712773820407,18.03420366746664,18.03420366746664,24.000000000000004,164.9508786495088,27.521793275217934,17.60936874013865,234.0820406648654,196.4104430904,56.67282265624703,400.3048232545867,0.0,0.0,0.0,0.0,0.0,445.2054794520537,61.609243116092436,85.44347585443477,0.0,0.0,235.64411235644005,32.378580323785805,30.130067801300633,0.0,0.0,298.1527604815265,298.1527604815265,298.1527604815265,0.0,0.0,444.7831369495408,0.0,0.0,0.0,0.0,0.0,0.0,0.0,0.0,0.0,0.0,gas_boiler,gas_boiler,False,5,400.3048232545867,235.64411235644116,32.378580323785805,35.2187374802773,0.0,0.0,303.24143016050425,444.7831369495408,0.0,0.0,0.0,0.0,0.0
1981-08-05 13:00:00+02:00,BE_RES_APT_AS_IS_HP_V1,away,0.17500000000000004,16.033660888671875,16.0,18.03420366746664,16.934963658278786,16.934963658278786,24.000000000000004,164.9508786495088,27.521793275217934,17.60936874013865,234.0820406648654,196.4104430904,102.02768171853312,400.3048232545867,0.0,0.0,0.0,0.0,0.0,445.2054794520537,61.609243116092436,85.44347585443477,0.0,0.0,235.64411235644005,32.378580323785805,30.130067801300633,0.0,0.0,298.1527604815265,298.1527604815265,298.1527604815265,0.0,0.0,444.7831369495408,0.0,0.0,0.0,0.0,0.0,0.0,0.0,0.0,0.0,0.0,gas_boiler,gas_boiler,False,5,400.3048232545867,235.64411235644116,32.378580323785805,35.2187374802773,0.0,0.0,303.24143016050425,444.7831369495408,0.0,0.0,0.0,0.0,0.0
1981-08-06 13:00:00+02:00,BE_RES_APT_AS_IS_HP_V1,away,0.17500000000000004,13.945281982421877,16.0,16.934963658278786,14.899505821555392,14.899505821555392,24.000000000000004,164.9508786495088,27.521793275217934,17.60936874013865,234.0820406648654,196.4104430904,152.4737654687024,400.3048232545867,0.0,0.0,0.0,0.0,0.10049417844460784,445.2054794520537,61.609243116092436,85.44347585443477,0.0,0.0,235.64411235644005,32.378580323785805,30.130067801300633,0.0,0.0,298.1527604815265,298.1527604815265,298.1527604815265,0.0,0.0,444.7831369495408,0.0,0.0,0.0,0.0,0.0,0.0,0.0,0.0,0.0,0.0,gas_boiler,gas_boiler,False,5,400.3048232545867,235.64411235644116,32.378580323785805,35.2187374802773,0.0,0.0,303.24143016050425,444.7831369495408,0.0,0.0,0.0,0.0,0.0
1981-08-07 13:00:00+02:00,BE_RES_APT_AS_IS_HP_V1,away,0.17500000000000004,14.329345703125,16.0,14.899505821555392,15.154119907892715,16.09218286423351,24.000000000000004,164.9508786495088,27.521793275217934,17.60936874013865,234.0820406648654,196.4104430904,29.078166039950005,400.3048232545867,508.4283104414089,508.4283104414089,0.0,0.0,0.0,445.2054794520537,61.609243116092436,85.44347585443477,0.0,0.0,235.64411235644005,32.378580323785805,30.130067801300633,0.0,0.0,298.1527604815265,298.1527604815265,298.1527604815265,0.0,564.9203449348987,444.7831369495408,0.0,0.0,0.0,0.0,0.0,0.0,0.0,0.0,0.0,0.0,gas_boiler,gas_boiler,True,5,908.7331336959955,235.64411235644116,32.378580323785805,35.2187374802773,0.0,0.0,303.24143016050425,1009.7034818844395,0.0,0.0,0.0,0.0,0.0
1981-08-08 13:00:00+02:00,BE_RES_APT_AS_IS_HP_V1,away,0.52,14.9737548828125,16.0,16.09218286423351,15.8795159000367,15.8795159000367,70.85000000000001,164.9508786495088,27.521793275217934,17.60936874013865,280.93204066486544,196.4104430904,79.40838668089177,400.3048232545867,0.0,0.0,0.0,0.0,0.0,445.2054794520537,61.609243116092436,85.44347585443477,0.0,0.0,235.64411235644005,32.378580323785805,30.130067801300633,0.0,0.0,298.1527604815265,298.1527604815265,298.1527604815265,0.0,0.0,444.7831369495408,0.0,0.0,0.0,0.0,0.0,0.0,0.0,0.0,0.0,0.0,gas_boiler,gas_boiler,True,5,400.3048232545867,235.64411235644116,32.378580323785805,35.2187374802773,0.0,0.0,303.24143016050425,444.7831369495408,0.0,0.0,0.0,0.0,0.0
1981-08-09 13:00:00+02:00,BE_RES_APT_AS_IS_HP_V1,away,0.52,17.75238037109375,16.0,15.8795159000367,18.521441606919087,18.621103647599895,70.85000000000001,164.9508786495088,27.521793275217934,17.60936874013865,280.93204066486544,196.4104430904,-132.9733774450505,400.3048232545867,55.66365418304425,55.66365418304425,0.0,0.0,0.0,445.2054794520537,61.609243116092436,85.44347585443477,0.0,0.0,235.64411235644005,32.378580323785805,30.130067801300633,0.0,0.0,298.1527604815265,298.1527604815265,298.1527604815265,0.0,61.84850464782694,444.7831369495408,0.0,0.0,0.0,0.0,0.0,0.0,0.0,0.0,0.0,0.0,gas_boiler,gas_boiler,True,5,455.96847743763095,235.64411235644116,32.378580323785805,35.2187374802773,0.0,0.0,303.24143016050425,506.6316415973677,0.0,0.0,0.0,0.0,0.0
1981-08-10 13:00:00+02:00,BE_RES_APT_AS_IS_HP_V1,away,0.17500000000000004,18.309295654296875,16.0,18.621103647599895,19.120247461808937,19.120247461808937,24.000000000000004,164.9508786495088,27.521793275217934,17.60936874013865,234.0820406648654,196.4104430904,15.902207658454033,400.3048232545867,0.0,0.0,0.0,0.0,0.0,445.2054794520537,61.609243116092436,85.44347585443477,0.0,0.0,235.64411235644005,32.378580323785805,30.130067801300633,0.0,0.0,298.1527604815265,298.1527604815265,298.1527604815265,0.0,0.0,444.7831369495408,0.0,0.0,0.0,0.0,0.0,0.0,0.0,0.0,0.0,0.0,gas_boiler,gas_boiler,False,5,400.3048232545867,235.64411235644116,32.378580323785805,35.2187374802773,0.0,0.0,303.24143016050425,444.7831369495408,0.0,0.0,0.0,0.0,0.0
1981-08-11 13:00:00+02:00,BE_RES_APT_AS_IS_HP_V1,away,0.17500000000000004,20.192657470703125,16.0,19.120247461808937,20.92955062239665,20.92955062239665,24.000000000000004,164.9508786495088,27.521793275217934,17.60936874013865,234.0820406648654,196.4104430904,-54.6929104536036,400.3048232545867,0.0,0.0,0.0,0.0,0.0,445.2054794520537,61.609243116092436,85.44347585443477,0.0,0.0,235.64411235644005,32.378580323785805,30.130067801300633,0.0,0.0,298.1527604815265,298.1527604815265,298.1527604815265,0.0,0.0,444.7831369495408,0.0,0.0,0.0,0.0,0.0,0.0,0.0,0.0,0.0,0.0,gas_boiler,gas_boiler,False,5,400.3048232545867,235.64411235644116,32.378580323785805,35.2187374802773,0.0,0.0,303.24143016050425,444.7831369495408,0.0,0.0,0.0,0.0,0.0
1981-08-12 13:00:00+02:00,BE_RES_APT_AS_IS_HP_V1,away,0.17500000000000004,20.344329833984375,16.0,20.92955062239665,21.169909817157524,21.169909817157524,24.000000000000004,164.9508786495088,27.521793275217934,17.60936874013865,234.0820406648654,196.4104430904,29.846260209026056,400.3048232545867,0.0,0.0,0.0,0.0,0.0,445.2054794520537,61.609243116092436,85.44347585443477,0.0,0.0,235.64411235644005,32.378580323785805,30.130067801300633,0.0,0.0,298.1527604815265,298.1527604815265,298.1527604815265,0.0,0.0,444.7831369495408,0.0,0.0,0.0,0.0,0.0,0.0,0.0,0.0,0.0,0.0,gas_boiler,gas_boiler,False,5,400.3048232545867,235.64411235644116,32.378580323785805,35.2187374802773,0.0,0.0,303.24143016050425,444.7831369495408,0.0,0.0,0.0,0.0,0.0
1981-08-13 13:00:00+02:00,BE_RES_APT_AS_IS_HP_V1,away,0.17500000000000004,19.87115478515625,16.0,21.169909817157524,20.734910393033616,20.734910393033616,24.000000000000004,164.9508786495088,27.521793275217934,17.60936874013865,234.0820406648654,196.4104430904,66.236506632065,400.3048232545867,0.0,0.0,0.0,0.0,0.0,445.2054794520537,61.609243116092436,85.44347585443477,0.0,0.0,235.64411235644005,32.378580323785805,30.130067801300633,0.0,0.0,298.1527604815265,298.1527604815265,298.1527604815265,0.0,0.0,444.7831369495408,0.0,0.0,0.0,0.0,0.0,0.0,0.0,0.0,0.0,0.0,gas_boiler,gas_boiler,False,5,400.3048232545867,235.64411235644116,32.378580323785805,35.2187374802773,0.0,0.0,303.24143016050425,444.7831369495408,0.0,0.0,0.0,0.0,0.0
1981-08-14 13:00:00+02:00,BE_RES_APT_AS_IS_HP_V1,away,0.17500000000000004,20.753814697265625,16.0,20.734910393033616,21.5470726818544,21.5470726818544,24.000000000000004,164.9508786495088,27.521793275217934,17.60936874013865,234.0820406648654,196.4104430904,-0.9641195158324792,400.3048232545867,0.0,0.0,0.0,0.0,0.0,445.2054794520537,61.609243116092436,85.44347585443477,0.0,0.0,235.64411235644005,32.378580323785805,30.130067801300633,0.0,0.0,298.1527604815265,298.1527604815265,298.1527604815265,0.0,0.0,444.7831369495408,0.0,0.0,0.0,0.0,0.0,0.0,0.0,0.0,0.0,0.0,gas_boiler,gas_boiler,False,5,400.3048232545867,235.64411235644116,32.378580323785805,35.2187374802773,0.0,0.0,303.24143016050425,444.7831369495408,0.0,0.0,0.0,0.0,0.0
1981-08-15 13:00:00+02:00,BE_RES_APT_AS_IS_HP_V1,away,0.52,23.206573486328125,16.0,21.5470726818544,23.985385278825458,23.985385278825458,70.85000000000001,164.9508786495088,27.521793275217934,17.60936874013865,280.93204066486544,196.4104430904,-117.82455711763457,400.3048232545867,0.0,0.0,0.0,0.0,0.0,445.2054794520537,61.609243116092436,85.44347585443477,0.0,0.0,235.64411235644005,32.378580323785805,30.130067801300633,0.0,0.0,298.1527604815265,298.1527604815265,298.1527604815265,0.0,0.0,444.7831369495408,0.0,0.0,0.0,0.0,0.0,0.0,0.0,0.0,0.0,0.0,gas_boiler,gas_boiler,False,5,400.3048232545867,235.64411235644116,32.378580323785805,35.2187374802773,0.0,0.0,303.24143016050425,444.7831369495408,0.0,0.0,0.0,0.0,0.0
1981-08-16 13:00:00+02:00,BE_RES_APT_AS_IS_HP_V1,away,0.52,20.956451416015625,16.0,23.985385278825458,21.949521093458166,21.949521093458166,70.85000000000001,164.9508786495088,27.521793275217934,17.60936874013865,280.93204066486544,196.4104430904,215.05430425949814,400.3048232545867,0.0,0.0,0.0,0.0,0.0,445.2054794520537,61.609243116092436,85.44347585443477,0.0,0.0,235.64411235644005,32.378580323785805,30.130067801300633,0.0,0.0,298.1527604815265,298.1527604815265,298.1527604815265,0.0,0.0,444.7831369495408,0.0,0.0,0.0,0.0,0.0,0.0,0.0,0.0,0.0,0.0,gas_boiler,gas_boiler,False,5,400.3048232545867,235.64411235644116,32.378580323785805,35.2187374802773,0.0,0.0,303.24143016050425,444.7831369495408,0.0,0.0,0.0,0.0,0.0
1981-08-17 13:00:00+02:00,BE_RES_APT_AS_IS_HP_V1,away,0.17500000000000004,16.85247802734375,16.0,21.949521093458166,17.919450257004357,17.919450257004357,24.000000000000004,164.9508786495088,27.521793275217934,17.60936874013865,234.0820406648654,196.4104430904,259.9491963718353,400.3048232545867,0.0,0.0,0.0,0.0,0.0,445.2054794520537,61.609243116092436,85.44347585443477,0.0,0.0,235.64411235644005,32.378580323785805,30.130067801300633,0.0,0.0,298.1527604815265,298.1527604815265,298.1527604815265,0.0,0.0,444.7831369495408,0.0,0.0,0.0,0.0,0.0,0.0,0.0,0.0,0.0,0.0,gas_boiler,gas_boiler,False,5,400.3048232545867,235.64411235644116,32.378580323785805,35.2187374802773,0.0,0.0,303.24143016050425,444.7831369495408,0.0,0.0,0.0,0.0,0.0
1981-08-18 13:00:00+02:00,BE_RES_APT_AS_IS_HP_V1,away,0.17500000000000004,14.282501220703123,16.0,17.919450257004357,15.271355263022576,15.271355263022576,24.000000000000004,164.9508786495088,27.521793275217934,17.60936874013865,234.0820406648654,196.4104430904,185.48440085136295,400.3048232545867,0.0,0.0,0.0,0.0,0.0,445.2054794520537,61.609243116092436,85.44347585443477,0.0,0.0,235.64411235644005,32.378580323785805,30.130067801300633,0.0,0.0,298.1527604815265,298.1527604815265,298.1527604815265,0.0,0.0,444.7831369495408,0.0,0.0,0.0,0.0,0.0,0.0,0.0,0.0,0.0,0.0,gas_boiler,gas_boiler,False,5,400.3048232545867,235.64411235644116,32.378580323785805,35.2187374802773,0.0,0.0,303.24143016050425,444.7831369495408,0.0,0.0,0.0,0.0,0.0
1981-08-19 13:00:00+02:00,BE_RES_APT_AS_IS_HP_V1,away,0.17500000000000004,15.154876708984377,16.0,15.271355263022576,15.955377969190467,15.955377969190467,24.000000000000004,164.9508786495088,27.521793275217934,17.60936874013865,234.0820406648654,196.4104430904,5.940406255948159,400.3048232545867,0.0,0.0,0.0,0.0,0.0,445.2054794520537,61.609243116092436,85.44347585443477,0.0,0.0,235.64411235644005,32.378580323785805,30.130067801300633,0.0,0.0,298.1527604815265,298.1527604815265,298.1527604815265,0.0,0.0,444.7831369495408,0.0,0.0,0.0,0.0,0.0,0.0,0.0,0.0,0.0,0.0,gas_boiler,gas_boiler,False,5,400.3048232545867,235.64411235644116,32.378580323785805,35.2187374802773,0.0,0.0,303.24143016050425,444.7831369495408,0.0,0.0,0.0,0.0,0.0
1981-08-20 13:00:00+02:00,BE_RES_APT_AS_IS_HP_V1,away,0.17500000000000004,20.160369873046875,16.0,15.955377969190467,20.729663120668825,20.729663120668825,24.000000000000004,164.9508786495088,27.521793275217934,17.60936874013865,234.0820406648654,196.4104430904,-214.45458709667685,400.3048232545867,0.0,0.0,0.0,0.0,0.0,445.2054794520537,61.609243116092436,85.44347585443477,0.0,0.0,235.64411235644005,32.378580323785805,30.130067801300633,0.0,0.0,298.1527604815265,298.1527604815265,298.1527604815265,0.0,0.0,444.7831369495408,0.0,0.0,0.0,0.0,0.0,0.0,0.0,0.0,0.0,0.0,gas_boiler,gas_boiler,False,5,400.3048232545867,235.64411235644116,32.378580323785805,35.2187374802773,0.0,0.0,303.24143016050425,444.7831369495408,0.0,0.0,0.0,0.0,0.0
1981-08-21 13:00:00+02:00,BE_RES_APT_AS_IS_HP_V1,away,0.17500000000000004,18.684234619140625,16.0,20.729663120668825,19.587938871957412,19.587938871957412,24.000000000000004,164.9508786495088,27.521793275217934,17.60936874013865,234.0820406648654,196.4104430904,104.3168535779382,400.3048232545867,0.0,0.0,0.0,0.0,0.0,445.2054794520537,61.609243116092436,85.44347585443477,0.0,0.0,235.64411235644005,32.378580323785805,30.130067801300633,0.0,0.0,298.1527604815265,298.1527604815265,298.1527604815265,0.0,0.0,444.7831369495408,0.0,0.0,0.0,0.0,0.0,0.0,0.0,0.0,0.0,0.0,gas_boiler,gas_boiler,False,5,400.3048232545867,235.64411235644116,32.378580323785805,35.2187374802773,0.0,0.0,303.24143016050425,444.7831369495408,0.0,0.0,0.0,0.0,0.0
1981-08-22 13:00:00+02:00,BE_RES_APT_AS_IS_HP_V1,away,0.52,16.317840576171875,16.0,19.587938871957412,17.32193128408626,17.32193128408626,70.85000000000001,164.9508786495088,27.521793275217934,17.60936874013865,280.93204066486544,196.4104430904,232.17697900077314,400.3048232545867,0.0,0.0,0.0,0.0,0.0,445.2054794520537,61.609243116092436,85.44347585443477,0.0,0.0,235.64411235644005,32.378580323785805,30.130067801300633,0.0,0.0,298.1527604815265,298.1527604815265,298.1527604815265,0.0,0.0,444.7831369495408,0.0,0.0,0.0,0.0,0.0,0.0,0.0,0.0,0.0,0.0,gas_boiler,gas_boiler,False,5,400.3048232545867,235.64411235644116,32.378580323785805,35.2187374802773,0.0,0.0,303.24143016050425,444.7831369495408,0.0,0.0,0.0,0.0,0.0
1981-08-23 13:00:00+02:00,BE_RES_APT_AS_IS_HP_V1,away,0.52,18.23028564453125,16.0,17.32193128408626,19.043424256063677,19.043424256063677,70.85000000000001,164.9508786495088,27.521793275217934,17.60936874013865,280.93204066486544,196.4104430904,-64.49315959159419,400.3048232545867,0.0,0.0,0.0,0.0,0.0,445.2054794520537,61.609243116092436,85.44347585443477,0.0,0.0,235.64411235644005,32.378580323785805,30.130067801300633,0.0,0.0,298.1527604815265,298.1527604815265,298.1527604815265,0.0,0.0,444.7831369495408,0.0,0.0,0.0,0.0,0.0,0.0,0.0,0.0,0.0,0.0,gas_boiler,gas_boiler,False,5,400.3048232545867,235.64411235644116,32.378580323785805,35.2187374802773,0.0,0.0,303.24143016050425,444.7831369495408,0.0,0.0,0.0,0.0,0.0
1981-08-24 13:00:00+02:00,BE_RES_APT_AS_IS_HP_V1,away,0.17500000000000004,17.128692626953125,16.0,19.043424256063677,18.025404314526885,18.025404314526885,24.000000000000004,164.9508786495088,27.521793275217934,17.60936874013865,234.0820406648654,196.4104430904,97.65131308463816,400.3048232545867,0.0,0.0,0.0,0.0,0.0,445.2054794520537,61.609243116092436,85.44347585443477,0.0,0.0,235.64411235644005,32.378580323785805,30.130067801300633,0.0,0.0,298.1527604815265,298.1527604815265,298.1527604815265,0.0,0.0,444.7831369495408,0.0,0.0,0.0,0.0,0.0,0.0,0.0,0.0,0.0,0.0,gas_boiler,gas_boiler,False,5,400.3048232545867,235.64411235644116,32.378580323785805,35.2187374802773,0.0,0.0,303.24143016050425,444.7831369495408,0.0,0.0,0.0,0.0,0.0
1981-08-25 13:00:00+02:00,BE_RES_APT_AS_IS_HP_V1,away,0.17500000000000004,18.614013671875,16.0,18.025404314526885,19.37679120441082,19.37679120441082,24.000000000000004,164.9508786495088,27.521793275217934,17.60936874013865,234.0820406648654,196.4104430904,-30.019077224753893,400.3048232545867,0.0,0.0,0.0,0.0,0.0,445.2054794520537,61.609243116092436,85.44347585443477,0.0,0.0,235.64411235644005,32.378580323785805,30.130067801300633,0.0,0.0,298.1527604815265,298.1527604815265,298.1527604815265,0.0,0.0,444.7831369495408,0.0,0.0,0.0,0.0,0.0,0.0,0.0,0.0,0.0,0.0,gas_boiler,gas_boiler,False,5,400.3048232545867,235.64411235644116,32.378580323785805,35.2187374802773,0.0,0.0,303.24143016050425,444.7831369495408,0.0,0.0,0.0,0.0,0.0
1981-08-26 13:00:00+02:00,BE_RES_APT_AS_IS_HP_V1,away,0.17500000000000004,17.649993896484375,16.0,19.37679120441082,18.53665069155784,18.53665069155784,24.000000000000004,164.9508786495088,27.521793275217934,17.60936874013865,234.0820406648654,196.4104430904,88.06666270424878,400.3048232545867,0.0,0.0,0.0,0.0,0.0,445.2054794520537,61.609243116092436,85.44347585443477,0.0,0.0,235.64411235644005,32.378580323785805,30.130067801300633,0.0,0.0,298.1527604815265,298.1527604815265,298.1527604815265,0.0,0.0,444.7831369495408,0.0,0.0,0.0,0.0,0.0,0.0,0.0,0.0,0.0,0.0,gas_boiler,gas_boiler,False,5,400.3048232545867,235.64411235644116,32.378580323785805,35.2187374802773,0.0,0.0,303.24143016050425,444.7831369495408,0.0,0.0,0.0,0.0,0.0
1981-08-27 13:00:00+02:00,BE_RES_APT_AS_IS_HP_V1,away,0.17500000000000004,19.13397216796875,16.0,18.53665069155784,19.896283583298974,19.896283583298974,24.000000000000004,164.9508786495088,27.521793275217934,17.60936874013865,234.0820406648654,196.4104430904,-30.463395296956495,400.3048232545867,0.0,0.0,0.0,0.0,0.0,445.2054794520537,61.609243116092436,85.44347585443477,0.0,0.0,235.64411235644005,32.378580323785805,30.130067801300633,0.0,0.0,298.1527604815265,298.1527604815265,298.1527604815265,0.0,0.0,444.7831369495408,0.0,0.0,0.0,0.0,0.0,0.0,0.0,0.0,0.0,0.0,gas_boiler,gas_boiler,False,5,400.3048232545867,235.64411235644116,32.378580323785805,35.2187374802773,0.0,0.0,303.24143016050425,444.7831369495408,0.0,0.0,0.0,0.0,0.0
1981-08-28 13:00:00+02:00,BE_RES_APT_AS_IS_HP_V1,away,0.17500000000000004,19.19866943359375,16.0,19.896283583298974,20.03026270459228,20.03026270459228,24.000000000000004,164.9508786495088,27.521793275217934,17.60936874013865,234.0820406648654,196.4104430904,35.57832163496643,400.3048232545867,0.0,0.0,0.0,0.0,0.0,445.2054794520537,61.609243116092436,85.44347585443477,0.0,0.0,235.64411235644005,32.378580323785805,30.130067801300633,0.0,0.0,298.1527604815265,298.1527604815265,298.1527604815265,0.0,0.0,444.7831369495408,0.0,0.0,0.0,0.0,0.0,0.0,0.0,0.0,0.0,0.0,gas_boiler,gas_boiler,False,5,400.3048232545867,235.64411235644116,32.378580323785805,35.2187374802773,0.0,0.0,303.24143016050425,444.7831369495408,0.0,0.0,0.0,0.0,0.0
1981-08-29 13:00:00+02:00,BE_RES_APT_AS_IS_HP_V1,away,0.52,17.848114013671875,16.0,20.03026270459228,18.802486255230743,18.802486255230743,70.85000000000001,164.9508786495088,27.521793275217934,17.60936874013865,280.93204066486544,196.4104430904,154.93255705534864,400.3048232545867,0.0,0.0,0.0,0.0,0.0,445.2054794520537,61.609243116092436,85.44347585443477,0.0,0.0,235.64411235644005,32.378580323785805,30.130067801300633,0.0,0.0,298.1527604815265,298.1527604815265,298.1527604815265,0.0,0.0,444.7831369495408,0.0,0.0,0.0,0.0,0.0,0.0,0.0,0.0,0.0,0.0,gas_boiler,gas_boiler,False,5,400.3048232545867,235.64411235644116,32.378580323785805,35.2187374802773,0.0,0.0,303.24143016050425,444.7831369495408,0.0,0.0,0.0,0.0,0.0
1981-08-30 13:00:00+02:00,BE_RES_APT_AS_IS_HP_V1,away,0.52,15.984130859375,16.0,18.802486255230743,16.967577261642262,16.967577261642262,70.85000000000001,164.9508786495088,27.521793275217934,17.60936874013865,280.93204066486544,196.4104430904,200.10323310575777,400.3048232545867,0.0,0.0,0.0,0.0,0.0,445.2054794520537,61.609243116092436,85.44347585443477,0.0,0.0,235.64411235644005,32.378580323785805,30.130067801300633,0.0,0.0,298.1527604815265,298.1527604815265,298.1527604815265,0.0,0.0,444.7831369495408,0.0,0.0,0.0,0.0,0.0,0.0,0.0,0.0,0.0,0.0,gas_boiler,gas_boiler,False,5,400.3048232545867,235.64411235644116,32.378580323785805,35.2187374802773,0.0,0.0,303.24143016050425,444.7831369495408,0.0,0.0,0.0,0.0,0.0
1981-08-31 13:00:00+02:00,BE_RES_APT_AS_IS_HP_V1,away,0.17500000000000004,17.07415771484375,16.0,16.967577261642262,17.86272483590545,17.86272483590545,24.000000000000004,164.9508786495088,27.521793275217934,17.60936874013865,234.0820406648654,196.4104430904,-5.4356031132758895,400.3048232545867,0.0,0.0,0.0,0.0,0.0,445.2054794520537,61.609243116092436,85.44347585443477,0.0,0.0,235.64411235644005,32.378580323785805,30.130067801300633,0.0,0.0,298.1527604815265,298.1527604815265,298.1527604815265,0.0,0.0,444.7831369495408,0.0,0.0,0.0,0.0,0.0,0.0,0.0,0.0,0.0,0.0,gas_boiler,gas_boiler,False,5,400.3048232545867,235.64411235644116,32.378580323785805,35.2187374802773,0.0,0.0,303.24143016050425,444.7831369495408,0.0,0.0,0.0,0.0,0.0
1981-09-01 13:00:00+02:00,BE_RES_APT_AS_IS_HP_V1,away,0.17500000000000004,18.8609619140625,16.0,17.86272483590545,19.6018234779135,19.6018234779135,24.000000000000004,164.9508786495088,27.521793275217934,17.60936874013865,234.0820406648654,196.4104430904,-50.910090986009564,400.3048232545867,0.0,0.0,0.0,0.0,0.0,445.2054794520537,61.609243116092436,85.44347585443477,0.0,0.0,235.64411235644005,32.378580323785805,30.130067801300633,0.0,0.0,298.1527604815265,298.1527604815265,298.1527604815265,0.0,0.0,444.7831369495408,0.0,0.0,0.0,0.0,0.0,0.0,0.0,0.0,0.0,0.0,gas_boiler,gas_boiler,False,5,400.3048232545867,235.64411235644116,32.378580323785805,35.2187374802773,0.0,0.0,303.24143016050425,444.7831369495408,0.0,0.0,0.0,0.0,0.0
1981-09-02 13:00:00+02:00,BE_RES_APT_AS_IS_HP_V1,away,0.17500000000000004,20.783111572265625,16.0,19.6018234779135,21.514179510991024,21.514179510991024,24.000000000000004,164.9508786495088,27.521793275217934,17.60936874013865,234.0820406648654,196.4104430904,-60.245692811958456,400.3048232545867,0.0,0.0,0.0,0.0,0.0,445.2054794520537,61.609243116092436,85.44347585443477,0.0,0.0,235.64411235644005,32.378580323785805,30.130067801300633,0.0,0.0,298.1527604815265,298.1527604815265,298.1527604815265,0.0,0.0,444.7831369495408,0.0,0.0,0.0,0.0,0.0,0.0,0.0,0.0,0.0,0.0,gas_boiler,gas_boiler,False,5,400.3048232545867,235.64411235644116,32.378580323785805,35.2187374802773,0.0,0.0,303.24143016050425,444.7831369495408,0.0,0.0,0.0,0.0,0.0
1981-09-03 13:00:00+02:00,BE_RES_APT_AS_IS_HP_V1,away,0.17500000000000004,24.281951904296875,16.0,21.514179510991024,24.92813950302436,24.92813950302436,24.000000000000004,164.9508786495088,27.521793275217934,17.60936874013865,234.0820406648654,196.4104430904,-141.1563920585984,400.3048232545867,0.0,0.0,0.0,0.0,0.0,445.2054794520537,61.609243116092436,85.44347585443477,0.0,0.0,235.64411235644005,32.378580323785805,30.130067801300633,0.0,0.0,298.1527604815265,298.1527604815265,298.1527604815265,0.0,0.0,444.7831369495408,0.0,0.0,0.0,0.0,0.0,0.0,0.0,0.0,0.0,0.0,gas_boiler,gas_boiler,False,5,400.3048232545867,235.64411235644116,32.378580323785805,35.2187374802773,0.0,0.0,303.24143016050425,444.7831369495408,0.0,0.0,0.0,0.0,0.0
1981-09-04 13:00:00+02:00,BE_RES_APT_AS_IS_HP_V1,away,0.17500000000000004,21.422576904296875,16.0,24.92813950302436,22.404401488146597,22.404401488146597,24.000000000000004,164.9508786495088,27.521793275217934,17.60936874013865,234.0820406648654,196.4104430904,178.78369253510184,400.3048232545867,0.0,0.0,0.0,0.0,0.0,445.2054794520537,61.609243116092436,85.44347585443477,0.0,0.0,235.64411235644005,32.378580323785805,30.130067801300633,0.0,0.0,298.1527604815265,298.1527604815265,298.1527604815265,0.0,0.0,444.7831369495408,0.0,0.0,0.0,0.0,0.0,0.0,0.0,0.0,0.0,0.0,gas_boiler,gas_boiler,False,5,400.3048232545867,235.64411235644116,32.378580323785805,35.2187374802773,0.0,0.0,303.24143016050425,444.7831369495408,0.0,0.0,0.0,0.0,0.0
1981-09-05 13:00:00+02:00,BE_RES_APT_AS_IS_HP_V1,away,0.52,18.208404541015625,16.0,22.404401488146597,19.25480811042624,19.25480811042624,70.85000000000001,164.9508786495088,27.521793275217934,17.60936874013865,280.93204066486544,196.4104430904,297.915783246299,400.3048232545867,0.0,0.0,0.0,0.0,0.0,445.2054794520537,61.609243116092436,85.44347585443477,0.0,0.0,235.64411235644005,32.378580323785805,30.130067801300633,0.0,0.0,298.1527604815265,298.1527604815265,298.1527604815265,0.0,0.0,444.7831369495408,0.0,0.0,0.0,0.0,0.0,0.0,0.0,0.0,0.0,0.0,gas_boiler,gas_boiler,False,5,400.3048232545867,235.64411235644116,32.378580323785805,35.2187374802773,0.0,0.0,303.24143016050425,444.7831369495408,0.0,0.0,0.0,0.0,0.0
1981-09-06 13:00:00+02:00,BE_RES_APT_AS_IS_HP_V1,away,0.52,18.4306640625,16.0,19.25480811042624,19.322976528632314,19.322976528632314,70.85000000000001,164.9508786495088,27.521793275217934,17.60936874013865,280.93204066486544,196.4104430904,58.514227402763,400.3048232545867,0.0,0.0,0.0,0.0,0.0,445.2054794520537,61.609243116092436,85.44347585443477,0.0,0.0,235.64411235644005,32.378580323785805,30.130067801300633,0.0,0.0,298.1527604815265,298.1527604815265,298.1527604815265,0.0,0.0,444.7831369495408,0.0,0.0,0.0,0.0,0.0,0.0,0.0,0.0,0.0,0.0,gas_boiler,gas_boiler,False,5,400.3048232545867,235.64411235644116,32.378580323785805,35.2187374802773,0.0,0.0,303.24143016050425,444.7831369495408,0.0,0.0,0.0,0.0,0.0
1981-09-07 13:00:00+02:00,BE_RES_APT_AS_IS_HP_V1,away,0.17500000000000004,23.159698486328125,16.0,19.322976528632314,23.748694972275057,23.748694972275057,24.000000000000004,164.9508786495088,27.521793275217934,17.60936874013865,234.0820406648654,196.4104430904,-195.6728198424864,400.3048232545867,0.0,0.0,0.0,0.0,0.0,445.2054794520537,61.609243116092436,85.44347585443477,0.0,0.0,235.64411235644005,32.378580323785805,30.130067801300633,0.0,0.0,298.1527604815265,298.1527604815265,298.1527604815265,0.0,0.0,444.7831369495408,0.0,0.0,0.0,0.0,0.0,0.0,0.0,0.0,0.0,0.0,gas_boiler,gas_boiler,False,5,400.3048232545867,235.64411235644116,32.378580323785805,35.2187374802773,0.0,0.0,303.24143016050425,444.7831369495408,0.0,0.0,0.0,0.0,0.0
1981-09-08 13:00:00+02:00,BE_RES_APT_AS_IS_HP_V1,away,0.17500000000000004,18.681610107421875,16.0,23.748694972275057,19.746979508544904,19.746979508544904,24.000000000000004,164.9508786495088,27.521793275217934,17.60936874013865,234.0820406648654,196.4104430904,258.42132810751235,400.3048232545867,0.0,0.0,0.0,0.0,0.0,445.2054794520537,61.609243116092436,85.44347585443477,0.0,0.0,235.64411235644005,32.378580323785805,30.130067801300633,0.0,0.0,298.1527604815265,298.1527604815265,298.1527604815265,0.0,0.0,444.7831369495408,0.0,0.0,0.0,0.0,0.0,0.0,0.0,0.0,0.0,0.0,gas_boiler,gas_boiler,False,5,400.3048232545867,235.64411235644116,32.378580323785805,35.2187374802773,0.0,0.0,303.24143016050425,444.7831369495408,0.0,0.0,0.0,0.0,0.0
1981-09-09 13:00:00+02:00,BE_RES_APT_AS_IS_HP_V1,away,0.17500000000000004,17.992431640625,16.0,19.746979508544904,18.88057315065526,18.88057315065526,24.000000000000004,164.9508786495088,27.521793275217934,17.60936874013865,234.0820406648654,196.4104430904,89.48194126391509,400.3048232545867,0.0,0.0,0.0,0.0,0.0,445.2054794520537,61.609243116092436,85.44347585443477,0.0,0.0,235.64411235644005,32.378580323785805,30.130067801300633,0.0,0.0,298.1527604815265,298.1527604815265,298.1527604815265,0.0,0.0,444.7831369495408,0.0,0.0,0.0,0.0,0.0,0.0,0.0,0.0,0.0,0.0,gas_boiler,gas_boiler,False,5,400.3048232545867,235.64411235644116,32.378580323785805,35.2187374802773,0.0,0.0,303.24143016050425,444.7831369495408,0.0,0.0,0.0,0.0,0.0
1981-09-10 13:00:00+02:00,BE_RES_APT_AS_IS_HP_V1,away,0.17500000000000004,16.868255615234375,16.0,18.88057315065526,17.770188359777993,17.770188359777993,24.000000000000004,164.9508786495088,27.521793275217934,17.60936874013865,234.0820406648654,196.4104430904,102.6281943064651,400.3048232545867,0.0,0.0,0.0,0.0,0.0,445.2054794520537,61.609243116092436,85.44347585443477,0.0,0.0,235.64411235644005,32.378580323785805,30.130067801300633,0.0,0.0,298.1527604815265,298.1527604815265,298.1527604815265,0.0,0.0,444.7831369495408,0.0,0.0,0.0,0.0,0.0,0.0,0.0,0.0,0.0,0.0,gas_boiler,gas_boiler,False,5,400.3048232545867,235.64411235644116,32.378580323785805,35.2187374802773,0.0,0.0,303.24143016050425,444.7831369495408,0.0,0.0,0.0,0.0,0.0
1981-09-11 13:00:00+02:00,BE_RES_APT_AS_IS_HP_V1,away,0.17500000000000004,10.85015869140625,16.0,17.770188359777993,12.014664645613193,12.014664645613193,24.000000000000004,164.9508786495088,27.521793275217934,17.60936874013865,234.0820406648654,196.4104430904,352.92151308695895,400.3048232545867,0.0,0.0,0.0,0.0,2.985335354386807,445.2054794520537,61.609243116092436,85.44347585443477,0.0,0.0,235.64411235644005,32.378580323785805,30.130067801300633,0.0,0.0,298.1527604815265,298.1527604815265,298.1527604815265,0.0,0.0,444.7831369495408,0.0,0.0,0.0,0.0,0.0,0.0,0.0,0.0,0.0,0.0,gas_boiler,gas_boiler,False,5,400.3048232545867,235.64411235644116,32.378580323785805,35.2187374802773,0.0,0.0,303.24143016050425,444.7831369495408,0.0,0.0,0.0,0.0,0.0
1981-09-12 13:00:00+02:00,BE_RES_APT_AS_IS_HP_V1,away,0.52,11.511138916015623,16.0,12.014664645613193,12.388799369773922,15.685389163253308,70.85000000000001,164.9508786495088,27.521793275217934,17.60936874013865,280.93204066486544,196.4104430904,35.75032680142745,400.3048232545867,1841.224933726705,1841.224933726705,0.0,0.0,0.0,445.2054794520537,61.609243116092436,85.44347585443477,0.0,0.0,235.64411235644005,32.378580323785805,30.130067801300633,0.0,0.0,298.1527604815265,298.1527604815265,298.1527604815265,0.0,2045.805481918561,444.7831369495408,0.0,0.0,0.0,0.0,0.0,0.0,0.0,0.0,0.0,0.0,gas_boiler,gas_boiler,True,5,2241.529756981292,235.64411235644116,32.378580323785805,35.2187374802773,0.0,0.0,303.24143016050425,2490.588618868102,0.0,0.0,0.0,0.0,0.0
1981-09-13 13:00:00+02:00,BE_RES_APT_AS_IS_HP_V1,away,0.52,13.34478759765625,16.0,15.685389163253308,14.306401014618205,14.566640814060811,70.85000000000001,164.9508786495088,27.521793275217934,17.60936874013865,280.93204066486544,196.4104430904,166.18271115739114,400.3048232545867,145.35020657697152,145.35020657697152,0.0,0.0,0.43335918593918876,445.2054794520537,61.609243116092436,85.44347585443477,0.0,0.0,235.64411235644005,32.378580323785805,30.130067801300633,0.0,0.0,298.1527604815265,298.1527604815265,298.1527604815265,0.0,161.50022952996835,444.7831369495408,0.0,0.0,0.0,0.0,0.0,0.0,0.0,0.0,0.0,0.0,gas_boiler,gas_boiler,True,5,545.6550298315583,235.64411235644116,32.378580323785805,35.2187374802773,0.0,0.0,303.24143016050425,606.2833664795091,0.0,0.0,0.0,0.0,0.0
1981-09-14 13:00:00+02:00,BE_RES_APT_AS_IS_HP_V1,away,0.17500000000000004,16.241668701171875,16.0,14.566640814060811,16.94632049351151,18.168118102073805,24.000000000000004,164.9508786495088,27.521793275217934,17.60936874013865,234.0820406648654,196.4104430904,-85.42642224266426,400.3048232545867,662.2119439039053,662.2119439039053,0.0,0.0,0.0,445.2054794520537,61.609243116092436,85.44347585443477,0.0,0.0,235.64411235644005,32.378580323785805,30.130067801300633,0.0,0.0,298.1527604815265,298.1527604815265,298.1527604815265,0.0,735.791048782117,444.7831369495408,0.0,0.0,0.0,0.0,0.0,0.0,0.0,0.0,0.0,0.0,gas_boiler,gas_boiler,True,5,1062.516767158492,235.64411235644116,32.378580323785805,35.2187374802773,0.0,0.0,303.24143016050425,1180.5741857316577,0.0,0.0,0.0,0.0,0.0
1981-09-15 13:00:00+02:00,BE_RES_APT_AS_IS_HP_V1,away,0.17500000000000004,15.944854736328123,16.0,18.168118102073805,16.858073538862303,16.858073538862303,24.000000000000004,164.9508786495088,27.521793275217934,17.60936874013865,234.0820406648654,196.4104430904,113.38643165302979,400.3048232545867,0.0,0.0,0.0,0.0,0.0,445.2054794520537,61.609243116092436,85.44347585443477,0.0,0.0,235.64411235644005,32.378580323785805,30.130067801300633,0.0,0.0,298.1527604815265,298.1527604815265,298.1527604815265,0.0,0.0,444.7831369495408,0.0,0.0,0.0,0.0,0.0,0.0,0.0,0.0,0.0,0.0,gas_boiler,gas_boiler,False,5,400.3048232545867,235.64411235644116,32.378580323785805,35.2187374802773,0.0,0.0,303.24143016050425,444.7831369495408,0.0,0.0,0.0,0.0,0.0
1981-09-16 13:00:00+02:00,BE_RES_APT_AS_IS_HP_V1,away,0.17500000000000004,17.58453369140625,16.0,16.858073538862303,18.339935908363515,18.339935908363515,24.000000000000004,164.9508786495088,27.521793275217934,17.60936874013865,234.0820406648654,196.4104430904,-37.049467779741285,400.3048232545867,0.0,0.0,0.0,0.0,0.0,445.2054794520537,61.609243116092436,85.44347585443477,0.0,0.0,235.64411235644005,32.378580323785805,30.130067801300633,0.0,0.0,298.1527604815265,298.1527604815265,298.1527604815265,0.0,0.0,444.7831369495408,0.0,0.0,0.0,0.0,0.0,0.0,0.0,0.0,0.0,0.0,gas_boiler,gas_boiler,False,5,400.3048232545867,235.64411235644116,32.378580323785805,35.2187374802773,0.0,0.0,303.24143016050425,444.7831369495408,0.0,0.0,0.0,0.0,0.0
1981-09-17 13:00:00+02:00,BE_RES_APT_AS_IS_HP_V1,away,0.17500000000000004,17.844329833984375,16.0,18.339935908363515,18.66511523620834,18.66511523620834,24.000000000000004,164.9508786495088,27.521793275217934,17.60936874013865,234.0820406648654,196.4104430904,25.27590979333613,400.3048232545867,0.0,0.0,0.0,0.0,0.0,445.2054794520537,61.609243116092436,85.44347585443477,0.0,0.0,235.64411235644005,32.378580323785805,30.130067801300633,0.0,0.0,298.1527604815265,298.1527604815265,298.1527604815265,0.0,0.0,444.7831369495408,0.0,0.0,0.0,0.0,0.0,0.0,0.0,0.0,0.0,0.0,gas_boiler,gas_boiler,False,5,400.3048232545867,235.64411235644116,32.378580323785805,35.2187374802773,0.0,0.0,303.24143016050425,444.7831369495408,0.0,0.0,0.0,0.0,0.0
1981-09-18 13:00:00+02:00,BE_RES_APT_AS_IS_HP_V1,away,0.17500000000000004,14.499420166015623,16.0,18.66511523620834,15.516563264305471,15.516563264305471,24.000000000000004,164.9508786495088,27.521793275217934,17.60936874013865,234.0820406648654,196.4104430904,212.4504485798286,400.3048232545867,0.0,0.0,0.0,0.0,0.0,445.2054794520537,61.609243116092436,85.44347585443477,0.0,0.0,235.64411235644005,32.378580323785805,30.130067801300633,0.0,0.0,298.1527604815265,298.1527604815265,298.1527604815265,0.0,0.0,444.7831369495408,0.0,0.0,0.0,0.0,0.0,0.0,0.0,0.0,0.0,0.0,gas_boiler,gas_boiler,False,5,400.3048232545867,235.64411235644116,32.378580323785805,35.2187374802773,0.0,0.0,303.24143016050425,444.7831369495408,0.0,0.0,0.0,0.0,0.0
1981-09-19 13:00:00+02:00,BE_RES_APT_AS_IS_HP_V1,away,0.52,14.045440673828123,16.0,15.516563264305471,14.967319565424193,14.967319565424193,70.85000000000001,164.9508786495088,27.521793275217934,17.60936874013865,280.93204066486544,196.4104430904,104.44970392389172,400.3048232545867,0.0,0.0,0.0,0.0,0.03268043457580738,445.2054794520537,61.609243116092436,85.44347585443477,0.0,0.0,235.64411235644005,32.378580323785805,30.130067801300633,0.0,0.0,298.1527604815265,298.1527604815265,298.1527604815265,0.0,0.0,444.7831369495408,0.0,0.0,0.0,0.0,0.0,0.0,0.0,0.0,0.0,0.0,gas_boiler,gas_boiler,False,5,400.3048232545867,235.64411235644116,32.378580323785805,35.2187374802773,0.0,0.0,303.24143016050425,444.7831369495408,0.0,0.0,0.0,0.0,0.0
1981-09-20 13:00:00+02:00,BE_RES_APT_AS_IS_HP_V1,away,0.52,14.002716064453123,16.0,14.967319565424193,14.901447420356886,15.755660046855482,70.85000000000001,164.9508786495088,27.521793275217934,17.60936874013865,280.93204066486544,196.4104430904,68.48684856894593,400.3048232545867,477.0983607740231,477.0983607740231,0.0,0.0,0.0,445.2054794520537,61.609243116092436,85.44347585443477,0.0,0.0,235.64411235644005,32.378580323785805,30.130067801300633,0.0,0.0,298.1527604815265,298.1527604815265,298.1527604815265,0.0,530.1092897489145,444.7831369495408,0.0,0.0,0.0,0.0,0.0,0.0,0.0,0.0,0.0,0.0,gas_boiler,gas_boiler,True,5,877.4031840286098,235.64411235644116,32.378580323785805,35.2187374802773,0.0,0.0,303.24143016050425,974.8924266984553,0.0,0.0,0.0,0.0,0.0
1981-09-21 13:00:00+02:00,BE_RES_APT_AS_IS_HP_V1,away,0.17500000000000004,10.425018310546877,16.0,15.755660046855482,11.504488574106853,11.712764331751359,24.000000000000004,164.9508786495088,27.521793275217934,17.60936874013865,234.0820406648654,196.4104430904,271.8627285517389,400.3048232545867,112.88505835276736,112.88505835276736,0.0,0.0,3.287235668248641,445.2054794520537,61.609243116092436,85.44347585443477,0.0,0.0,235.64411235644005,32.378580323785805,30.130067801300633,0.0,0.0,298.1527604815265,298.1527604815265,298.1527604815265,0.0,125.42784261418595,444.7831369495408,0.0,0.0,0.0,0.0,0.0,0.0,0.0,0.0,0.0,0.0,gas_boiler,gas_boiler,True,5,513.1898816073541,235.64411235644116,32.378580323785805,35.2187374802773,0.0,0.0,303.24143016050425,570.2109795637267,0.0,0.0,0.0,0.0,0.0
1981-09-22 13:00:00+02:00,BE_RES_APT_AS_IS_HP_V1,away,0.17500000000000004,10.17132568359375,16.0,11.712764331751359,11.048065389621257,14.702511768584497,24.000000000000004,164.9508786495088,27.521793275217934,17.60936874013865,234.0820406648654,196.4104430904,78.61337105603806,400.3048232545867,1980.7028787308725,1980.7028787308725,0.0,0.0,0.2974882314155032,445.2054794520537,61.609243116092436,85.44347585443477,0.0,0.0,235.64411235644005,32.378580323785805,30.130067801300633,0.0,0.0,298.1527604815265,298.1527604815265,298.1527604815265,0.0,2200.780976367636,444.7831369495408,0.0,0.0,0.0,0.0,0.0,0.0,0.0,0.0,0.0,0.0,gas_boiler,gas_boiler,True,5,2381.0077019854593,235.64411235644116,32.378580323785805,35.2187374802773,0.0,0.0,303.24143016050425,2645.5641133171766,0.0,0.0,0.0,0.0,0.0
1981-09-23 13:00:00+02:00,BE_RES_APT_AS_IS_HP_V1,away,0.17500000000000004,10.683135986328123,16.0,14.702511768584497,11.692450686368787,12.798431681106305,24.000000000000004,164.9508786495088,27.521793275217934,17.60936874013865,234.0820406648654,196.4104430904,204.98816489507507,400.3048232545867,599.4395629139625,599.4395629139625,0.0,0.0,2.2015683188936954,445.2054794520537,61.609243116092436,85.44347585443477,0.0,0.0,235.64411235644005,32.378580323785805,30.130067801300633,0.0,0.0,298.1527604815265,298.1527604815265,298.1527604815265,0.0,666.0439587932916,444.7831369495408,0.0,0.0,0.0,0.0,0.0,0.0,0.0,0.0,0.0,0.0,gas_boiler,gas_boiler,True,5,999.7443861685492,235.64411235644116,32.378580323785805,35.2187374802773,0.0,0.0,303.24143016050425,1110.8270957428324,0.0,0.0,0.0,0.0,0.0
1981-09-24 13:00:00+02:00,BE_RES_APT_AS_IS_HP_V1,away,0.17500000000000004,13.35589599609375,16.0,12.798431681106305,14.120339855731935,16.849361690625372,24.000000000000004,164.9508786495088,27.521793275217934,17.60936874013865,234.0820406648654,196.4104430904,-28.43068006435972,400.3048232545867,1479.1245633288875,1479.1245633288875,0.0,0.0,0.0,445.2054794520537,61.609243116092436,85.44347585443477,0.0,0.0,235.64411235644005,32.378580323785805,30.130067801300633,0.0,0.0,298.1527604815265,298.1527604815265,298.1527604815265,0.0,1643.471737032097,444.7831369495408,0.0,0.0,0.0,0.0,0.0,0.0,0.0,0.0,0.0,0.0,gas_boiler,gas_boiler,True,5,1879.4293865834743,235.64411235644116,32.378580323785805,35.2187374802773,0.0,0.0,303.24143016050425,2088.254873981638,0.0,0.0,0.0,0.0,0.0
1981-09-25 13:00:00+02:00,BE_RES_APT_AS_IS_HP_V1,away,0.17500000000000004,12.98992919921875,16.0,16.849361690625372,13.990686587399052,13.990686587399052,24.000000000000004,164.9508786495088,27.521793275217934,17.60936874013865,234.0820406648654,196.4104430904,196.83105706173774,400.3048232545867,0.0,0.0,0.0,0.0,1.0093134126009478,445.2054794520537,61.609243116092436,85.44347585443477,0.0,0.0,235.64411235644005,32.378580323785805,30.130067801300633,0.0,0.0,298.1527604815265,298.1527604815265,298.1527604815265,0.0,0.0,444.7831369495408,0.0,0.0,0.0,0.0,0.0,0.0,0.0,0.0,0.0,0.0,gas_boiler,gas_boiler,True,5,400.3048232545867,235.64411235644116,32.378580323785805,35.2187374802773,0.0,0.0,303.24143016050425,444.7831369495408,0.0,0.0,0.0,0.0,0.0
1981-09-26 13:00:00+02:00,BE_RES_APT_AS_IS_HP_V1,away,0.52,13.27667236328125,16.0,13.990686587399052,14.16395198054329,15.826015897094344,70.85000000000001,164.9508786495088,27.521793275217934,17.60936874013865,280.93204066486544,196.4104430904,50.69500991236396,400.3048232545867,928.302796621638,928.302796621638,0.0,0.0,0.0,445.2054794520537,61.609243116092436,85.44347585443477,0.0,0.0,235.64411235644005,32.378580323785805,30.130067801300633,0.0,0.0,298.1527604815265,298.1527604815265,298.1527604815265,0.0,1031.44755180182,444.7831369495408,0.0,0.0,0.0,0.0,0.0,0.0,0.0,0.0,0.0,0.0,gas_boiler,gas_boiler,True,5,1328.6076198762248,235.64411235644116,32.378580323785805,35.2187374802773,0.0,0.0,303.24143016050425,1476.230688751361,0.0,0.0,0.0,0.0,0.0
1981-09-27 12:00:00+01:00,BE_RES_APT_AS_IS_HP_V1,occupied_day,0.95,10.7840576171875,21.0,15.826015897094344,11.979053556919089,16.258869850543828,132.25,164.9508786495088,27.521793275217934,17.60936874013865,342.3320406648654,196.4104430904,357.9790378733859,400.3048232545867,2390.3806555424135,2390.3806555424135,0.0,0.0,0.0,445.2054794520537,61.609243116092436,85.44347585443477,0.0,0.0,235.64411235644005,32.378580323785805,30.130067801300633,0.0,0.0,298.1527604815265,298.1527604815265,298.1527604815265,0.0,2655.978506158237,444.7831369495408,0.0,0.0,0.0,0.0,0.0,0.0,0.0,0.0,0.0,0.0,gas_boiler,gas_boiler,True,5,2790.685478797,235.64411235644116,32.378580323785805,35.2187374802773,0.0,0.0,303.24143016050425,3100.7616431077777,0.0,0.0,0.0,0.0,0.0
1981-09-28 12:00:00+01:00,BE_RES_APT_AS_IS_HP_V1,away,0.17500000000000004,8.90069580078125,16.0,16.258869850543828,10.088643426667613,10.088643426667613,24.000000000000004,164.9508786495088,27.521793275217934,17.60936874013865,234.0820406648654,196.4104430904,375.2668765378915,400.3048232545867,0.0,0.0,0.0,0.0,4.911356573332387,445.2054794520537,61.609243116092436,85.44347585443477,0.0,0.0,235.64411235644005,32.378580323785805,30.130067801300633,0.0,0.0,298.1527604815265,298.1527604815265,298.1527604815265,0.0,0.0,444.7831369495408,0.0,0.0,0.0,0.0,0.0,0.0,0.0,0.0,0.0,0.0,gas_boiler,gas_boiler,True,5,400.3048232545867,235.64411235644116,32.378580323785805,35.2187374802773,0.0,0.0,303.24143016050425,444.7831369495408,0.0,0.0,0.0,0.0,0.0
1981-09-29 12:00:00+01:00,BE_RES_APT_AS_IS_HP_V1,away,0.17500000000000004,8.233978271484375,16.0,10.088643426667613,9.127476272838365,14.166325847674058,24.000000000000004,164.9508786495088,27.521793275217934,17.60936874013865,234.0820406648654,196.4104430904,94.58792291434513,400.3048232545867,2731.0467368795635,2731.0467368795635,0.0,0.0,0.8336741523259423,445.2054794520537,61.609243116092436,85.44347585443477,0.0,0.0,235.64411235644005,32.378580323785805,30.130067801300633,0.0,0.0,298.1527604815265,298.1527604815265,298.1527604815265,0.0,3034.496374310626,444.7831369495408,0.0,0.0,0.0,0.0,0.0,0.0,0.0,0.0,0.0,0.0,gas_boiler,gas_boiler,True,5,3131.35156013415,235.64411235644116,32.378580323785805,35.2187374802773,0.0,0.0,303.24143016050425,3479.2795112601666,0.0,0.0,0.0,0.0,0.0
1981-09-30 12:00:00+01:00,BE_RES_APT_AS_IS_HP_V1,away,0.17500000000000004,8.088897705078125,16.0,14.166325847674058,9.208322655938373,10.77134936701802,24.000000000000004,164.9508786495088,27.521793275217934,17.60936874013865,234.0820406648654,196.4104430904,309.9488352723926,400.3048232545867,847.1574583745854,847.1574583745854,0.0,0.0,4.22865063298198,445.2054794520537,61.609243116092436,85.44347585443477,0.0,0.0,235.64411235644005,32.378580323785805,30.130067801300633,0.0,0.0,298.1527604815265,298.1527604815265,298.1527604815265,0.0,941.2860648606504,444.7831369495408,0.0,0.0,0.0,0.0,0.0,0.0,0.0,0.0,0.0,0.0,gas_boiler,gas_boiler,True,5,1247.4622816291721,235.64411235644116,32.378580323785805,35.2187374802773,0.0,0.0,303.24143016050425,1386.0692018101913,0.0,0.0,0.0,0.0,0.0
1981-10-01 12:00:00+01:00,BE_RES_APT_AS_IS_HP_V1,away,0.17500000000000004,7.656219482421875,16.0,10.77134936701802,8.61715507194393,13.074065037047504,24.000000000000004,164.9508786495088,27.521793275217934,17.60936874013865,234.0820406648654,196.4104430904,158.87162411440343,400.3048232545867,2415.636592437675,2415.636592437675,0.0,0.0,1.9259349629524962,445.2054794520537,61.609243116092436,85.44347585443477,0.0,0.0,235.64411235644005,32.378580323785805,30.130067801300633,0.0,0.0,298.1527604815265,298.1527604815265,298.1527604815265,0.0,2684.0406582640835,444.7831369495408,0.0,0.0,0.0,0.0,0.0,0.0,0.0,0.0,0.0,0.0,gas_boiler,gas_boiler,True,5,2815.9414156922617,235.64411235644116,32.378580323785805,35.2187374802773,0.0,0.0,303.24143016050425,3128.823795213624,0.0,0.0,0.0,0.0,0.0
1981-10-02 12:00:00+01:00,BE_RES_APT_AS_IS_HP_V1,away,0.17500000000000004,8.753997802734375,16.0,13.074065037047504,9.7794001455597,12.273471677394037,24.000000000000004,164.9508786495088,27.521793275217934,17.60936874013865,234.0820406648654,196.4104430904,220.3234289499696,400.3048232545867,1351.7819528840535,1351.7819528840535,0.0,0.0,2.7265283226059633,445.2054794520537,61.609243116092436,85.44347585443477,0.0,0.0,235.64411235644005,32.378580323785805,30.130067801300633,0.0,0.0,298.1527604815265,298.1527604815265,298.1527604815265,0.0,1501.9799476489482,444.7831369495408,0.0,0.0,0.0,0.0,0.0,0.0,0.0,0.0,0.0,0.0,gas_boiler,gas_boiler,True,5,1752.0867761386403,235.64411235644116,32.378580323785805,35.2187374802773,0.0,0.0,303.24143016050425,1946.763084598489,0.0,0.0,0.0,0.0,0.0
1981-10-03 12:00:00+01:00,BE_RES_APT_AS_IS_HP_V1,occupied_day,0.95,8.455657958984375,21.0,12.273471677394037,9.594711426819362,16.813121332812806,132.25,164.9508786495088,27.521793275217934,17.60936874013865,342.3320406648654,196.4104430904,271.064774007086,400.3048232545867,4031.6560850439555,4031.6560850439555,0.0,0.0,0.0,445.2054794520537,61.609243116092436,85.44347585443477,0.0,0.0,235.64411235644005,32.378580323785805,30.130067801300633,0.0,0.0,298.1527604815265,298.1527604815265,298.1527604815265,0.0,4479.617872271062,444.7831369495408,0.0,0.0,0.0,0.0,0.0,0.0,0.0,0.0,0.0,0.0,gas_boiler,gas_boiler,True,5,4431.960908298543,235.64411235644116,32.378580323785805,35.2187374802773,0.0,0.0,303.24143016050425,4924.401009220603,0.0,0.0,0.0,0.0,0.0
1981-10-04 12:00:00+01:00,BE_RES_APT_AS_IS_HP_V1,occupied_day,0.95,8.261871337890625,21.0,16.813121332812806,9.617239229856448,13.080541625624234,132.25,164.9508786495088,27.521793275217934,17.60936874013865,342.3320406648654,196.4104430904,607.1387496394748,400.3048232545867,1934.3379442404841,1934.3379442404841,0.0,0.0,1.9194583743757665,445.2054794520537,61.609243116092436,85.44347585443477,0.0,0.0,235.64411235644005,32.378580323785805,30.130067801300633,0.0,0.0,298.1527604815265,298.1527604815265,298.1527604815265,0.0,2149.2643824894267,444.7831369495408,0.0,0.0,0.0,0.0,0.0,0.0,0.0,0.0,0.0,0.0,gas_boiler,gas_boiler,True,5,2334.642767495071,235.64411235644116,32.378580323785805,35.2187374802773,0.0,0.0,303.24143016050425,2594.0475194389674,0.0,0.0,0.0,0.0,0.0
1981-10-05 12:00:00+01:00,BE_RES_APT_AS_IS_HP_V1,away,0.17500000000000004,9.504730224609377,16.0,13.080541625624234,10.490313271260483,12.978864148877568,24.000000000000004,164.9508786495088,27.521793275217934,17.60936874013865,234.0820406648654,196.4104430904,182.36638145175772,400.3048232545867,1348.7897689616043,1348.7897689616043,0.0,0.0,2.021135851122432,445.2054794520537,61.609243116092436,85.44347585443477,0.0,0.0,235.64411235644005,32.378580323785805,30.130067801300633,0.0,0.0,298.1527604815265,298.1527604815265,298.1527604815265,0.0,1498.655298846227,444.7831369495408,0.0,0.0,0.0,0.0,0.0,0.0,0.0,0.0,0.0,0.0,gas_boiler,gas_boiler,True,5,1749.094592216191,235.64411235644116,32.378580323785805,35.2187374802773,0.0,0.0,303.24143016050425,1943.4384357957679,0.0,0.0,0.0,0.0,0.0
1981-10-06 12:00:00+01:00,BE_RES_APT_AS_IS_HP_V1,away,0.17500000000000004,9.909637451171877,16.0,12.978864148877568,10.868117120951885,13.443338038536883,24.000000000000004,164.9508786495088,27.521793275217934,17.60936874013865,234.0820406648654,196.4104430904,156.53056158299026,400.3048232545867,1395.7647632185638,1395.7647632185638,0.0,0.0,1.5566619614631172,445.2054794520537,61.609243116092436,85.44347585443477,0.0,0.0,235.64411235644005,32.378580323785805,30.130067801300633,0.0,0.0,298.1527604815265,298.1527604815265,298.1527604815265,0.0,1550.8497369095153,444.7831369495408,0.0,0.0,0.0,0.0,0.0,0.0,0.0,0.0,0.0,0.0,gas_boiler,gas_boiler,True,5,1796.0695864731506,235.64411235644116,32.378580323785805,35.2187374802773,0.0,0.0,303.24143016050425,1995.632873859056,0.0,0.0,0.0,0.0,0.0
1981-10-07 12:00:00+01:00,BE_RES_APT_AS_IS_HP_V1,away,0.17500000000000004,11.82666015625,16.0,13.443338038536883,12.707425323971824,14.886727972645366,24.000000000000004,164.9508786495088,27.521793275217934,17.60936874013865,234.0820406648654,196.4104430904,82.45057199663104,400.3048232545867,1181.1778261959603,1181.1778261959603,0.0,0.0,0.11327202735463437,445.2054794520537,61.609243116092436,85.44347585443477,0.0,0.0,235.64411235644005,32.378580323785805,30.130067801300633,0.0,0.0,298.1527604815265,298.1527604815265,298.1527604815265,0.0,1312.4198068844003,444.7831369495408,0.0,0.0,0.0,0.0,0.0,0.0,0.0,0.0,0.0,0.0,gas_boiler,gas_boiler,True,5,1581.482649450547,235.64411235644116,32.378580323785805,35.2187374802773,0.0,0.0,303.24143016050425,1757.202943833941,0.0,0.0,0.0,0.0,0.0
1981-10-08 12:00:00+01:00,BE_RES_APT_AS_IS_HP_V1,away,0.17500000000000004,11.709197998046877,16.0,14.886727972645366,12.673472127294028,13.622426942000814,24.000000000000004,164.9508786495088,27.521793275217934,17.60936874013865,234.0820406648654,196.4104430904,162.05402870452295,400.3048232545867,514.3316766378412,514.3316766378412,0.0,0.0,1.3775730579991858,445.2054794520537,61.609243116092436,85.44347585443477,0.0,0.0,235.64411235644005,32.378580323785805,30.130067801300633,0.0,0.0,298.1527604815265,298.1527604815265,298.1527604815265,0.0,571.4796407087124,444.7831369495408,0.0,0.0,0.0,0.0,0.0,0.0,0.0,0.0,0.0,0.0,gas_boiler,gas_boiler,True,5,914.6364998924279,235.64411235644116,32.378580323785805,35.2187374802773,0.0,0.0,303.24143016050425,1016.2627776582532,0.0,0.0,0.0,0.0,0.0
1981-10-09 12:00:00+01:00,BE_RES_APT_AS_IS_HP_V1,away,0.17500000000000004,12.2440185546875,16.0,13.622426942000814,13.112035789285862,15.13868277696477,24.000000000000004,164.9508786495088,27.521793275217934,17.60936874013865,234.0820406648654,196.4104430904,70.29882775297904,400.3048232545867,1098.438752795624,1098.438752795624,0.0,0.0,0.0,445.2054794520537,61.609243116092436,85.44347585443477,0.0,0.0,235.64411235644005,32.378580323785805,30.130067801300633,0.0,0.0,298.1527604815265,298.1527604815265,298.1527604815265,0.0,1220.4875031062488,444.7831369495408,0.0,0.0,0.0,0.0,0.0,0.0,0.0,0.0,0.0,0.0,gas_boiler,gas_boiler,True,5,1498.7435760502108,235.64411235644116,32.378580323785805,35.2187374802773,0.0,0.0,303.24143016050425,1665.2706400557895,0.0,0.0,0.0,0.0,0.0
1981-10-10 12:00:00+01:00,BE_RES_APT_AS_IS_HP_V1,occupied_day,0.95,15.054718017578123,21.0,15.13868277696477,16.02313743856424,20.871501958888494,132.25,164.9508786495088,27.521793275217934,17.60936874013865,342.3320406648654,196.4104430904,5.961497916451862,400.3048232545867,2707.928557042277,2707.928557042277,0.0,0.0,0.0,445.2054794520537,61.609243116092436,85.44347585443477,0.0,0.0,235.64411235644005,32.378580323785805,30.130067801300633,0.0,0.0,298.1527604815265,298.1527604815265,298.1527604815265,0.0,3008.8095078247525,444.7831369495408,0.0,0.0,0.0,0.0,0.0,0.0,0.0,0.0,0.0,0.0,gas_boiler,gas_boiler,True,5,3108.2333802968637,235.64411235644116,32.378580323785805,35.2187374802773,0.0,0.0,303.24143016050425,3453.592644774293,0.0,0.0,0.0,0.0,0.0
1981-10-11 12:00:00+01:00,BE_RES_APT_AS_IS_HP_V1,occupied_day,0.95,14.088592529296877,21.0,20.871501958888494,15.363148607453198,15.469439620164087,132.25,164.9508786495088,27.521793275217934,17.60936874013865,342.3320406648654,196.4104430904,481.5865695010048,400.3048232545867,59.36609499351567,59.36609499351567,0.0,0.0,0.0,445.2054794520537,61.609243116092436,85.44347585443477,0.0,0.0,235.64411235644005,32.378580323785805,30.130067801300633,0.0,0.0,298.1527604815265,298.1527604815265,298.1527604815265,0.0,65.96232777057295,444.7831369495408,0.0,0.0,0.0,0.0,0.0,0.0,0.0,0.0,0.0,0.0,gas_boiler,gas_boiler,True,5,459.6709182481024,235.64411235644116,32.378580323785805,35.2187374802773,0.0,0.0,303.24143016050425,510.7454647201138,0.0,0.0,0.0,0.0,0.0
1981-10-12 12:00:00+01:00,BE_RES_APT_AS_IS_HP_V1,away,0.17500000000000004,12.7607421875,16.0,15.469439620164087,13.699932762130368,14.1521832584752,24.000000000000004,164.9508786495088,27.521793275217934,17.60936874013865,234.0820406648654,196.4104430904,138.14356906586843,400.3048232545867,245.11889548419197,245.11889548419197,0.0,0.0,0.8478167415248006,445.2054794520537,61.609243116092436,85.44347585443477,0.0,0.0,235.64411235644005,32.378580323785805,30.130067801300633,0.0,0.0,298.1527604815265,298.1527604815265,298.1527604815265,0.0,272.35432831576884,444.7831369495408,0.0,0.0,0.0,0.0,0.0,0.0,0.0,0.0,0.0,0.0,gas_boiler,gas_boiler,True,5,645.4237187387787,235.64411235644116,32.378580323785805,35.2187374802773,0.0,0.0,303.24143016050425,717.1374652653096,0.0,0.0,0.0,0.0,0.0
1981-10-13 12:00:00+01:00,BE_RES_APT_AS_IS_HP_V1,away,0.17500000000000004,14.48974609375,16.0,14.1521832584752,15.265955157983253,16.841037034182396,24.000000000000004,164.9508786495088,27.521793275217934,17.60936874013865,234.0820406648654,196.4104430904,-17.21570459901483,400.3048232545867,853.691334584458,853.691334584458,0.0,0.0,0.0,445.2054794520537,61.609243116092436,85.44347585443477,0.0,0.0,235.64411235644005,32.378580323785805,30.130067801300633,0.0,0.0,298.1527604815265,298.1527604815265,298.1527604815265,0.0,948.5459273160644,444.7831369495408,0.0,0.0,0.0,0.0,0.0,0.0,0.0,0.0,0.0,0.0,gas_boiler,gas_boiler,True,5,1253.9961578390448,235.64411235644116,32.378580323785805,35.2187374802773,0.0,0.0,303.24143016050425,1393.3290642656052,0.0,0.0,0.0,0.0,0.0
1981-10-14 12:00:00+01:00,BE_RES_APT_AS_IS_HP_V1,away,0.17500000000000004,12.202362060546877,16.0,16.841037034182396,13.24481060626087,13.24481060626087,24.000000000000004,164.9508786495088,27.521793275217934,17.60936874013865,234.0820406648654,196.4104430904,236.57242365541148,400.3048232545867,0.0,0.0,0.0,0.0,1.7551893937391299,445.2054794520537,61.609243116092436,85.44347585443477,0.0,0.0,235.64411235644005,32.378580323785805,30.130067801300633,0.0,0.0,298.1527604815265,298.1527604815265,298.1527604815265,0.0,0.0,444.7831369495408,0.0,0.0,0.0,0.0,0.0,0.0,0.0,0.0,0.0,0.0,gas_boiler,gas_boiler,True,5,400.3048232545867,235.64411235644116,32.378580323785805,35.2187374802773,0.0,0.0,303.24143016050425,444.7831369495408,0.0,0.0,0.0,0.0,0.0
1981-10-15 12:00:00+01:00,BE_RES_APT_AS_IS_HP_V1,away,0.17500000000000004,6.410400390625,16.0,13.24481060626087,7.570325518999977,9.918853260984593,24.000000000000004,164.9508786495088,27.521793275217934,17.60936874013865,234.0820406648654,196.4104430904,348.5549209974294,400.3048232545867,1272.897499907478,1272.897499907478,0.0,0.0,5.0811467390154075,445.2054794520537,61.609243116092436,85.44347585443477,0.0,0.0,235.64411235644005,32.378580323785805,30.130067801300633,0.0,0.0,298.1527604815265,298.1527604815265,298.1527604815265,0.0,1414.3305554527533,444.7831369495408,0.0,0.0,0.0,0.0,0.0,0.0,0.0,0.0,0.0,0.0,gas_boiler,gas_boiler,True,5,1673.2023231620647,235.64411235644116,32.378580323785805,35.2187374802773,0.0,0.0,303.24143016050425,1859.113692402294,0.0,0.0,0.0,0.0,0.0
1981-10-16 12:00:00+01:00,BE_RES_APT_AS_IS_HP_V1,away,0.17500000000000004,5.436553955078125,16.0,9.918853260984593,6.4706360644819725,11.65421504170607,24.000000000000004,164.9508786495088,27.521793275217934,17.60936874013865,234.0820406648654,196.4104430904,228.59726460122988,400.3048232545867,2809.4897934251185,2809.4897934251185,0.0,0.0,3.3457849582939296,445.2054794520537,61.609243116092436,85.44347585443477,0.0,0.0,235.64411235644005,32.378580323785805,30.130067801300633,0.0,0.0,298.1527604815265,298.1527604815265,298.1527604815265,0.0,3121.6553260279093,444.7831369495408,0.0,0.0,0.0,0.0,0.0,0.0,0.0,0.0,0.0,0.0,gas_boiler,gas_boiler,True,5,3209.794616679705,235.64411235644116,32.378580323785805,35.2187374802773,0.0,0.0,303.24143016050425,3566.43846297745,0.0,0.0,0.0,0.0,0.0
1981-10-17 12:00:00+01:00,BE_RES_APT_AS_IS_HP_V1,occupied_day,0.95,6.472198486328125,21.0,11.65421504170607,7.673594982322323,15.404241606991459,132.25,164.9508786495088,27.521793275217934,17.60936874013865,342.3320406648654,196.4104430904,367.9231754318341,400.3048232545867,4317.752650731796,4317.752650731796,0.0,0.0,0.0,445.2054794520537,61.609243116092436,85.44347585443477,0.0,0.0,235.64411235644005,32.378580323785805,30.130067801300633,0.0,0.0,298.1527604815265,298.1527604815265,298.1527604815265,0.0,4797.502945257551,444.7831369495408,0.0,0.0,0.0,0.0,0.0,0.0,0.0,0.0,0.0,0.0,gas_boiler,gas_boiler,True,5,4718.057473986383,235.64411235644116,32.378580323785805,35.2187374802773,0.0,0.0,303.24143016050425,5242.286082207092,0.0,0.0,0.0,0.0,0.0
1981-10-18 12:00:00+01:00,BE_RES_APT_AS_IS_HP_V1,occupied_day,0.95,7.16448974609375,21.0,15.404241606991459,8.505622411145527,13.134321972115561,132.25,164.9508786495088,27.521793275217934,17.60936874013865,342.3320406648654,196.4104430904,585.0223821237373,400.3048232545867,2585.2403775699463,2585.2403775699463,0.0,0.0,1.8656780278844387,445.2054794520537,61.609243116092436,85.44347585443477,0.0,0.0,235.64411235644005,32.378580323785805,30.130067801300633,0.0,0.0,298.1527604815265,298.1527604815265,298.1527604815265,0.0,2872.4893084110513,444.7831369495408,0.0,0.0,0.0,0.0,0.0,0.0,0.0,0.0,0.0,0.0,gas_boiler,gas_boiler,True,5,2985.545200824533,235.64411235644116,32.378580323785805,35.2187374802773,0.0,0.0,303.24143016050425,3317.272445360592,0.0,0.0,0.0,0.0,0.0
1981-10-19 12:00:00+01:00,BE_RES_APT_AS_IS_HP_V1,away,0.17500000000000004,6.951019287109375,16.0,13.134321972115561,8.07610875489099,10.51881718117045,24.000000000000004,164.9508786495088,27.521793275217934,17.60936874013865,234.0820406648654,196.4104430904,315.34843693531553,400.3048232545867,1323.9432488826108,1323.9432488826108,0.0,0.0,4.48118281882955,445.2054794520537,61.609243116092436,85.44347585443477,0.0,0.0,235.64411235644005,32.378580323785805,30.130067801300633,0.0,0.0,298.1527604815265,298.1527604815265,298.1527604815265,0.0,1471.048054314012,444.7831369495408,0.0,0.0,0.0,0.0,0.0,0.0,0.0,0.0,0.0,0.0,gas_boiler,gas_boiler,True,5,1724.2480721371976,235.64411235644116,32.378580323785805,35.2187374802773,0.0,0.0,303.24143016050425,1915.8311912635527,0.0,0.0,0.0,0.0,0.0
1981-10-20 12:00:00+01:00,BE_RES_APT_AS_IS_HP_V1,away,0.17500000000000004,7.657470703125,16.0,10.51881718117045,8.604828331712897,13.276997126410812,24.000000000000004,164.9508786495088,27.521793275217934,17.60936874013865,234.0820406648654,196.4104430904,145.92867038031795,400.3048232545867,2532.3064622992524,2532.3064622992524,0.0,0.0,1.7230028735891878,445.2054794520537,61.609243116092436,85.44347585443477,0.0,0.0,235.64411235644005,32.378580323785805,30.130067801300633,0.0,0.0,298.1527604815265,298.1527604815265,298.1527604815265,0.0,2813.673846999169,444.7831369495408,0.0,0.0,0.0,0.0,0.0,0.0,0.0,0.0,0.0,0.0,gas_boiler,gas_boiler,True,5,2932.611285553839,235.64411235644116,32.378580323785805,35.2187374802773,0.0,0.0,303.24143016050425,3258.45698394871,0.0,0.0,0.0,0.0,0.0
1981-10-21 12:00:00+01:00,BE_RES_APT_AS_IS_HP_V1,away,0.17500000000000004,7.994903564453125,16.0,13.276997126410812,9.071776395723415,11.39286829766674,24.000000000000004,164.9508786495088,27.521793275217934,17.60936874013865,234.0820406648654,196.4104430904,269.3867716598421,400.3048232545867,1258.027327598205,1258.027327598205,0.0,0.0,3.6071317023332607,445.2054794520537,61.609243116092436,85.44347585443477,0.0,0.0,235.64411235644005,32.378580323785805,30.130067801300633,0.0,0.0,298.1527604815265,298.1527604815265,298.1527604815265,0.0,1397.8081417757833,444.7831369495408,0.0,0.0,0.0,0.0,0.0,0.0,0.0,0.0,0.0,0.0,gas_boiler,gas_boiler,True,5,1658.3321508527915,235.64411235644116,32.378580323785805,35.2187374802773,0.0,0.0,303.24143016050425,1842.5912787253242,0.0,0.0,0.0,0.0,0.0
1981-10-22 12:00:00+01:00,BE_RES_APT_AS_IS_HP_V1,away,0.17500000000000004,10.68231201171875,16.0,11.39286829766674,11.514597714987369,15.441723972983896,24.000000000000004,164.9508786495088,27.521793275217934,17.60936874013865,234.0820406648654,196.4104430904,36.238370583347454,400.3048232545867,2128.494846477967,2128.494846477967,0.0,0.0,0.0,445.2054794520537,61.609243116092436,85.44347585443477,0.0,0.0,235.64411235644005,32.378580323785805,30.130067801300633,0.0,0.0,298.1527604815265,298.1527604815265,298.1527604815265,0.0,2364.9942738644077,444.7831369495408,0.0,0.0,0.0,0.0,0.0,0.0,0.0,0.0,0.0,0.0,gas_boiler,gas_boiler,True,5,2528.7996697325534,235.64411235644116,32.378580323785805,35.2187374802773,0.0,0.0,303.24143016050425,2809.7774108139483,0.0,0.0,0.0,0.0,0.0
1981-10-23 12:00:00+01:00,BE_RES_APT_AS_IS_HP_V1,away,0.17500000000000004,6.958831787109375,16.0,15.441723972983896,8.206954264935943,8.682829622220517,24.000000000000004,164.9508786495088,27.521793275217934,17.60936874013865,234.0820406648654,196.4104430904,432.6275014796006,400.3048232545867,257.9235244814402,257.9235244814402,0.0,0.0,6.317170377779483,445.2054794520537,61.609243116092436,85.44347585443477,0.0,0.0,235.64411235644005,32.378580323785805,30.130067801300633,0.0,0.0,298.1527604815265,298.1527604815265,298.1527604815265,0.0,286.5816938682669,444.7831369495408,0.0,0.0,0.0,0.0,0.0,0.0,0.0,0.0,0.0,0.0,gas_boiler,gas_boiler,True,5,658.228347736027,235.64411235644116,32.378580323785805,35.2187374802773,0.0,0.0,303.24143016050425,731.3648308178076,0.0,0.0,0.0,0.0,0.0
1981-10-24 12:00:00+01:00,BE_RES_APT_AS_IS_HP_V1,occupied_day,0.95,3.716339111328125,21.0,8.682829622220517,4.907886231631046,15.096403518448433,132.25,164.9508786495088,27.521793275217934,17.60936874013865,342.3320406648654,196.4104430904,352.6208262733598,400.3048232545867,5690.532714534122,5690.532714534122,0.0,0.0,0.0,445.2054794520537,61.609243116092436,85.44347585443477,0.0,0.0,235.64411235644005,32.378580323785805,30.130067801300633,0.0,0.0,298.1527604815265,298.1527604815265,298.1527604815265,0.0,6322.814127260135,444.7831369495408,0.0,0.0,0.0,0.0,0.0,0.0,0.0,0.0,0.0,0.0,gas_boiler,gas_boiler,True,5,6090.837537788709,235.64411235644116,32.378580323785805,35.2187374802773,0.0,0.0,303.24143016050425,6767.597264209676,0.0,0.0,0.0,0.0,0.0
1981-10-25 12:00:00+01:00,BE_RES_APT_AS_IS_HP_V1,occupied_day,0.95,3.993896484375,21.0,15.096403518448433,5.465854875292327,10.34919195368435,132.25,164.9508786495088,27.521793275217934,17.60936874013865,342.3320406648654,196.4104430904,788.2779994192138,400.3048232545867,2727.4615744768244,2727.4615744768244,0.0,0.0,4.65080804631565,445.2054794520537,61.609243116092436,85.44347585443477,0.0,0.0,235.64411235644005,32.378580323785805,30.130067801300633,0.0,0.0,298.1527604815265,298.1527604815265,298.1527604815265,0.0,3030.5128605298046,444.7831369495408,0.0,0.0,0.0,0.0,0.0,0.0,0.0,0.0,0.0,0.0,gas_boiler,gas_boiler,True,5,3127.766397731411,235.64411235644116,32.378580323785805,35.2187374802773,0.0,0.0,303.24143016050425,3475.2959974793453,0.0,0.0,0.0,0.0,0.0
1981-10-26 12:00:00+01:00,BE_RES_APT_AS_IS_HP_V1,away,0.17500000000000004,5.044342041015625,16.0,10.34919195368435,6.122432386248541,10.939189989758225,24.000000000000004,164.9508786495088,27.521793275217934,17.60936874013865,234.0820406648654,196.4104430904,270.547345546105,400.3048232545867,2610.6733173978305,2610.6733173978305,0.0,0.0,4.0608100102417755,445.2054794520537,61.609243116092436,85.44347585443477,0.0,0.0,235.64411235644005,32.378580323785805,30.130067801300633,0.0,0.0,298.1527604815265,298.1527604815265,298.1527604815265,0.0,2900.748130442034,444.7831369495408,0.0,0.0,0.0,0.0,0.0,0.0,0.0,0.0,0.0,0.0,gas_boiler,gas_boiler,True,5,3010.978140652417,235.64411235644116,32.378580323785805,35.2187374802773,0.0,0.0,303.24143016050425,3345.5312673915746,0.0,0.0,0.0,0.0,0.0
1981-10-27 12:00:00+01:00,BE_RES_APT_AS_IS_HP_V1,away,0.17500000000000004,4.309234619140625,16.0,10.939189989758225,5.4582209712725485,9.772063327436761,24.000000000000004,164.9508786495088,27.521793275217934,17.60936874013865,234.0820406648654,196.4104430904,338.12772390149763,400.3048232545867,2338.0942247317007,2338.0942247317007,0.0,0.0,5.227936672563239,445.2054794520537,61.609243116092436,85.44347585443477,0.0,0.0,235.64411235644005,32.378580323785805,30.130067801300633,0.0,0.0,298.1527604815265,298.1527604815265,298.1527604815265,0.0,2597.882471924112,444.7831369495408,0.0,0.0,0.0,0.0,0.0,0.0,0.0,0.0,0.0,0.0,gas_boiler,gas_boiler,True,5,2738.3990479862873,235.64411235644116,32.378580323785805,35.2187374802773,0.0,0.0,303.24143016050425,3042.6656088736527,0.0,0.0,0.0,0.0,0.0
1981-10-28 12:00:00+01:00,BE_RES_APT_AS_IS_HP_V1,away,0.17500000000000004,3.453765869140625,16.0,9.772063327436761,4.586077849154065,9.89478079497522,24.000000000000004,164.9508786495088,27.521793275217934,17.60936874013865,234.0820406648654,196.4104430904,322.233170373103,400.3048232545867,2877.3067427242167,2877.3067427242167,0.0,0.0,5.105219205024779,445.2054794520537,61.609243116092436,85.44347585443477,0.0,0.0,235.64411235644005,32.378580323785805,30.130067801300633,0.0,0.0,298.1527604815265,298.1527604815265,298.1527604815265,0.0,3197.0074919157964,444.7831369495408,0.0,0.0,0.0,0.0,0.0,0.0,0.0,0.0,0.0,0.0,gas_boiler,gas_boiler,True,5,3277.6115659788034,235.64411235644116,32.378580323785805,35.2187374802773,0.0,0.0,303.24143016050425,3641.790628865337,0.0,0.0,0.0,0.0,0.0
1981-10-29 12:00:00+01:00,BE_RES_APT_AS_IS_HP_V1,away,0.17500000000000004,3.884735107421875,16.0,9.89478079497522,5.000554951255422,10.204653336099723,24.000000000000004,164.9508786495088,27.521793275217934,17.60936874013865,234.0820406648654,196.4104430904,306.5123300652207,400.3048232545867,2820.6112727214486,2820.6112727214486,0.0,0.0,4.795346663900277,445.2054794520537,61.609243116092436,85.44347585443477,0.0,0.0,235.64411235644005,32.378580323785805,30.130067801300633,0.0,0.0,298.1527604815265,298.1527604815265,298.1527604815265,0.0,3134.012525246054,444.7831369495408,0.0,0.0,0.0,0.0,0.0,0.0,0.0,0.0,0.0,0.0,gas_boiler,gas_boiler,True,5,3220.916095976035,235.64411235644116,32.378580323785805,35.2187374802773,0.0,0.0,303.24143016050425,3578.7956621955946,0.0,0.0,0.0,0.0,0.0
1981-10-30 12:00:00+01:00,BE_RES_APT_AS_IS_HP_V1,away,0.17500000000000004,3.2247314453125,16.0,10.204653336099723,4.392441762906594,9.332404309770434,24.000000000000004,164.9508786495088,27.521793275217934,17.60936874013865,234.0820406648654,196.4104430904,355.97601643014843,400.3048232545867,2677.4501587219283,2677.4501587219283,0.0,0.0,5.667595690229566,445.2054794520537,61.609243116092436,85.44347585443477,0.0,0.0,235.64411235644005,32.378580323785805,30.130067801300633,0.0,0.0,298.1527604815265,298.1527604815265,298.1527604815265,0.0,2974.9446208021427,444.7831369495408,0.0,0.0,0.0,0.0,0.0,0.0,0.0,0.0,0.0,0.0,gas_boiler,gas_boiler,True,5,3077.754981976515,235.64411235644116,32.378580323785805,35.2187374802773,0.0,0.0,303.24143016050425,3419.7277577516834,0.0,0.0,0.0,0.0,0.0
1981-10-31 12:00:00+01:00,BE_RES_APT_AS_IS_HP_V1,occupied_day,0.95,2.496124267578125,21.0,9.332404309770434,3.7731193419849096,13.424321423264445,132.25,164.9508786495088,27.521793275217934,17.60936874013865,342.3320406648654,196.4104430904,485.3758829956539,400.3048232545867,5390.42920888606,5390.42920888606,0.0,0.0,1.5756785767355552,445.2054794520537,61.609243116092436,85.44347585443477,0.0,0.0,235.64411235644005,32.378580323785805,30.130067801300633,0.0,0.0,298.1527604815265,298.1527604815265,298.1527604815265,0.0,5989.365787651178,444.7831369495408,0.0,0.0,0.0,0.0,0.0,0.0,0.0,0.0,0.0,0.0,gas_boiler,gas_boiler,True,5,5790.734032140647,235.64411235644116,32.378580323785805,35.2187374802773,0.0,0.0,303.24143016050425,6434.148924600719,0.0,0.0,0.0,0.0,0.0
1981-11-01 12:00:00+01:00,BE_RES_APT_AS_IS_HP_V1,occupied_day,0.95,2.7608642578125,21.0,13.424321423264445,4.212758404923095,10.479208390683308,132.25,164.9508786495088,27.521793275217934,17.60936874013865,342.3320406648654,196.4104430904,757.105458747088,400.3048232545867,3499.963502451827,3499.963502451827,0.0,0.0,4.520791609316692,445.2054794520537,61.609243116092436,85.44347585443477,0.0,0.0,235.64411235644005,32.378580323785805,30.130067801300633,0.0,0.0,298.1527604815265,298.1527604815265,298.1527604815265,0.0,3888.8483360575856,444.7831369495408,0.0,0.0,0.0,0.0,0.0,0.0,0.0,0.0,0.0,0.0,gas_boiler,gas_boiler,True,5,3900.2683257064136,235.64411235644116,32.378580323785805,35.2187374802773,0.0,0.0,303.24143016050425,4333.631473007126,0.0,0.0,0.0,0.0,0.0
1981-11-02 12:00:00+01:00,BE_RES_APT_AS_IS_HP_V1,away,0.17500000000000004,1.36834716796875,16.0,10.479208390683308,2.650067346945148,7.355998736511094,24.000000000000004,164.9508786495088,27.521793275217934,17.60936874013865,234.0820406648654,196.4104430904,464.6539223584425,400.3048232545867,2550.605723504312,2550.605723504312,0.0,0.0,7.644001263488906,445.2054794520537,61.609243116092436,85.44347585443477,0.0,0.0,235.64411235644005,32.378580323785805,30.130067801300633,0.0,0.0,298.1527604815265,298.1527604815265,298.1527604815265,0.0,2834.006359449236,444.7831369495408,0.0,0.0,0.0,0.0,0.0,0.0,0.0,0.0,0.0,0.0,gas_boiler,gas_boiler,True,5,2950.910546758899,235.64411235644116,32.378580323785805,35.2187374802773,0.0,0.0,303.24143016050425,3278.7894963987765,0.0,0.0,0.0,0.0,0.0
1981-11-03 12:00:00+01:00,BE_RES_APT_AS_IS_HP_V1,away,0.17500000000000004,4.7984619140625,16.0,7.355998736511094,5.7295650692347335,13.097725245513306,24.000000000000004,164.9508786495088,27.521793275217934,17.60936874013865,234.0820406648654,196.4104430904,130.43437794487832,400.3048232545867,3993.528583731875,3993.528583731875,0.0,0.0,1.9022747544866938,445.2054794520537,61.609243116092436,85.44347585443477,0.0,0.0,235.64411235644005,32.378580323785805,30.130067801300633,0.0,0.0,298.1527604815265,298.1527604815265,298.1527604815265,0.0,4437.253981924306,444.7831369495408,0.0,0.0,0.0,0.0,0.0,0.0,0.0,0.0,0.0,0.0,gas_boiler,gas_boiler,True,5,4393.833406986462,235.64411235644116,32.378580323785805,35.2187374802773,0.0,0.0,303.24143016050425,4882.037118873846,0.0,0.0,0.0,0.0,0.0
1981-11-04 12:00:00+01:00,BE_RES_APT_AS_IS_HP_V1,away,0.17500000000000004,5.956085205078125,16.0,13.097725245513306,7.132447793315555,9.606351326503646,24.000000000000004,164.9508786495088,27.521793275217934,17.60936874013865,234.0820406648654,196.4104430904,364.2236420621943,400.3048232545867,1340.8509365728528,1340.8509365728528,0.0,0.0,5.3936486734963545,445.2054794520537,61.609243116092436,85.44347585443477,0.0,0.0,235.64411235644005,32.378580323785805,30.130067801300633,0.0,0.0,298.1527604815265,298.1527604815265,298.1527604815265,0.0,1489.8343739698364,444.7831369495408,0.0,0.0,0.0,0.0,0.0,0.0,0.0,0.0,0.0,0.0,gas_boiler,gas_boiler,True,5,1741.1557598274394,235.64411235644116,32.378580323785805,35.2187374802773,0.0,0.0,303.24143016050425,1934.6175109193773,0.0,0.0,0.0,0.0,0.0
1981-11-05 12:00:00+01:00,BE_RES_APT_AS_IS_HP_V1,away,0.17500000000000004,6.6634521484375,16.0,9.606351326503646,7.615173022794717,13.065129137002616,24.000000000000004,164.9508786495088,27.521793275217934,17.60936874013865,234.0820406648654,196.4104430904,150.08785808137344,400.3048232545867,2953.865687155316,2953.865687155316,0.0,0.0,1.9348708629973839,445.2054794520537,61.609243116092436,85.44347585443477,0.0,0.0,235.64411235644005,32.378580323785805,30.130067801300633,0.0,0.0,298.1527604815265,298.1527604815265,298.1527604815265,0.0,3282.072985728129,444.7831369495408,0.0,0.0,0.0,0.0,0.0,0.0,0.0,0.0,0.0,0.0,gas_boiler,gas_boiler,True,5,3354.170510409903,235.64411235644116,32.378580323785805,35.2187374802773,0.0,0.0,303.24143016050425,3726.8561226776696,0.0,0.0,0.0,0.0,0.0
1981-11-06 12:00:00+01:00,BE_RES_APT_AS_IS_HP_V1,away,0.17500000000000004,8.022216796875,16.0,13.065129137002616,9.086292915663835,11.58798142265157,24.000000000000004,164.9508786495088,27.521793275217934,17.60936874013865,234.0820406648654,196.4104430904,257.18852934650846,400.3048232545867,1355.9103387047915,1355.9103387047915,0.0,0.0,3.41201857734843,445.2054794520537,61.609243116092436,85.44347585443477,0.0,0.0,235.64411235644005,32.378580323785805,30.130067801300633,0.0,0.0,298.1527604815265,298.1527604815265,298.1527604815265,0.0,1506.5670430053237,444.7831369495408,0.0,0.0,0.0,0.0,0.0,0.0,0.0,0.0,0.0,0.0,gas_boiler,gas_boiler,True,5,1756.2151619593783,235.64411235644116,32.378580323785805,35.2187374802773,0.0,0.0,303.24143016050425,1951.3501799548644,0.0,0.0,0.0,0.0,0.0
1981-11-07 12:00:00+01:00,BE_RES_APT_AS_IS_HP_V1,occupied_day,0.95,6.073028564453125,21.0,11.58798142265157,7.289639995308541,15.075073746566641,132.25,164.9508786495088,27.521793275217934,17.60936874013865,342.3320406648654,196.4104430904,391.5616529320896,400.3048232545867,4348.352582734975,4348.352582734975,0.0,0.0,0.0,445.2054794520537,61.609243116092436,85.44347585443477,0.0,0.0,235.64411235644005,32.378580323785805,30.130067801300633,0.0,0.0,298.1527604815265,298.1527604815265,298.1527604815265,0.0,4831.502869705528,444.7831369495408,0.0,0.0,0.0,0.0,0.0,0.0,0.0,0.0,0.0,0.0,gas_boiler,gas_boiler,True,5,4748.657405989562,235.64411235644116,32.378580323785805,35.2187374802773,0.0,0.0,303.24143016050425,5276.286006655068,0.0,0.0,0.0,0.0,0.0
1981-11-08 12:00:00+01:00,BE_RES_APT_AS_IS_HP_V1,occupied_day,0.95,7.176727294921875,21.0,15.075073746566641,8.502257993414146,13.403238633019999,132.25,164.9508786495088,27.521793275217934,17.60936874013865,342.3320406648654,196.4104430904,560.7825980667784,400.3048232545867,2737.3159290862122,2737.3159290862122,0.0,0.0,1.596761366980001,445.2054794520537,61.609243116092436,85.44347585443477,0.0,0.0,235.64411235644005,32.378580323785805,30.130067801300633,0.0,0.0,298.1527604815265,298.1527604815265,298.1527604815265,0.0,3041.462143429125,444.7831369495408,0.0,0.0,0.0,0.0,0.0,0.0,0.0,0.0,0.0,0.0,gas_boiler,gas_boiler,True,5,3137.620752340799,235.64411235644116,32.378580323785805,35.2187374802773,0.0,0.0,303.24143016050425,3486.2452803786655,0.0,0.0,0.0,0.0,0.0
1981-11-09 12:00:00+01:00,BE_RES_APT_AS_IS_HP_V1,away,0.17500000000000004,9.2032470703125,16.0,13.403238633019999,10.222225105101442,12.435708549660557,24.000000000000004,164.9508786495088,27.521793275217934,17.60936874013865,234.0820406648654,196.4104430904,214.19956969808248,400.3048232545867,1199.7037515447605,1199.7037515447605,0.0,0.0,2.564291450339443,445.2054794520537,61.609243116092436,85.44347585443477,0.0,0.0,235.64411235644005,32.378580323785805,30.130067801300633,0.0,0.0,298.1527604815265,298.1527604815265,298.1527604815265,0.0,1333.0041683830673,444.7831369495408,0.0,0.0,0.0,0.0,0.0,0.0,0.0,0.0,0.0,0.0,gas_boiler,gas_boiler,True,5,1600.0085747993471,235.64411235644116,32.378580323785805,35.2187374802773,0.0,0.0,303.24143016050425,1777.787305332608,0.0,0.0,0.0,0.0,0.0
1981-11-10 12:00:00+01:00,BE_RES_APT_AS_IS_HP_V1,away,0.17500000000000004,6.719940185546875,16.0,12.435708549660557,7.82001555634422,10.858223154944369,24.000000000000004,164.9508786495088,27.521793275217934,17.60936874013865,234.0820406648654,196.4104430904,291.5041865697978,400.3048232545867,1646.702650056823,1646.702650056823,0.0,0.0,4.141776845055631,445.2054794520537,61.609243116092436,85.44347585443477,0.0,0.0,235.64411235644005,32.378580323785805,30.130067801300633,0.0,0.0,298.1527604815265,298.1527604815265,298.1527604815265,0.0,1829.6696111742476,444.7831369495408,0.0,0.0,0.0,0.0,0.0,0.0,0.0,0.0,0.0,0.0,gas_boiler,gas_boiler,True,5,2047.0074733114097,235.64411235644116,32.378580323785805,35.2187374802773,0.0,0.0,303.24143016050425,2274.4527481237883,0.0,0.0,0.0,0.0,0.0
1981-11-11 12:00:00+01:00,BE_RES_APT_AS_IS_HP_V1,away,0.17500000000000004,8.7196044921875,16.0,10.858223154944369,9.628294620108607,14.01115323271353,24.000000000000004,164.9508786495088,27.521793275217934,17.60936874013865,234.0820406648654,196.4104430904,109.06955180060034,400.3048232545867,2375.5009024157016,2375.5009024157016,0.0,0.0,0.9888467672864696,445.2054794520537,61.609243116092436,85.44347585443477,0.0,0.0,235.64411235644005,32.378580323785805,30.130067801300633,0.0,0.0,298.1527604815265,298.1527604815265,298.1527604815265,0.0,2639.445447128557,444.7831369495408,0.0,0.0,0.0,0.0,0.0,0.0,0.0,0.0,0.0,0.0,gas_boiler,gas_boiler,True,5,2775.805725670288,235.64411235644116,32.378580323785805,35.2187374802773,0.0,0.0,303.24143016050425,3084.228584078098,0.0,0.0,0.0,0.0,0.0
1981-11-12 12:00:00+01:00,BE_RES_APT_AS_IS_HP_V1,away,0.17500000000000004,11.2301025390625,16.0,14.01115323271353,12.17316416958455,13.868460259988616,24.000000000000004,164.9508786495088,27.521793275217934,17.60936874013865,234.0820406648654,196.4104430904,141.83358537620256,400.3048232545867,918.847206486349,918.847206486349,0.0,0.0,1.1315397400113838,445.2054794520537,61.609243116092436,85.44347585443477,0.0,0.0,235.64411235644005,32.378580323785805,30.130067801300633,0.0,0.0,298.1527604815265,298.1527604815265,298.1527604815265,0.0,1020.9413405403877,444.7831369495408,0.0,0.0,0.0,0.0,0.0,0.0,0.0,0.0,0.0,0.0,gas_boiler,gas_boiler,True,5,1319.1520297409356,235.64411235644116,32.378580323785805,35.2187374802773,0.0,0.0,303.24143016050425,1465.7244774899286,0.0,0.0,0.0,0.0,0.0
1981-11-13 12:00:00+01:00,BE_RES_APT_AS_IS_HP_V1,away,0.17500000000000004,11.4266357421875,16.0,13.868460259988616,12.351548038889279,14.16847584208675,24.000000000000004,164.9508786495088,27.521793275217934,17.60936874013865,234.0820406648654,196.4104430904,124.53305040785695,400.3048232545867,984.7713598852595,984.7713598852595,0.0,0.0,0.8315241579132504,445.2054794520537,61.609243116092436,85.44347585443477,0.0,0.0,235.64411235644005,32.378580323785805,30.130067801300633,0.0,0.0,298.1527604815265,298.1527604815265,298.1527604815265,0.0,1094.1903998725104,444.7831369495408,0.0,0.0,0.0,0.0,0.0,0.0,0.0,0.0,0.0,0.0,gas_boiler,gas_boiler,True,5,1385.0761831398463,235.64411235644116,32.378580323785805,35.2187374802773,0.0,0.0,303.24143016050425,1538.9735368220513,0.0,0.0,0.0,0.0,0.0
1981-11-14 12:00:00+01:00,BE_RES_APT_AS_IS_HP_V1,occupied_day,0.95,7.76531982421875,21.0,14.16847584208675,9.022521461379144,14.67342177723218,132.25,164.9508786495088,27.521793275217934,17.60936874013865,342.3320406648654,196.4104430904,454.62407726862796,400.3048232545867,3156.164160955922,3156.164160955922,0.0,0.0,0.3265782227678198,445.2054794520537,61.609243116092436,85.44347585443477,0.0,0.0,235.64411235644005,32.378580323785805,30.130067801300633,0.0,0.0,298.1527604815265,298.1527604815265,298.1527604815265,0.0,3506.849067728802,444.7831369495408,0.0,0.0,0.0,0.0,0.0,0.0,0.0,0.0,0.0,0.0,gas_boiler,gas_boiler,True,5,3556.4689842105086,235.64411235644116,32.378580323785805,35.2187374802773,0.0,0.0,303.24143016050425,3951.6322046783425,0.0,0.0,0.0,0.0,0.0
1981-11-15 12:00:00+01:00,BE_RES_APT_AS_IS_HP_V1,occupied_day,0.95,7.6309814453125,21.0,14.67342177723218,8.917397887568326,14.150617012746395,132.25,164.9508786495088,27.521793275217934,17.60936874013865,342.3320406648654,196.4104430904,500.01326356629727,400.3048232545867,2922.879138918733,2922.879138918733,0.0,0.0,0.8493829872536054,445.2054794520537,61.609243116092436,85.44347585443477,0.0,0.0,235.64411235644005,32.378580323785805,30.130067801300633,0.0,0.0,298.1527604815265,298.1527604815265,298.1527604815265,0.0,3247.643487687481,444.7831369495408,0.0,0.0,0.0,0.0,0.0,0.0,0.0,0.0,0.0,0.0,gas_boiler,gas_boiler,True,5,3323.1839621733197,235.64411235644116,32.378580323785805,35.2187374802773,0.0,0.0,303.24143016050425,3692.4266246370216,0.0,0.0,0.0,0.0,0.0
1981-11-16 12:00:00+01:00,BE_RES_APT_AS_IS_HP_V1,away,0.17500000000000004,5.554046630859375,16.0,14.150617012746395,6.808251137946652,8.384668084451024,24.000000000000004,164.9508786495088,27.521793275217934,17.60936874013865,234.0820406648654,196.4104430904,438.42508947623804,400.3048232545867,854.4149401111658,854.4149401111658,0.0,0.0,6.6153319155489765,445.2054794520537,61.609243116092436,85.44347585443477,0.0,0.0,235.64411235644005,32.378580323785805,30.130067801300633,0.0,0.0,298.1527604815265,298.1527604815265,298.1527604815265,0.0,949.3499334568509,444.7831369495408,0.0,0.0,0.0,0.0,0.0,0.0,0.0,0.0,0.0,0.0,gas_boiler,gas_boiler,True,5,1254.7197633657524,235.64411235644116,32.378580323785805,35.2187374802773,0.0,0.0,303.24143016050425,1394.1330704063917,0.0,0.0,0.0,0.0,0.0
1981-11-17 12:00:00+01:00,BE_RES_APT_AS_IS_HP_V1,away,0.17500000000000004,6.02783203125,16.0,8.384668084451024,6.948197261349284,13.43951807897762,24.000000000000004,164.9508786495088,27.521793275217934,17.60936874013865,234.0820406648654,196.4104430904,120.19863871325222,400.3048232545867,3518.2833449836276,3518.2833449836276,0.0,0.0,1.5604819210223795,445.2054794520537,61.609243116092436,85.44347585443477,0.0,0.0,235.64411235644005,32.378580323785805,30.130067801300633,0.0,0.0,298.1527604815265,298.1527604815265,298.1527604815265,0.0,3909.203716648475,444.7831369495408,0.0,0.0,0.0,0.0,0.0,0.0,0.0,0.0,0.0,0.0,gas_boiler,gas_boiler,True,5,3918.588168238214,235.64411235644116,32.378580323785805,35.2187374802773,0.0,0.0,303.24143016050425,4353.986853598016,0.0,0.0,0.0,0.0,0.0
1981-11-18 12:00:00+01:00,BE_RES_APT_AS_IS_HP_V1,away,0.17500000000000004,4.609161376953125,16.0,13.43951807897762,5.87587395761744,8.058432745784902,24.000000000000004,164.9508786495088,27.521793275217934,17.60936874013865,234.0820406648654,196.4104430904,450.34819180324934,400.3048232545867,1182.9426475123394,1182.9426475123394,0.0,0.0,6.941567254215098,445.2054794520537,61.609243116092436,85.44347585443477,0.0,0.0,235.64411235644005,32.378580323785805,30.130067801300633,0.0,0.0,298.1527604815265,298.1527604815265,298.1527604815265,0.0,1314.3807194581548,444.7831369495408,0.0,0.0,0.0,0.0,0.0,0.0,0.0,0.0,0.0,0.0,gas_boiler,gas_boiler,True,5,1583.2474707669262,235.64411235644116,32.378580323785805,35.2187374802773,0.0,0.0,303.24143016050425,1759.1638564076957,0.0,0.0,0.0,0.0,0.0
1981-11-19 12:00:00+01:00,BE_RES_APT_AS_IS_HP_V1,away,0.17500000000000004,3.38262939453125,16.0,8.058432745784902,4.427064388719947,11.196468718506898,24.000000000000004,164.9508786495088,27.521793275217934,17.60936874013865,234.0820406648654,196.4104430904,238.4659709139363,400.3048232545867,3669.0040714473757,3669.0040714473757,0.0,0.0,3.803531281493102,445.2054794520537,61.609243116092436,85.44347585443477,0.0,0.0,235.64411235644005,32.378580323785805,30.130067801300633,0.0,0.0,298.1527604815265,298.1527604815265,298.1527604815265,0.0,4076.671190497084,444.7831369495408,0.0,0.0,0.0,0.0,0.0,0.0,0.0,0.0,0.0,0.0,gas_boiler,gas_boiler,True,5,4069.3088947019623,235.64411235644116,32.378580323785805,35.2187374802773,0.0,0.0,303.24143016050425,4521.454327446625,0.0,0.0,0.0,0.0,0.0
1981-11-20 12:00:00+01:00,BE_RES_APT_AS_IS_HP_V1,away,0.17500000000000004,3.02423095703125,16.0,11.196468718506898,4.25573275151275,8.350270317501073,24.000000000000004,164.9508786495088,27.521793275217934,17.60936874013865,234.0820406648654,196.4104430904,416.7841258352581,400.3048232545867,2219.2314520498135,2219.2314520498135,0.0,0.0,6.649729682498927,445.2054794520537,61.609243116092436,85.44347585443477,0.0,0.0,235.64411235644005,32.378580323785805,30.130067801300633,0.0,0.0,298.1527604815265,298.1527604815265,298.1527604815265,0.0,2465.8127244997927,444.7831369495408,0.0,0.0,0.0,0.0,0.0,0.0,0.0,0.0,0.0,0.0,gas_boiler,gas_boiler,True,5,2619.5362753044,235.64411235644116,32.378580323785805,35.2187374802773,0.0,0.0,303.24143016050425,2910.5958614493334,0.0,0.0,0.0,0.0,0.0
1981-11-21 12:00:00+01:00,BE_RES_APT_AS_IS_HP_V1,occupied_day,0.95,7.92523193359375,21.0,8.350270317501073,8.909238158830407,19.372841859256116,132.25,164.9508786495088,27.521793275217934,17.60936874013865,342.3320406648654,196.4104430904,30.177725257419908,400.3048232545867,5844.175113314505,5844.175113314505,0.0,0.0,0.0,445.2054794520537,61.609243116092436,85.44347585443477,0.0,0.0,235.64411235644005,32.378580323785805,30.130067801300633,0.0,0.0,298.1527604815265,298.1527604815265,298.1527604815265,0.0,6493.527903682783,444.7831369495408,0.0,0.0,0.0,0.0,0.0,0.0,0.0,0.0,0.0,0.0,gas_boiler,gas_boiler,True,5,6244.479936569092,235.64411235644116,32.378580323785805,35.2187374802773,0.0,0.0,303.24143016050425,6938.311040632324,0.0,0.0,0.0,0.0,0.0
1981-11-22 12:00:00+01:00,BE_RES_APT_AS_IS_HP_V1,occupied_day,0.95,6.50189208984375,21.0,19.372841859256116,8.054666963661962,9.400619673325089,132.25,164.9508786495088,27.521793275217934,17.60936874013865,342.3320406648654,196.4104430904,913.837433628278,400.3048232545867,751.7470610236744,751.7470610236744,0.0,0.0,5.599380326674911,445.2054794520537,61.609243116092436,85.44347585443477,0.0,0.0,235.64411235644005,32.378580323785805,30.130067801300633,0.0,0.0,298.1527604815265,298.1527604815265,298.1527604815265,0.0,835.2745122485271,444.7831369495408,0.0,0.0,0.0,0.0,0.0,0.0,0.0,0.0,0.0,0.0,gas_boiler,gas_boiler,True,5,1152.0518842782612,235.64411235644116,32.378580323785805,35.2187374802773,0.0,0.0,303.24143016050425,1280.0576491980678,0.0,0.0,0.0,0.0,0.0
1981-11-23 12:00:00+01:00,BE_RES_APT_AS_IS_HP_V1,away,0.17500000000000004,3.47802734375,16.0,9.400619673325089,4.589168243856181,10.21449034052327,24.000000000000004,164.9508786495088,27.521793275217934,17.60936874013865,234.0820406648654,196.4104430904,302.05220880832957,400.3048232545867,3048.9137109238095,3048.9137109238095,0.0,0.0,4.78550965947673,445.2054794520537,61.609243116092436,85.44347585443477,0.0,0.0,235.64411235644005,32.378580323785805,30.130067801300633,0.0,0.0,298.1527604815265,298.1527604815265,298.1527604815265,0.0,3387.681901026455,444.7831369495408,0.0,0.0,0.0,0.0,0.0,0.0,0.0,0.0,0.0,0.0,gas_boiler,gas_boiler,True,5,3449.218534178396,235.64411235644116,32.378580323785805,35.2187374802773,0.0,0.0,303.24143016050425,3832.4650379759955,0.0,0.0,0.0,0.0,0.0
1981-11-24 12:00:00+01:00,BE_RES_APT_AS_IS_HP_V1,away,0.17500000000000004,4.978973388671875,16.0,10.21449034052327,6.053354270602117,10.984931739532941,24.000000000000004,164.9508786495088,27.521793275217934,17.60936874013865,234.0820406648654,196.4104430904,267.01136454442116,400.3048232545867,2672.90546267825,2672.90546267825,0.0,0.0,4.015068260467059,445.2054794520537,61.609243116092436,85.44347585443477,0.0,0.0,235.64411235644005,32.378580323785805,30.130067801300633,0.0,0.0,298.1527604815265,298.1527604815265,298.1527604815265,0.0,2969.894958531389,444.7831369495408,0.0,0.0,0.0,0.0,0.0,0.0,0.0,0.0,0.0,0.0,gas_boiler,gas_boiler,True,5,3073.2102859328365,235.64411235644116,32.378580323785805,35.2187374802773,0.0,0.0,303.24143016050425,3414.6780954809296,0.0,0.0,0.0,0.0,0.0
1981-11-25 12:00:00+01:00,BE_RES_APT_AS_IS_HP_V1,away,0.17500000000000004,6.55682373046875,16.0,10.984931739532941,7.588006488329103,11.862858505550754,24.000000000000004,164.9508786495088,27.521793275217934,17.60936874013865,234.0820406648654,196.4104430904,225.83350846227378,400.3048232545867,2316.9615363357816,2316.9615363357816,0.0,0.0,3.1371414944492457,445.2054794520537,61.609243116092436,85.44347585443477,0.0,0.0,235.64411235644005,32.378580323785805,30.130067801300633,0.0,0.0,298.1527604815265,298.1527604815265,298.1527604815265,0.0,2574.401707039757,444.7831369495408,0.0,0.0,0.0,0.0,0.0,0.0,0.0,0.0,0.0,0.0,gas_boiler,gas_boiler,True,5,2717.266359590368,235.64411235644116,32.378580323785805,35.2187374802773,0.0,0.0,303.24143016050425,3019.184843989298,0.0,0.0,0.0,0.0,0.0
1981-11-26 12:00:00+01:00,BE_RES_APT_AS_IS_HP_V1,away,0.17500000000000004,5.480010986328125,16.0,11.862858505550754,6.615776534159375,10.142282404974912,24.000000000000004,164.9508786495088,27.521793275217934,17.60936874013865,234.0820406648654,196.4104430904,325.52522348035416,400.3048232545867,1911.3593704355517,1911.3593704355517,0.0,0.0,4.857717595025088,445.2054794520537,61.609243116092436,85.44347585443477,0.0,0.0,235.64411235644005,32.378580323785805,30.130067801300633,0.0,0.0,298.1527604815265,298.1527604815265,298.1527604815265,0.0,2123.7326338172797,444.7831369495408,0.0,0.0,0.0,0.0,0.0,0.0,0.0,0.0,0.0,0.0,gas_boiler,gas_boiler,True,5,2311.6641936901383,235.64411235644116,32.378580323785805,35.2187374802773,0.0,0.0,303.24143016050425,2568.5157707668204,0.0,0.0,0.0,0.0,0.0
1981-11-27 12:00:00+01:00,BE_RES_APT_AS_IS_HP_V1,away,0.17500000000000004,3.63800048828125,16.0,10.142282404974912,4.7802630389202685,9.773390664879175,24.000000000000004,164.9508786495088,27.521793275217934,17.60936874013865,234.0820406648654,196.4104430904,331.7183777513768,400.3048232545867,2706.265528901591,2706.265528901591,0.0,0.0,5.226609335120825,445.2054794520537,61.609243116092436,85.44347585443477,0.0,0.0,235.64411235644005,32.378580323785805,30.130067801300633,0.0,0.0,298.1527604815265,298.1527604815265,298.1527604815265,0.0,3006.9616987795457,444.7831369495408,0.0,0.0,0.0,0.0,0.0,0.0,0.0,0.0,0.0,0.0,gas_boiler,gas_boiler,True,5,3106.5703521561777,235.64411235644116,32.378580323785805,35.2187374802773,0.0,0.0,303.24143016050425,3451.7448357290864,0.0,0.0,0.0,0.0,0.0
1981-11-28 12:00:00+01:00,BE_RES_APT_AS_IS_HP_V1,occupied_day,0.95,0.7431640625,21.0,9.773390664879175,2.120420819755574,11.406847797300124,132.25,164.9508786495088,27.521793275217934,17.60936874013865,342.3320406648654,196.4104430904,641.1460887689215,400.3048232545867,5186.693512825822,5186.693512825822,0.0,0.0,3.5931522026998763,445.2054794520537,61.609243116092436,85.44347585443477,0.0,0.0,235.64411235644005,32.378580323785805,30.130067801300633,0.0,0.0,298.1527604815265,298.1527604815265,298.1527604815265,0.0,5762.992792028691,444.7831369495408,0.0,0.0,0.0,0.0,0.0,0.0,0.0,0.0,0.0,0.0,gas_boiler,gas_boiler,True,5,5586.998336080409,235.64411235644116,32.378580323785805,35.2187374802773,0.0,0.0,303.24143016050425,6207.775928978232,0.0,0.0,0.0,0.0,0.0
1981-11-29 12:00:00+01:00,BE_RES_APT_AS_IS_HP_V1,occupied_day,0.95,2.111297607421875,21.0,11.406847797300124,3.500679450066889,11.435943317862666,132.25,164.9508786495088,27.521793275217934,17.60936874013865,342.3320406648654,196.4104430904,659.9840634813556,400.3048232545867,4432.036317647344,4432.036317647344,0.0,0.0,3.564056682137334,445.2054794520537,61.609243116092436,85.44347585443477,0.0,0.0,235.64411235644005,32.378580323785805,30.130067801300633,0.0,0.0,298.1527604815265,298.1527604815265,298.1527604815265,0.0,4924.484797385938,444.7831369495408,0.0,0.0,0.0,0.0,0.0,0.0,0.0,0.0,0.0,0.0,gas_boiler,gas_boiler,True,5,4832.341140901931,235.64411235644116,32.378580323785805,35.2187374802773,0.0,0.0,303.24143016050425,5369.2679343354785,0.0,0.0,0.0,0.0,0.0
1981-11-30 12:00:00+01:00,BE_RES_APT_AS_IS_HP_V1,away,0.17500000000000004,2.22412109375,16.0,11.435943317862666,3.5112429045804623,7.401651948092002,24.000000000000004,164.9508786495088,27.521793275217934,17.60936874013865,234.0820406648654,196.4104430904,469.802933429746,400.3048232545867,2108.594187147449,2108.594187147449,0.0,0.0,7.598348051907998,445.2054794520537,61.609243116092436,85.44347585443477,0.0,0.0,235.64411235644005,32.378580323785805,30.130067801300633,0.0,0.0,298.1527604815265,298.1527604815265,298.1527604815265,0.0,2342.882430163832,444.7831369495408,0.0,0.0,0.0,0.0,0.0,0.0,0.0,0.0,0.0,0.0,gas_boiler,gas_boiler,True,5,2508.8990104020354,235.64411235644116,32.378580323785805,35.2187374802773,0.0,0.0,303.24143016050425,2787.6655671133726,0.0,0.0,0.0,0.0,0.0
1981-12-01 12:00:00+01:00,BE_RES_APT_AS_IS_HP_V1,away,0.17500000000000004,3.8419189453125,16.0,7.401651948092002,4.826641762896267,12.155887070326951,24.000000000000004,164.9508786495088,27.521793275217934,17.60936874013865,234.0820406648654,196.4104430904,181.54638314175466,400.3048232545867,3972.4367999814954,3972.4367999814954,0.0,0.0,2.8441129296730487,445.2054794520537,61.609243116092436,85.44347585443477,0.0,0.0,235.64411235644005,32.378580323785805,30.130067801300633,0.0,0.0,298.1527604815265,298.1527604815265,298.1527604815265,0.0,4413.818666646106,444.7831369495408,0.0,0.0,0.0,0.0,0.0,0.0,0.0,0.0,0.0,0.0,gas_boiler,gas_boiler,True,5,4372.741623236082,235.64411235644116,32.378580323785805,35.2187374802773,0.0,0.0,303.24143016050425,4858.601803595647,0.0,0.0,0.0,0.0,0.0
1981-12-02 12:00:00+01:00,BE_RES_APT_AS_IS_HP_V1,away,0.17500000000000004,2.836822509765625,16.0,12.155887070326951,4.129682017455701,7.406409882035202,24.000000000000004,164.9508786495088,27.521793275217934,17.60936874013865,234.0820406648654,196.4104430904,475.2722925886277,400.3048232545867,1775.9801735089488,1775.9801735089488,0.0,0.0,7.593590117964798,445.2054794520537,61.609243116092436,85.44347585443477,0.0,0.0,235.64411235644005,32.378580323785805,30.130067801300633,0.0,0.0,298.1527604815265,298.1527604815265,298.1527604815265,0.0,1973.311303898832,444.7831369495408,0.0,0.0,0.0,0.0,0.0,0.0,0.0,0.0,0.0,0.0,gas_boiler,gas_boiler,True,5,2176.2849967635357,235.64411235644116,32.378580323785805,35.2187374802773,0.0,0.0,303.24143016050425,2418.094440848373,0.0,0.0,0.0,0.0,0.0
1981-12-03 12:00:00+01:00,BE_RES_APT_AS_IS_HP_V1,away,0.17500000000000004,1.16339111328125,16.0,7.406409882035202,2.2916755206504784,9.616865157757545,24.000000000000004,164.9508786495088,27.521793275217934,17.60936874013865,234.0820406648654,196.4104430904,318.3939572064516,400.3048232545867,3970.238634499737,3970.238634499737,0.0,0.0,5.383134842242455,445.2054794520537,61.609243116092436,85.44347585443477,0.0,0.0,235.64411235644005,32.378580323785805,30.130067801300633,0.0,0.0,298.1527604815265,298.1527604815265,298.1527604815265,0.0,4411.376260555264,444.7831369495408,0.0,0.0,0.0,0.0,0.0,0.0,0.0,0.0,0.0,0.0,gas_boiler,gas_boiler,True,5,4370.543457754324,235.64411235644116,32.378580323785805,35.2187374802773,0.0,0.0,303.24143016050425,4856.1593975048045,0.0,0.0,0.0,0.0,0.0
1981-12-04 12:00:00+01:00,BE_RES_APT_AS_IS_HP_V1,away,0.17500000000000004,-0.032440185546875,16.0,9.616865157757545,1.2780879180056977,6.719082026033391,24.000000000000004,164.9508786495088,27.521793275217934,17.60936874013865,234.0820406648654,196.4104430904,492.11457250852544,400.3048232545867,2949.0082971160145,2949.0082971160145,0.0,0.0,8.28091797396661,445.2054794520537,61.609243116092436,85.44347585443477,0.0,0.0,235.64411235644005,32.378580323785805,30.130067801300633,0.0,0.0,298.1527604815265,298.1527604815265,298.1527604815265,0.0,3276.6758856844604,444.7831369495408,0.0,0.0,0.0,0.0,0.0,0.0,0.0,0.0,0.0,0.0,gas_boiler,gas_boiler,True,5,3349.313120370601,235.64411235644116,32.378580323785805,35.2187374802773,0.0,0.0,303.24143016050425,3721.459022634001,0.0,0.0,0.0,0.0,0.0
1981-12-05 12:00:00+01:00,BE_RES_APT_AS_IS_HP_V1,occupied_day,0.95,0.491546630859375,21.0,6.719082026033391,1.7407225396388772,13.553612609899533,132.25,164.9508786495088,27.521793275217934,17.60936874013865,342.3320406648654,196.4104430904,442.1550130573551,400.3048232545867,6597.7841039725745,6597.7841039725745,0.0,0.0,1.4463873901004671,445.2054794520537,61.609243116092436,85.44347585443477,0.0,0.0,235.64411235644005,32.378580323785805,30.130067801300633,0.0,0.0,298.1527604815265,298.1527604815265,298.1527604815265,0.0,7330.871226636194,444.7831369495408,0.0,0.0,0.0,0.0,0.0,0.0,0.0,0.0,0.0,0.0,gas_boiler,gas_boiler,True,5,6998.088927227162,235.64411235644116,32.378580323785805,35.2187374802773,0.0,0.0,303.24143016050425,7775.654363585734,0.0,0.0,0.0,0.0,0.0
1981-12-06 12:00:00+01:00,BE_RES_APT_AS_IS_HP_V1,occupied_day,0.95,-0.458038330078125,21.0,13.553612609899533,1.1468657163753209,7.3063686152915315,132.25,164.9508786495088,27.521793275217934,17.60936874013865,342.3320406648654,196.4104430904,994.8272167384137,400.3048232545867,3440.230974226416,3440.230974226416,0.0,0.0,7.6936313847084685,445.2054794520537,61.609243116092436,85.44347585443477,0.0,0.0,235.64411235644005,32.378580323785805,30.130067801300633,0.0,0.0,298.1527604815265,298.1527604815265,298.1527604815265,0.0,3822.478860251573,444.7831369495408,0.0,0.0,0.0,0.0,0.0,0.0,0.0,0.0,0.0,0.0,gas_boiler,gas_boiler,True,5,3840.5357974810026,235.64411235644116,32.378580323785805,35.2187374802773,0.0,0.0,303.24143016050425,4267.261997201114,0.0,0.0,0.0,0.0,0.0
1981-12-07 12:00:00+01:00,BE_RES_APT_AS_IS_HP_V1,away,0.17500000000000004,1.000396728515625,16.0,7.3063686152915315,2.1320492638046544,9.542514232917819,24.000000000000004,164.9508786495088,27.521793275217934,17.60936874013865,234.0820406648654,196.4104430904,321.60456622557126,400.3048232545867,4016.4576997353124,4016.4576997353124,0.0,0.0,5.457485767082181,445.2054794520537,61.609243116092436,85.44347585443477,0.0,0.0,235.64411235644005,32.378580323785805,30.130067801300633,0.0,0.0,298.1527604815265,298.1527604815265,298.1527604815265,0.0,4462.73077748368,444.7831369495408,0.0,0.0,0.0,0.0,0.0,0.0,0.0,0.0,0.0,0.0,gas_boiler,gas_boiler,True,5,4416.7625229898995,235.64411235644116,32.378580323785805,35.2187374802773,0.0,0.0,303.24143016050425,4907.513914433221,0.0,0.0,0.0,0.0,0.0
1981-12-08 12:00:00+01:00,BE_RES_APT_AS_IS_HP_V1,away,0.17500000000000004,5.526947021484375,16.0,9.542514232917819,6.536057954751822,12.040428907226254,24.000000000000004,164.9508786495088,27.521793275217934,17.60936874013865,234.0820406648654,196.4104430904,204.79392778310566,400.3048232545867,2983.358424391968,2983.358424391968,0.0,0.0,2.9595710927737464,445.2054794520537,61.609243116092436,85.44347585443477,0.0,0.0,235.64411235644005,32.378580323785805,30.130067801300633,0.0,0.0,298.1527604815265,298.1527604815265,298.1527604815265,0.0,3314.842693768853,444.7831369495408,0.0,0.0,0.0,0.0,0.0,0.0,0.0,0.0,0.0,0.0,gas_boiler,gas_boiler,True,5,3383.6632476465547,235.64411235644116,32.378580323785805,35.2187374802773,0.0,0.0,303.24143016050425,3759.625830718394,0.0,0.0,0.0,0.0,0.0
1981-12-09 12:00:00+01:00,BE_RES_APT_AS_IS_HP_V1,away,0.17500000000000004,3.15283203125,16.0,12.040428907226254,4.422607084974886,7.797751668091686,24.000000000000004,164.9508786495088,27.521793275217934,17.60936874013865,234.0820406648654,196.4104430904,453.267440674789,400.3048232545867,1829.3218448614712,1829.3218448614712,0.0,0.0,7.202248331908314,445.2054794520537,61.609243116092436,85.44347585443477,0.0,0.0,235.64411235644005,32.378580323785805,30.130067801300633,0.0,0.0,298.1527604815265,298.1527604815265,298.1527604815265,0.0,2032.5798276238568,444.7831369495408,0.0,0.0,0.0,0.0,0.0,0.0,0.0,0.0,0.0,0.0,gas_boiler,gas_boiler,True,5,2229.6266681160578,235.64411235644116,32.378580323785805,35.2187374802773,0.0,0.0,303.24143016050425,2477.3629645733977,0.0,0.0,0.0,0.0,0.0
1981-12-10 12:00:00+01:00,BE_RES_APT_AS_IS_HP_V1,away,0.17500000000000004,-0.1121826171875,16.0,7.797751668091686,1.1052853742132678,8.096894661729861,24.000000000000004,164.9508786495088,27.521793275217934,17.60936874013865,234.0820406648654,196.4104430904,403.4066485492385,400.3048232545867,3789.438729341642,3789.438729341642,0.0,0.0,6.903105338270139,445.2054794520537,61.609243116092436,85.44347585443477,0.0,0.0,235.64411235644005,32.378580323785805,30.130067801300633,0.0,0.0,298.1527604815265,298.1527604815265,298.1527604815265,0.0,4210.487477046269,444.7831369495408,0.0,0.0,0.0,0.0,0.0,0.0,0.0,0.0,0.0,0.0,gas_boiler,gas_boiler,True,5,4189.743552596229,235.64411235644116,32.378580323785805,35.2187374802773,0.0,0.0,303.24143016050425,4655.27061399581,0.0,0.0,0.0,0.0,0.0
1981-12-11 12:00:00+01:00,BE_RES_APT_AS_IS_HP_V1,away,0.17500000000000004,-2.6368408203125,16.0,8.096894661729861,-1.2682933597825123,5.4683259727872295,24.000000000000004,164.9508786495088,27.521793275217934,17.60936874013865,234.0820406648654,196.4104430904,547.4205095841605,400.3048232545867,3651.2346662808045,3651.2346662808045,0.0,0.0,9.53167402721277,445.2054794520537,61.609243116092436,85.44347585443477,0.0,0.0,235.64411235644005,32.378580323785805,30.130067801300633,0.0,0.0,298.1527604815265,298.1527604815265,298.1527604815265,0.0,4056.9274069786716,444.7831369495408,0.0,0.0,0.0,0.0,0.0,0.0,0.0,0.0,0.0,0.0,gas_boiler,gas_boiler,True,5,4051.539489535391,235.64411235644116,32.378580323785805,35.2187374802773,0.0,0.0,303.24143016050425,4501.710543928212,0.0,0.0,0.0,0.0,0.0
1981-12-12 12:00:00+01:00,BE_RES_APT_AS_IS_HP_V1,occupied_day,0.95,-3.656585693359375,21.0,5.4683259727872295,-2.275001900976219,10.572488591235192,132.25,164.9508786495088,27.521793275217934,17.60936874013865,342.3320406648654,196.4104430904,647.868728296409,400.3048232545867,7175.6334005723,7175.6334005723,0.0,0.0,4.427511408764808,445.2054794520537,61.609243116092436,85.44347585443477,0.0,0.0,235.64411235644005,32.378580323785805,30.130067801300633,0.0,0.0,298.1527604815265,298.1527604815265,298.1527604815265,0.0,7972.926000635889,444.7831369495408,0.0,0.0,0.0,0.0,0.0,0.0,0.0,0.0,0.0,0.0,gas_boiler,gas_boiler,True,5,7575.938223826887,235.64411235644116,32.378580323785805,35.2187374802773,0.0,0.0,303.24143016050425,8417.70913758543,0.0,0.0,0.0,0.0,0.0
1981-12-13 12:00:00+01:00,BE_RES_APT_AS_IS_HP_V1,occupied_day,0.95,-5.780670166015625,21.0,10.572488591235192,-4.068760999919062,4.556668135846345,132.25,164.9508786495088,27.521793275217934,17.60936874013865,342.3320406648654,196.4104430904,1161.074271764808,400.3048232545867,4817.510270849341,4817.510270849341,0.0,0.0,10.443331864153656,445.2054794520537,61.609243116092436,85.44347585443477,0.0,0.0,235.64411235644005,32.378580323785805,30.130067801300633,0.0,0.0,298.1527604815265,298.1527604815265,298.1527604815265,0.0,5352.789189832602,444.7831369495408,0.0,0.0,0.0,0.0,0.0,0.0,0.0,0.0,0.0,0.0,gas_boiler,gas_boiler,True,5,5217.8150941039285,235.64411235644116,32.378580323785805,35.2187374802773,0.0,0.0,303.24143016050425,5797.572326782142,0.0,0.0,0.0,0.0,0.0
1981-12-14 12:00:00+01:00,BE_RES_APT_AS_IS_HP_V1,away,0.17500000000000004,-5.48236083984375,16.0,4.556668135846345,-4.15098167936995,5.603332272611674,24.000000000000004,164.9508786495088,27.521793275217934,17.60936874013865,234.0820406648654,196.4104430904,511.9904777601949,400.3048232545867,5286.81932123899,5286.81932123899,0.0,0.0,9.396667727388326,445.2054794520537,61.609243116092436,85.44347585443477,0.0,0.0,235.64411235644005,32.378580323785805,30.130067801300633,0.0,0.0,298.1527604815265,298.1527604815265,298.1527604815265,0.0,5874.243690265544,444.7831369495408,0.0,0.0,0.0,0.0,0.0,0.0,0.0,0.0,0.0,0.0,gas_boiler,gas_boiler,True,5,5687.124144493577,235.64411235644116,32.378580323785805,35.2187374802773,0.0,0.0,303.24143016050425,6319.026827215084,0.0,0.0,0.0,0.0,0.0
1981-12-15 12:00:00+01:00,BE_RES_APT_AS_IS_HP_V1,away,0.17500000000000004,-4.9832763671875,16.0,5.603332272611674,-3.622600510808059,5.239535296426213,24.000000000000004,164.9508786495088,27.521793275217934,17.60936874013865,234.0820406648654,196.4104430904,539.9170406297579,400.3048232545867,4803.260490053407,4803.260490053407,0.0,0.0,9.760464703573787,445.2054794520537,61.609243116092436,85.44347585443477,0.0,0.0,235.64411235644005,32.378580323785805,30.130067801300633,0.0,0.0,298.1527604815265,298.1527604815265,298.1527604815265,0.0,5336.956100059341,444.7831369495408,0.0,0.0,0.0,0.0,0.0,0.0,0.0,0.0,0.0,0.0,gas_boiler,gas_boiler,True,5,5203.565313307994,235.64411235644116,32.378580323785805,35.2187374802773,0.0,0.0,303.24143016050425,5781.739237008882,0.0,0.0,0.0,0.0,0.0
1981-12-16 12:00:00+01:00,BE_RES_APT_AS_IS_HP_V1,away,0.17500000000000004,-0.990875244140625,16.0,5.239535296426213,0.13673459576140595,9.308971513635539,24.000000000000004,164.9508786495088,27.521793275217934,17.60936874013865,234.0820406648654,196.4104430904,317.7509375689088,400.3048232545867,4971.33469305109,4971.33469305109,0.0,0.0,5.691028486364461,445.2054794520537,61.609243116092436,85.44347585443477,0.0,0.0,235.64411235644005,32.378580323785805,30.130067801300633,0.0,0.0,298.1527604815265,298.1527604815265,298.1527604815265,0.0,5523.70521450121,444.7831369495408,0.0,0.0,0.0,0.0,0.0,0.0,0.0,0.0,0.0,0.0,gas_boiler,gas_boiler,True,5,5371.639516305677,235.64411235644116,32.378580323785805,35.2187374802773,0.0,0.0,303.24143016050425,5968.488351450751,0.0,0.0,0.0,0.0,0.0
1981-12-17 12:00:00+01:00,BE_RES_APT_AS_IS_HP_V1,away,0.17500000000000004,5.677337646484375,16.0,9.308971513635539,6.66590731576282,12.369350446875615,24.000000000000004,164.9508786495088,27.521793275217934,17.60936874013865,234.0820406648654,196.4104430904,185.2133272247094,400.3048232545867,3091.255160700381,3091.255160700381,0.0,0.0,2.6306495531243854,445.2054794520537,61.609243116092436,85.44347585443477,0.0,0.0,235.64411235644005,32.378580323785805,30.130067801300633,0.0,0.0,298.1527604815265,298.1527604815265,298.1527604815265,0.0,3434.7279563337565,444.7831369495408,0.0,0.0,0.0,0.0,0.0,0.0,0.0,0.0,0.0,0.0,gas_boiler,gas_boiler,True,5,3491.5599839549677,235.64411235644116,32.378580323785805,35.2187374802773,0.0,0.0,303.24143016050425,3879.511093283297,0.0,0.0,0.0,0.0,0.0
1981-12-18 12:00:00+01:00,BE_RES_APT_AS_IS_HP_V1,away,0.17500000000000004,6.072235107421875,16.0,12.369350446875615,7.203413798281175,10.298185147326228,24.000000000000004,164.9508786495088,27.521793275217934,17.60936874013865,234.0820406648654,196.4104430904,321.1528823121408,400.3048232545867,1677.3600935434663,1677.3600935434663,0.0,0.0,4.701814852673772,445.2054794520537,61.609243116092436,85.44347585443477,0.0,0.0,235.64411235644005,32.378580323785805,30.130067801300633,0.0,0.0,298.1527604815265,298.1527604815265,298.1527604815265,0.0,1863.7334372705182,444.7831369495408,0.0,0.0,0.0,0.0,0.0,0.0,0.0,0.0,0.0,0.0,gas_boiler,gas_boiler,True,5,2077.664916798053,235.64411235644116,32.378580323785805,35.2187374802773,0.0,0.0,303.24143016050425,2308.516574220059,0.0,0.0,0.0,0.0,0.0
1981-12-19 12:00:00+01:00,BE_RES_APT_AS_IS_HP_V1,occupied_day,0.95,0.61712646484375,21.0,10.298185147326228,2.0241257512872624,10.876453216326562,132.25,164.9508786495088,27.521793275217934,17.60936874013865,342.3320406648654,196.4104430904,687.3551664562559,400.3048232545867,4944.238461935283,4944.238461935283,0.0,0.0,4.123546783673438,445.2054794520537,61.609243116092436,85.44347585443477,0.0,0.0,235.64411235644005,32.378580323785805,30.130067801300633,0.0,0.0,298.1527604815265,298.1527604815265,298.1527604815265,0.0,5493.598291039204,444.7831369495408,0.0,0.0,0.0,0.0,0.0,0.0,0.0,0.0,0.0,0.0,gas_boiler,gas_boiler,True,5,5344.54328518987,235.64411235644116,32.378580323785805,35.2187374802773,0.0,0.0,303.24143016050425,5938.381427988745,0.0,0.0,0.0,0.0,0.0
1981-12-20 12:00:00+01:00,BE_RES_APT_AS_IS_HP_V1,occupied_day,0.95,5.337738037109375,21.0,10.876453216326562,6.555435387894185,14.929431057827912,132.25,164.9508786495088,27.521793275217934,17.60936874013865,342.3320406648654,196.4104430904,393.2487777244203,400.3048232545867,4677.078614057129,4677.078614057129,0.0,0.0,0.07056894217208765,445.2054794520537,61.609243116092436,85.44347585443477,0.0,0.0,235.64411235644005,32.378580323785805,30.130067801300633,0.0,0.0,298.1527604815265,298.1527604815265,298.1527604815265,0.0,5196.7540156190325,444.7831369495408,0.0,0.0,0.0,0.0,0.0,0.0,0.0,0.0,0.0,0.0,gas_boiler,gas_boiler,True,5,5077.383437311716,235.64411235644116,32.378580323785805,35.2187374802773,0.0,0.0,303.24143016050425,5641.537152568573,0.0,0.0,0.0,0.0,0.0
1981-12-21 12:00:00+01:00,BE_RES_APT_AS_IS_HP_V1,away,0.17500000000000004,8.514007568359375,16.0,14.929431057827912,9.651516001028538,10.56407063923659,24.000000000000004,164.9508786495088,27.521793275217934,17.60936874013865,234.0820406648654,196.4104430904,327.18659796289546,400.3048232545867,494.60285128350455,494.60285128350455,0.0,0.0,4.43592936076341,445.2054794520537,61.609243116092436,85.44347585443477,0.0,0.0,235.64411235644005,32.378580323785805,30.130067801300633,0.0,0.0,298.1527604815265,298.1527604815265,298.1527604815265,0.0,549.5587236483384,444.7831369495408,0.0,0.0,0.0,0.0,0.0,0.0,0.0,0.0,0.0,0.0,gas_boiler,gas_boiler,True,5,894.9076745380912,235.64411235644116,32.378580323785805,35.2187374802773,0.0,0.0,303.24143016050425,994.3418605978792,0.0,0.0,0.0,0.0,0.0
1981-12-22 12:00:00+01:00,BE_RES_APT_AS_IS_HP_V1,away,0.17500000000000004,7.101348876953125,16.0,10.56407063923659,8.080881383430533,12.71447605980084,24.000000000000004,164.9508786495088,27.521793275217934,17.60936874013865,234.0820406648654,196.4104430904,176.59880987645673,400.3048232545867,2511.399364672696,2511.399364672696,0.0,0.0,2.2855239401991607,445.2054794520537,61.609243116092436,85.44347585443477,0.0,0.0,235.64411235644005,32.378580323785805,30.130067801300633,0.0,0.0,298.1527604815265,298.1527604815265,298.1527604815265,0.0,2790.4437385252177,444.7831369495408,0.0,0.0,0.0,0.0,0.0,0.0,0.0,0.0,0.0,0.0,gas_boiler,gas_boiler,True,5,2911.7041879272824,235.64411235644116,32.378580323785805,35.2187374802773,0.0,0.0,303.24143016050425,3235.2268754747583,0.0,0.0,0.0,0.0,0.0
1981-12-23 12:00:00+01:00,BE_RES_APT_AS_IS_HP_V1,away,0.17500000000000004,3.58929443359375,16.0,12.71447605980084,4.871780785117934,7.672366522725097,24.000000000000004,164.9508786495088,27.521793275217934,17.60936874013865,234.0820406648654,196.4104430904,465.38426293656164,400.3048232545867,1517.9120603720125,1517.9120603720125,0.0,0.0,7.327633477274903,445.2054794520537,61.609243116092436,85.44347585443477,0.0,0.0,235.64411235644005,32.378580323785805,30.130067801300633,0.0,0.0,298.1527604815265,298.1527604815265,298.1527604815265,0.0,1686.5689559689029,444.7831369495408,0.0,0.0,0.0,0.0,0.0,0.0,0.0,0.0,0.0,0.0,gas_boiler,gas_boiler,True,5,1918.2168836265992,235.64411235644116,32.378580323785805,35.2187374802773,0.0,0.0,303.24143016050425,2131.3520929184438,0.0,0.0,0.0,0.0,0.0
1981-12-24 12:00:00+01:00,BE_RES_APT_AS_IS_HP_V1,away,0.17500000000000004,2.827178955078125,16.0,7.672366522725097,3.880676371055192,10.979164152295434,24.000000000000004,164.9508786495088,27.521793275217934,17.60936874013865,234.0820406648654,196.4104430904,247.10456594999562,400.3048232545867,3847.3666665010055,3847.3666665010055,0.0,0.0,4.020835847704566,445.2054794520537,61.609243116092436,85.44347585443477,0.0,0.0,235.64411235644005,32.378580323785805,30.130067801300633,0.0,0.0,298.1527604815265,298.1527604815265,298.1527604815265,0.0,4274.851851667784,444.7831369495408,0.0,0.0,0.0,0.0,0.0,0.0,0.0,0.0,0.0,0.0,gas_boiler,gas_boiler,True,5,4247.671489755592,235.64411235644116,32.378580323785805,35.2187374802773,0.0,0.0,303.24143016050425,4719.634988617325,0.0,0.0,0.0,0.0,0.0
1981-12-25 12:00:00+01:00,BE_RES_APT_AS_IS_HP_V1,away,0.17500000000000004,1.14215087890625,16.0,10.979164152295434,2.4627217625458404,6.742490080135946,24.000000000000004,164.9508786495088,27.521793275217934,17.60936874013865,234.0820406648654,196.4104430904,501.68767694284844,400.3048232545867,2319.62616163951,2319.62616163951,0.0,0.0,8.257509919864054,445.2054794520537,61.609243116092436,85.44347585443477,0.0,0.0,235.64411235644005,32.378580323785805,30.130067801300633,0.0,0.0,298.1527604815265,298.1527604815265,298.1527604815265,0.0,2577.362401821678,444.7831369495408,0.0,0.0,0.0,0.0,0.0,0.0,0.0,0.0,0.0,0.0,gas_boiler,gas_boiler,True,5,2719.9309848940966,235.64411235644116,32.378580323785805,35.2187374802773,0.0,0.0,303.24143016050425,3022.1455387712185,0.0,0.0,0.0,0.0,0.0
1981-12-26 12:00:00+01:00,BE_RES_APT_AS_IS_HP_V1,occupied_day,0.95,-0.11175537109375,21.0,6.742490080135946,1.1660607087904893,12.959588104300384,132.25,164.9508786495088,27.521793275217934,17.60936874013865,342.3320406648654,196.4104430904,486.6514270373084,400.3048232545867,6586.969582977194,6586.969582977194,0.0,0.0,2.0404118956996165,445.2054794520537,61.609243116092436,85.44347585443477,0.0,0.0,235.64411235644005,32.378580323785805,30.130067801300633,0.0,0.0,298.1527604815265,298.1527604815265,298.1527604815265,0.0,7318.855092196882,444.7831369495408,0.0,0.0,0.0,0.0,0.0,0.0,0.0,0.0,0.0,0.0,gas_boiler,gas_boiler,True,5,6987.274406231781,235.64411235644116,32.378580323785805,35.2187374802773,0.0,0.0,303.24143016050425,7763.638229146422,0.0,0.0,0.0,0.0,0.0
1981-12-27 12:00:00+01:00,BE_RES_APT_AS_IS_HP_V1,occupied_day,0.95,-3.026397705078125,21.0,12.959588104300384,-1.3312680623839426,5.31960004123939,132.25,164.9508786495088,27.521793275217934,17.60936874013865,342.3320406648654,196.4104430904,1135.004992465874,400.3048232545867,3714.670295813223,3714.670295813223,0.0,0.0,9.68039995876061,445.2054794520537,61.609243116092436,85.44347585443477,0.0,0.0,235.64411235644005,32.378580323785805,30.130067801300633,0.0,0.0,298.1527604815265,298.1527604815265,298.1527604815265,0.0,4127.41143979247,444.7831369495408,0.0,0.0,0.0,0.0,0.0,0.0,0.0,0.0,0.0,0.0,gas_boiler,gas_boiler,True,5,4114.97511906781,235.64411235644116,32.378580323785805,35.2187374802773,0.0,0.0,303.24143016050425,4572.194576742011,0.0,0.0,0.0,0.0,0.0
1981-12-28 12:00:00+01:00,BE_RES_APT_AS_IS_HP_V1,away,0.17500000000000004,-6.4854736328125,16.0,5.31960004123939,-5.0596072627600615,4.044382341598729,24.000000000000004,164.9508786495088,27.521793275217934,17.60936874013865,234.0820406648654,196.4104430904,602.0587573766464,400.3048232545867,4934.344780947403,4934.344780947403,0.0,0.0,10.955617658401271,445.2054794520537,61.609243116092436,85.44347585443477,0.0,0.0,235.64411235644005,32.378580323785805,30.130067801300633,0.0,0.0,298.1527604815265,298.1527604815265,298.1527604815265,0.0,5482.605312163781,444.7831369495408,0.0,0.0,0.0,0.0,0.0,0.0,0.0,0.0,0.0,0.0,gas_boiler,gas_boiler,True,5,5334.64960420199,235.64411235644116,32.378580323785805,35.2187374802773,0.0,0.0,303.24143016050425,5927.388449113321,0.0,0.0,0.0,0.0,0.0
1981-12-29 12:00:00+01:00,BE_RES_APT_AS_IS_HP_V1,away,0.17500000000000004,-7.553558349609375,16.0,4.044382341598729,-6.13877404196383,4.052213121067858,24.000000000000004,164.9508786495088,27.521793275217934,17.60936874013865,234.0820406648654,196.4104430904,591.4949752516134,400.3048232545867,5523.495358181388,5523.495358181388,0.0,0.0,10.947786878932142,445.2054794520537,61.609243116092436,85.44347585443477,0.0,0.0,235.64411235644005,32.378580323785805,30.130067801300633,0.0,0.0,298.1527604815265,298.1527604815265,298.1527604815265,0.0,6137.217064645986,444.7831369495408,0.0,0.0,0.0,0.0,0.0,0.0,0.0,0.0,0.0,0.0,gas_boiler,gas_boiler,True,5,5923.800181435975,235.64411235644116,32.378580323785805,35.2187374802773,0.0,0.0,303.24143016050425,6582.000201595527,0.0,0.0,0.0,0.0,0.0
1981-12-30 12:00:00+01:00,BE_RES_APT_AS_IS_HP_V1,away,0.17500000000000004,-8.36920166015625,16.0,4.052213121067858,-6.910359708330977,3.2739524860519493,24.000000000000004,164.9508786495088,27.521793275217934,17.60936874013865,234.0820406648654,196.4104430904,633.4921538424296,400.3048232545867,5519.87753806665,5519.87753806665,0.0,0.0,11.72604751394805,445.2054794520537,61.609243116092436,85.44347585443477,0.0,0.0,235.64411235644005,32.378580323785805,30.130067801300633,0.0,0.0,298.1527604815265,298.1527604815265,298.1527604815265,0.0,6133.197264518501,444.7831369495408,0.0,0.0,0.0,0.0,0.0,0.0,0.0,0.0,0.0,0.0,gas_boiler,gas_boiler,True,5,5920.182361321237,235.64411235644116,32.378580323785805,35.2187374802773,0.0,0.0,303.24143016050425,6577.980401468041,0.0,0.0,0.0,0.0,0.0
1981-12-31 12:00:00+01:00,BE_RES_APT_AS_IS_HP_V1,away,0.17500000000000004,-3.51806640625,16.0,3.2739524860519493,-2.3604093053240933,8.48729346975097,24.000000000000004,164.9508786495088,27.521793275217934,17.60936874013865,234.0820406648654,196.4104430904,346.3929635073995,400.3048232545867,5879.433951444,5879.433951444,0.0,0.0,6.51270653024903,445.2054794520537,61.609243116092436,85.44347585443477,0.0,0.0,235.64411235644005,32.378580323785805,30.130067801300633,0.0,0.0,298.1527604815265,298.1527604815265,298.1527604815265,0.0,6532.7043904933325,444.7831369495408,0.0,0.0,0.0,0.0,0.0,0.0,0.0,0.0,0.0,0.0,gas_boiler,gas_boiler,True,5,6279.738774698587,235.64411235644116,32.378580323785805,35.2187374802773,0.0,0.0,303.24143016050425,6977.487527442873,0.0,0.0,0.0,0.0,0.0
