Latitude (decimal degrees):	50.847
Longitude (decimal degrees):	4.352
Elevation (m):	34
Radiation database:	PVGIS-SARAH3


Slope: 90 deg. 
Azimuth: 0 deg. 
time,Gb(i),Gd(i),Gr(i),H_sun,T2m,WS10m,Int
20230101:0010,0.0,0.0,0.0,0.0,15.4,9.31,0.0
20230101:0110,0.0,0.0,0.0,0.0,15.23,9.52,0.0
20230101:0210,0.0,0.0,0.0,0.0,14.88,9.1,0.0
20230101:0310,0.0,0.0,0.0,0.0,14.69,8.9,0.0
20230101:0410,0.0,0.0,0.0,0.0,14.53,8.48,0.0
20230101:0510,0.0,0.0,0.0,0.0,14.27,7.86,0.0
20230101:0610,0.0,0.0,0.0,0.0,13.78,7.17,0.0
20230101:0710,0.0,0.0,0.0,0.0,12.37,6.76,0.0
20230101:0810,0.0,4.27,1.2,2.32,12.4,6.76,0.0
20230101:0910,123.14,65.2,8.4,8.63,12.6,6.69,0.0
20230101:1010,70.81,69.1,11.5,13.23,12.89,6.48,0.0
20230101:1110,308.91,140.58,19.8,15.74,13.31,6.41,0.0
20230101:1210,219.4,125.64,18.3,15.94,13.65,6.62,0.0
20230101:1310,49.7,63.59,11.2,13.8,13.59,5.72,0.0
20230101:1410,9.93,29.17,5.6,9.53,13.2,4.9,0.0
20230101:1510,0.0,2.49,0.5,3.48,12.6,4.34,0.0
20230101:1610,0.0,0.0,0.0,0.0,11.73,3.86,0.0
20230101:1710,0.0,0.0,0.0,0.0,11.45,3.45,0.0
20230101:1810,0.0,0.0,0.0,0.0,11.26,3.59,0.0
20230101:1910,0.0,0.0,0.0,0.0,10.92,4.07,0.0
20230101:2010,0.0,0.0,0.0,0.0,11.4,5.1,0.0
20230101:2110,0.0,0.0,0.0,0.0,12.25,6.34,0.0
20230101:2210,0.0,0.0,0.0,0.0,12.67,6.55,0.0
20230101:2310,0.0,0.0,0.0,0.0,12.81,6.41,0.0
20230102:0010,0.0,0.0,0.0,0.0,12.94,6.55,0.0
20230102:0110,0.0,0.0,0.0,0.0,12.85,6.48,0.0
20230102:0210,0.0,0.0,0.0,0.0,12.71,6.21,0.0
20230102:0310,0.0,0.0,0.0,0.0,12.57,6.14,0.0
20230102:0410,0.0,0.0,0.0,0.0,12.12,5.86,0.0
20230102:0510,0.0,0.0,0.0,0.0,12.0,5.66,0.0
20230102:0610,0.0,0.0,0.0,0.0,11.52,5.03,0.0
20230102:0710,0.0,0.0,0.0,0.0,10.17,4.62,0.0
20230102:0810,0.0,3.92,1.1,2.34,9.49,4.0,0.0
20230102:0910,0.0,6.48,1.3,8.67,9.16,3.38,0.0
20230102:1010,0.0,20.44,4.1,13.28,9.23,3.1,0.0
20230102:1110,3.49,42.11,8.4,15.81,9.6,3.66,0.0
20230102:1210,3.46,45.64,9.1,16.03,9.35,4.69,0.0
20230102:1310,3.79,36.68,7.3,13.91,9.8,4.41,0.0
20230102:1410,0.0,5.98,1.2,9.65,9.55,4.97,0.0
20230102:1510,77.2,20.83,2.7,3.61,9.24,4.76,0.0
20230102:1610,0.0,0.0,0.0,0.0,8.74,4.21,0.0
20230102:1710,0.0,0.0,0.0,0.0,7.9,3.86,0.0
20230102:1810,0.0,0.0,0.0,0.0,7.39,3.72,0.0
20230102:1910,0.0,0.0,0.0,0.0,6.81,3.66,0.0
20230102:2010,0.0,0.0,0.0,0.0,6.69,3.45,0.0
20230102:2110,0.0,0.0,0.0,0.0,6.18,3.24,0.0
20230102:2210,0.0,0.0,0.0,0.0,6.02,3.1,0.0
20230102:2310,0.0,0.0,0.0,0.0,5.71,2.9,0.0
20230103:0010,0.0,0.0,0.0,0.0,5.31,2.55,0.0
20230103:0110,0.0,0.0,0.0,0.0,4.99,2.41,0.0
20230103:0210,0.0,0.0,0.0,0.0,4.4,2.55,0.0
20230103:0310,0.0,0.0,0.0,0.0,4.4,2.9,0.0
20230103:0410,0.0,0.0,0.0,0.0,4.66,3.38,0.0
20230103:0510,0.0,0.0,0.0,0.0,4.99,3.79,0.0
20230103:0610,0.0,0.0,0.0,0.0,5.19,4.07,0.0
20230103:0710,0.0,0.0,0.0,0.0,5.32,3.93,0.0
20230103:0810,0.0,1.42,0.4,2.37,5.45,4.0,0.0
20230103:0910,0.0,5.98,1.2,8.71,6.1,4.21,0.0
20230103:1010,0.0,22.93,4.6,13.34,6.95,5.45,0.0
20230103:1110,13.89,54.41,10.6,15.9,7.58,5.86,0.0
20230103:1210,409.33,154.62,22.2,16.13,8.08,5.72,0.0
20230103:1310,52.69,66.16,11.6,14.03,8.72,5.66,0.0
20230103:1410,159.93,80.58,10.3,9.78,9.16,5.1,0.0
20230103:1510,53.24,17.46,2.5,3.74,9.16,4.9,0.0
20230103:1610,0.0,0.0,0.0,0.0,8.72,5.17,0.0
20230103:1710,0.0,0.0,0.0,0.0,8.64,5.66,0.0
20230103:1810,0.0,0.0,0.0,0.0,8.73,5.93,0.0
20230103:1910,0.0,0.0,0.0,0.0,8.26,6.62,0.0
20230103:2010,0.0,0.0,0.0,0.0,8.61,7.24,0.0
20230103:2110,0.0,0.0,0.0,0.0,8.92,7.72,0.0
20230103:2210,0.0,0.0,0.0,0.0,9.21,8.07,0.0
20230103:2310,0.0,0.0,0.0,0.0,9.24,8.34,0.0
20230104:0010,0.0,0.0,0.0,0.0,9.09,8.48,0.0
20230104:0110,0.0,0.0,0.0,0.0,9.06,8.55,0.0
20230104:0210,0.0,0.0,0.0,0.0,9.3,8.41,0.0
20230104:0310,0.0,0.0,0.0,0.0,9.61,8.28,0.0
20230104:0410,0.0,0.0,0.0,0.0,9.82,8.14,0.0
20230104:0510,0.0,0.0,0.0,0.0,10.13,7.93,0.0
20230104:0610,0.0,0.0,0.0,0.0,10.43,7.66,0.0
20230104:0710,0.0,0.0,0.0,0.0,11.25,7.93,0.0
20230104:0810,0.0,2.14,0.6,2.4,11.47,8.14,0.0
20230104:0910,0.0,11.96,2.4,8.76,11.7,8.34,0.0
20230104:1010,0.0,28.91,5.8,13.42,11.95,8.48,0.0
20230104:1110,0.0,28.41,5.7,15.99,12.15,8.34,0.0
20230104:1210,0.0,21.44,4.3,16.24,12.3,8.0,0.0
20230104:1310,0.0,20.94,4.2,14.15,12.28,7.45,0.0
20230104:1410,9.57,30.08,5.8,9.91,12.28,7.86,0.0
20230104:1510,10.28,9.13,1.7,3.88,12.1,8.28,0.0
20230104:1610,0.0,0.0,0.0,0.0,11.82,7.79,0.0
20230104:1710,0.0,0.0,0.0,0.0,11.49,7.38,0.0
20230104:1810,0.0,0.0,0.0,0.0,11.1,7.17,0.0
20230104:1910,0.0,0.0,0.0,0.0,11.22,7.31,0.0
20230104:2010,0.0,0.0,0.0,0.0,11.33,6.9,0.0
20230104:2110,0.0,0.0,0.0,0.0,11.31,6.62,0.0
20230104:2210,0.0,0.0,0.0,0.0,11.17,6.28,0.0
20230104:2310,0.0,0.0,0.0,0.0,11.09,6.28,0.0
20230105:0010,0.0,0.0,0.0,0.0,10.89,6.28,0.0
20230105:0110,0.0,0.0,0.0,0.0,10.62,6.28,0.0
20230105:0210,0.0,0.0,0.0,0.0,10.59,6.14,0.0
20230105:0310,0.0,0.0,0.0,0.0,10.51,5.93,0.0
20230105:0410,0.0,0.0,0.0,0.0,10.34,5.66,0.0
20230105:0510,0.0,0.0,0.0,0.0,10.08,5.31,0.0
20230105:0610,0.0,0.0,0.0,0.0,9.95,4.97,0.0
20230105:0710,0.0,0.0,0.0,0.0,10.14,5.03,0.0
20230105:0810,0.0,3.56,1.0,2.44,9.99,4.62,0.0
20230105:0910,20.8,32.01,5.8,8.82,10.08,4.28,0.0
20230105:1010,176.59,104.04,14.8,13.49,10.37,3.66,0.0
20230105:1110,373.52,150.27,21.5,16.08,10.75,3.59,0.0
20230105:1210,50.87,75.37,13.6,16.35,11.37,4.14,0.0
20230105:1310,0.0,27.92,5.6,14.28,11.72,3.45,0.0
20230105:1410,0.0,13.96,2.8,10.05,11.88,3.52,0.0
20230105:1510,0.0,6.48,1.3,4.02,11.64,3.79,0.0
20230105:1610,0.0,0.0,0.0,0.0,11.35,4.41,0.0
20230105:1710,0.0,0.0,0.0,0.0,11.17,4.69,0.0
20230105:1810,0.0,0.0,0.0,0.0,10.84,4.41,0.0
20230105:1910,0.0,0.0,0.0,0.0,10.85,4.07,0.0
20230105:2010,0.0,0.0,0.0,0.0,10.77,4.41,0.0
20230105:2110,0.0,0.0,0.0,0.0,10.5,4.48,0.0
20230105:2210,0.0,0.0,0.0,0.0,10.38,4.62,0.0
20230105:2310,0.0,0.0,0.0,0.0,10.23,4.83,0.0
20230106:0010,0.0,0.0,0.0,0.0,10.19,5.1,0.0
20230106:0110,0.0,0.0,0.0,0.0,10.14,5.38,0.0
20230106:0210,0.0,0.0,0.0,0.0,9.92,5.52,0.0
20230106:0310,0.0,0.0,0.0,0.0,9.62,5.66,0.0
20230106:0410,0.0,0.0,0.0,0.0,9.53,6.0,0.0
20230106:0510,0.0,0.0,0.0,0.0,9.33,6.07,0.0
20230106:0610,0.0,0.0,0.0,0.0,9.34,6.14,0.0
20230106:0710,0.0,0.0,0.0,0.0,10.13,6.28,0.0
20230106:0810,0.0,4.63,1.3,2.49,10.26,6.07,0.0
20230106:0910,0.0,19.44,3.9,8.89,10.22,5.52,0.0
20230106:1010,0.0,30.41,6.1,13.58,10.36,5.17,0.0
20230106:1110,0.0,29.41,5.9,16.19,10.54,4.9,0.0
20230106:1210,10.1,52.82,10.4,16.48,10.74,5.79,0.0
20230106:1310,0.0,17.45,3.5,14.41,10.99,5.24,0.0
20230106:1410,0.0,5.98,1.2,10.19,11.06,5.1,0.0
20230106:1510,0.0,6.98,1.4,4.17,11.04,4.69,0.0
20230106:1610,0.0,0.0,0.0,0.0,10.71,4.41,0.0
20230106:1710,0.0,0.0,0.0,0.0,10.86,4.55,0.0
20230106:1810,0.0,0.0,0.0,0.0,10.78,4.69,0.0
20230106:1910,0.0,0.0,0.0,0.0,10.36,4.83,0.0
20230106:2010,0.0,0.0,0.0,0.0,10.23,4.97,0.0
20230106:2110,0.0,0.0,0.0,0.0,10.37,5.17,0.0
20230106:2210,0.0,0.0,0.0,0.0,10.42,5.24,0.0
20230106:2310,0.0,0.0,0.0,0.0,10.25,5.17,0.0
20230107:0010,0.0,0.0,0.0,0.0,10.01,5.1,0.0
20230107:0110,0.0,0.0,0.0,0.0,9.94,5.03,0.0
20230107:0210,0.0,0.0,0.0,0.0,9.71,5.03,0.0
20230107:0310,0.0,0.0,0.0,0.0,9.39,5.17,0.0
20230107:0410,0.0,0.0,0.0,0.0,8.99,5.31,0.0
20230107:0510,0.0,0.0,0.0,0.0,8.78,5.31,0.0
20230107:0610,0.0,0.0,0.0,0.0,8.45,5.1,0.0
20230107:0710,0.0,0.0,0.0,0.0,8.9,5.03,0.0
20230107:0810,0.0,2.85,0.8,2.55,8.5,5.24,0.0
20230107:0910,142.77,72.61,9.2,8.96,8.55,5.59,0.0
20230107:1010,514.02,130.13,20.2,13.67,9.33,5.72,0.0
20230107:1110,442.32,153.66,22.9,16.3,9.95,5.59,0.0
20230107:1210,524.1,152.75,24.5,16.61,10.5,6.21,0.0
20230107:1310,192.28,113.76,16.4,14.55,10.86,6.28,0.0
20230107:1410,0.0,19.44,3.9,10.34,10.88,6.97,0.0
20230107:1510,0.0,1.99,0.4,4.33,10.62,6.83,0.0
20230107:1610,0.0,0.0,0.0,0.0,10.73,6.83,0.0
20230107:1710,0.0,0.0,0.0,0.0,10.91,6.83,0.0
20230107:1810,0.0,0.0,0.0,0.0,10.92,6.97,0.0
20230107:1910,0.0,0.0,0.0,0.0,10.04,7.1,0.0
20230107:2010,0.0,0.0,0.0,0.0,10.18,7.38,0.0
20230107:2110,0.0,0.0,0.0,0.0,10.28,7.31,0.0
20230107:2210,0.0,0.0,0.0,0.0,10.26,7.03,0.0
20230107:2310,0.0,0.0,0.0,0.0,10.19,6.62,0.0
20230108:0010,0.0,0.0,0.0,0.0,9.68,6.07,0.0
20230108:0110,0.0,0.0,0.0,0.0,9.37,5.79,0.0
20230108:0210,0.0,0.0,0.0,0.0,9.05,5.38,0.0
20230108:0310,0.0,0.0,0.0,0.0,8.85,5.31,0.0
20230108:0410,0.0,0.0,0.0,0.0,8.57,5.38,0.0
20230108:0510,0.0,0.0,0.0,0.0,8.37,5.59,0.0
20230108:0610,0.0,0.0,0.0,0.0,7.89,5.72,0.0
20230108:0710,0.0,0.0,0.0,0.0,7.62,5.03,0.0
20230108:0810,0.0,3.92,1.1,2.61,7.49,5.38,0.0
20230108:0910,373.22,100.24,12.1,9.04,7.84,5.38,0.0
20230108:1010,543.35,128.56,20.8,13.77,8.43,5.72,0.0
20230108:1110,184.22,121.07,18.3,16.42,8.92,6.07,0.0
20230108:1210,52.96,78.12,14.1,16.74,9.39,6.34,0.0
20230108:1310,39.5,63.61,11.6,14.7,9.62,6.48,0.0
20230108:1410,298.26,105.7,13.1,10.5,9.83,6.34,0.0
20230108:1510,26.69,17.17,2.8,4.49,9.54,5.79,0.0
20230108:1610,0.0,0.0,0.0,0.0,9.12,6.0,0.0
20230108:1710,0.0,0.0,0.0,0.0,8.94,6.07,0.0
20230108:1810,0.0,0.0,0.0,0.0,8.76,5.93,0.0
20230108:1910,0.0,0.0,0.0,0.0,8.46,5.66,0.0
20230108:2010,0.0,0.0,0.0,0.0,8.5,5.72,0.0
20230108:2110,0.0,0.0,0.0,0.0,8.26,6.14,0.0
20230108:2210,0.0,0.0,0.0,0.0,7.9,5.93,0.0
20230108:2310,0.0,0.0,0.0,0.0,7.3,5.03,0.0
20230109:0010,0.0,0.0,0.0,0.0,6.67,4.97,0.0
20230109:0110,0.0,0.0,0.0,0.0,6.18,5.1,0.0
20230109:0210,0.0,0.0,0.0,0.0,5.77,5.45,0.0
20230109:0310,0.0,0.0,0.0,0.0,6.05,6.21,0.0
20230109:0410,0.0,0.0,0.0,0.0,6.45,6.83,0.0
20230109:0510,0.0,0.0,0.0,0.0,6.76,7.24,0.0
20230109:0610,0.0,0.0,0.0,0.0,6.94,7.38,0.0
20230109:0710,0.0,0.0,0.0,0.0,7.0,6.97,0.0
20230109:0810,0.0,1.07,0.3,2.68,6.92,6.83,0.0
20230109:0910,0.0,21.93,4.4,9.13,6.89,6.14,0.0
20230109:1010,51.99,66.75,11.7,13.88,6.96,5.72,0.0
20230109:1110,89.67,92.95,15.7,16.55,7.4,6.34,0.0
20230109:1210,82.01,90.74,15.6,16.89,7.85,5.86,0.0
20230109:1310,3.55,42.17,8.4,14.86,8.05,5.66,0.0
20230109:1410,382.72,111.2,14.4,10.66,7.53,5.03,0.0
20230109:1510,17.16,14.87,2.6,4.65,7.02,5.03,0.0
20230109:1610,0.0,0.0,0.0,0.0,6.46,4.69,0.0
20230109:1710,0.0,0.0,0.0,0.0,5.92,4.76,0.0
20230109:1810,0.0,0.0,0.0,0.0,5.86,4.83,0.0
20230109:1910,0.0,0.0,0.0,0.0,5.81,4.55,0.0
20230109:2010,0.0,0.0,0.0,0.0,5.53,4.41,0.0
20230109:2110,0.0,0.0,0.0,0.0,5.17,3.86,0.0
20230109:2210,0.0,0.0,0.0,0.0,4.73,3.93,0.0
20230109:2310,0.0,0.0,0.0,0.0,4.6,4.41,0.0
20230110:0010,0.0,0.0,0.0,0.0,4.44,4.41,0.0
20230110:0110,0.0,0.0,0.0,0.0,4.19,4.28,0.0
20230110:0210,0.0,0.0,0.0,0.0,3.92,4.14,0.0
20230110:0310,0.0,0.0,0.0,0.0,3.6,3.86,0.0
20230110:0410,0.0,0.0,0.0,0.0,3.29,3.72,0.0
20230110:0510,0.0,0.0,0.0,0.0,3.17,3.86,0.0
20230110:0610,0.0,0.0,0.0,0.0,3.1,4.0,0.0
20230110:0710,0.0,0.0,0.0,0.0,3.02,4.14,0.0
20230110:0810,0.0,2.14,0.6,2.76,2.97,4.14,0.0
20230110:0910,44.31,42.81,7.1,9.23,3.83,4.41,0.0
20230110:1010,136.09,95.72,14.5,13.99,4.97,4.48,0.0
20230110:1110,19.75,60.59,11.7,16.68,5.86,4.76,0.0
20230110:1210,0.0,41.87,8.4,17.04,6.5,5.24,0.0
20230110:1310,0.0,29.91,6.0,15.02,6.75,6.21,0.0
20230110:1410,13.14,35.55,6.8,10.83,6.68,7.31,0.0
20230110:1510,8.27,13.37,2.5,4.82,6.84,7.86,0.0
20230110:1610,0.0,0.0,0.0,0.0,7.04,8.07,0.0
20230110:1710,0.0,0.0,0.0,0.0,7.34,7.86,0.0
20230110:1810,0.0,0.0,0.0,0.0,7.81,7.52,0.0
20230110:1910,0.0,0.0,0.0,0.0,8.67,7.24,0.0
20230110:2010,0.0,0.0,0.0,0.0,9.56,7.31,0.0
20230110:2110,0.0,0.0,0.0,0.0,10.13,7.45,0.0
20230110:2210,0.0,0.0,0.0,0.0,10.53,7.52,0.0
20230110:2310,0.0,0.0,0.0,0.0,10.9,7.45,0.0
20230111:0010,0.0,0.0,0.0,0.0,11.24,7.52,0.0
20230111:0110,0.0,0.0,0.0,0.0,11.53,7.59,0.0
20230111:0210,0.0,0.0,0.0,0.0,11.5,7.38,0.0
20230111:0310,0.0,0.0,0.0,0.0,11.31,6.83,0.0
20230111:0410,0.0,0.0,0.0,0.0,11.15,6.41,0.0
20230111:0510,0.0,0.0,0.0,0.0,10.78,6.21,0.0
20230111:0610,0.0,0.0,0.0,0.0,10.09,5.1,0.0
20230111:0710,0.0,0.0,0.0,0.0,9.72,4.55,0.0
20230111:0810,0.0,4.98,1.4,2.84,9.0,4.41,0.0
20230111:0910,417.87,99.73,13.0,9.33,8.59,4.55,0.0
20230111:1010,527.98,127.45,21.0,14.12,8.96,4.69,0.0
20230111:1110,531.63,149.23,24.9,16.82,9.58,5.45,0.0
20230111:1210,103.01,98.88,16.6,17.2,9.96,6.55,0.0
20230111:1310,288.37,133.96,19.0,15.19,9.67,6.14,0.0
20230111:1410,288.81,107.79,13.7,11.01,9.71,6.76,0.0
20230111:1510,207.45,50.95,5.2,5.0,9.22,6.62,0.0
20230111:1610,0.0,0.0,0.0,0.0,8.71,6.34,0.0
20230111:1710,0.0,0.0,0.0,0.0,8.29,6.62,0.0
20230111:1810,0.0,0.0,0.0,0.0,8.2,7.1,0.0
20230111:1910,0.0,0.0,0.0,0.0,8.39,7.52,0.0
20230111:2010,0.0,0.0,0.0,0.0,8.36,8.14,0.0
20230111:2110,0.0,0.0,0.0,0.0,8.05,8.55,0.0
20230111:2210,0.0,0.0,0.0,0.0,7.97,8.28,0.0
20230111:2310,0.0,0.0,0.0,0.0,8.1,7.93,0.0
20230112:0010,0.0,0.0,0.0,0.0,8.22,7.66,0.0
20230112:0110,0.0,0.0,0.0,0.0,8.18,7.52,0.0
20230112:0210,0.0,0.0,0.0,0.0,8.31,7.93,0.0
20230112:0310,0.0,0.0,0.0,0.0,8.48,8.69,0.0
20230112:0410,0.0,0.0,0.0,0.0,8.65,9.31,0.0
20230112:0510,0.0,0.0,0.0,0.0,8.68,10.0,0.0
20230112:0610,0.0,0.0,0.0,0.0,8.85,9.79,0.0
20230112:0710,0.0,0.0,0.0,0.0,9.44,9.66,0.0
20230112:0810,0.0,1.07,0.3,2.93,9.74,9.17,0.0
20230112:0910,0.0,19.94,4.0,9.44,9.93,8.97,0.0
20230112:1010,0.0,34.4,6.9,14.25,10.04,8.69,0.0
20230112:1110,0.0,33.4,6.7,16.97,10.13,8.55,0.0
20230112:1210,0.0,27.92,5.6,17.36,10.23,8.55,0.0
20230112:1310,10.3,49.38,9.7,15.37,10.29,8.55,0.0
20230112:1410,12.72,36.99,7.1,11.19,10.24,8.41,0.0
20230112:1510,0.0,9.47,1.9,5.18,10.23,8.41,0.0
20230112:1610,0.0,0.0,0.0,0.0,10.17,8.28,0.0
20230112:1710,0.0,0.0,0.0,0.0,10.09,8.21,0.0
20230112:1810,0.0,0.0,0.0,0.0,10.04,8.07,0.0
20230112:1910,0.0,0.0,0.0,0.0,10.2,7.86,0.0
20230112:2010,0.0,0.0,0.0,0.0,10.19,7.86,0.0
20230112:2110,0.0,0.0,0.0,0.0,10.14,7.86,0.0
20230112:2210,0.0,0.0,0.0,0.0,10.14,7.52,0.0
20230112:2310,0.0,0.0,0.0,0.0,9.63,7.03,0.0
20230113:0010,0.0,0.0,0.0,0.0,9.02,6.41,0.0
20230113:0110,0.0,0.0,0.0,0.0,8.34,6.34,0.0
20230113:0210,0.0,0.0,0.0,0.0,8.02,6.55,0.0
20230113:0310,0.0,0.0,0.0,0.0,7.87,6.83,0.0
20230113:0410,0.0,0.0,0.0,0.0,7.76,7.17,0.0
20230113:0510,0.0,0.0,0.0,0.0,7.71,7.24,0.0
20230113:0610,0.0,0.0,0.0,0.0,7.51,7.52,0.0
20230113:0710,0.0,0.0,0.0,0.0,7.21,7.1,0.0
20230113:0810,0.0,6.05,1.7,3.03,6.92,7.38,0.0
20230113:0910,170.05,82.16,10.4,9.55,7.23,7.59,0.0
20230113:1010,0.0,36.39,7.3,14.38,7.93,7.72,0.0
20230113:1110,0.0,40.38,8.1,17.13,8.55,6.55,0.0
20230113:1210,0.0,25.42,5.1,17.53,8.48,6.69,0.0
20230113:1310,0.0,22.93,4.6,15.55,9.15,5.93,0.0
20230113:1410,54.21,56.48,9.5,11.37,9.35,7.17,0.0
20230113:1510,14.85,17.5,3.1,5.37,9.07,6.55,0.0
20230113:1610,0.0,0.0,0.0,0.0,8.44,6.21,0.0
20230113:1710,0.0,0.0,0.0,0.0,7.97,6.14,0.0
20230113:1810,0.0,0.0,0.0,0.0,7.7,6.07,0.0
20230113:1910,0.0,0.0,0.0,0.0,7.47,6.0,0.0
20230113:2010,0.0,0.0,0.0,0.0,7.28,5.79,0.0
20230113:2110,0.0,0.0,0.0,0.0,6.88,5.38,0.0
20230113:2210,0.0,0.0,0.0,0.0,6.46,4.83,0.0
20230113:2310,0.0,0.0,0.0,0.0,6.01,4.69,0.0
20230114:0010,0.0,0.0,0.0,0.0,5.72,4.69,0.0
20230114:0110,0.0,0.0,0.0,0.0,5.69,5.03,0.0
20230114:0210,0.0,0.0,0.0,0.0,6.31,5.03,0.0
20230114:0310,0.0,0.0,0.0,0.0,6.95,4.9,0.0
20230114:0410,0.0,0.0,0.0,0.0,7.07,4.76,0.0
20230114:0510,0.0,0.0,0.0,0.0,6.85,5.1,0.0
20230114:0610,0.0,0.0,0.0,0.0,6.6,5.38,0.0
20230114:0710,0.0,0.0,0.0,0.0,7.54,6.9,0.0
20230114:0810,0.0,3.99,0.8,3.14,8.5,8.0,0.0
20230114:0910,0.0,11.47,2.3,9.68,8.88,8.76,0.0
20230114:1010,0.0,18.44,3.7,14.53,9.06,9.38,0.0
20230114:1110,0.0,25.42,5.1,17.29,9.43,9.93,0.0
20230114:1210,0.0,36.39,7.3,17.71,9.88,9.72,0.0
20230114:1310,0.0,25.92,5.2,15.74,10.32,9.72,0.0
20230114:1410,4.1,30.25,6.0,11.57,10.67,9.59,0.0
20230114:1510,0.0,9.97,2.0,5.57,11.01,9.24,0.0
20230114:1610,0.0,0.0,0.0,0.0,11.31,8.76,0.0
20230114:1710,0.0,0.0,0.0,0.0,11.39,8.28,0.0
20230114:1810,0.0,0.0,0.0,0.0,11.27,7.86,0.0
20230114:1910,0.0,0.0,0.0,0.0,10.79,6.76,0.0
20230114:2010,0.0,0.0,0.0,0.0,10.0,5.86,0.0
20230114:2110,0.0,0.0,0.0,0.0,9.09,5.59,0.0
20230114:2210,0.0,0.0,0.0,0.0,8.21,5.66,0.0
20230114:2310,0.0,0.0,0.0,0.0,7.6,5.52,0.0
20230115:0010,0.0,0.0,0.0,0.0,6.96,5.45,0.0
20230115:0110,0.0,0.0,0.0,0.0,6.56,5.38,0.0
20230115:0210,0.0,0.0,0.0,0.0,6.29,5.38,0.0
20230115:0310,0.0,0.0,0.0,0.0,6.12,5.72,0.0
20230115:0410,0.0,0.0,0.0,0.0,5.7,6.0,0.0
20230115:0510,0.0,0.0,0.0,0.0,5.38,6.41,0.0
20230115:0610,0.0,0.0,0.0,0.0,5.12,6.76,0.0
20230115:0710,0.0,0.0,0.0,0.0,5.38,6.97,0.0
20230115:0810,180.96,28.26,3.2,3.25,5.34,7.1,0.0
20230115:0910,238.2,95.2,11.7,9.81,5.29,7.72,0.0
20230115:1010,55.71,70.86,12.5,14.68,5.6,7.03,0.0
20230115:1110,184.75,127.03,19.7,17.46,6.38,10.28,0.0
20230115:1210,0.0,22.43,4.5,17.89,6.93,10.28,0.0
20230115:1310,314.33,142.14,20.6,15.93,6.94,8.69,0.0
20230115:1410,153.09,88.48,12.5,11.77,6.78,8.14,0.0
20230115:1510,55.32,32.69,4.5,5.76,6.61,7.72,0.0
20230115:1610,0.0,0.0,0.0,0.0,6.13,7.24,0.0
20230115:1710,0.0,0.0,0.0,0.0,5.77,6.69,0.0
20230115:1810,0.0,0.0,0.0,0.0,5.24,6.28,0.0
20230115:1910,0.0,0.0,0.0,0.0,5.45,6.28,0.0
20230115:2010,0.0,0.0,0.0,0.0,5.31,6.41,0.0
20230115:2110,0.0,0.0,0.0,0.0,5.11,6.34,0.0
20230115:2210,0.0,0.0,0.0,0.0,4.8,5.93,0.0
20230115:2310,0.0,0.0,0.0,0.0,4.73,5.52,0.0
20230116:0010,0.0,0.0,0.0,0.0,4.4,4.9,0.0
20230116:0110,0.0,0.0,0.0,0.0,4.28,4.76,0.0
20230116:0210,0.0,0.0,0.0,0.0,4.37,4.97,0.0
20230116:0310,0.0,0.0,0.0,0.0,4.45,5.17,0.0
20230116:0410,0.0,0.0,0.0,0.0,4.36,5.72,0.0
20230116:0510,0.0,0.0,0.0,0.0,4.19,6.83,0.0
20230116:0610,0.0,0.0,0.0,0.0,3.88,7.52,0.0
20230116:0710,0.0,0.0,0.0,0.0,3.89,8.21,0.0
20230116:0810,0.0,5.98,1.2,3.36,4.07,7.31,0.0
20230116:0910,0.0,5.98,1.2,9.94,4.5,6.28,0.0
20230116:1010,0.0,34.4,6.9,14.83,5.18,5.24,0.0
20230116:1110,0.0,14.46,2.9,17.64,5.54,4.48,0.0
20230116:1210,0.0,45.86,9.2,18.09,5.16,3.45,0.0
20230116:1310,42.46,70.63,13.0,16.13,5.02,2.9,0.0
20230116:1410,15.83,41.9,8.0,11.97,5.18,2.97,0.0
20230116:1510,0.0,7.48,1.5,5.97,4.91,4.83,0.0
20230116:1610,0.0,0.0,0.0,0.0,4.12,6.62,0.0
20230116:1710,0.0,0.0,0.0,0.0,3.6,7.31,0.0
20230116:1810,0.0,0.0,0.0,0.0,3.59,6.9,0.0
20230116:1910,0.0,0.0,0.0,0.0,3.44,6.34,0.0
20230116:2010,0.0,0.0,0.0,0.0,3.17,6.55,0.0
20230116:2110,0.0,0.0,0.0,0.0,2.67,6.0,0.0
20230116:2210,0.0,0.0,0.0,0.0,2.5,5.86,0.0
20230116:2310,0.0,0.0,0.0,0.0,1.99,5.1,0.0
20230117:0010,0.0,0.0,0.0,0.0,1.39,4.21,0.0
20230117:0110,0.0,0.0,0.0,0.0,0.99,3.72,0.0
20230117:0210,0.0,0.0,0.0,0.0,0.45,3.45,0.0
20230117:0310,0.0,0.0,0.0,0.0,-0.25,3.17,0.0
20230117:0410,0.0,0.0,0.0,0.0,-0.82,2.83,0.0
20230117:0510,0.0,0.0,0.0,0.0,-1.42,2.48,0.0
20230117:0610,0.0,0.0,0.0,0.0,-2.06,2.14,0.0
20230117:0710,0.0,0.0,0.0,0.0,-2.67,1.72,0.0
20230117:0810,135.83,29.04,3.3,3.49,-3.31,1.72,0.0
20230117:0910,279.24,105.42,12.9,10.09,-2.04,1.45,0.0
20230117:1010,652.21,121.8,24.8,15.0,0.16,1.59,0.0
20230117:1110,759.38,125.37,30.7,17.82,1.22,1.45,0.0
20230117:1210,766.35,127.97,31.5,18.28,1.81,1.24,0.0
20230117:1310,631.77,135.58,26.4,16.34,2.19,1.31,0.0
20230117:1410,567.7,108.59,19.3,12.18,2.3,1.59,0.0
20230117:1510,335.23,74.43,8.0,6.17,2.13,1.52,0.0
20230117:1610,0.0,0.0,0.0,0.0,1.5,1.52,0.0
20230117:1710,0.0,0.0,0.0,0.0,0.83,1.59,0.0
20230117:1810,0.0,0.0,0.0,0.0,0.27,1.59,0.0
20230117:1910,0.0,0.0,0.0,0.0,-1.01,1.79,0.0
20230117:2010,0.0,0.0,0.0,0.0,-1.65,1.59,0.0
20230117:2110,0.0,0.0,0.0,0.0,-0.33,0.28,0.0
20230117:2210,0.0,0.0,0.0,0.0,-0.54,0.76,0.0
20230117:2310,0.0,0.0,0.0,0.0,-1.39,0.9,0.0
20230118:0010,0.0,0.0,0.0,0.0,-2.38,1.31,0.0
20230118:0110,0.0,0.0,0.0,0.0,-2.86,1.59,0.0
20230118:0210,0.0,0.0,0.0,0.0,-3.04,1.93,0.0
20230118:0310,0.0,0.0,0.0,0.0,-3.26,2.21,0.0
20230118:0410,0.0,0.0,0.0,0.0,-2.92,2.34,0.0
20230118:0510,0.0,0.0,0.0,0.0,-2.67,2.41,0.0
20230118:0610,0.0,0.0,0.0,0.0,-2.12,2.21,0.0
20230118:0710,0.0,0.0,0.0,0.0,-2.68,2.69,0.0
20230118:0810,220.72,34.75,3.9,3.62,-2.48,2.69,0.0
20230118:0910,121.98,74.99,10.5,10.24,-1.55,2.69,0.0
20230118:1010,663.94,117.87,25.2,15.17,0.0,3.03,0.0
20230118:1110,671.89,141.35,29.5,18.01,1.49,3.52,0.0
20230118:1210,712.62,138.47,30.9,18.49,2.53,3.93,0.0
20230118:1310,661.49,130.46,27.2,16.55,3.14,4.21,0.0
20230118:1410,523.19,115.84,19.1,12.39,3.33,4.0,0.0
20230118:1510,305.13,74.42,8.0,6.39,2.89,3.59,0.0
20230118:1610,0.0,0.0,0.0,0.0,1.97,3.59,0.0
20230118:1710,0.0,0.0,0.0,0.0,0.9,3.66,0.0
20230118:1810,0.0,0.0,0.0,0.0,0.35,3.66,0.0
20230118:1910,0.0,0.0,0.0,0.0,0.5,3.86,0.0
20230118:2010,0.0,0.0,0.0,0.0,0.39,3.93,0.0
20230118:2110,0.0,0.0,0.0,0.0,0.1,3.93,0.0
20230118:2210,0.0,0.0,0.0,0.0,-0.1,3.86,0.0
20230118:2310,0.0,0.0,0.0,0.0,-0.21,3.79,0.0
20230119:0010,0.0,0.0,0.0,0.0,-0.39,3.72,0.0
20230119:0110,0.0,0.0,0.0,0.0,-0.41,3.72,0.0
20230119:0210,0.0,0.0,0.0,0.0,-0.39,3.66,0.0
20230119:0310,0.0,0.0,0.0,0.0,-0.49,3.66,0.0
20230119:0410,0.0,0.0,0.0,0.0,-0.47,3.52,0.0
20230119:0510,0.0,0.0,0.0,0.0,-0.64,3.45,0.0
20230119:0610,0.0,0.0,0.0,0.0,-0.83,3.31,0.0
20230119:0710,0.0,0.0,0.0,0.0,-0.85,3.45,0.0
20230119:0810,48.14,17.58,2.6,3.76,-1.06,3.38,0.0
20230119:0910,0.0,23.93,4.8,10.39,-0.44,3.52,0.0
20230119:1010,13.24,53.3,10.4,15.35,0.6,3.93,0.0
20230119:1110,0.0,26.92,5.4,18.21,1.86,3.79,0.0
20230119:1210,0.0,40.38,8.1,18.7,2.77,3.52,0.0
20230119:1310,15.68,59.48,11.6,16.77,3.47,3.24,0.0
20230119:1410,7.5,39.17,7.7,12.61,3.61,2.97,0.0
20230119:1510,42.12,31.67,4.9,6.6,3.13,2.48,0.0
20230119:1610,0.0,0.0,0.0,0.0,2.13,2.28,0.0
20230119:1710,0.0,0.0,0.0,0.0,1.11,2.14,0.0
20230119:1810,0.0,0.0,0.0,0.0,0.41,1.93,0.0
20230119:1910,0.0,0.0,0.0,0.0,-0.53,2.14,0.0
20230119:2010,0.0,0.0,0.0,0.0,-0.55,2.07,0.0
20230119:2110,0.0,0.0,0.0,0.0,-1.02,2.14,0.0
20230119:2210,0.0,0.0,0.0,0.0,-1.25,2.28,0.0
20230119:2310,0.0,0.0,0.0,0.0,-1.42,2.34,0.0
20230120:0010,0.0,0.0,0.0,0.0,-1.76,2.48,0.0
20230120:0110,0.0,0.0,0.0,0.0,-1.9,2.55,0.0
20230120:0210,0.0,0.0,0.0,0.0,-1.92,2.69,0.0
20230120:0310,0.0,0.0,0.0,0.0,-2.01,2.76,0.0
20230120:0410,0.0,0.0,0.0,0.0,-2.11,2.97,0.0
20230120:0510,0.0,0.0,0.0,0.0,-2.06,3.03,0.0
20230120:0610,0.0,0.0,0.0,0.0,-1.69,3.24,0.0
20230120:0710,0.0,0.0,0.0,0.0,-1.1,3.45,0.0
20230120:0810,0.0,8.47,1.7,3.9,-0.85,3.45,0.0
20230120:0910,0.0,23.93,4.8,10.56,0.21,3.24,0.0
20230120:1010,0.0,18.94,3.8,15.53,1.41,3.93,0.0
20230120:1110,26.59,72.88,14.0,18.41,2.68,3.72,0.0
20230120:1210,75.66,97.47,17.4,18.91,3.81,4.21,0.0
20230120:1310,0.0,28.41,5.7,16.99,4.37,4.69,0.0
20230120:1410,0.0,10.47,2.1,12.84,4.29,4.41,0.0
20230120:1510,87.24,45.46,6.0,6.82,3.52,4.28,0.0
20230120:1610,0.0,0.0,0.0,0.0,3.17,3.59,0.0
20230120:1710,0.0,0.0,0.0,0.0,2.69,2.97,0.0
20230120:1810,0.0,0.0,0.0,0.0,2.41,2.21,0.0
20230120:1910,0.0,0.0,0.0,0.0,2.0,1.59,0.0
20230120:2010,0.0,0.0,0.0,0.0,1.59,3.1,0.0
20230120:2110,0.0,0.0,0.0,0.0,1.01,3.59,0.0
20230120:2210,0.0,0.0,0.0,0.0,0.12,3.79,0.0
20230120:2310,0.0,0.0,0.0,0.0,-0.69,3.79,0.0
20230121:0010,0.0,0.0,0.0,0.0,-1.46,3.66,0.0
20230121:0110,0.0,0.0,0.0,0.0,-1.97,3.59,0.0
20230121:0210,0.0,0.0,0.0,0.0,-2.23,3.59,0.0
20230121:0310,0.0,0.0,0.0,0.0,-2.43,3.52,0.0
20230121:0410,0.0,0.0,0.0,0.0,-2.55,3.38,0.0
20230121:0510,0.0,0.0,0.0,0.0,-2.8,3.24,0.0
20230121:0610,0.0,0.0,0.0,0.0,-2.97,3.1,0.0
20230121:0710,0.0,0.0,0.0,0.0,-3.2,2.97,0.0
20230121:0810,70.87,23.94,3.2,4.05,-3.33,2.83,0.0
20230121:0910,94.89,68.97,10.4,10.73,-2.54,2.9,0.0
20230121:1010,241.43,133.04,19.5,15.72,-1.2,3.17,0.0
20230121:1110,638.99,149.59,30.1,18.62,-0.13,3.52,0.0
20230121:1210,301.73,163.1,25.0,19.14,0.81,3.59,0.0
20230121:1310,0.0,37.89,7.6,17.22,1.64,3.79,0.0
20230121:1410,0.0,32.4,6.5,13.07,1.94,3.93,0.0
20230121:1510,28.11,28.3,4.8,7.05,1.82,3.66,0.0
20230121:1610,0.0,0.0,0.0,0.0,1.19,3.03,0.0
20230121:1710,0.0,0.0,0.0,0.0,0.82,3.03,0.0
20230121:1810,0.0,0.0,0.0,0.0,0.69,3.17,0.0
20230121:1910,0.0,0.0,0.0,0.0,-0.14,2.97,0.0
20230121:2010,0.0,0.0,0.0,0.0,-0.11,3.1,0.0
20230121:2110,0.0,0.0,0.0,0.0,-0.17,3.17,0.0
20230121:2210,0.0,0.0,0.0,0.0,-0.43,3.03,0.0
20230121:2310,0.0,0.0,0.0,0.0,-0.39,3.1,0.0
20230122:0010,0.0,0.0,0.0,0.0,-0.52,3.24,0.0
20230122:0110,0.0,0.0,0.0,0.0,-0.54,3.31,0.0
20230122:0210,0.0,0.0,0.0,0.0,-0.54,3.45,0.0
20230122:0310,0.0,0.0,0.0,0.0,-0.61,3.59,0.0
20230122:0410,0.0,0.0,0.0,0.0,-0.76,3.52,0.0
20230122:0510,0.0,0.0,0.0,0.0,-0.96,3.45,0.0
20230122:0610,0.0,0.0,0.0,0.0,-0.99,3.38,0.0
20230122:0710,0.0,0.0,0.0,0.0,-0.76,3.45,0.0
20230122:0810,0.0,6.98,1.4,4.21,-0.81,3.38,0.0
20230122:0910,0.0,19.44,3.9,10.91,-0.55,3.79,0.0
20230122:1010,0.0,22.43,4.5,15.92,-0.25,3.93,0.0
20230122:1110,0.0,24.92,5.0,18.83,0.18,3.52,0.0
20230122:1210,0.0,25.42,5.1,19.37,0.6,3.72,0.0
20230122:1310,0.0,26.92,5.4,17.46,0.65,3.59,0.0
20230122:1410,0.0,19.44,3.9,13.3,0.64,3.52,0.0
20230122:1510,0.0,16.95,3.4,7.28,0.78,3.31,0.0
20230122:1610,0.0,0.0,0.0,0.0,0.72,2.97,0.0
20230122:1710,0.0,0.0,0.0,0.0,0.62,2.62,0.0
20230122:1810,0.0,0.0,0.0,0.0,0.58,2.69,0.0
20230122:1910,0.0,0.0,0.0,0.0,0.19,2.48,0.0
20230122:2010,0.0,0.0,0.0,0.0,0.28,2.41,0.0
20230122:2110,0.0,0.0,0.0,0.0,0.38,2.34,0.0
20230122:2210,0.0,0.0,0.0,0.0,0.34,2.21,0.0
20230122:2310,0.0,0.0,0.0,0.0,0.36,2.0,0.0
20230123:0010,0.0,0.0,0.0,0.0,0.41,2.0,0.0
20230123:0110,0.0,0.0,0.0,0.0,0.5,2.21,0.0
20230123:0210,0.0,0.0,0.0,0.0,0.57,2.28,0.0
20230123:0310,0.0,0.0,0.0,0.0,0.64,2.34,0.0
20230123:0410,0.0,0.0,0.0,0.0,0.65,2.41,0.0
20230123:0510,0.0,0.0,0.0,0.0,0.77,2.55,0.0
20230123:0610,0.0,0.0,0.0,0.0,0.84,2.55,0.0
20230123:0710,0.0,0.0,0.0,0.0,0.81,2.41,0.0
20230123:0810,0.0,8.47,1.7,4.38,0.9,2.55,0.0
20230123:0910,0.0,26.92,5.4,11.09,1.06,3.45,0.0
20230123:1010,0.0,34.89,7.0,16.12,1.25,3.45,0.0
20230123:1110,0.0,40.88,8.2,19.06,1.72,3.24,0.0
20230123:1210,0.0,31.9,6.4,19.6,2.16,3.17,0.0
20230123:1310,0.0,33.9,6.8,17.7,2.49,3.52,0.0
20230123:1410,0.0,25.42,5.1,13.54,2.44,3.86,0.0
20230123:1510,5.26,21.59,4.2,7.51,2.26,3.93,0.0
20230123:1610,0.0,0.0,0.0,0.0,2.0,3.66,0.0
20230123:1710,0.0,0.0,0.0,0.0,1.9,2.97,0.0
20230123:1810,0.0,0.0,0.0,0.0,1.68,2.9,0.0
20230123:1910,0.0,0.0,0.0,0.0,2.0,3.24,0.0
20230123:2010,0.0,0.0,0.0,0.0,1.82,3.31,0.0
20230123:2110,0.0,0.0,0.0,0.0,1.63,3.31,0.0
20230123:2210,0.0,0.0,0.0,0.0,1.46,3.24,0.0
20230123:2310,0.0,0.0,0.0,0.0,1.03,3.24,0.0
20230124:0010,0.0,0.0,0.0,0.0,0.82,3.38,0.0
20230124:0110,0.0,0.0,0.0,0.0,0.55,3.45,0.0
20230124:0210,0.0,0.0,0.0,0.0,0.42,3.38,0.0
20230124:0310,0.0,0.0,0.0,0.0,0.37,3.24,0.0
20230124:0410,0.0,0.0,0.0,0.0,0.04,3.17,0.0
20230124:0510,0.0,0.0,0.0,0.0,-0.06,3.17,0.0
20230124:0610,0.0,0.0,0.0,0.0,0.03,3.17,0.0
20230124:0710,0.0,0.0,0.0,0.0,0.27,2.9,0.0
20230124:0810,0.0,7.98,1.6,4.55,0.06,2.76,0.0
20230124:0910,0.0,20.94,4.2,11.28,0.89,2.55,0.0
20230124:1010,0.0,27.92,5.6,16.33,1.8,3.59,0.0
20230124:1110,0.0,31.9,6.4,19.28,2.55,3.45,0.0
20230124:1210,0.0,30.91,6.2,19.84,3.16,3.38,0.0
20230124:1310,0.0,35.39,7.1,17.94,3.4,3.38,0.0
20230124:1410,0.0,25.92,5.2,13.79,3.55,3.24,0.0
20230124:1510,0.0,18.44,3.7,7.75,3.29,2.9,0.0
20230124:1610,0.0,0.0,0.0,0.0,2.42,2.34,0.0
20230124:1710,0.0,0.0,0.0,0.0,1.33,2.28,0.0
20230124:1810,0.0,0.0,0.0,0.0,0.78,2.28,0.0
20230124:1910,0.0,0.0,0.0,0.0,0.6,2.07,0.0
20230124:2010,0.0,0.0,0.0,0.0,0.37,2.0,0.0
20230124:2110,0.0,0.0,0.0,0.0,-0.18,1.93,0.0
20230124:2210,0.0,0.0,0.0,0.0,-0.4,1.79,0.0
20230124:2310,0.0,0.0,0.0,0.0,-0.6,1.79,0.0
20230125:0010,0.0,0.0,0.0,0.0,-1.27,1.86,0.0
20230125:0110,0.0,0.0,0.0,0.0,-1.82,1.86,0.0
20230125:0210,0.0,0.0,0.0,0.0,-2.39,1.72,0.0
20230125:0310,0.0,0.0,0.0,0.0,-2.88,1.59,0.0
20230125:0410,0.0,0.0,0.0,0.0,-3.3,1.38,0.0
20230125:0510,0.0,0.0,0.0,0.0,-2.74,1.03,0.0
20230125:0610,0.0,0.0,0.0,0.0,-2.65,0.97,0.0
20230125:0710,0.0,0.0,0.0,0.0,-2.39,1.03,0.0
20230125:0810,0.0,8.97,1.8,4.72,-2.62,1.38,0.0
20230125:0910,0.0,21.93,4.4,11.48,-1.4,1.31,0.0
20230125:1010,0.0,26.42,5.3,16.55,-1.09,1.24,0.0
20230125:1110,0.0,31.9,6.4,19.52,-0.89,1.17,0.0
20230125:1210,0.0,30.91,6.2,20.09,-0.66,0.62,0.0
20230125:1310,0.0,34.89,7.0,18.19,-0.34,0.55,0.0
20230125:1410,0.0,28.91,5.8,14.03,-0.1,0.97,0.0
20230125:1510,0.0,19.44,3.9,8.0,-0.24,1.66,0.0
20230125:1610,0.0,0.0,0.0,0.0,-0.76,2.07,0.0
20230125:1710,0.0,0.0,0.0,0.0,-1.2,2.07,0.0
20230125:1810,0.0,0.0,0.0,0.0,-1.32,1.66,0.0
20230125:1910,0.0,0.0,0.0,0.0,-1.84,1.52,0.0
20230125:2010,0.0,0.0,0.0,0.0,-1.86,1.72,0.0
20230125:2110,0.0,0.0,0.0,0.0,-1.86,1.79,0.0
20230125:2210,0.0,0.0,0.0,0.0,-1.88,1.52,0.0
20230125:2310,0.0,0.0,0.0,0.0,-1.73,1.79,0.0
20230126:0010,0.0,0.0,0.0,0.0,-1.59,1.93,0.0
20230126:0110,0.0,0.0,0.0,0.0,-1.47,1.86,0.0
20230126:0210,0.0,0.0,0.0,0.0,-1.29,1.79,0.0
20230126:0310,0.0,0.0,0.0,0.0,-1.09,1.45,0.0
20230126:0410,0.0,0.0,0.0,0.0,-0.94,1.1,0.0
20230126:0510,0.0,0.0,0.0,0.0,-0.76,0.9,0.0
20230126:0610,0.0,0.0,0.0,0.0,-0.58,0.62,0.0
20230126:0710,0.0,0.0,0.0,0.0,-0.32,0.62,0.0
20230126:0810,14.35,15.0,2.7,4.9,-0.06,0.9,0.0
20230126:0910,22.44,44.87,8.4,11.68,0.45,1.17,0.0
20230126:1010,0.0,42.37,8.5,16.77,1.1,1.52,0.0
20230126:1110,0.0,36.39,7.3,19.76,2.31,2.21,0.0
20230126:1210,0.0,37.89,7.6,20.34,3.5,3.03,0.0
20230126:1310,34.02,76.69,14.6,18.45,4.68,3.72,0.0
20230126:1410,0.0,33.9,6.8,14.29,5.5,3.59,0.0
20230126:1510,9.55,25.61,4.9,8.24,5.83,3.31,0.0
20230126:1610,0.0,0.0,0.0,0.0,5.07,3.24,0.0
20230126:1710,0.0,0.0,0.0,0.0,4.43,3.31,0.0
20230126:1810,0.0,0.0,0.0,0.0,3.93,3.66,0.0
20230126:1910,0.0,0.0,0.0,0.0,4.53,4.14,0.0
20230126:2010,0.0,0.0,0.0,0.0,4.46,4.21,0.0
20230126:2110,0.0,0.0,0.0,0.0,4.08,3.86,0.0
20230126:2210,0.0,0.0,0.0,0.0,3.79,3.52,0.0
20230126:2310,0.0,0.0,0.0,0.0,3.37,3.38,0.0
20230127:0010,0.0,0.0,0.0,0.0,3.17,3.38,0.0
20230127:0110,0.0,0.0,0.0,0.0,2.99,3.38,0.0
20230127:0210,0.0,0.0,0.0,0.0,3.08,3.38,0.0
20230127:0310,0.0,0.0,0.0,0.0,3.12,3.45,0.0
20230127:0410,0.0,0.0,0.0,0.0,2.85,3.72,0.0
20230127:0510,0.0,0.0,0.0,0.0,2.23,3.79,0.0
20230127:0610,0.0,0.0,0.0,0.0,1.65,3.86,0.0
20230127:0710,0.0,0.0,0.0,0.0,1.86,4.0,0.0
20230127:0810,13.76,16.09,2.9,5.09,1.85,3.79,0.0
20230127:0910,0.0,25.92,5.2,11.89,2.19,4.55,0.0
20230127:1010,0.0,25.92,5.2,17.0,2.79,4.76,0.0
20230127:1110,0.0,41.87,8.4,20.01,3.21,4.55,0.0
20230127:1210,0.0,31.9,6.4,20.6,3.48,4.34,0.0
20230127:1310,0.0,19.94,4.0,18.71,3.94,4.41,0.0
20230127:1410,0.0,24.92,5.0,14.55,3.96,4.34,0.0
20230127:1510,0.0,16.45,3.3,8.49,3.88,4.21,0.0
20230127:1610,0.0,0.0,0.0,0.0,3.68,4.07,0.0
20230127:1710,0.0,0.0,0.0,0.0,3.45,4.0,0.0
20230127:1810,0.0,0.0,0.0,0.0,3.33,3.86,0.0
20230127:1910,0.0,0.0,0.0,0.0,3.16,3.45,0.0
20230127:2010,0.0,0.0,0.0,0.0,2.85,3.38,0.0
20230127:2110,0.0,0.0,0.0,0.0,2.67,3.31,0.0
20230127:2210,0.0,0.0,0.0,0.0,2.41,3.03,0.0
20230127:2310,0.0,0.0,0.0,0.0,2.01,2.83,0.0
20230128:0010,0.0,0.0,0.0,0.0,1.77,2.62,0.0
20230128:0110,0.0,0.0,0.0,0.0,1.72,2.55,0.0
20230128:0210,0.0,0.0,0.0,0.0,1.58,2.48,0.0
20230128:0310,0.0,0.0,0.0,0.0,1.39,2.48,0.0
20230128:0410,0.0,0.0,0.0,0.0,1.15,2.48,0.0
20230128:0510,0.0,0.0,0.0,0.0,0.68,2.28,0.0
20230128:0610,0.0,0.0,0.0,0.0,0.31,2.07,0.0
20230128:0710,0.0,0.0,0.0,0.0,0.3,2.07,0.0
20230128:0810,6.6,14.72,2.8,5.29,0.28,2.07,0.0
20230128:0910,0.0,21.93,4.4,12.1,0.49,2.0,0.0
20230128:1010,0.0,31.41,6.3,17.24,1.1,3.24,0.0
20230128:1110,0.0,31.41,6.3,20.26,1.42,3.38,0.0
20230128:1210,0.0,41.38,8.3,20.86,1.79,3.1,0.0
20230128:1310,470.26,163.01,28.2,18.98,1.82,2.48,0.0
20230128:1410,189.88,113.96,17.3,14.81,2.0,1.93,0.0
20230128:1510,318.32,87.24,11.6,8.74,1.96,1.93,0.0
20230128:1610,0.0,0.0,0.0,0.0,1.77,1.86,0.0
20230128:1710,0.0,0.0,0.0,0.0,1.55,0.97,0.0
20230128:1810,0.0,0.0,0.0,0.0,1.08,0.41,0.0
20230128:1910,0.0,0.0,0.0,0.0,0.99,0.14,0.0
20230128:2010,0.0,0.0,0.0,0.0,0.81,0.28,0.0
20230128:2110,0.0,0.0,0.0,0.0,-0.12,0.97,0.0
20230128:2210,0.0,0.0,0.0,0.0,-0.46,1.17,0.0
20230128:2310,0.0,0.0,0.0,0.0,-0.35,1.38,0.0
20230129:0010,0.0,0.0,0.0,0.0,-0.34,1.52,0.0
20230129:0110,0.0,0.0,0.0,0.0,-0.42,1.66,0.0
20230129:0210,0.0,0.0,0.0,0.0,-0.55,1.72,0.0
20230129:0310,0.0,0.0,0.0,0.0,-0.47,1.86,0.0
20230129:0410,0.0,0.0,0.0,0.0,-0.48,1.86,0.0
20230129:0510,0.0,0.0,0.0,0.0,-0.69,1.93,0.0
20230129:0610,0.0,0.0,0.0,0.0,-0.62,2.07,0.0
20230129:0710,0.0,0.0,0.0,0.0,-0.67,2.14,0.0
20230129:0810,0.0,6.48,1.3,5.49,-0.44,2.34,0.0
20230129:0910,0.0,16.45,3.3,12.32,0.38,2.34,0.0
20230129:1010,54.2,82.79,15.2,17.48,1.52,2.97,0.0
20230129:1110,0.0,44.37,8.9,20.52,2.34,3.38,0.0
20230129:1210,0.0,42.37,8.5,21.13,2.87,3.59,0.0
20230129:1310,2.71,51.93,10.4,19.25,3.46,3.86,0.0
20230129:1410,0.0,15.95,3.2,15.07,3.8,4.0,0.0
20230129:1510,0.0,21.44,4.3,9.0,3.73,3.93,0.0
20230129:1610,0.0,0.0,0.0,0.0,3.45,3.86,0.0
20230129:1710,0.0,0.0,0.0,0.0,3.48,4.14,0.0
20230129:1810,0.0,0.0,0.0,0.0,3.75,4.62,0.0
20230129:1910,0.0,0.0,0.0,0.0,3.25,4.97,0.0
20230129:2010,0.0,0.0,0.0,0.0,3.51,5.24,0.0
20230129:2110,0.0,0.0,0.0,0.0,3.88,5.52,0.0
20230129:2210,0.0,0.0,0.0,0.0,4.28,5.59,0.0
20230129:2310,0.0,0.0,0.0,0.0,4.71,5.45,0.0
20230130:0010,0.0,0.0,0.0,0.0,5.23,5.45,0.0
20230130:0110,0.0,0.0,0.0,0.0,5.42,5.66,0.0
20230130:0210,0.0,0.0,0.0,0.0,5.77,5.86,0.0
20230130:0310,0.0,0.0,0.0,0.0,5.92,5.93,0.0
20230130:0410,0.0,0.0,0.0,0.0,5.88,5.86,0.0
20230130:0510,0.0,0.0,0.0,0.0,5.93,5.66,0.0
20230130:0610,0.0,0.0,0.0,0.0,6.21,5.45,0.0
20230130:0710,0.0,0.0,0.0,0.0,6.55,5.17,0.0
20230130:0810,194.26,57.96,6.3,5.7,6.56,5.17,0.0
20230130:0910,406.01,111.25,18.1,12.55,6.69,5.45,0.0
20230130:1010,370.57,150.72,24.6,17.72,7.19,5.66,0.0
20230130:1110,116.24,120.66,21.2,20.78,7.58,5.66,0.0
20230130:1210,0.0,49.35,9.9,21.4,8.08,7.66,0.0
20230130:1310,0.0,37.39,7.5,19.52,8.05,6.97,0.0
20230130:1410,0.0,23.93,4.8,15.34,7.95,6.41,0.0
20230130:1510,75.87,53.68,8.3,9.26,7.61,5.31,0.0
20230130:1610,0.0,1.0,0.2,1.74,6.7,4.28,0.0
20230130:1710,0.0,0.0,0.0,0.0,5.51,3.31,0.0
20230130:1810,0.0,0.0,0.0,0.0,4.76,2.76,0.0
20230130:1910,0.0,0.0,0.0,0.0,4.37,2.76,0.0
20230130:2010,0.0,0.0,0.0,0.0,3.98,2.83,0.0
20230130:2110,0.0,0.0,0.0,0.0,3.57,2.97,0.0
20230130:2210,0.0,0.0,0.0,0.0,3.59,3.03,0.0
20230130:2310,0.0,0.0,0.0,0.0,3.25,3.17,0.0
20230131:0010,0.0,0.0,0.0,0.0,3.38,3.24,0.0
20230131:0110,0.0,0.0,0.0,0.0,2.99,3.17,0.0
20230131:0210,0.0,0.0,0.0,0.0,2.76,3.24,0.0
20230131:0310,0.0,0.0,0.0,0.0,2.25,3.45,0.0
20230131:0410,0.0,0.0,0.0,0.0,1.93,3.66,0.0
20230131:0510,0.0,0.0,0.0,0.0,1.68,3.93,0.0
20230131:0610,0.0,0.0,0.0,0.0,1.68,4.14,0.0
20230131:0710,0.0,0.0,0.0,0.0,2.56,4.34,0.0
20230131:0810,17.48,20.98,3.7,5.91,3.38,4.62,0.0
20230131:0910,0.0,12.46,2.5,12.78,4.22,5.03,0.0
20230131:1010,0.0,42.37,8.5,17.98,5.02,5.38,0.0
20230131:1110,10.19,70.44,14.0,21.05,6.31,5.59,0.0
20230131:1210,0.0,43.87,8.8,21.68,7.4,7.24,0.0
20230131:1310,0.0,25.92,5.2,19.8,8.53,6.83,0.0
20230131:1410,0.0,27.42,5.5,15.62,8.72,5.66,0.0
20230131:1510,12.27,30.25,5.8,9.52,8.51,4.97,0.0
20230131:1610,0.0,1.0,0.2,1.99,8.45,4.9,0.0
20230131:1710,0.0,0.0,0.0,0.0,8.27,4.76,0.0
20230131:1810,0.0,0.0,0.0,0.0,7.56,3.86,0.0
20230131:1910,0.0,0.0,0.0,0.0,6.82,3.93,0.0
20230131:2010,0.0,0.0,0.0,0.0,6.51,4.07,0.0
20230131:2110,0.0,0.0,0.0,0.0,6.25,3.93,0.0
20230131:2210,0.0,0.0,0.0,0.0,6.07,4.0,0.0
20230131:2310,0.0,0.0,0.0,0.0,5.54,4.07,0.0
20230201:0010,0.0,0.0,0.0,0.0,5.34,4.14,0.0
20230201:0110,0.0,0.0,0.0,0.0,5.11,4.41,0.0
20230201:0210,0.0,0.0,0.0,0.0,5.01,4.62,0.0
20230201:0310,0.0,0.0,0.0,0.0,4.65,4.62,0.0
20230201:0410,0.0,0.0,0.0,0.0,4.07,4.69,0.0
20230201:0510,0.0,0.0,0.0,0.0,3.59,4.9,0.0
20230201:0610,0.0,0.0,0.0,0.0,3.34,4.97,0.0
20230201:0710,0.0,0.0,0.0,0.0,3.28,5.03,0.0
20230201:0810,95.07,44.81,5.7,6.13,3.45,5.24,0.0
20230201:0910,326.36,115.91,17.7,13.02,4.49,5.52,0.0
20230201:1010,597.83,128.33,29.3,18.23,5.73,5.24,0.0
20230201:1110,250.96,158.68,26.4,21.32,6.99,6.48,0.0
20230201:1210,314.19,171.78,28.8,21.96,7.72,6.76,0.0
20230201:1310,250.75,151.27,24.9,20.08,8.46,6.97,0.0
20230201:1410,0.0,10.47,2.1,15.89,8.74,7.03,0.0
20230201:1510,23.81,36.93,6.8,9.79,8.49,6.34,0.0
20230201:1610,0.0,1.0,0.2,2.24,7.84,5.79,0.0
20230201:1710,0.0,0.0,0.0,0.0,7.28,5.52,0.0
20230201:1810,0.0,0.0,0.0,0.0,7.18,5.45,0.0
20230201:1910,0.0,0.0,0.0,0.0,6.87,5.72,0.0
20230201:2010,0.0,0.0,0.0,0.0,6.7,5.66,0.0
20230201:2110,0.0,0.0,0.0,0.0,6.55,5.45,0.0
20230201:2210,0.0,0.0,0.0,0.0,6.33,5.17,0.0
20230201:2310,0.0,0.0,0.0,0.0,6.28,5.1,0.0
20230202:0010,0.0,0.0,0.0,0.0,6.46,5.1,0.0
20230202:0110,0.0,0.0,0.0,0.0,6.48,4.9,0.0
20230202:0210,0.0,0.0,0.0,0.0,6.33,4.76,0.0
20230202:0310,0.0,0.0,0.0,0.0,5.92,4.55,0.0
20230202:0410,0.0,0.0,0.0,0.0,5.45,4.48,0.0
20230202:0510,0.0,0.0,0.0,0.0,5.03,4.48,0.0
20230202:0610,0.0,0.0,0.0,0.0,4.9,4.41,0.0
20230202:0710,0.0,0.0,0.0,0.0,5.4,4.55,0.0
20230202:0810,42.96,30.79,4.8,6.35,5.57,4.76,0.0
20230202:0910,9.68,42.21,8.3,13.26,6.07,4.21,0.0
20230202:1010,10.69,62.07,12.3,18.5,6.78,5.86,0.0
20230202:1110,56.88,100.29,18.9,21.6,7.8,6.21,0.0
20230202:1210,0.0,29.91,6.0,22.25,8.63,5.86,0.0
20230202:1310,0.0,25.42,5.1,20.37,8.98,5.45,0.0
20230202:1410,20.12,58.66,11.4,16.17,8.99,4.41,0.0
20230202:1510,3.85,27.75,5.5,10.06,8.83,4.14,0.0
20230202:1610,0.0,1.99,0.4,2.5,8.79,4.0,0.0
20230202:1710,0.0,0.0,0.0,0.0,8.52,4.0,0.0
20230202:1810,0.0,0.0,0.0,0.0,8.29,4.21,0.0
20230202:1910,0.0,0.0,0.0,0.0,8.17,4.55,0.0
20230202:2010,0.0,0.0,0.0,0.0,8.27,4.48,0.0
20230202:2110,0.0,0.0,0.0,0.0,8.26,4.76,0.0
20230202:2210,0.0,0.0,0.0,0.0,8.1,4.83,0.0
20230202:2310,0.0,0.0,0.0,0.0,8.01,4.97,0.0
20230203:0010,0.0,0.0,0.0,0.0,8.19,5.24,0.0
20230203:0110,0.0,0.0,0.0,0.0,8.36,5.45,0.0
20230203:0210,0.0,0.0,0.0,0.0,8.41,5.45,0.0
20230203:0310,0.0,0.0,0.0,0.0,8.24,5.38,0.0
20230203:0410,0.0,0.0,0.0,0.0,8.06,5.31,0.0
20230203:0510,0.0,0.0,0.0,0.0,7.97,5.24,0.0
20230203:0610,0.0,0.0,0.0,0.0,7.81,5.1,0.0
20230203:0710,0.0,0.0,0.0,0.0,7.88,5.38,0.0
20230203:0810,0.0,5.48,1.1,6.58,8.03,5.52,0.0
20230203:0910,0.0,17.45,3.5,13.51,8.38,5.59,0.0
20230203:1010,0.0,13.96,2.8,18.77,8.84,5.45,0.0
20230203:1110,0.0,17.45,3.5,21.89,9.33,6.07,0.0
20230203:1210,0.0,44.37,8.9,22.55,9.87,6.34,0.0
20230203:1310,0.0,23.43,4.7,20.67,10.01,5.52,0.0
20230203:1410,0.0,26.42,5.3,16.46,10.33,6.62,0.0
20230203:1510,0.0,7.48,1.5,10.33,10.21,5.24,0.0
20230203:1610,0.0,1.99,0.4,2.76,10.04,4.97,0.0
20230203:1710,0.0,0.0,0.0,0.0,9.79,4.48,0.0
20230203:1810,0.0,0.0,0.0,0.0,9.62,4.14,0.0
20230203:1910,0.0,0.0,0.0,0.0,9.67,3.86,0.0
20230203:2010,0.0,0.0,0.0,0.0,9.61,3.79,0.0
20230203:2110,0.0,0.0,0.0,0.0,9.5,3.93,0.0
20230203:2210,0.0,0.0,0.0,0.0,9.4,3.86,0.0
20230203:2310,0.0,0.0,0.0,0.0,9.3,3.52,0.0
20230204:0010,0.0,0.0,0.0,0.0,9.16,3.31,0.0
20230204:0110,0.0,0.0,0.0,0.0,9.06,3.1,0.0
20230204:0210,0.0,0.0,0.0,0.0,8.95,2.83,0.0
20230204:0310,0.0,0.0,0.0,0.0,8.8,2.48,0.0
20230204:0410,0.0,0.0,0.0,0.0,8.63,2.07,0.0
20230204:0510,0.0,0.0,0.0,0.0,8.4,1.72,0.0
20230204:0610,0.0,0.0,0.0,0.0,8.25,1.52,0.0
20230204:0710,0.0,0.0,0.0,0.0,7.69,1.38,0.0
20230204:0810,0.0,13.96,2.8,6.82,7.57,1.24,0.0
20230204:0910,0.0,25.42,5.1,13.77,7.78,1.1,0.0
20230204:1010,0.0,42.87,8.6,19.04,8.05,0.97,0.0
20230204:1110,0.0,54.34,10.9,22.18,8.38,0.69,0.0
20230204:1210,2.37,64.84,13.0,22.84,8.61,0.62,0.0
20230204:1310,0.0,37.39,7.5,20.96,8.84,0.9,0.0
20230204:1410,30.41,66.81,12.8,16.74,9.07,1.17,0.0
20230204:1510,0.0,20.94,4.2,10.61,8.97,1.03,0.0
20230204:1610,0.0,1.0,0.2,3.02,8.69,1.1,0.0
20230204:1710,0.0,0.0,0.0,0.0,7.95,1.52,0.0
20230204:1810,0.0,0.0,0.0,0.0,7.34,1.66,0.0
20230204:1910,0.0,0.0,0.0,0.0,6.61,1.86,0.0
20230204:2010,0.0,0.0,0.0,0.0,6.33,1.93,0.0
20230204:2110,0.0,0.0,0.0,0.0,6.02,1.93,0.0
20230204:2210,0.0,0.0,0.0,0.0,5.96,1.86,0.0
20230204:2310,0.0,0.0,0.0,0.0,5.99,2.0,0.0
20230205:0010,0.0,0.0,0.0,0.0,5.94,2.0,0.0
20230205:0110,0.0,0.0,0.0,0.0,6.11,2.07,0.0
20230205:0210,0.0,0.0,0.0,0.0,6.19,2.55,0.0
20230205:0310,0.0,0.0,0.0,0.0,5.98,2.69,0.0
20230205:0410,0.0,0.0,0.0,0.0,5.45,2.62,0.0
20230205:0510,0.0,0.0,0.0,0.0,4.97,2.76,0.0
20230205:0610,0.0,0.0,0.0,0.0,4.93,3.03,0.0
20230205:0710,0.0,0.0,0.0,0.0,6.03,4.97,0.0
20230205:0810,0.0,3.99,0.8,7.06,5.73,6.07,0.0
20230205:0910,0.0,26.42,5.3,14.03,5.79,5.72,0.0
20230205:1010,48.3,87.99,16.6,19.32,6.29,6.14,0.0
20230205:1110,89.89,119.3,21.9,22.47,7.3,6.48,0.0
20230205:1210,100.37,125.8,23.0,23.15,8.04,7.17,0.0
20230205:1310,167.46,138.27,23.9,21.26,8.29,6.9,0.0
20230205:1410,235.96,130.97,21.2,17.04,8.31,6.34,0.0
20230205:1510,56.49,54.34,9.3,10.88,8.02,5.45,0.0
20230205:1610,8.81,7.85,1.5,3.29,7.3,4.9,0.0
20230205:1710,0.0,0.0,0.0,0.0,6.43,4.9,0.0
20230205:1810,0.0,0.0,0.0,0.0,5.62,4.62,0.0
20230205:1910,0.0,0.0,0.0,0.0,4.71,4.34,0.0
20230205:2010,0.0,0.0,0.0,0.0,4.24,4.28,0.0
20230205:2110,0.0,0.0,0.0,0.0,3.77,3.86,0.0
20230205:2210,0.0,0.0,0.0,0.0,3.45,3.52,0.0
20230205:2310,0.0,0.0,0.0,0.0,3.24,3.1,0.0
20230206:0010,0.0,0.0,0.0,0.0,2.69,2.55,0.0
20230206:0110,0.0,0.0,0.0,0.0,2.26,2.28,0.0
20230206:0210,0.0,0.0,0.0,0.0,1.82,2.21,0.0
20230206:0310,0.0,0.0,0.0,0.0,1.4,2.14,0.0
20230206:0410,0.0,0.0,0.0,0.0,0.99,2.14,0.0
20230206:0510,0.0,0.0,0.0,0.0,0.79,2.07,0.0
20230206:0610,0.0,0.0,0.0,0.0,0.57,2.0,0.0
20230206:0710,0.0,0.0,0.0,0.0,-0.01,2.0,0.0
20230206:0810,9.16,23.05,4.4,7.31,0.39,1.66,0.0
20230206:0910,11.82,47.84,9.4,14.29,1.72,2.0,0.0
20230206:1010,5.0,58.5,11.7,19.61,2.45,1.72,0.0
20230206:1110,83.89,118.95,22.0,22.77,3.28,1.79,0.0
20230206:1210,161.0,147.81,26.1,23.45,4.05,1.93,0.0
20230206:1310,377.42,171.16,30.2,21.57,4.67,2.28,0.0
20230206:1410,529.41,123.9,27.3,17.33,4.98,2.83,0.0
20230206:1510,350.01,95.04,15.7,11.16,4.97,3.03,0.0
20230206:1610,8.12,8.89,1.7,3.55,4.72,2.83,0.0
20230206:1710,0.0,0.0,0.0,0.0,4.29,2.28,0.0
20230206:1810,0.0,0.0,0.0,0.0,3.98,2.14,0.0
20230206:1910,0.0,0.0,0.0,0.0,3.46,1.79,0.0
20230206:2010,0.0,0.0,0.0,0.0,3.26,1.66,0.0
20230206:2110,0.0,0.0,0.0,0.0,2.78,2.07,0.0
20230206:2210,0.0,0.0,0.0,0.0,2.62,2.41,0.0
20230206:2310,0.0,0.0,0.0,0.0,2.47,2.55,0.0
20230207:0010,0.0,0.0,0.0,0.0,2.66,2.76,0.0
20230207:0110,0.0,0.0,0.0,0.0,2.54,2.69,0.0
20230207:0210,0.0,0.0,0.0,0.0,2.0,2.48,0.0
20230207:0310,0.0,0.0,0.0,0.0,1.01,2.41,0.0
20230207:0410,0.0,0.0,0.0,0.0,0.09,2.34,0.0
20230207:0510,0.0,0.0,0.0,0.0,-0.57,2.34,0.0
20230207:0610,0.0,0.0,0.0,0.0,-1.21,2.14,0.0
20230207:0710,0.0,0.0,0.0,0.0,-1.59,2.07,0.0
20230207:0810,171.91,67.44,8.7,7.56,-1.87,1.86,0.0
20230207:0910,231.33,118.36,18.5,14.57,-0.09,1.72,0.0
20230207:1010,621.73,130.01,33.0,19.9,1.6,1.59,0.0
20230207:1110,723.04,134.48,39.5,23.08,2.76,1.17,0.0
20230207:1210,691.2,147.62,39.7,23.77,3.74,1.1,0.0
20230207:1310,688.84,131.82,37.1,21.87,4.48,1.72,0.0
20230207:1410,563.69,122.27,28.7,17.63,4.84,2.28,0.0
20230207:1510,413.68,93.31,17.3,11.45,4.72,2.41,0.0
20230207:1610,15.02,10.88,2.0,3.82,3.94,1.86,0.0
20230207:1710,0.0,0.0,0.0,0.0,2.46,2.21,0.0
20230207:1810,0.0,0.0,0.0,0.0,1.09,2.41,0.0
20230207:1910,0.0,0.0,0.0,0.0,0.39,2.28,0.0
20230207:2010,0.0,0.0,0.0,0.0,-0.46,2.21,0.0
20230207:2110,0.0,0.0,0.0,0.0,-1.35,2.07,0.0
20230207:2210,0.0,0.0,0.0,0.0,-2.21,1.93,0.0
20230207:2310,0.0,0.0,0.0,0.0,-2.93,1.79,0.0
20230208:0010,0.0,0.0,0.0,0.0,-3.42,1.66,0.0
20230208:0110,0.0,0.0,0.0,0.0,-3.68,1.59,0.0
20230208:0210,0.0,0.0,0.0,0.0,-3.81,1.59,0.0
20230208:0310,0.0,0.0,0.0,0.0,-4.1,1.72,0.0
20230208:0410,0.0,0.0,0.0,0.0,-4.09,1.93,0.0
20230208:0510,0.0,0.0,0.0,0.0,-4.16,1.93,0.0
20230208:0610,0.0,0.0,0.0,0.0,-4.26,1.86,0.0
20230208:0710,0.0,0.0,0.0,0.0,-4.1,2.14,0.0
20230208:0810,301.18,72.69,10.7,7.82,-3.39,1.86,0.0
20230208:0910,429.93,118.47,22.5,14.84,-0.16,1.72,0.0
20230208:1010,608.79,131.83,33.2,20.19,2.25,1.93,0.0
20230208:1110,709.91,136.6,39.7,23.39,3.94,2.0,0.0
20230208:1210,649.75,159.21,39.5,24.08,5.13,1.86,0.0
20230208:1310,659.41,138.36,37.0,22.19,5.86,1.79,0.0
20230208:1410,570.88,120.0,29.3,17.93,6.21,1.86,0.0
20230208:1510,412.03,93.18,17.7,11.73,6.1,1.86,0.0
20230208:1610,13.95,12.53,2.3,4.09,5.04,1.93,0.0
20230208:1710,0.0,0.0,0.0,0.0,3.04,2.41,0.0
20230208:1810,0.0,0.0,0.0,0.0,1.33,2.55,0.0
20230208:1910,0.0,0.0,0.0,0.0,0.6,2.76,0.0
20230208:2010,0.0,0.0,0.0,0.0,0.03,2.97,0.0
20230208:2110,0.0,0.0,0.0,0.0,-0.5,2.9,0.0
20230208:2210,0.0,0.0,0.0,0.0,-1.11,2.9,0.0
20230208:2310,0.0,0.0,0.0,0.0,-1.55,2.97,0.0
20230209:0010,0.0,0.0,0.0,0.0,-1.84,2.97,0.0
20230209:0110,0.0,0.0,0.0,0.0,-2.14,2.83,0.0
20230209:0210,0.0,0.0,0.0,0.0,-2.51,2.55,0.0
20230209:0310,0.0,0.0,0.0,0.0,-2.85,2.62,0.0
20230209:0410,0.0,0.0,0.0,0.0,-2.94,2.9,0.0
20230209:0510,0.0,0.0,0.0,0.0,-2.84,2.9,0.0
20230209:0610,0.0,0.0,0.0,0.0,-3.0,2.55,0.0
20230209:0710,0.0,0.0,0.0,0.0,-2.53,2.76,0.0
20230209:0810,208.29,73.09,9.9,8.08,-2.02,2.69,0.0
20230209:0910,354.14,125.93,21.7,15.12,-0.12,2.76,0.0
20230209:1010,320.6,161.89,28.0,20.49,1.81,3.24,0.0
20230209:1110,619.03,160.49,38.5,23.7,3.31,3.17,0.0
20230209:1210,389.37,189.74,34.5,24.4,4.35,3.17,0.0
20230209:1310,179.89,148.93,26.1,22.5,5.13,3.1,0.0
20230209:1410,130.59,114.49,19.8,18.23,5.5,2.97,0.0
20230209:1510,183.05,92.65,14.2,12.02,5.49,2.76,0.0
20230209:1610,0.0,7.48,1.5,4.36,4.89,2.07,0.0
20230209:1710,0.0,0.0,0.0,0.0,3.75,2.14,0.0
20230209:1810,0.0,0.0,0.0,0.0,3.31,2.14,0.0
20230209:1910,0.0,0.0,0.0,0.0,3.25,2.0,0.0
20230209:2010,0.0,0.0,0.0,0.0,3.46,1.86,0.0
20230209:2110,0.0,0.0,0.0,0.0,3.4,1.79,0.0
20230209:2210,0.0,0.0,0.0,0.0,3.37,1.79,0.0
20230209:2310,0.0,0.0,0.0,0.0,2.83,1.79,0.0
20230210:0010,0.0,0.0,0.0,0.0,2.83,1.66,0.0
20230210:0110,0.0,0.0,0.0,0.0,2.4,1.79,0.0
20230210:0210,0.0,0.0,0.0,0.0,2.21,1.72,0.0
20230210:0310,0.0,0.0,0.0,0.0,1.78,1.79,0.0
20230210:0410,0.0,0.0,0.0,0.0,1.07,1.93,0.0
20230210:0510,0.0,0.0,0.0,0.0,0.87,2.0,0.0
20230210:0610,0.0,0.0,0.0,0.0,1.12,2.07,0.0
20230210:0710,0.0,0.0,0.0,0.0,1.42,2.41,0.0
20230210:0810,110.14,58.44,8.5,8.35,2.16,2.34,0.0
20230210:0910,43.3,69.61,13.0,15.41,3.43,2.41,0.0
20230210:1010,84.04,108.95,20.1,20.8,4.61,2.76,0.0
20230210:1110,2.19,68.3,13.7,24.02,6.2,3.24,0.0
20230210:1210,0.0,48.85,9.8,24.72,7.18,3.31,0.0
20230210:1310,0.0,34.89,7.0,22.82,7.94,3.93,0.0
20230210:1410,4.93,53.97,10.8,18.53,8.15,4.21,0.0
20230210:1510,116.69,78.83,12.8,12.31,7.96,3.45,0.0
20230210:1610,6.09,10.83,2.1,4.63,7.57,2.97,0.0
20230210:1710,0.0,0.0,0.0,0.0,7.11,2.9,0.0
20230210:1810,0.0,0.0,0.0,0.0,6.75,3.24,0.0
20230210:1910,0.0,0.0,0.0,0.0,6.0,3.59,0.0
20230210:2010,0.0,0.0,0.0,0.0,5.66,4.0,0.0
20230210:2110,0.0,0.0,0.0,0.0,5.76,4.14,0.0
20230210:2210,0.0,0.0,0.0,0.0,5.64,4.0,0.0
20230210:2310,0.0,0.0,0.0,0.0,5.36,3.86,0.0
20230211:0010,0.0,0.0,0.0,0.0,4.46,3.72,0.0
20230211:0110,0.0,0.0,0.0,0.0,3.79,3.66,0.0
20230211:0210,0.0,0.0,0.0,0.0,3.88,3.59,0.0
20230211:0310,0.0,0.0,0.0,0.0,4.13,3.45,0.0
20230211:0410,0.0,0.0,0.0,0.0,4.53,3.31,0.0
20230211:0510,0.0,0.0,0.0,0.0,4.8,2.97,0.0
20230211:0610,0.0,0.0,0.0,0.0,5.04,2.76,0.0
20230211:0710,0.0,0.0,0.0,0.0,5.26,2.76,0.0
20230211:0810,0.0,6.98,1.4,8.62,5.59,2.62,0.0
20230211:0910,15.88,56.58,11.1,15.7,6.15,2.69,0.0
20230211:1010,0.0,20.44,4.1,21.11,6.72,2.83,0.0
20230211:1110,0.0,60.82,12.2,24.34,7.57,2.83,0.0
20230211:1210,0.0,19.44,3.9,25.05,8.2,2.76,0.0
20230211:1310,0.0,27.42,5.5,23.14,8.55,2.55,0.0
20230211:1410,0.0,23.43,4.7,18.84,8.62,1.93,0.0
20230211:1510,0.0,19.44,3.9,12.6,8.6,1.52,0.0
20230211:1610,0.0,4.49,0.9,4.91,8.46,1.38,0.0
20230211:1710,0.0,0.0,0.0,0.0,7.99,1.59,0.0
20230211:1810,0.0,0.0,0.0,0.0,7.65,1.59,0.0
20230211:1910,0.0,0.0,0.0,0.0,7.01,1.38,0.0
20230211:2010,0.0,0.0,0.0,0.0,6.59,1.31,0.0
20230211:2110,0.0,0.0,0.0,0.0,6.08,1.24,0.0
20230211:2210,0.0,0.0,0.0,0.0,5.73,0.9,0.0
20230211:2310,0.0,0.0,0.0,0.0,6.12,0.55,0.0
20230212:0010,0.0,0.0,0.0,0.0,6.06,0.07,0.0
20230212:0110,0.0,0.0,0.0,0.0,5.85,0.34,0.0
20230212:0210,0.0,0.0,0.0,0.0,5.05,0.83,0.0
20230212:0310,0.0,0.0,0.0,0.0,4.13,1.17,0.0
20230212:0410,0.0,0.0,0.0,0.0,3.75,1.1,0.0
20230212:0510,0.0,0.0,0.0,0.0,3.68,0.9,0.0
20230212:0610,0.0,0.0,0.0,0.0,3.51,0.9,0.0
20230212:0710,0.0,0.0,0.0,0.0,3.26,1.17,0.0
20230212:0810,3.65,25.23,5.0,8.9,4.78,0.55,0.0
20230212:0910,0.0,33.9,6.8,16.0,5.65,0.34,0.0
20230212:1010,0.0,27.42,5.5,21.42,6.92,0.76,0.0
20230212:1110,0.0,40.38,8.1,24.67,7.43,1.24,0.0
20230212:1210,0.0,39.38,7.9,25.38,8.05,1.52,0.0
20230212:1310,0.0,37.89,7.6,23.47,8.58,1.52,0.0
20230212:1410,0.0,34.89,7.0,19.15,8.79,1.45,0.0
20230212:1510,0.0,20.44,4.1,12.89,8.97,1.59,0.0
20230212:1610,0.0,5.98,1.2,5.18,8.86,1.31,0.0
20230212:1710,0.0,0.0,0.0,0.0,8.23,1.66,0.0
20230212:1810,0.0,0.0,0.0,0.0,7.62,1.86,0.0
20230212:1910,0.0,0.0,0.0,0.0,7.03,2.41,0.0
20230212:2010,0.0,0.0,0.0,0.0,6.54,2.41,0.0
20230212:2110,0.0,0.0,0.0,0.0,6.07,2.28,0.0
20230212:2210,0.0,0.0,0.0,0.0,5.16,2.28,0.0
20230212:2310,0.0,0.0,0.0,0.0,4.47,2.21,0.0
20230213:0010,0.0,0.0,0.0,0.0,3.63,2.28,0.0
20230213:0110,0.0,0.0,0.0,0.0,3.33,2.14,0.0
20230213:0210,0.0,0.0,0.0,0.0,2.86,2.14,0.0
20230213:0310,0.0,0.0,0.0,0.0,2.26,2.21,0.0
20230213:0410,0.0,0.0,0.0,0.0,1.66,2.14,0.0
20230213:0510,0.0,0.0,0.0,0.0,1.09,2.07,0.0
20230213:0610,0.0,0.0,0.0,0.0,0.6,2.07,0.0
20230213:0710,0.0,0.0,0.0,0.0,0.7,2.28,0.0
20230213:0810,306.51,75.95,12.9,9.18,1.37,1.93,0.0
20230213:0910,509.09,104.77,26.3,16.3,4.47,1.59,0.0
20230213:1010,605.14,129.05,35.6,21.74,6.93,1.59,0.0
20230213:1110,705.78,132.66,42.2,25.0,8.69,1.31,0.0
20230213:1210,660.9,150.59,42.1,25.72,10.1,1.17,0.0
20230213:1310,647.09,136.09,39.2,23.79,11.11,1.31,0.0
20230213:1410,584.03,112.78,32.0,19.46,11.74,1.66,0.0
20230213:1510,399.49,95.26,19.8,13.18,11.95,1.86,0.0
20230213:1610,167.46,46.99,6.1,5.46,11.26,1.72,0.0
20230213:1710,0.0,0.0,0.0,0.0,9.61,2.34,0.0
20230213:1810,0.0,0.0,0.0,0.0,7.52,2.41,0.0
20230213:1910,0.0,0.0,0.0,0.0,6.18,2.34,0.0
20230213:2010,0.0,0.0,0.0,0.0,5.37,2.48,0.0
20230213:2110,0.0,0.0,0.0,0.0,4.86,2.62,0.0
20230213:2210,0.0,0.0,0.0,0.0,4.42,2.62,0.0
20230213:2310,0.0,0.0,0.0,0.0,3.95,2.62,0.0
20230214:0010,0.0,0.0,0.0,0.0,3.47,2.55,0.0
20230214:0110,0.0,0.0,0.0,0.0,3.02,2.48,0.0
20230214:0210,0.0,0.0,0.0,0.0,2.61,2.41,0.0
20230214:0310,0.0,0.0,0.0,0.0,2.19,2.41,0.0
20230214:0410,0.0,0.0,0.0,0.0,1.81,2.34,0.0
20230214:0510,0.0,0.0,0.0,0.0,1.47,2.41,0.0
20230214:0610,0.0,0.0,0.0,0.0,1.23,2.48,0.0
20230214:0710,0.0,0.0,0.0,0.0,1.14,2.41,0.0
20230214:0810,282.1,78.46,13.0,9.47,1.76,2.14,0.0
20230214:0910,485.6,109.96,26.4,16.6,4.45,1.86,0.0
20230214:1010,612.19,128.56,36.4,22.06,7.08,1.86,0.0
20230214:1110,732.11,126.29,43.5,25.34,9.14,1.72,0.0
20230214:1210,730.62,133.31,44.4,26.06,10.67,1.66,0.0
20230214:1310,708.24,121.32,41.3,24.12,11.65,1.59,0.0
20230214:1410,602.74,110.31,33.1,19.78,12.12,1.38,0.0
20230214:1510,394.62,96.22,20.2,13.48,12.17,1.1,0.0
20230214:1610,177.5,48.51,6.5,5.74,11.71,0.48,0.0
20230214:1710,0.0,0.0,0.0,0.0,10.17,0.76,0.0
20230214:1810,0.0,0.0,0.0,0.0,6.6,1.66,0.0
20230214:1910,0.0,0.0,0.0,0.0,4.13,2.07,0.0
20230214:2010,0.0,0.0,0.0,0.0,3.08,2.21,0.0
20230214:2110,0.0,0.0,0.0,0.0,2.58,2.41,0.0
20230214:2210,0.0,0.0,0.0,0.0,2.34,2.62,0.0
20230214:2310,0.0,0.0,0.0,0.0,2.22,2.69,0.0
20230215:0010,0.0,0.0,0.0,0.0,2.12,2.69,0.0
20230215:0110,0.0,0.0,0.0,0.0,1.98,2.69,0.0
20230215:0210,0.0,0.0,0.0,0.0,1.82,2.62,0.0
20230215:0310,0.0,0.0,0.0,0.0,1.59,2.55,0.0
20230215:0410,0.0,0.0,0.0,0.0,1.31,2.55,0.0
20230215:0510,0.0,0.0,0.0,0.0,1.03,2.55,0.0
20230215:0610,0.0,0.0,0.0,0.0,0.87,2.62,0.0
20230215:0710,0.0,0.0,0.0,0.0,1.5,2.97,0.0
20230215:0810,265.69,80.03,13.2,9.76,2.72,3.03,0.0
20230215:0910,361.13,129.02,24.6,16.91,5.11,2.76,0.0
20230215:1010,419.68,167.29,33.2,22.39,7.55,3.24,0.0
20230215:1110,389.9,191.05,36.6,25.68,9.35,3.52,0.0
20230215:1210,257.32,183.98,33.5,26.4,10.93,3.52,0.0
20230215:1310,363.99,182.45,34.4,24.46,11.89,3.31,0.0
20230215:1410,246.43,146.64,25.9,20.09,12.26,3.03,0.0
20230215:1510,48.39,65.77,12.1,13.78,11.96,2.41,0.0
20230215:1610,31.81,26.29,4.4,6.02,10.84,2.48,0.0
20230215:1710,0.0,0.0,0.0,0.0,9.19,3.03,0.0
20230215:1810,0.0,0.0,0.0,0.0,8.1,3.38,0.0
20230215:1910,0.0,0.0,0.0,0.0,7.28,3.38,0.0
20230215:2010,0.0,0.0,0.0,0.0,6.53,3.45,0.0
20230215:2110,0.0,0.0,0.0,0.0,5.85,3.52,0.0
20230215:2210,0.0,0.0,0.0,0.0,5.3,3.52,0.0
20230215:2310,0.0,0.0,0.0,0.0,4.93,3.52,0.0
20230216:0010,0.0,0.0,0.0,0.0,4.65,3.59,0.0
20230216:0110,0.0,0.0,0.0,0.0,4.4,3.52,0.0
20230216:0210,0.0,0.0,0.0,0.0,4.17,3.45,0.0
20230216:0310,0.0,0.0,0.0,0.0,3.91,3.45,0.0
20230216:0410,0.0,0.0,0.0,0.0,3.95,3.45,0.0
20230216:0510,0.0,0.0,0.0,0.0,4.22,3.45,0.0
20230216:0610,0.0,0.0,0.0,0.0,4.73,3.52,0.0
20230216:0710,0.0,0.36,0.1,1.71,5.16,3.52,0.0
20230216:0810,12.67,33.48,6.5,10.05,5.78,3.59,0.0
20230216:0910,0.0,23.43,4.7,17.22,6.78,3.66,0.0
20230216:1010,2.1,63.78,12.8,22.72,7.93,4.14,0.0
20230216:1110,123.98,145.01,27.2,26.02,8.75,4.34,0.0
20230216:1210,386.15,189.38,37.2,26.74,8.85,4.07,0.0
20230216:1310,360.24,175.86,34.1,24.79,9.18,4.28,0.0
20230216:1410,197.86,136.1,24.4,20.41,9.5,4.41,0.0
20230216:1510,36.68,60.24,11.4,14.08,9.7,4.76,0.0
20230216:1610,8.62,18.82,3.6,6.3,9.54,4.97,0.0
20230216:1710,0.0,0.0,0.0,0.0,9.24,5.24,0.0
20230216:1810,0.0,0.0,0.0,0.0,9.13,5.38,0.0
20230216:1910,0.0,0.0,0.0,0.0,9.95,5.17,0.0
20230216:2010,0.0,0.0,0.0,0.0,10.06,5.31,0.0
20230216:2110,0.0,0.0,0.0,0.0,10.1,5.31,0.0
20230216:2210,0.0,0.0,0.0,0.0,10.15,5.52,0.0
20230216:2310,0.0,0.0,0.0,0.0,10.16,5.59,0.0
20230217:0010,0.0,0.0,0.0,0.0,10.05,5.45,0.0
20230217:0110,0.0,0.0,0.0,0.0,9.95,5.45,0.0
20230217:0210,0.0,0.0,0.0,0.0,9.72,5.45,0.0
20230217:0310,0.0,0.0,0.0,0.0,9.45,5.45,0.0
20230217:0410,0.0,0.0,0.0,0.0,9.39,5.31,0.0
20230217:0510,0.0,0.0,0.0,0.0,9.56,5.45,0.0
20230217:0610,0.0,0.0,0.0,0.0,9.89,5.66,0.0
20230217:0710,0.0,0.71,0.2,1.99,10.08,6.14,0.0
20230217:0810,6.12,29.76,5.9,10.35,10.29,6.48,0.0
20230217:0910,25.52,67.9,13.3,17.54,10.7,6.97,0.0
20230217:1010,0.0,27.42,5.5,23.05,11.23,7.52,0.0
20230217:1110,90.57,133.17,25.5,26.37,11.8,7.79,0.0
20230217:1210,33.16,107.42,21.3,27.09,12.07,8.07,0.0
20230217:1310,0.0,62.31,12.5,25.13,11.57,7.86,0.0
20230217:1410,15.1,72.82,14.5,20.73,11.17,7.17,0.0
20230217:1510,0.0,35.39,7.1,14.37,10.83,6.41,0.0
20230217:1610,0.0,12.46,2.5,6.58,10.68,6.14,0.0
20230217:1710,0.0,0.0,0.0,0.0,10.49,5.66,0.0
20230217:1810,0.0,0.0,0.0,0.0,10.36,5.31,0.0
20230217:1910,0.0,0.0,0.0,0.0,10.23,5.17,0.0
20230217:2010,0.0,0.0,0.0,0.0,10.15,4.83,0.0
20230217:2110,0.0,0.0,0.0,0.0,10.07,4.41,0.0
20230217:2210,0.0,0.0,0.0,0.0,9.99,4.28,0.0
20230217:2310,0.0,0.0,0.0,0.0,9.9,4.41,0.0
20230218:0010,0.0,0.0,0.0,0.0,9.88,4.69,0.0
20230218:0110,0.0,0.0,0.0,0.0,9.8,4.97,0.0
20230218:0210,0.0,0.0,0.0,0.0,9.73,5.38,0.0
20230218:0310,0.0,0.0,0.0,0.0,9.64,5.86,0.0
20230218:0410,0.0,0.0,0.0,0.0,9.54,6.34,0.0
20230218:0510,0.0,0.0,0.0,0.0,9.49,6.62,0.0
20230218:0610,0.0,0.0,0.0,0.0,9.34,6.69,0.0
20230218:0710,0.0,0.36,0.1,2.28,9.28,6.97,0.0
20230218:0810,0.0,16.45,3.3,10.66,9.14,6.76,0.0
20230218:0910,0.0,41.38,8.3,17.86,9.51,6.48,0.0
20230218:1010,0.0,29.41,5.9,23.39,10.01,8.83,0.0
20230218:1110,0.0,31.9,6.4,26.72,10.15,8.28,0.0
20230218:1210,0.0,31.41,6.3,27.44,10.53,8.21,0.0
20230218:1310,0.0,33.4,6.7,25.47,10.66,7.31,0.0
20230218:1410,0.0,36.89,7.4,21.06,10.63,6.34,0.0
20230218:1510,17.42,52.4,10.3,14.68,10.5,5.86,0.0
20230218:1610,81.93,41.97,6.4,6.86,10.23,5.52,0.0
20230218:1710,0.0,0.0,0.0,0.0,10.04,5.31,0.0
20230218:1810,0.0,0.0,0.0,0.0,9.92,5.24,0.0
20230218:1910,0.0,0.0,0.0,0.0,9.56,5.66,0.0
20230218:2010,0.0,0.0,0.0,0.0,9.46,5.66,0.0
20230218:2110,0.0,0.0,0.0,0.0,9.45,5.79,0.0
20230218:2210,0.0,0.0,0.0,0.0,9.47,5.66,0.0
20230218:2310,0.0,0.0,0.0,0.0,9.57,6.14,0.0
20230219:0010,0.0,0.0,0.0,0.0,9.69,5.59,0.0
20230219:0110,0.0,0.0,0.0,0.0,9.65,5.45,0.0
20230219:0210,0.0,0.0,0.0,0.0,9.58,5.66,0.0
20230219:0310,0.0,0.0,0.0,0.0,9.46,5.31,0.0
20230219:0410,0.0,0.0,0.0,0.0,9.05,5.17,0.0
20230219:0510,0.0,0.0,0.0,0.0,8.95,5.1,0.0
20230219:0610,0.0,0.0,0.0,0.0,8.73,4.83,0.0
20230219:0710,0.0,1.0,0.2,2.58,8.72,4.76,0.0
20230219:0810,25.71,43.81,8.3,10.96,8.73,4.41,0.0
20230219:0910,2.22,50.34,10.1,18.19,9.03,4.55,0.0
20230219:1010,0.0,52.34,10.5,23.74,9.33,4.9,0.0
20230219:1110,0.0,53.34,10.7,27.07,9.79,5.66,0.0
20230219:1210,0.0,38.38,7.7,27.8,10.1,5.45,0.0
20230219:1310,0.0,31.9,6.4,25.81,10.28,5.03,0.0
20230219:1410,0.0,23.93,4.8,21.38,10.23,4.21,0.0
20230219:1510,0.0,35.89,7.2,14.98,9.99,3.86,0.0
20230219:1610,11.16,21.88,4.2,7.15,9.39,3.38,0.0
20230219:1710,0.0,0.0,0.0,0.0,8.83,3.1,0.0
20230219:1810,0.0,0.0,0.0,0.0,8.15,2.76,0.0
20230219:1910,0.0,0.0,0.0,0.0,7.14,2.14,0.0
20230219:2010,0.0,0.0,0.0,0.0,6.41,2.07,0.0
20230219:2110,0.0,0.0,0.0,0.0,6.1,2.48,0.0
20230219:2210,0.0,0.0,0.0,0.0,5.7,3.03,0.0
20230219:2310,0.0,0.0,0.0,0.0,5.41,3.52,0.0
20230220:0010,0.0,0.0,0.0,0.0,5.26,3.93,0.0
20230220:0110,0.0,0.0,0.0,0.0,5.06,4.34,0.0
20230220:0210,0.0,0.0,0.0,0.0,4.9,4.69,0.0
20230220:0310,0.0,0.0,0.0,0.0,5.14,4.97,0.0
20230220:0410,0.0,0.0,0.0,0.0,5.43,5.03,0.0
20230220:0510,0.0,0.0,0.0,0.0,5.76,5.1,0.0
20230220:0610,0.0,0.0,0.0,0.0,5.93,5.03,0.0
20230220:0710,0.0,1.5,0.3,2.87,6.04,4.76,0.0
20230220:0810,8.29,35.89,7.1,11.28,6.33,4.97,0.0
20230220:0910,0.0,42.87,8.6,18.52,7.05,5.72,0.0
20230220:1010,0.0,42.87,8.6,24.08,7.67,5.86,0.0
20230220:1110,0.0,49.35,9.9,27.43,8.42,5.86,0.0
20230220:1210,0.0,32.9,6.6,28.15,9.05,5.79,0.0
20230220:1310,0.0,45.86,9.2,26.16,9.95,5.59,0.0
20230220:1410,0.0,38.88,7.8,21.7,10.51,5.52,0.0
20230220:1510,2.37,39.36,7.9,15.28,10.61,5.17,0.0
20230220:1610,14.2,25.3,4.8,7.43,10.34,4.41,0.0
20230220:1710,0.0,0.0,0.0,0.0,9.58,3.72,0.0
20230220:1810,0.0,0.0,0.0,0.0,8.88,3.66,0.0
20230220:1910,0.0,0.0,0.0,0.0,7.82,3.66,0.0
20230220:2010,0.0,0.0,0.0,0.0,7.67,3.52,0.0
20230220:2110,0.0,0.0,0.0,0.0,7.55,3.17,0.0
20230220:2210,0.0,0.0,0.0,0.0,7.35,2.9,0.0
20230220:2310,0.0,0.0,0.0,0.0,7.05,2.76,0.0
20230221:0010,0.0,0.0,0.0,0.0,6.81,2.83,0.0
20230221:0110,0.0,0.0,0.0,0.0,6.73,2.97,0.0
20230221:0210,0.0,0.0,0.0,0.0,6.64,2.83,0.0
20230221:0310,0.0,0.0,0.0,0.0,6.6,2.62,0.0
20230221:0410,0.0,0.0,0.0,0.0,6.58,2.48,0.0
20230221:0510,0.0,0.0,0.0,0.0,6.49,2.34,0.0
20230221:0610,0.0,0.0,0.0,0.0,6.34,2.14,0.0
20230221:0710,0.0,1.99,0.4,3.18,5.89,2.07,0.0
20230221:0810,0.0,27.42,5.5,11.59,6.0,2.41,0.0
20230221:0910,0.0,34.4,6.9,18.85,6.39,2.41,0.0
20230221:1010,0.0,45.36,9.1,24.43,6.91,2.48,0.0
20230221:1110,0.0,44.86,9.0,27.79,7.91,2.48,0.0
20230221:1210,0.0,30.41,6.1,28.51,8.87,2.28,0.0
20230221:1310,0.0,51.84,10.4,26.5,9.6,1.79,0.0
20230221:1410,2.0,59.25,11.9,22.03,10.34,1.24,0.0
20230221:1510,30.01,63.85,12.4,15.58,10.5,0.69,0.0
20230221:1610,152.59,56.48,8.9,7.71,10.56,0.28,0.0
20230221:1710,0.0,0.0,0.0,0.0,9.63,1.52,0.0
20230221:1810,0.0,0.0,0.0,0.0,7.54,2.21,0.0
20230221:1910,0.0,0.0,0.0,0.0,5.73,2.21,0.0
20230221:2010,0.0,0.0,0.0,0.0,5.22,2.21,0.0
20230221:2110,0.0,0.0,0.0,0.0,4.87,2.21,0.0
20230221:2210,0.0,0.0,0.0,0.0,4.35,2.28,0.0
20230221:2310,0.0,0.0,0.0,0.0,3.93,2.21,0.0
20230222:0010,0.0,0.0,0.0,0.0,3.61,2.14,0.0
20230222:0110,0.0,0.0,0.0,0.0,3.49,2.28,0.0
20230222:0210,0.0,0.0,0.0,0.0,3.56,2.41,0.0
20230222:0310,0.0,0.0,0.0,0.0,3.59,2.55,0.0
20230222:0410,0.0,0.0,0.0,0.0,3.68,2.55,0.0
20230222:0510,0.0,0.0,0.0,0.0,3.95,2.48,0.0
20230222:0610,0.0,0.0,0.0,0.0,4.17,2.55,0.0
20230222:0710,0.0,5.48,1.1,3.48,4.97,2.76,0.0
20230222:0810,0.0,22.93,4.6,11.91,6.03,2.97,0.0
20230222:0910,0.0,46.86,9.4,19.19,7.54,2.97,0.0
20230222:1010,13.28,84.77,17.0,24.79,8.91,2.97,0.0
20230222:1110,0.0,39.38,7.9,28.15,9.86,3.03,0.0
20230222:1210,54.27,128.18,25.3,28.87,10.6,3.45,0.0
20230222:1310,0.0,48.85,9.8,26.85,11.09,4.07,0.0
20230222:1410,0.0,46.36,9.3,22.36,11.52,4.0,0.0
20230222:1510,0.0,24.43,4.9,15.89,11.64,3.66,0.0
20230222:1610,3.24,21.1,4.2,8.0,11.15,2.76,0.0
20230222:1710,0.0,0.0,0.0,0.0,10.46,2.48,0.0
20230222:1810,0.0,0.0,0.0,0.0,9.75,2.41,0.0
20230222:1910,0.0,0.0,0.0,0.0,8.57,1.86,0.0
20230222:2010,0.0,0.0,0.0,0.0,8.29,1.66,0.0
20230222:2110,0.0,0.0,0.0,0.0,8.07,1.38,0.0
20230222:2210,0.0,0.0,0.0,0.0,7.82,1.1,0.0
20230222:2310,0.0,0.0,0.0,0.0,7.54,0.9,0.0
20230223:0010,0.0,0.0,0.0,0.0,7.39,0.69,0.0
20230223:0110,0.0,0.0,0.0,0.0,7.26,0.69,0.0
20230223:0210,0.0,0.0,0.0,0.0,7.17,0.69,0.0
20230223:0310,0.0,0.0,0.0,0.0,7.08,0.69,0.0
20230223:0410,0.0,0.0,0.0,0.0,6.99,0.62,0.0
20230223:0510,0.0,0.0,0.0,0.0,6.74,0.62,0.0
20230223:0610,0.0,0.0,0.0,0.0,6.59,0.62,0.0
20230223:0710,0.0,2.49,0.5,3.79,6.24,0.62,0.0
20230223:0810,0.0,15.45,3.1,12.24,6.62,0.83,0.0
20230223:0910,0.0,40.38,8.1,19.53,7.04,1.31,0.0
20230223:1010,1.86,66.2,13.3,25.14,7.57,1.72,0.0
20230223:1110,5.38,87.57,17.6,28.52,8.13,2.07,0.0
20230223:1210,0.0,21.44,4.3,29.24,8.48,2.14,0.0
20230223:1310,0.0,40.38,8.1,27.2,8.92,2.62,0.0
20230223:1410,0.0,30.91,6.2,22.69,8.9,2.9,0.0
20230223:1510,0.0,37.89,7.6,16.19,8.82,2.97,0.0
20230223:1610,12.42,27.36,5.3,8.28,8.48,2.34,0.0
20230223:1710,0.0,0.0,0.0,0.0,8.05,1.86,0.0
20230223:1810,0.0,0.0,0.0,0.0,7.65,1.86,0.0
20230223:1910,0.0,0.0,0.0,0.0,7.32,2.48,0.0
20230223:2010,0.0,0.0,0.0,0.0,6.98,2.83,0.0
20230223:2110,0.0,0.0,0.0,0.0,6.65,2.97,0.0
20230223:2210,0.0,0.0,0.0,0.0,6.24,2.69,0.0
20230223:2310,0.0,0.0,0.0,0.0,5.75,2.41,0.0
20230224:0010,0.0,0.0,0.0,0.0,5.21,2.28,0.0
20230224:0110,0.0,0.0,0.0,0.0,4.64,2.07,0.0
20230224:0210,0.0,0.0,0.0,0.0,4.21,1.93,0.0
20230224:0310,0.0,0.0,0.0,0.0,3.73,1.86,0.0
20230224:0410,0.0,0.0,0.0,0.0,3.39,1.59,0.0
20230224:0510,0.0,0.0,0.0,0.0,3.09,1.52,0.0
20230224:0610,0.0,0.0,0.0,0.0,2.96,1.38,0.0
20230224:0710,0.0,7.48,1.5,4.1,2.72,1.31,0.0
20230224:0810,77.61,69.18,12.5,12.56,3.46,1.59,0.0
20230224:0910,402.83,127.56,30.2,19.87,4.59,2.62,0.0
20230224:1010,25.66,100.26,20.0,25.5,5.29,3.66,0.0
20230224:1110,21.21,108.3,21.7,28.89,5.86,4.0,0.0
20230224:1210,0.0,77.77,15.6,29.61,6.63,4.55,0.0
20230224:1310,44.78,119.62,23.7,27.56,6.61,4.83,0.0
20230224:1410,0.0,35.89,7.2,23.02,6.51,4.62,0.0
20230224:1510,0.0,29.91,6.0,16.5,6.56,4.28,0.0
20230224:1610,41.66,40.16,7.2,8.57,6.58,4.21,0.0
20230224:1710,0.0,0.0,0.0,0.0,6.31,4.21,0.0
20230224:1810,0.0,0.0,0.0,0.0,5.45,3.93,0.0
20230224:1910,0.0,0.0,0.0,0.0,4.89,3.59,0.0
20230224:2010,0.0,0.0,0.0,0.0,4.28,3.45,0.0
20230224:2110,0.0,0.0,0.0,0.0,3.69,3.31,0.0
20230224:2210,0.0,0.0,0.0,0.0,3.17,3.17,0.0
20230224:2310,0.0,0.0,0.0,0.0,2.9,3.17,0.0
20230225:0010,0.0,0.0,0.0,0.0,2.79,3.24,0.0
20230225:0110,0.0,0.0,0.0,0.0,2.43,3.1,0.0
20230225:0210,0.0,0.0,0.0,0.0,2.15,3.03,0.0
20230225:0310,0.0,0.0,0.0,0.0,1.81,2.9,0.0
20230225:0410,0.0,0.0,0.0,0.0,1.57,2.83,0.0
20230225:0510,0.0,0.0,0.0,0.0,1.42,2.69,0.0
20230225:0610,0.0,0.0,0.0,0.0,1.17,2.69,0.0
20230225:0710,0.0,6.98,1.4,4.42,1.24,2.83,0.0
20230225:0810,122.19,82.11,14.6,12.89,2.31,2.55,0.0
20230225:0910,316.27,140.6,28.9,20.22,4.42,3.03,0.0
20230225:1010,614.45,127.26,43.3,25.86,5.63,4.69,0.0
20230225:1110,0.0,25.42,5.1,29.26,6.26,5.24,0.0
20230225:1210,0.0,22.43,4.5,29.98,6.76,4.83,0.0
20230225:1310,629.35,142.44,46.3,27.91,6.84,4.97,0.0
20230225:1410,615.58,102.74,40.1,23.35,6.89,5.24,0.0
20230225:1510,261.73,117.22,23.1,16.81,6.7,4.97,0.0
20230225:1610,22.83,34.88,6.6,8.85,6.29,4.48,0.0
20230225:1710,0.0,0.0,0.0,0.0,5.43,4.28,0.0
20230225:1810,0.0,0.0,0.0,0.0,4.26,4.21,0.0
20230225:1910,0.0,0.0,0.0,0.0,3.17,4.28,0.0
20230225:2010,0.0,0.0,0.0,0.0,2.26,3.86,0.0
20230225:2110,0.0,0.0,0.0,0.0,1.33,3.17,0.0
20230225:2210,0.0,0.0,0.0,0.0,0.46,2.9,0.0
20230225:2310,0.0,0.0,0.0,0.0,-0.18,2.97,0.0
20230226:0010,0.0,0.0,0.0,0.0,-0.55,3.1,0.0
20230226:0110,0.0,0.0,0.0,0.0,-0.79,3.17,0.0
20230226:0210,0.0,0.0,0.0,0.0,-1.0,3.17,0.0
20230226:0310,0.0,0.0,0.0,0.0,-1.21,3.31,0.0
20230226:0410,0.0,0.0,0.0,0.0,-1.43,3.45,0.0
20230226:0510,0.0,0.0,0.0,0.0,-1.56,3.72,0.0
20230226:0610,0.0,0.0,0.0,0.0,-1.65,3.79,0.0
20230226:0710,124.0,31.4,5.3,4.74,-1.61,4.07,0.0
20230226:0810,357.56,79.24,20.9,13.23,-0.73,3.66,0.0
20230226:0910,552.41,96.61,35.4,20.57,0.56,4.9,0.0
20230226:1010,612.9,132.65,44.3,26.23,1.78,5.52,0.0
20230226:1110,373.6,205.49,42.4,29.63,2.76,6.28,0.0
20230226:1210,476.95,202.41,46.2,30.35,3.59,7.17,0.0
20230226:1310,503.2,182.38,44.4,28.27,4.02,7.17,0.0
20230226:1410,593.46,113.88,40.5,23.68,4.24,7.03,0.0
20230226:1510,453.79,90.8,28.3,17.11,4.13,6.83,0.0
20230226:1610,221.91,63.61,12.5,9.14,3.81,5.52,0.0
20230226:1710,0.0,0.0,0.0,0.0,2.92,4.41,0.0
20230226:1810,0.0,0.0,0.0,0.0,1.93,4.0,0.0
20230226:1910,0.0,0.0,0.0,0.0,0.93,3.31,0.0
20230226:2010,0.0,0.0,0.0,0.0,0.36,3.52,0.0
20230226:2110,0.0,0.0,0.0,0.0,0.11,3.86,0.0
20230226:2210,0.0,0.0,0.0,0.0,-0.08,3.86,0.0
20230226:2310,0.0,0.0,0.0,0.0,-0.29,3.66,0.0
20230227:0010,0.0,0.0,0.0,0.0,-0.6,3.45,0.0
20230227:0110,0.0,0.0,0.0,0.0,-0.95,3.31,0.0
20230227:0210,0.0,0.0,0.0,0.0,-1.3,3.31,0.0
20230227:0310,0.0,0.0,0.0,0.0,-1.78,3.24,0.0
20230227:0410,0.0,0.0,0.0,0.0,-2.16,3.17,0.0
20230227:0510,0.0,0.0,0.0,0.0,-2.43,3.03,0.0
20230227:0610,0.0,0.0,0.0,0.0,-2.64,3.03,0.0
20230227:0710,126.45,33.18,5.7,5.06,-2.64,2.97,0.0
20230227:0810,340.05,81.28,21.0,13.56,-1.41,2.97,0.0
20230227:0910,539.05,98.44,35.6,20.93,0.4,3.86,0.0
20230227:1010,675.69,109.68,46.5,26.6,1.97,4.28,0.0
20230227:1110,739.2,120.25,52.4,30.01,3.14,4.9,0.0
20230227:1210,656.13,157.35,51.2,30.72,4.2,5.59,0.0
20230227:1310,724.18,112.07,50.3,28.62,4.52,5.31,0.0
20230227:1410,593.49,109.87,40.9,24.01,4.56,5.45,0.0
20230227:1510,441.09,92.46,28.5,17.42,4.35,5.59,0.0
20230227:1610,197.36,65.88,12.5,9.43,4.06,5.24,0.0
20230227:1710,0.0,0.0,0.0,0.0,3.57,4.28,0.0
20230227:1810,0.0,0.0,0.0,0.0,2.96,4.07,0.0
20230227:1910,0.0,0.0,0.0,0.0,2.4,3.59,0.0
20230227:2010,0.0,0.0,0.0,0.0,1.88,3.52,0.0
20230227:2110,0.0,0.0,0.0,0.0,1.01,3.24,0.0
20230227:2210,0.0,0.0,0.0,0.0,0.14,3.03,0.0
20230227:2310,0.0,0.0,0.0,0.0,-0.7,2.97,0.0
20230228:0010,0.0,0.0,0.0,0.0,-1.32,2.97,0.0
20230228:0110,0.0,0.0,0.0,0.0,-1.79,2.83,0.0
20230228:0210,0.0,0.0,0.0,0.0,-2.13,2.69,0.0
20230228:0310,0.0,0.0,0.0,0.0,-2.36,2.55,0.0
20230228:0410,0.0,0.0,0.0,0.0,-2.46,2.55,0.0
20230228:0510,0.0,0.0,0.0,0.0,-2.28,2.48,0.0
20230228:0610,0.0,0.0,0.0,0.0,-2.0,2.48,0.0
20230228:0710,71.29,33.02,5.3,5.39,-1.55,2.55,0.0
20230228:0810,316.96,84.82,21.0,13.9,-0.39,2.55,0.0
20230228:0910,498.56,109.6,35.2,21.28,0.96,3.17,0.0
20230228:1010,648.9,117.36,46.4,26.97,2.08,3.59,0.0
20230228:1110,691.41,135.31,51.7,30.39,3.09,4.41,0.0
20230228:1210,413.3,207.64,45.3,31.1,3.88,4.76,0.0
20230228:1310,687.62,123.22,49.9,28.98,4.3,4.69,0.0
20230228:1410,584.55,113.39,41.4,24.34,4.48,4.62,0.0
20230228:1510,436.59,92.14,28.9,17.73,4.48,4.55,0.0
20230228:1610,222.58,63.88,13.4,9.71,4.28,4.14,0.0
20230228:1710,0.0,0.0,0.0,0.0,3.16,3.24,0.0
20230228:1810,0.0,0.0,0.0,0.0,1.64,3.1,0.0
20230228:1910,0.0,0.0,0.0,0.0,0.7,2.97,0.0
20230228:2010,0.0,0.0,0.0,0.0,0.08,2.97,0.0
20230228:2110,0.0,0.0,0.0,0.0,-0.46,2.9,0.0
20230228:2210,0.0,0.0,0.0,0.0,-1.0,2.83,0.0
20230228:2310,0.0,0.0,0.0,0.0,-1.43,2.76,0.0
20230301:0010,0.0,0.0,0.0,0.0,-1.78,2.69,0.0
20230301:0110,0.0,0.0,0.0,0.0,-2.03,2.62,0.0
20230301:0210,0.0,0.0,0.0,0.0,-2.34,2.62,0.0
20230301:0310,0.0,0.0,0.0,0.0,-2.59,2.62,0.0
20230301:0410,0.0,0.0,0.0,0.0,-2.82,2.62,0.0
20230301:0510,0.0,0.0,0.0,0.0,-2.99,2.62,0.0
20230301:0610,0.0,0.0,0.0,0.0,-3.17,2.62,0.0
20230301:0710,119.74,40.14,6.6,5.72,-3.18,2.76,0.0
20230301:0810,292.98,91.3,21.2,14.25,-1.69,2.76,0.0
20230301:0910,481.11,118.18,35.7,21.64,0.24,3.38,0.0
20230301:1010,621.17,132.33,46.8,27.35,1.86,3.72,0.0
20230301:1110,720.22,131.43,53.7,30.77,3.18,3.93,0.0
20230301:1210,532.58,194.56,49.6,31.47,4.18,4.0,0.0
20230301:1310,693.42,128.05,51.3,29.34,4.86,4.14,0.0
20230301:1410,549.83,127.26,41.4,24.68,5.23,4.41,0.0
20230301:1510,422.6,100.32,29.5,18.03,5.22,4.55,0.0
20230301:1610,216.51,66.94,13.9,10.0,4.73,4.14,0.0
20230301:1710,0.0,0.0,0.0,0.0,3.44,3.66,0.0
20230301:1810,0.0,0.0,0.0,0.0,1.96,3.45,0.0
20230301:1910,0.0,0.0,0.0,0.0,1.4,3.24,0.0
20230301:2010,0.0,0.0,0.0,0.0,0.56,2.97,0.0
20230301:2110,0.0,0.0,0.0,0.0,-0.18,2.83,0.0
20230301:2210,0.0,0.0,0.0,0.0,-0.8,2.83,0.0
20230301:2310,0.0,0.0,0.0,0.0,-1.2,2.97,0.0
20230302:0010,0.0,0.0,0.0,0.0,-1.44,2.97,0.0
20230302:0110,0.0,0.0,0.0,0.0,-1.65,2.83,0.0
20230302:0210,0.0,0.0,0.0,0.0,-1.89,2.76,0.0
20230302:0310,0.0,0.0,0.0,0.0,-2.11,2.69,0.0
20230302:0410,0.0,0.0,0.0,0.0,-2.28,2.76,0.0
20230302:0510,0.0,0.0,0.0,0.0,-2.37,2.9,0.0
20230302:0610,0.0,0.0,0.0,0.0,-2.44,2.9,0.0
20230302:0710,121.38,41.37,7.1,6.05,-2.01,2.83,0.0
20230302:0810,290.4,90.68,21.6,14.59,-0.48,2.76,0.0
20230302:0910,476.53,117.52,36.1,22.0,1.4,3.31,0.0
20230302:1010,617.4,129.31,47.1,27.72,3.12,3.38,0.0
20230302:1110,688.38,137.89,53.2,31.16,4.7,3.59,0.0
20230302:1210,617.78,167.43,52.1,31.85,5.95,3.79,0.0
20230302:1310,663.06,133.35,50.8,29.7,6.86,3.93,0.0
20230302:1410,531.49,128.98,41.3,25.01,7.36,4.07,0.0
20230302:1510,401.64,101.62,29.3,18.34,7.45,4.14,0.0
20230302:1610,206.01,67.63,14.1,10.28,7.02,3.59,0.0
20230302:1710,0.0,0.0,0.0,0.0,5.66,3.03,0.0
20230302:1810,0.0,0.0,0.0,0.0,3.88,2.97,0.0
20230302:1910,0.0,0.0,0.0,0.0,3.55,3.03,0.0
20230302:2010,0.0,0.0,0.0,0.0,2.83,3.24,0.0
20230302:2110,0.0,0.0,0.0,0.0,2.19,3.17,0.0
20230302:2210,0.0,0.0,0.0,0.0,1.54,3.03,0.0
20230302:2310,0.0,0.0,0.0,0.0,1.0,2.9,0.0
20230303:0010,0.0,0.0,0.0,0.0,0.41,2.83,0.0
20230303:0110,0.0,0.0,0.0,0.0,-0.14,2.83,0.0
20230303:0210,0.0,0.0,0.0,0.0,-0.51,2.83,0.0
20230303:0310,0.0,0.0,0.0,0.0,-0.68,2.83,0.0
20230303:0410,0.0,0.0,0.0,0.0,-0.5,2.83,0.0
20230303:0510,0.0,0.0,0.0,0.0,-0.57,3.24,0.0
20230303:0610,0.0,0.0,0.0,0.0,-0.82,3.59,0.0
20230303:0710,2.92,14.99,3.0,6.39,-0.92,3.45,0.0
20230303:0810,0.0,35.89,7.2,14.94,-0.71,3.38,0.0
20230303:0910,0.0,40.38,8.1,22.37,-0.23,3.38,0.0
20230303:1010,0.0,53.34,10.7,28.1,0.54,3.38,0.0
20230303:1110,0.0,73.28,14.7,31.54,1.51,3.24,0.0
20230303:1210,0.0,53.34,10.7,32.23,2.49,3.1,0.0
20230303:1310,129.91,167.01,32.9,30.06,3.56,3.03,0.0
20230303:1410,513.65,134.34,41.5,25.34,4.27,3.31,0.0
20230303:1510,385.11,105.81,29.5,18.65,4.67,3.59,0.0
20230303:1610,198.35,68.68,14.4,10.57,4.75,3.45,0.0
20230303:1710,0.0,0.0,0.0,0.0,4.54,2.48,0.0
20230303:1810,0.0,0.0,0.0,0.0,3.73,1.86,0.0
20230303:1910,0.0,0.0,0.0,0.0,3.41,1.79,0.0
20230303:2010,0.0,0.0,0.0,0.0,2.82,1.79,0.0
20230303:2110,0.0,0.0,0.0,0.0,2.57,1.79,0.0
20230303:2210,0.0,0.0,0.0,0.0,2.4,1.86,0.0
20230303:2310,0.0,0.0,0.0,0.0,2.22,1.79,0.0
20230304:0010,0.0,0.0,0.0,0.0,1.8,1.86,0.0
20230304:0110,0.0,0.0,0.0,0.0,1.78,1.86,0.0
20230304:0210,0.0,0.0,0.0,0.0,1.55,2.0,0.0
20230304:0310,0.0,0.0,0.0,0.0,1.41,2.07,0.0
20230304:0410,0.0,0.0,0.0,0.0,1.12,2.14,0.0
20230304:0510,0.0,0.0,0.0,0.0,1.08,2.14,0.0
20230304:0610,0.0,0.0,0.0,0.0,1.19,2.07,0.0
20230304:0710,2.74,17.5,3.5,6.73,1.69,2.0,0.0
20230304:0810,0.0,37.39,7.5,15.29,3.09,1.79,0.0
20230304:0910,0.0,37.89,7.6,22.73,4.32,2.28,0.0
20230304:1010,0.0,44.86,9.0,28.48,5.36,3.59,0.0
20230304:1110,10.95,108.14,21.8,31.93,5.98,3.45,0.0
20230304:1210,0.0,40.88,8.2,32.61,6.58,3.17,0.0
20230304:1310,0.0,56.33,11.3,30.42,7.2,3.24,0.0
20230304:1410,0.0,42.37,8.5,25.68,7.24,3.31,0.0
20230304:1510,0.0,28.91,5.8,18.96,7.19,3.17,0.0
20230304:1610,8.69,33.94,6.8,10.85,6.96,3.24,0.0
20230304:1710,0.0,0.5,0.1,1.89,6.26,2.97,0.0
20230304:1810,0.0,0.0,0.0,0.0,5.17,2.9,0.0
20230304:1910,0.0,0.0,0.0,0.0,4.84,2.62,0.0
20230304:2010,0.0,0.0,0.0,0.0,4.38,2.48,0.0
20230304:2110,0.0,0.0,0.0,0.0,4.02,2.28,0.0
20230304:2210,0.0,0.0,0.0,0.0,3.47,2.07,0.0
20230304:2310,0.0,0.0,0.0,0.0,3.26,1.79,0.0
20230305:0010,0.0,0.0,0.0,0.0,3.18,1.59,0.0
20230305:0110,0.0,0.0,0.0,0.0,3.11,1.38,0.0
20230305:0210,0.0,0.0,0.0,0.0,2.95,1.45,0.0
20230305:0310,0.0,0.0,0.0,0.0,2.98,1.45,0.0
20230305:0410,0.0,0.0,0.0,0.0,2.7,1.52,0.0
20230305:0510,0.0,0.0,0.0,0.0,2.72,1.66,0.0
20230305:0610,0.0,0.0,0.0,0.0,2.5,1.86,0.0
20230305:0710,18.1,27.03,5.2,7.07,2.78,1.59,0.0
20230305:0810,29.56,65.37,13.0,15.64,3.34,1.66,0.0
20230305:0910,1.65,64.17,12.9,23.1,3.86,2.07,0.0
20230305:1010,0.0,40.88,8.2,28.86,4.69,2.62,0.0
20230305:1110,0.0,49.85,10.0,32.32,5.28,2.76,0.0
20230305:1210,0.0,53.34,10.7,33.0,5.43,2.76,0.0
20230305:1310,0.0,61.32,12.3,30.78,5.38,2.83,0.0
20230305:1410,0.0,51.84,10.4,26.01,5.65,3.03,0.0
20230305:1510,0.0,26.42,5.3,19.26,5.5,3.38,0.0
20230305:1610,0.0,19.94,4.0,11.14,5.12,2.9,0.0
20230305:1710,0.0,1.0,0.2,2.16,4.48,2.55,0.0
20230305:1810,0.0,0.0,0.0,0.0,3.76,2.34,0.0
20230305:1910,0.0,0.0,0.0,0.0,2.71,1.72,0.0
20230305:2010,0.0,0.0,0.0,0.0,2.41,1.59,0.0
20230305:2110,0.0,0.0,0.0,0.0,2.11,1.59,0.0
20230305:2210,0.0,0.0,0.0,0.0,1.93,1.72,0.0
20230305:2310,0.0,0.0,0.0,0.0,1.71,1.79,0.0
20230306:0010,0.0,0.0,0.0,0.0,1.5,1.79,0.0
20230306:0110,0.0,0.0,0.0,0.0,1.17,1.86,0.0
20230306:0210,0.0,0.0,0.0,0.0,0.91,1.93,0.0
20230306:0310,0.0,0.0,0.0,0.0,0.68,2.0,0.0
20230306:0410,0.0,0.0,0.0,0.0,0.0,2.14,0.0
20230306:0510,0.0,0.0,0.0,0.0,-0.67,2.21,0.0
20230306:0610,0.0,0.0,0.0,0.0,-1.08,2.21,0.0
20230306:0710,31.73,32.77,6.2,7.41,-0.96,2.07,0.0
20230306:0810,96.95,89.96,17.6,16.0,0.68,2.41,0.0
20230306:0910,0.0,56.83,11.4,23.47,2.49,3.1,0.0
20230306:1010,72.76,140.2,28.1,29.25,3.68,3.24,0.0
20230306:1110,81.94,158.62,31.8,32.71,4.58,3.38,0.0
20230306:1210,45.37,142.43,28.7,33.38,5.35,3.72,0.0
20230306:1310,48.97,136.13,27.4,31.15,5.73,4.14,0.0
20230306:1410,238.64,166.15,34.5,26.35,5.89,4.48,0.0
20230306:1510,44.07,88.19,17.6,19.57,6.26,4.83,0.0
20230306:1610,18.16,43.23,8.6,11.42,6.17,4.83,0.0
20230306:1710,0.0,2.49,0.5,2.43,5.57,4.48,0.0
20230306:1810,0.0,0.0,0.0,0.0,4.91,4.76,0.0
20230306:1910,0.0,0.0,0.0,0.0,4.45,5.31,0.0
20230306:2010,0.0,0.0,0.0,0.0,4.64,5.72,0.0
20230306:2110,0.0,0.0,0.0,0.0,4.72,5.86,0.0
20230306:2210,0.0,0.0,0.0,0.0,4.51,6.0,0.0
20230306:2310,0.0,0.0,0.0,0.0,4.24,6.21,0.0
20230307:0010,0.0,0.0,0.0,0.0,4.11,6.21,0.0
20230307:0110,0.0,0.0,0.0,0.0,4.0,6.14,0.0
20230307:0210,0.0,0.0,0.0,0.0,3.91,5.86,0.0
20230307:0310,0.0,0.0,0.0,0.0,3.84,5.52,0.0
20230307:0410,0.0,0.0,0.0,0.0,3.77,5.17,0.0
20230307:0510,0.0,0.0,0.0,0.0,3.7,5.17,0.0
20230307:0610,0.0,0.0,0.0,0.0,3.6,5.45,0.0
20230307:0710,4.62,21.93,4.4,7.75,3.52,6.14,0.0
20230307:0810,0.0,14.95,3.0,16.36,4.12,6.07,0.0
20230307:0910,0.0,38.38,7.7,23.84,4.49,5.52,0.0
20230307:1010,0.0,34.4,6.9,29.64,4.7,4.41,0.0
20230307:1110,0.0,23.93,4.8,33.11,4.84,3.1,0.0
20230307:1210,0.0,48.85,9.8,33.76,4.55,2.83,0.0
20230307:1310,0.0,54.83,11.0,31.51,4.04,2.9,0.0
20230307:1410,0.0,68.79,13.8,26.68,3.64,2.76,0.0
20230307:1510,0.0,38.88,7.8,19.88,3.43,2.28,0.0
20230307:1610,0.0,25.42,5.1,11.71,3.04,2.28,0.0
20230307:1710,0.0,1.0,0.2,2.7,2.66,1.93,0.0
20230307:1810,0.0,0.0,0.0,0.0,2.34,1.93,0.0
20230307:1910,0.0,0.0,0.0,0.0,1.56,1.72,0.0
20230307:2010,0.0,0.0,0.0,0.0,1.58,1.86,0.0
20230307:2110,0.0,0.0,0.0,0.0,1.58,1.79,0.0
20230307:2210,0.0,0.0,0.0,0.0,1.49,1.66,0.0
20230307:2310,0.0,0.0,0.0,0.0,1.03,1.59,0.0
20230308:0010,0.0,0.0,0.0,0.0,1.06,1.45,0.0
20230308:0110,0.0,0.0,0.0,0.0,0.91,1.45,0.0
20230308:0210,0.0,0.0,0.0,0.0,0.6,1.72,0.0
20230308:0310,0.0,0.0,0.0,0.0,0.61,2.28,0.0
20230308:0410,0.0,0.0,0.0,0.0,0.68,2.69,0.0
20230308:0510,0.0,0.0,0.0,0.0,0.73,2.9,0.0
20230308:0610,0.0,0.0,0.0,0.0,0.78,3.03,0.0
20230308:0710,0.0,16.45,3.3,8.1,0.75,3.1,0.0
20230308:0810,18.67,62.41,12.6,16.71,0.89,2.76,0.0
20230308:0910,1.56,64.14,12.9,24.22,1.11,2.62,0.0
20230308:1010,3.0,88.45,17.8,30.02,1.37,2.55,0.0
20230308:1110,0.0,77.77,15.6,33.5,1.82,2.48,0.0
20230308:1210,0.0,42.87,8.6,34.15,2.11,2.34,0.0
20230308:1310,0.0,58.32,11.7,31.87,2.44,2.07,0.0
20230308:1410,1.53,71.61,14.4,27.02,2.64,2.0,0.0
20230308:1510,6.48,63.91,12.9,20.18,2.77,1.72,0.0
20230308:1610,0.0,25.42,5.1,11.99,3.04,1.38,0.0
20230308:1710,0.0,2.99,0.6,2.97,3.53,0.83,0.0
20230308:1810,0.0,0.0,0.0,0.0,3.74,0.69,0.0
20230308:1910,0.0,0.0,0.0,0.0,2.69,1.66,0.0
20230308:2010,0.0,0.0,0.0,0.0,2.84,1.59,0.0
20230308:2110,0.0,0.0,0.0,0.0,3.05,1.59,0.0
20230308:2210,0.0,0.0,0.0,0.0,3.68,1.45,0.0
20230308:2310,0.0,0.0,0.0,0.0,4.78,1.59,0.0
20230309:0010,0.0,0.0,0.0,0.0,5.13,2.55,0.0
20230309:0110,0.0,0.0,0.0,0.0,5.19,2.62,0.0
20230309:0210,0.0,0.0,0.0,0.0,4.85,2.21,0.0
20230309:0310,0.0,0.0,0.0,0.0,5.1,2.62,0.0
20230309:0410,0.0,0.0,0.0,0.0,5.63,2.62,0.0
20230309:0510,0.0,0.0,0.0,0.0,5.73,2.55,0.0
20230309:0610,0.0,0.0,0.0,0.0,5.59,2.28,0.0
20230309:0710,16.58,30.54,6.1,8.45,3.82,1.24,0.0
20230309:0810,1.65,46.72,9.4,17.08,3.98,0.9,0.0
20230309:0910,9.16,81.12,16.4,24.59,4.91,1.31,0.0
20230309:1010,2.95,87.42,17.6,30.41,6.08,1.45,0.0
20230309:1110,0.0,63.31,12.7,33.9,7.31,2.14,0.0
20230309:1210,2.89,98.88,19.9,34.54,8.56,3.66,0.0
20230309:1310,24.83,121.36,24.6,32.24,9.95,4.76,0.0
20230309:1410,1.5,75.61,15.2,27.35,11.77,5.24,0.0
20230309:1510,45.9,91.05,18.4,20.49,12.46,5.86,0.0
20230309:1610,0.0,20.94,4.2,12.27,11.58,5.45,0.0
20230309:1710,0.0,2.99,0.6,3.24,10.48,5.45,0.0
20230309:1810,0.0,0.0,0.0,0.0,10.05,5.59,0.0
20230309:1910,0.0,0.0,0.0,0.0,10.4,5.72,0.0
20230309:2010,0.0,0.0,0.0,0.0,10.23,5.59,0.0
20230309:2110,0.0,0.0,0.0,0.0,9.93,5.17,0.0
20230309:2210,0.0,0.0,0.0,0.0,9.93,5.72,0.0
20230309:2310,0.0,0.0,0.0,0.0,10.24,7.03,0.0
20230310:0010,0.0,0.0,0.0,0.0,10.15,7.59,0.0
20230310:0110,0.0,0.0,0.0,0.0,9.96,6.97,0.0
20230310:0210,0.0,0.0,0.0,0.0,9.48,6.34,0.0
20230310:0310,0.0,0.0,0.0,0.0,8.96,5.59,0.0
20230310:0410,0.0,0.0,0.0,0.0,8.4,4.97,0.0
20230310:0510,0.0,0.0,0.0,0.0,7.86,4.55,0.0
20230310:0610,0.0,0.0,0.0,0.0,7.52,4.28,0.0
20230310:0710,21.66,34.55,6.9,8.8,7.89,4.48,0.0
20230310:0810,1.61,45.7,9.2,17.44,8.24,5.03,0.0
20230310:0910,2.99,72.98,14.7,24.97,8.47,5.17,0.0
20230310:1010,0.0,61.32,12.3,30.81,8.44,4.69,0.0
20230310:1110,0.0,55.33,11.1,34.29,8.53,6.14,0.0
20230310:1210,0.0,39.88,8.0,34.93,8.29,6.76,0.0
20230310:1310,0.0,49.35,9.9,32.6,7.37,6.83,0.0
20230310:1410,0.0,23.43,4.7,27.68,5.88,7.52,0.0
20230310:1510,1.55,53.66,10.8,20.79,2.73,8.55,0.0
20230310:1610,113.71,71.52,14.9,12.55,2.68,8.55,0.0
20230310:1710,0.0,2.99,0.6,3.51,2.53,7.1,0.0
20230310:1810,0.0,0.0,0.0,0.0,1.94,5.52,0.0
20230310:1910,0.0,0.0,0.0,0.0,1.68,5.17,0.0
20230310:2010,0.0,0.0,0.0,0.0,1.33,4.62,0.0
20230310:2110,0.0,0.0,0.0,0.0,0.99,3.79,0.0
20230310:2210,0.0,0.0,0.0,0.0,0.39,3.03,0.0
20230310:2310,0.0,0.0,0.0,0.0,-0.19,2.69,0.0
20230311:0010,0.0,0.0,0.0,0.0,-0.6,2.69,0.0
20230311:0110,0.0,0.0,0.0,0.0,-1.07,2.55,0.0
20230311:0210,0.0,0.0,0.0,0.0,-1.43,2.55,0.0
20230311:0310,0.0,0.0,0.0,0.0,-1.65,2.41,0.0
20230311:0410,0.0,0.0,0.0,0.0,-1.96,2.14,0.0
20230311:0510,0.0,0.0,0.0,0.0,-2.31,1.86,0.0
20230311:0610,0.0,0.0,0.0,0.0,-2.76,1.59,0.0
20230311:0710,147.92,50.26,12.4,9.15,-2.17,1.17,0.0
20230311:0810,322.04,88.58,28.2,17.8,0.91,0.62,0.0
20230311:0910,482.8,111.87,42.3,25.35,3.13,0.28,0.0
20230311:1010,342.23,191.24,44.6,31.2,4.19,0.62,0.0
20230311:1110,161.94,194.97,39.8,34.69,4.52,0.62,0.0
20230311:1210,274.06,215.94,46.1,35.31,5.26,0.28,0.0
20230311:1310,347.03,202.9,46.7,32.97,5.71,0.55,0.0
20230311:1410,358.68,166.46,41.6,28.02,6.11,0.97,0.0
20230311:1510,231.47,128.13,29.2,21.1,6.16,0.97,0.0
20230311:1610,217.93,68.2,18.9,12.84,6.08,0.97,0.0
20230311:1710,2.79,8.28,1.7,3.77,5.62,1.1,0.0
20230311:1810,0.0,0.0,0.0,0.0,3.86,2.14,0.0
20230311:1910,0.0,0.0,0.0,0.0,2.74,1.93,0.0
20230311:2010,0.0,0.0,0.0,0.0,2.13,2.34,0.0
20230311:2110,0.0,0.0,0.0,0.0,1.82,2.48,0.0
20230311:2210,0.0,0.0,0.0,0.0,2.43,2.55,0.0
20230311:2310,0.0,0.0,0.0,0.0,2.81,2.69,0.0
20230312:0010,0.0,0.0,0.0,0.0,2.44,2.9,0.0
20230312:0110,0.0,0.0,0.0,0.0,2.11,3.52,0.0
20230312:0210,0.0,0.0,0.0,0.0,2.05,3.93,0.0
20230312:0310,0.0,0.0,0.0,0.0,2.63,4.07,0.0
20230312:0410,0.0,0.0,0.0,0.0,3.44,4.07,0.0
20230312:0510,0.0,0.0,0.0,0.0,4.47,4.28,0.0
20230312:0610,0.0,0.0,0.0,0.0,5.82,4.83,0.0
20230312:0710,0.0,9.47,1.9,9.51,6.72,5.03,0.0
20230312:0810,0.0,40.38,8.1,18.17,7.77,5.52,0.0
20230312:0910,15.83,93.12,18.9,25.73,8.36,5.66,0.0
20230312:1010,35.08,128.3,26.1,31.59,8.99,5.59,0.0
20230312:1110,29.14,136.36,27.7,35.09,9.91,6.41,0.0
20230312:1210,51.25,153.35,31.2,35.7,10.62,6.55,0.0
20230312:1310,27.9,128.92,26.2,33.33,11.28,6.76,0.0
20230312:1410,66.79,133.49,27.2,28.35,11.18,6.34,0.0
20230312:1510,28.11,86.45,17.6,21.4,10.96,5.72,0.0
20230312:1610,4.9,39.52,8.0,13.12,10.9,5.38,0.0
20230312:1710,0.0,4.98,1.0,4.04,10.62,4.97,0.0
20230312:1810,0.0,0.0,0.0,0.0,10.06,4.41,0.0
20230312:1910,0.0,0.0,0.0,0.0,10.17,4.41,0.0
20230312:2010,0.0,0.0,0.0,0.0,10.01,4.76,0.0
20230312:2110,0.0,0.0,0.0,0.0,9.99,5.45,0.0
20230312:2210,0.0,0.0,0.0,0.0,9.92,5.86,0.0
20230312:2310,0.0,0.0,0.0,0.0,9.69,6.14,0.0
20230313:0010,0.0,0.0,0.0,0.0,9.98,6.83,0.0
20230313:0110,0.0,0.0,0.0,0.0,10.42,7.17,0.0
20230313:0210,0.0,0.0,0.0,0.0,11.03,7.45,0.0
20230313:0310,0.0,0.0,0.0,0.0,11.4,7.52,0.0
20230313:0410,0.0,0.0,0.0,0.0,11.55,7.52,0.0
20230313:0510,0.0,0.0,0.0,0.0,11.61,7.93,0.0
20230313:0610,0.0,0.0,0.0,0.0,11.6,8.21,0.0
20230313:0710,8.5,31.94,6.5,9.86,12.07,8.34,0.0
20230313:0810,10.37,62.99,12.8,18.53,12.27,8.34,0.0
20230313:0910,18.35,96.38,19.6,26.11,12.63,8.41,0.0
20230313:1010,162.9,175.97,36.8,31.99,13.24,8.76,0.0
20230313:1110,90.24,170.03,34.8,35.49,14.2,9.52,0.0
20230313:1210,285.33,210.88,46.7,36.09,15.18,10.0,0.0
20230313:1310,355.78,193.81,47.1,33.7,15.6,9.1,0.0
20230313:1410,276.48,166.37,38.8,28.68,15.82,8.34,0.0
20230313:1510,289.29,115.26,31.5,21.7,15.59,7.79,0.0
20230313:1610,15.77,48.48,9.9,13.4,14.93,6.83,0.0
20230313:1710,0.0,3.49,0.7,4.31,14.06,5.59,0.0
20230313:1810,0.0,0.0,0.0,0.0,13.15,5.31,0.0
20230313:1910,0.0,0.0,0.0,0.0,13.01,5.93,0.0
20230313:2010,0.0,0.0,0.0,0.0,12.41,6.48,0.0
20230313:2110,0.0,0.0,0.0,0.0,12.2,6.83,0.0
20230313:2210,0.0,0.0,0.0,0.0,11.49,6.97,0.0
20230313:2310,0.0,0.0,0.0,0.0,10.89,7.03,0.0
20230314:0010,0.0,0.0,0.0,0.0,10.18,6.83,0.0
20230314:0110,0.0,0.0,0.0,0.0,9.59,6.55,0.0
20230314:0210,0.0,0.0,0.0,0.0,9.13,6.21,0.0
20230314:0310,0.0,0.0,0.0,0.0,9.08,5.79,0.0
20230314:0410,0.0,0.0,0.0,0.0,8.84,5.31,0.0
20230314:0510,0.0,0.0,0.0,0.0,8.44,5.38,0.0
20230314:0610,0.0,0.0,0.0,0.0,8.48,5.72,0.0
20230314:0710,0.0,10.97,2.2,10.22,8.35,7.38,0.0
20230314:0810,8.66,63.54,12.9,18.9,6.76,6.97,0.0
20230314:0910,0.0,53.34,10.7,26.5,6.33,7.24,0.0
20230314:1010,0.0,63.31,12.7,32.38,6.56,7.1,0.0
20230314:1110,0.0,52.84,10.6,35.89,6.59,6.62,0.0
20230314:1210,0.0,33.9,6.8,36.48,5.78,5.72,0.0
20230314:1310,0.0,37.39,7.5,34.06,4.89,4.48,0.0
20230314:1410,0.0,46.36,9.3,29.02,4.58,4.9,0.0
20230314:1510,0.0,33.9,6.8,22.0,4.58,4.41,0.0
20230314:1610,1.52,34.2,6.9,13.68,4.57,3.52,0.0
20230314:1710,0.0,6.98,1.4,4.57,4.52,2.83,0.0
20230314:1810,0.0,0.0,0.0,0.0,3.67,2.76,0.0
20230314:1910,0.0,0.0,0.0,0.0,3.14,2.83,0.0
20230314:2010,0.0,0.0,0.0,0.0,2.34,3.1,0.0
20230314:2110,0.0,0.0,0.0,0.0,2.09,3.38,0.0
20230314:2210,0.0,0.0,0.0,0.0,2.07,3.79,0.0
20230314:2310,0.0,0.0,0.0,0.0,2.31,4.0,0.0
20230315:0010,0.0,0.0,0.0,0.0,2.05,3.79,0.0
20230315:0110,0.0,0.0,0.0,0.0,1.9,3.79,0.0
20230315:0210,0.0,0.0,0.0,0.0,2.01,3.72,0.0
20230315:0310,0.0,0.0,0.0,0.0,2.01,3.45,0.0
20230315:0410,0.0,0.0,0.0,0.0,1.5,2.9,0.0
20230315:0510,0.0,0.0,0.0,0.0,1.13,2.69,0.0
20230315:0610,0.0,0.0,0.0,0.0,0.8,2.34,0.0
20230315:0710,117.74,55.39,13.6,10.57,1.75,1.38,0.0
20230315:0810,240.54,106.54,28.1,19.27,3.21,1.52,0.0
20230315:0910,211.92,159.9,35.4,26.88,4.39,1.1,0.0
20230315:1010,143.06,179.56,37.3,32.78,5.53,0.83,0.0
20230315:1110,232.35,213.08,45.6,36.29,6.35,1.03,0.0
20230315:1210,448.31,207.16,55.1,36.87,7.16,1.24,0.0
20230315:1310,231.83,203.18,43.8,34.42,7.6,1.31,0.0
20230315:1410,145.62,163.75,34.3,29.35,8.16,1.72,0.0
20230315:1510,76.09,112.72,23.3,22.3,8.35,2.0,0.0
20230315:1610,38.28,63.01,13.0,13.95,8.17,1.93,0.0
20230315:1710,0.0,2.99,0.6,4.84,7.41,1.52,0.0
20230315:1810,0.0,0.0,0.0,0.0,6.36,2.07,0.0
20230315:1910,0.0,0.0,0.0,0.0,5.6,2.34,0.0
20230315:2010,0.0,0.0,0.0,0.0,5.12,2.76,0.0
20230315:2110,0.0,0.0,0.0,0.0,4.86,3.03,0.0
20230315:2210,0.0,0.0,0.0,0.0,4.74,3.38,0.0
20230315:2310,0.0,0.0,0.0,0.0,4.87,3.66,0.0
20230316:0010,0.0,0.0,0.0,0.0,4.97,3.86,0.0
20230316:0110,0.0,0.0,0.0,0.0,5.08,4.07,0.0
20230316:0210,0.0,0.0,0.0,0.0,4.95,4.21,0.0
20230316:0310,0.0,0.0,0.0,0.0,4.9,4.21,0.0
20230316:0410,0.0,0.0,0.0,0.0,4.97,4.41,0.0
20230316:0510,0.0,0.0,0.0,0.0,5.17,4.69,0.0
20230316:0610,0.0,0.0,0.0,0.0,5.34,4.9,0.0
20230316:0710,143.67,53.51,15.1,10.93,5.86,4.76,0.0
20230316:0810,113.79,107.2,23.1,19.64,6.8,4.62,0.0
20230316:0910,65.31,128.96,26.6,27.27,8.35,5.59,0.0
20230316:1010,567.13,128.67,54.6,33.18,9.82,6.0,0.0
20230316:1110,321.88,214.03,49.8,36.69,11.03,6.21,0.0
20230316:1210,700.78,116.83,63.6,37.26,12.16,6.28,0.0
20230316:1310,551.16,149.77,55.8,34.79,12.96,6.14,0.0
20230316:1410,416.08,147.39,45.8,29.68,13.47,5.79,0.0
20230316:1510,143.42,126.16,27.5,22.6,13.71,5.45,0.0
20230316:1610,17.08,54.0,11.1,14.23,13.44,5.1,0.0
20230316:1710,5.3,14.45,3.0,5.1,12.6,4.83,0.0
20230316:1810,0.0,0.0,0.0,0.0,11.76,4.55,0.0
20230316:1910,0.0,0.0,0.0,0.0,10.53,4.9,0.0
20230316:2010,0.0,0.0,0.0,0.0,10.6,5.24,0.0
20230316:2110,0.0,0.0,0.0,0.0,10.68,5.38,0.0
20230316:2210,0.0,0.0,0.0,0.0,10.52,5.24,0.0
20230316:2310,0.0,0.0,0.0,0.0,10.26,4.9,0.0
20230317:0010,0.0,0.0,0.0,0.0,9.88,4.62,0.0
20230317:0110,0.0,0.0,0.0,0.0,9.54,4.34,0.0
20230317:0210,0.0,0.0,0.0,0.0,9.05,4.14,0.0
20230317:0310,0.0,0.0,0.0,0.0,8.85,3.86,0.0
20230317:0410,0.0,0.0,0.0,0.0,8.62,3.72,0.0
20230317:0510,0.0,0.0,0.0,0.0,8.3,3.52,0.0
20230317:0610,0.0,0.71,0.2,1.99,8.0,3.45,0.0
20230317:0710,42.52,51.59,11.0,11.29,8.21,3.31,0.0
20230317:0810,0.0,50.35,10.1,20.01,9.54,3.59,0.0
20230317:0910,2.62,79.86,16.1,27.65,10.92,3.93,0.0
20230317:1010,295.3,192.03,45.5,33.58,11.72,3.66,0.0
20230317:1110,279.84,212.69,48.2,37.09,12.99,3.79,0.0
20230317:1210,411.13,205.98,54.1,37.65,14.27,3.93,0.0
20230317:1310,221.02,198.56,43.5,35.15,14.98,4.41,0.0
20230317:1410,10.42,101.99,20.7,30.01,15.21,4.34,0.0
20230317:1510,22.5,88.67,18.2,22.9,15.39,4.48,0.0
20230317:1610,0.0,31.41,6.3,14.51,15.03,4.14,0.0
20230317:1710,30.86,21.29,4.9,5.37,14.3,3.93,0.0
20230317:1810,0.0,0.0,0.0,0.0,13.66,3.52,0.0
20230317:1910,0.0,0.0,0.0,0.0,13.38,3.59,0.0
20230317:2010,0.0,0.0,0.0,0.0,12.81,3.45,0.0
20230317:2110,0.0,0.0,0.0,0.0,11.98,3.1,0.0
20230317:2210,0.0,0.0,0.0,0.0,11.2,2.76,0.0
20230317:2310,0.0,0.0,0.0,0.0,10.64,2.83,0.0
20230318:0010,0.0,0.0,0.0,0.0,10.42,2.9,0.0
20230318:0110,0.0,0.0,0.0,0.0,10.06,2.9,0.0
20230318:0210,0.0,0.0,0.0,0.0,10.04,2.83,0.0
20230318:0310,0.0,0.0,0.0,0.0,9.79,2.9,0.0
20230318:0410,0.0,0.0,0.0,0.0,9.46,3.03,0.0
20230318:0510,0.0,0.0,0.0,0.0,9.38,3.24,0.0
20230318:0610,0.0,3.49,0.7,2.35,9.0,3.31,0.0
20230318:0710,0.0,16.95,3.4,11.65,8.81,3.31,0.0
20230318:0810,165.5,111.0,26.4,20.38,9.96,3.03,0.0
20230318:0910,0.0,58.32,11.7,28.04,11.09,3.59,0.0
20230318:1010,0.0,67.3,13.5,33.98,12.27,3.86,0.0
20230318:1110,73.72,171.01,35.3,37.5,13.52,4.34,0.0
20230318:1210,453.58,196.18,56.1,38.04,14.63,4.97,0.0
20230318:1310,566.54,136.41,57.1,35.51,15.16,5.31,0.0
20230318:1410,226.54,172.03,39.4,30.34,15.04,5.52,0.0
20230318:1510,71.19,112.14,23.6,23.2,14.44,5.17,0.0
20230318:1610,27.94,61.23,12.8,14.78,13.73,5.03,0.0
20230318:1710,7.47,17.05,3.6,5.63,13.0,4.28,0.0
20230318:1810,0.0,0.0,0.0,0.0,11.72,3.86,0.0
20230318:1910,0.0,0.0,0.0,0.0,11.4,3.31,0.0
20230318:2010,0.0,0.0,0.0,0.0,10.81,3.45,0.0
20230318:2110,0.0,0.0,0.0,0.0,10.29,3.45,0.0
20230318:2210,0.0,0.0,0.0,0.0,10.23,3.59,0.0
20230318:2310,0.0,0.0,0.0,0.0,9.81,3.45,0.0
20230319:0010,0.0,0.0,0.0,0.0,9.42,3.38,0.0
20230319:0110,0.0,0.0,0.0,0.0,9.0,3.24,0.0
20230319:0210,0.0,0.0,0.0,0.0,8.83,3.03,0.0
20230319:0310,0.0,0.0,0.0,0.0,8.3,2.76,0.0
20230319:0410,0.0,0.0,0.0,0.0,7.77,2.62,0.0
20230319:0510,0.0,0.0,0.0,0.0,7.58,2.48,0.0
20230319:0610,1.55,5.08,1.1,2.7,7.32,2.48,0.0
20230319:0710,134.01,55.65,16.4,12.01,7.62,2.48,0.0
20230319:0810,308.85,86.76,32.7,20.75,9.09,3.86,0.0
20230319:0910,59.22,130.34,27.1,28.42,10.15,3.52,0.0
20230319:1010,140.56,182.01,38.6,34.37,11.01,3.31,0.0
20230319:1110,0.0,89.23,17.9,37.9,11.53,3.1,0.0
20230319:1210,78.91,177.39,36.7,38.43,12.15,3.1,0.0
20230319:1310,48.91,153.04,31.5,35.87,12.18,3.31,0.0
20230319:1410,26.42,119.99,24.6,30.66,11.86,3.66,0.0
20230319:1510,119.02,125.42,27.4,23.5,11.31,4.14,0.0
20230319:1610,30.88,63.61,13.4,15.06,10.85,4.21,0.0
20230319:1710,6.88,18.49,3.9,5.89,10.02,3.93,0.0
20230319:1810,0.0,0.0,0.0,0.0,8.97,3.72,0.0
20230319:1910,0.0,0.0,0.0,0.0,8.23,3.24,0.0
20230319:2010,0.0,0.0,0.0,0.0,7.81,2.21,0.0
20230319:2110,0.0,0.0,0.0,0.0,7.01,1.66,0.0
20230319:2210,0.0,0.0,0.0,0.0,6.08,1.93,0.0
20230319:2310,0.0,0.0,0.0,0.0,5.21,2.28,0.0
20230320:0010,0.0,0.0,0.0,0.0,4.8,2.41,0.0
20230320:0110,0.0,0.0,0.0,0.0,4.48,2.34,0.0
20230320:0210,0.0,0.0,0.0,0.0,4.17,2.62,0.0
20230320:0310,0.0,0.0,0.0,0.0,4.26,2.83,0.0
20230320:0410,0.0,0.0,0.0,0.0,4.55,2.83,0.0
20230320:0510,0.0,0.0,0.0,0.0,4.57,2.83,0.0
20230320:0610,0.0,1.0,0.2,3.06,4.68,3.03,0.0
20230320:0710,8.74,41.54,8.6,12.37,5.05,3.1,0.0
20230320:0810,0.0,29.91,6.0,21.13,5.68,3.66,0.0
20230320:0910,0.0,62.31,12.5,28.81,6.17,3.86,0.0
20230320:1010,2.47,100.28,20.2,34.77,6.89,4.14,0.0
20230320:1110,38.28,153.88,31.6,38.3,7.81,4.34,0.0
20230320:1210,139.55,199.21,42.1,38.82,8.32,4.41,0.0
20230320:1310,66.71,163.04,33.8,36.24,8.7,4.28,0.0
20230320:1410,0.0,60.82,12.2,30.99,8.94,4.07,0.0
20230320:1510,0.0,28.91,5.8,23.8,8.96,3.45,0.0
20230320:1610,0.0,37.39,7.5,15.33,9.1,4.0,0.0
20230320:1710,0.0,6.48,1.3,6.15,9.15,3.86,0.0
20230320:1810,0.0,0.0,0.0,0.0,9.17,3.79,0.0
20230320:1910,0.0,0.0,0.0,0.0,10.02,3.31,0.0
20230320:2010,0.0,0.0,0.0,0.0,9.58,3.24,0.0
20230320:2110,0.0,0.0,0.0,0.0,9.24,3.1,0.0
20230320:2210,0.0,0.0,0.0,0.0,9.12,2.9,0.0
20230320:2310,0.0,0.0,0.0,0.0,9.21,2.69,0.0
20230321:0010,0.0,0.0,0.0,0.0,9.2,2.62,0.0
20230321:0110,0.0,0.0,0.0,0.0,9.21,2.76,0.0
20230321:0210,0.0,0.0,0.0,0.0,9.16,2.76,0.0
20230321:0310,0.0,0.0,0.0,0.0,8.83,2.9,0.0
20230321:0410,0.0,0.0,0.0,0.0,8.7,3.17,0.0
20230321:0510,0.0,0.0,0.0,0.0,8.67,3.59,0.0
20230321:0610,0.0,1.99,0.4,3.41,8.45,3.79,0.0
20230321:0710,0.0,0.0,0.0,0.0,9.22,3.86,0.0
20230321:0810,0.0,0.0,0.0,0.0,10.04,4.0,0.0
20230321:0910,0.0,63.31,12.7,29.19,11.11,4.41,0.0
20230321:1010,4.87,105.37,21.3,35.17,11.79,4.76,0.0
20230321:1110,249.58,214.37,48.7,38.7,12.28,5.24,0.0
20230321:1210,101.06,188.24,39.4,39.21,13.37,6.76,0.0
20230321:1310,35.29,145.84,30.0,36.6,14.13,6.41,0.0
20230321:1410,2.43,89.29,18.0,31.32,14.48,6.0,0.0
20230321:1510,9.69,82.31,16.8,24.09,14.02,5.17,0.0
20230321:1610,6.02,48.78,10.0,15.6,13.36,4.76,0.0
20230321:1710,31.54,25.33,6.4,6.41,12.62,4.28,0.0
20230321:1810,0.0,0.0,0.0,0.0,11.91,3.59,0.0
20230321:1910,0.0,0.0,0.0,0.0,10.99,3.93,0.0
20230321:2010,0.0,0.0,0.0,0.0,10.49,3.66,0.0
20230321:2110,0.0,0.0,0.0,0.0,10.1,3.52,0.0
20230321:2210,0.0,0.0,0.0,0.0,10.04,3.72,0.0
20230321:2310,0.0,0.0,0.0,0.0,10.03,4.14,0.0
20230322:0010,0.0,0.0,0.0,0.0,10.26,4.62,0.0
20230322:0110,0.0,0.0,0.0,0.0,10.12,5.1,0.0
20230322:0210,0.0,0.0,0.0,0.0,9.84,5.38,0.0
20230322:0310,0.0,0.0,0.0,0.0,9.16,5.59,0.0
20230322:0410,0.0,0.0,0.0,0.0,8.54,5.66,0.0
20230322:0510,0.0,0.0,0.0,0.0,8.25,5.86,0.0
20230322:0610,1.92,8.17,1.8,3.77,7.97,5.93,0.0
20230322:0710,0.0,0.0,0.0,0.0,9.37,6.21,0.0
20230322:0810,17.71,82.73,17.1,21.87,9.65,6.21,0.0
20230322:0910,0.0,72.78,14.6,29.58,10.04,7.93,0.0
20230322:1010,0.0,88.73,17.8,35.57,10.08,6.69,0.0
20230322:1110,13.2,131.72,26.8,39.11,10.2,6.21,0.0
20230322:1210,0.0,85.24,17.1,39.6,10.23,6.21,0.0
20230322:1310,0.0,68.29,13.7,36.96,10.81,6.34,0.0
20230322:1410,0.0,49.35,9.9,31.64,11.24,7.1,0.0
20230322:1510,0.0,51.35,10.3,24.38,11.29,6.83,0.0
20230322:1610,0.0,13.46,2.7,15.88,11.28,6.48,0.0
20230322:1710,0.0,12.96,2.6,6.67,11.42,6.34,0.0
20230322:1810,0.0,0.0,0.0,0.0,11.53,6.41,0.0
20230322:1910,0.0,0.0,0.0,0.0,11.65,6.21,0.0
20230322:2010,0.0,0.0,0.0,0.0,11.49,6.41,0.0
20230322:2110,0.0,0.0,0.0,0.0,11.47,6.83,0.0
20230322:2210,0.0,0.0,0.0,0.0,11.59,7.03,0.0
20230322:2310,0.0,0.0,0.0,0.0,11.54,7.1,0.0
20230323:0010,0.0,0.0,0.0,0.0,11.58,7.24,0.0
20230323:0110,0.0,0.0,0.0,0.0,11.47,7.31,0.0
20230323:0210,0.0,0.0,0.0,0.0,11.31,7.45,0.0
20230323:0310,0.0,0.0,0.0,0.0,11.09,7.38,0.0
20230323:0410,0.0,0.0,0.0,0.0,10.92,7.24,0.0
20230323:0510,0.0,0.0,0.0,0.0,10.59,6.97,0.0
20230323:0610,0.0,5.48,1.1,4.13,10.25,6.41,0.0
20230323:0710,0.0,22.93,4.6,13.45,10.32,5.79,0.0
20230323:0810,0.0,54.34,10.9,22.24,10.41,5.86,0.0
20230323:0910,1.17,80.01,16.1,29.97,10.92,6.0,0.0
20230323:1010,54.26,155.75,32.4,35.97,11.88,5.72,0.0
20230323:1110,15.38,135.88,27.7,39.51,13.12,6.55,0.0
20230323:1210,557.55,157.58,62.6,39.99,14.34,6.97,0.0
20230323:1310,261.02,204.02,48.3,37.31,14.95,7.03,0.0
20230323:1410,41.1,133.75,27.8,31.96,15.21,6.9,0.0
20230323:1510,190.21,130.05,32.8,24.68,14.87,6.41,0.0
20230323:1610,12.38,57.57,12.0,16.15,14.68,6.34,0.0
20230323:1710,4.96,21.02,4.5,6.93,13.93,5.79,0.0
20230323:1810,0.0,0.0,0.0,0.0,13.11,5.72,0.0
20230323:1910,0.0,0.0,0.0,0.0,12.95,6.34,0.0
20230323:2010,0.0,0.0,0.0,0.0,12.65,6.69,0.0
20230323:2110,0.0,0.0,0.0,0.0,12.28,7.24,0.0
20230323:2210,0.0,0.0,0.0,0.0,12.1,7.24,0.0
20230323:2310,0.0,0.0,0.0,0.0,12.18,7.66,0.0
20230324:0010,0.0,0.0,0.0,0.0,12.26,7.52,0.0
20230324:0110,0.0,0.0,0.0,0.0,12.39,7.66,0.0
20230324:0210,0.0,0.0,0.0,0.0,12.13,7.66,0.0
20230324:0310,0.0,0.0,0.0,0.0,11.52,7.03,0.0
20230324:0410,0.0,0.0,0.0,0.0,10.49,5.79,0.0
20230324:0510,0.0,0.0,0.0,0.0,9.62,5.31,0.0
20230324:0610,1.45,11.16,2.4,4.48,9.2,5.1,0.0
20230324:0710,35.08,60.14,13.4,13.82,9.21,4.76,0.0
20230324:0810,210.48,112.36,32.0,22.61,10.42,6.28,0.0
20230324:0910,17.25,112.08,23.0,30.35,11.4,6.83,0.0
20230324:1010,25.56,138.16,28.4,36.37,12.35,6.76,0.0
20230324:1110,4.67,118.79,24.0,39.91,12.98,6.62,0.0
20230324:1210,266.14,221.41,51.7,40.37,13.65,6.76,0.0
20230324:1310,0.0,26.92,5.4,37.67,14.21,7.1,0.0
20230324:1410,0.0,63.81,12.8,32.29,14.21,7.17,0.0
20230324:1510,354.03,90.44,40.3,24.97,12.91,7.1,0.0
20230324:1610,105.59,80.68,20.6,16.42,12.0,6.07,0.0
20230324:1710,0.0,3.99,0.8,7.19,11.18,6.62,0.0
20230324:1810,0.0,0.0,0.0,0.0,10.11,6.0,0.0
20230324:1910,0.0,0.0,0.0,0.0,9.87,5.52,0.0
20230324:2010,0.0,0.0,0.0,0.0,9.22,5.52,0.0
20230324:2110,0.0,0.0,0.0,0.0,8.81,6.0,0.0
20230324:2210,0.0,0.0,0.0,0.0,8.44,6.21,0.0
20230324:2310,0.0,0.0,0.0,0.0,8.12,6.48,0.0
20230325:0010,0.0,0.0,0.0,0.0,7.99,6.83,0.0
20230325:0110,0.0,0.0,0.0,0.0,7.74,7.1,0.0
20230325:0210,0.0,0.0,0.0,0.0,7.67,7.38,0.0
20230325:0310,0.0,0.0,0.0,0.0,7.75,7.52,0.0
20230325:0410,0.0,0.0,0.0,0.0,7.97,7.72,0.0
20230325:0510,0.0,0.0,0.0,0.0,7.89,7.93,0.0
20230325:0610,3.79,14.6,3.4,4.84,7.65,7.72,0.0
20230325:0710,65.45,66.55,16.3,14.18,7.82,7.66,0.0
20230325:0810,1.1,59.04,11.9,22.98,8.57,6.62,0.0
20230325:0910,11.3,105.73,21.6,30.74,9.82,8.0,0.0
20230325:1010,32.03,146.39,30.2,36.77,10.57,8.34,0.0
20230325:1110,161.05,210.9,45.8,40.31,11.41,8.69,0.0
20230325:1210,0.0,79.76,16.0,40.76,12.25,9.17,0.0
20230325:1310,3.44,112.5,22.7,38.03,12.38,8.97,0.0
20230325:1410,213.34,178.36,42.4,32.61,12.11,8.9,0.0
20230325:1510,0.0,49.85,10.0,25.26,11.4,7.45,0.0
20230325:1610,10.53,59.08,12.3,16.68,11.17,7.03,0.0
20230325:1710,10.92,25.98,6.0,7.45,10.94,6.62,0.0
20230325:1810,0.0,0.0,0.0,0.0,10.25,6.14,0.0
20230325:1910,0.0,0.0,0.0,0.0,9.4,5.45,0.0
20230325:2010,0.0,0.0,0.0,0.0,8.91,5.17,0.0
20230325:2110,0.0,0.0,0.0,0.0,8.63,5.03,0.0
20230325:2210,0.0,0.0,0.0,0.0,8.17,4.62,0.0
20230325:2310,0.0,0.0,0.0,0.0,7.74,4.0,0.0
20230326:0010,0.0,0.0,0.0,0.0,7.16,3.38,0.0
20230326:0110,0.0,0.0,0.0,0.0,6.98,2.97,0.0
20230326:0210,0.0,0.0,0.0,0.0,6.94,2.9,0.0
20230326:0310,0.0,0.0,0.0,0.0,6.91,2.9,0.0
20230326:0410,0.0,0.0,0.0,0.0,6.8,2.83,0.0
20230326:0510,0.0,0.0,0.0,0.0,6.87,3.03,0.0
20230326:0610,0.0,3.99,0.8,5.19,7.01,3.24,0.0
20230326:0710,0.0,8.97,1.8,14.53,7.16,3.59,0.0
20230326:0810,0.0,27.42,5.5,23.35,7.23,3.66,0.0
20230326:0910,0.0,58.82,11.8,31.12,7.57,2.34,0.0
20230326:1010,0.0,57.33,11.5,37.16,7.91,0.97,0.0
20230326:1110,0.0,70.79,14.2,40.71,8.25,1.79,0.0
20230326:1210,3.41,118.96,24.0,41.15,7.96,2.28,0.0
20230326:1310,1.13,104.94,21.1,38.38,7.75,2.9,0.0
20230326:1410,0.0,79.76,16.0,32.93,7.77,3.66,0.0
20230326:1510,0.0,62.31,12.5,25.55,7.64,4.48,0.0
20230326:1610,0.0,35.39,7.1,16.95,7.58,5.1,0.0
20230326:1710,0.0,4.98,1.0,7.7,7.38,5.1,0.0
20230326:1810,0.0,0.0,0.0,0.0,6.84,4.97,0.0
20230326:1910,0.0,0.0,0.0,0.0,5.73,4.76,0.0
20230326:2010,0.0,0.0,0.0,0.0,4.91,4.76,0.0
20230326:2110,0.0,0.0,0.0,0.0,4.19,4.41,0.0
20230326:2210,0.0,0.0,0.0,0.0,3.49,4.0,0.0
20230326:2310,0.0,0.0,0.0,0.0,3.04,3.59,0.0
20230327:0010,0.0,0.0,0.0,0.0,2.66,3.17,0.0
20230327:0110,0.0,0.0,0.0,0.0,2.39,2.76,0.0
20230327:0210,0.0,0.0,0.0,0.0,1.84,2.69,0.0
20230327:0310,0.0,0.0,0.0,0.0,1.53,2.76,0.0
20230327:0410,0.0,0.0,0.0,0.0,1.46,2.76,0.0
20230327:0510,0.0,0.0,0.0,0.0,1.54,2.76,0.0
20230327:0610,13.52,17.23,5.8,5.55,1.49,2.76,0.0
20230327:0710,145.99,57.73,22.3,14.89,2.66,2.41,0.0
20230327:0810,221.37,115.94,34.9,23.72,4.33,3.1,0.0
20230327:0910,76.32,152.42,32.6,31.5,5.38,3.93,0.0
20230327:1010,88.8,181.57,38.5,37.56,6.17,4.28,0.0
20230327:1110,19.02,150.17,30.7,41.11,6.88,4.83,0.0
20230327:1210,406.4,214.98,60.7,41.53,7.02,5.17,0.0
20230327:1310,372.88,202.11,56.7,38.74,7.38,5.45,0.0
20230327:1410,287.36,177.6,47.6,33.24,7.37,5.79,0.0
20230327:1510,160.5,138.42,33.9,25.83,7.21,5.86,0.0
20230327:1610,89.62,84.58,21.3,17.22,6.67,5.72,0.0
20230327:1710,6.37,26.91,6.0,7.96,6.0,4.62,0.0
20230327:1810,0.0,0.0,0.0,0.0,4.82,3.45,0.0
20230327:1910,0.0,0.0,0.0,0.0,3.41,2.48,0.0
20230327:2010,0.0,0.0,0.0,0.0,2.46,2.14,0.0
20230327:2110,0.0,0.0,0.0,0.0,1.58,1.93,0.0
20230327:2210,0.0,0.0,0.0,0.0,0.48,1.79,0.0
20230327:2310,0.0,0.0,0.0,0.0,-0.51,1.86,0.0
20230328:0010,0.0,0.0,0.0,0.0,-1.22,2.0,0.0
20230328:0110,0.0,0.0,0.0,0.0,-1.67,2.14,0.0
20230328:0210,0.0,0.0,0.0,0.0,-1.9,2.28,0.0
20230328:0310,0.0,0.0,0.0,0.0,-2.04,2.28,0.0
20230328:0410,0.0,0.0,0.0,0.0,-2.04,2.14,0.0
20230328:0510,0.0,0.0,0.0,0.0,-2.19,2.14,0.0
20230328:0610,0.42,13.52,2.8,5.9,-1.78,2.21,0.0
20230328:0710,3.65,46.7,9.6,15.25,0.35,2.07,0.0
20230328:0810,34.86,104.34,22.2,24.09,2.98,2.76,0.0
20230328:0910,378.2,137.16,50.1,31.89,4.53,3.52,0.0
20230328:1010,168.4,202.14,45.2,37.96,5.87,3.93,0.0
20230328:1110,308.9,224.75,56.2,41.51,7.24,4.07,0.0
20230328:1210,435.05,205.14,62.2,41.91,8.56,4.28,0.0
20230328:1310,17.55,141.68,29.0,39.09,9.82,4.83,0.0
20230328:1410,25.88,132.42,27.4,33.56,10.64,5.38,0.0
20230328:1510,0.0,54.83,11.0,26.12,9.97,4.21,0.0
20230328:1610,0.0,26.42,5.3,17.48,9.09,3.59,0.0
20230328:1710,0.0,4.49,0.9,8.21,7.93,3.31,0.0
20230328:1810,0.0,0.0,0.0,0.0,7.12,3.86,0.0
20230328:1910,0.0,0.0,0.0,0.0,5.61,3.79,0.0
20230328:2010,0.0,0.0,0.0,0.0,5.48,3.93,0.0
20230328:2110,0.0,0.0,0.0,0.0,5.53,3.79,0.0
20230328:2210,0.0,0.0,0.0,0.0,5.81,3.66,0.0
20230328:2310,0.0,0.0,0.0,0.0,6.12,3.66,0.0
20230329:0010,0.0,0.0,0.0,0.0,6.54,3.52,0.0
20230329:0110,0.0,0.0,0.0,0.0,6.86,3.45,0.0
20230329:0210,0.0,0.0,0.0,0.0,7.16,3.45,0.0
20230329:0310,0.0,0.0,0.0,0.0,7.37,3.17,0.0
20230329:0410,0.0,0.0,0.0,0.0,7.48,3.17,0.0
20230329:0510,0.0,0.0,0.0,0.0,7.44,3.31,0.0
20230329:0610,0.37,14.51,3.0,6.25,7.64,3.38,0.0
20230329:0710,10.56,56.08,11.9,15.61,8.04,3.45,0.0
20230329:0810,6.01,79.77,16.3,24.46,9.08,3.31,0.0
20230329:0910,48.43,140.23,29.7,32.27,10.27,3.79,0.0
20230329:1010,166.99,198.48,44.9,38.35,11.81,4.0,0.0
20230329:1110,129.48,206.2,44.8,41.91,13.75,4.76,0.0
20230329:1210,71.88,187.39,39.5,42.3,15.18,5.52,0.0
20230329:1310,177.26,205.12,46.5,39.44,15.95,5.59,0.0
20230329:1410,29.69,134.01,27.9,33.88,16.27,4.62,0.0
20230329:1510,21.37,102.35,21.4,26.4,16.41,3.86,0.0
20230329:1610,11.05,63.72,13.4,17.74,16.28,3.93,0.0
20230329:1710,4.15,26.31,5.8,8.47,15.94,4.21,0.0
20230329:1810,0.0,0.0,0.0,0.0,15.18,4.48,0.0
20230329:1910,0.0,0.0,0.0,0.0,14.3,4.55,0.0
20230329:2010,0.0,0.0,0.0,0.0,14.25,4.97,0.0
20230329:2110,0.0,0.0,0.0,0.0,14.23,5.38,0.0
20230329:2210,0.0,0.0,0.0,0.0,14.29,5.93,0.0
20230329:2310,0.0,0.0,0.0,0.0,14.6,6.14,0.0
20230330:0010,0.0,0.0,0.0,0.0,14.38,6.0,0.0
20230330:0110,0.0,0.0,0.0,0.0,13.29,5.52,0.0
20230330:0210,0.0,0.0,0.0,0.0,12.77,5.52,0.0
20230330:0310,0.0,0.0,0.0,0.0,12.71,5.52,0.0
20230330:0410,0.0,0.0,0.0,0.0,12.33,5.38,0.0
20230330:0510,0.0,0.0,0.0,0.0,11.54,5.59,0.0
20230330:0610,0.0,8.47,1.7,6.6,11.03,5.86,0.0
20230330:0710,38.2,69.38,16.3,15.97,11.15,6.21,0.0
20230330:0810,0.0,16.95,3.4,24.82,11.37,6.14,0.0
20230330:0910,35.18,134.36,28.2,32.65,12.23,6.34,0.0
20230330:1010,0.0,51.35,10.3,38.74,13.36,6.9,0.0
20230330:1110,1.07,106.91,21.5,42.3,14.34,7.1,0.0
20230330:1210,391.03,207.51,60.6,42.68,15.03,7.24,0.0
20230330:1310,161.9,204.04,45.9,39.79,15.08,7.38,0.0
20230330:1410,432.63,120.03,54.2,34.19,14.61,7.66,0.0
20230330:1510,111.53,134.0,31.5,26.68,14.48,7.1,0.0
20230330:1610,176.34,62.97,27.4,18.01,13.36,6.14,0.0
20230330:1710,30.23,28.69,10.3,8.72,12.9,5.52,0.0
20230330:1810,0.0,0.0,0.0,0.0,12.18,4.62,0.0
20230330:1910,0.0,0.0,0.0,0.0,11.54,4.34,0.0
20230330:2010,0.0,0.0,0.0,0.0,11.23,4.21,0.0
20230330:2110,0.0,0.0,0.0,0.0,10.96,4.21,0.0
20230330:2210,0.0,0.0,0.0,0.0,10.81,4.55,0.0
20230330:2310,0.0,0.0,0.0,0.0,10.57,4.9,0.0
20230331:0010,0.0,0.0,0.0,0.0,10.57,5.38,0.0
20230331:0110,0.0,0.0,0.0,0.0,10.44,5.79,0.0
20230331:0210,0.0,0.0,0.0,0.0,10.24,5.45,0.0
20230331:0310,0.0,0.0,0.0,0.0,10.1,6.14,0.0
20230331:0410,0.0,0.0,0.0,0.0,9.95,6.97,0.0
20230331:0510,0.0,0.0,0.0,0.0,10.04,7.17,0.0
20230331:0610,0.56,17.53,3.7,6.95,10.21,6.83,0.0
20230331:0710,8.19,56.91,12.0,16.32,10.16,6.83,0.0
20230331:0810,1.92,70.71,14.3,25.19,10.24,7.24,0.0
20230331:0910,24.41,127.82,26.6,33.03,10.5,8.07,0.0
20230331:1010,2.09,110.66,22.3,39.14,11.43,8.21,0.0
20230331:1110,25.4,158.6,32.7,42.7,12.53,8.69,0.0
20230331:1210,0.0,103.69,20.8,43.06,12.9,8.62,0.0
20230331:1310,19.94,144.83,29.8,40.14,12.25,9.17,0.0
20230331:1410,2.05,98.68,19.9,34.5,11.6,8.76,0.0
20230331:1510,4.87,84.94,17.3,26.97,11.16,9.1,0.0
20230331:1610,8.61,63.0,13.2,18.27,10.96,8.41,0.0
20230331:1710,0.49,23.02,4.7,8.97,10.63,8.07,0.0
20230331:1810,0.0,0.0,0.0,0.0,10.28,8.21,0.0
20230331:1910,0.0,0.0,0.0,0.0,10.09,8.55,0.0
20230331:2010,0.0,0.0,0.0,0.0,9.96,8.69,0.0
20230331:2110,0.0,0.0,0.0,0.0,9.61,8.62,0.0
20230331:2210,0.0,0.0,0.0,0.0,9.19,8.76,0.0
20230331:2310,0.0,0.0,0.0,0.0,9.01,8.55,0.0
20230401:0010,0.0,0.0,0.0,0.0,8.87,7.86,0.0
20230401:0110,0.0,0.0,0.0,0.0,8.68,7.03,0.0
20230401:0210,0.0,0.0,0.0,0.0,8.63,6.0,0.0
20230401:0310,0.0,0.0,0.0,0.0,8.52,5.45,0.0
20230401:0410,0.0,0.0,0.0,0.0,8.42,5.45,0.0
20230401:0510,0.0,0.0,0.0,0.0,8.23,5.38,0.0
20230401:0610,0.0,5.98,1.2,7.3,8.06,3.93,0.0
20230401:0710,0.0,34.4,6.9,16.67,8.3,4.14,0.0
20230401:0810,0.0,62.81,12.6,25.55,8.46,4.0,0.0
20230401:0910,1.0,89.45,18.0,33.41,8.79,4.14,0.0
20230401:1010,0.0,67.8,13.6,39.53,8.97,4.83,0.0
20230401:1110,0.0,84.74,17.0,43.09,9.4,4.83,0.0
20230401:1210,1.05,109.39,22.0,43.43,9.5,4.97,0.0
20230401:1310,0.0,65.8,13.2,40.48,9.86,4.62,0.0
20230401:1410,3.02,101.91,20.6,34.81,9.4,4.97,0.0
20230401:1510,23.84,107.63,22.7,27.25,9.47,4.97,0.0
20230401:1610,6.66,62.99,13.1,18.53,9.24,4.55,0.0
20230401:1710,7.1,31.96,7.7,9.22,8.77,4.41,0.0
20230401:1810,0.0,0.0,0.0,0.0,8.27,3.24,0.0
20230401:1910,0.0,0.0,0.0,0.0,7.95,3.72,0.0
20230401:2010,0.0,0.0,0.0,0.0,7.76,3.45,0.0
20230401:2110,0.0,0.0,0.0,0.0,7.8,3.45,0.0
20230401:2210,0.0,0.0,0.0,0.0,7.77,4.07,0.0
20230401:2310,0.0,0.0,0.0,0.0,7.66,4.28,0.0
20230402:0010,0.0,0.0,0.0,0.0,7.4,4.41,0.0
20230402:0110,0.0,0.0,0.0,0.0,7.09,4.28,0.0
20230402:0210,0.0,0.0,0.0,0.0,6.72,4.34,0.0
20230402:0310,0.0,0.0,0.0,0.0,6.35,3.86,0.0
20230402:0410,0.0,0.0,0.0,0.0,6.01,4.41,0.0
20230402:0510,0.0,0.0,0.0,0.0,5.62,5.1,0.0
20230402:0610,0.0,8.97,1.8,7.65,5.29,4.97,0.0
20230402:0710,0.0,37.39,7.5,17.03,5.18,4.83,0.0
20230402:0810,0.0,39.88,8.0,25.91,4.96,4.76,0.0
20230402:0910,0.0,49.85,10.0,33.78,4.97,4.76,0.0
20230402:1010,0.0,62.31,12.5,39.92,5.11,4.76,0.0
20230402:1110,0.0,105.68,21.2,43.48,5.3,4.62,0.0
20230402:1210,0.0,79.76,16.0,43.81,5.95,4.62,0.0
20230402:1310,0.0,90.23,18.1,40.83,6.79,4.41,0.0
20230402:1410,0.0,63.81,12.8,35.12,7.63,4.34,0.0
20230402:1510,0.0,59.32,11.9,27.52,8.21,4.34,0.0
20230402:1610,3.22,57.06,11.7,18.78,8.3,4.34,0.0
20230402:1710,8.39,34.24,8.6,9.47,8.12,4.07,0.0
20230402:1810,0.0,0.0,0.0,0.0,7.54,3.38,0.0
20230402:1910,0.0,0.0,0.0,0.0,6.35,3.59,0.0
20230402:2010,0.0,0.0,0.0,0.0,5.85,3.38,0.0
20230402:2110,0.0,0.0,0.0,0.0,5.51,3.24,0.0
20230402:2210,0.0,0.0,0.0,0.0,4.95,2.9,0.0
20230402:2310,0.0,0.0,0.0,0.0,4.31,2.69,0.0
20230403:0010,0.0,0.0,0.0,0.0,3.8,2.69,0.0
20230403:0110,0.0,0.0,0.0,0.0,3.18,2.76,0.0
20230403:0210,0.0,0.0,0.0,0.0,2.87,2.83,0.0
20230403:0310,0.0,0.0,0.0,0.0,2.7,2.76,0.0
20230403:0410,0.0,0.0,0.0,0.0,2.25,2.76,0.0
20230403:0510,0.0,0.0,0.0,0.0,2.06,2.76,0.0
20230403:0610,10.69,20.9,10.3,8.0,2.01,2.83,0.0
20230403:0710,142.1,59.16,27.1,17.38,3.23,2.97,0.0
20230403:0810,300.27,88.15,43.6,26.27,4.7,4.0,0.0
20230403:0910,437.84,111.47,57.3,34.16,6.15,4.34,0.0
20230403:1010,572.62,114.0,68.9,40.31,7.34,5.1,0.0
20230403:1110,603.64,133.65,73.1,43.88,8.08,5.03,0.0
20230403:1210,669.46,105.16,76.3,44.19,8.7,4.97,0.0
20230403:1310,626.14,96.37,72.0,41.17,9.14,4.9,0.0
20230403:1410,500.05,96.71,61.4,35.43,9.33,4.83,0.0
20230403:1510,324.19,93.65,46.1,27.8,9.24,4.83,0.0
20230403:1610,161.81,67.46,29.5,19.04,8.89,4.83,0.0
20230403:1710,27.55,29.12,12.8,9.72,8.15,4.14,0.0
20230403:1810,0.0,0.0,0.0,0.0,6.77,3.93,0.0
20230403:1910,0.0,0.0,0.0,0.0,5.66,3.93,0.0
20230403:2010,0.0,0.0,0.0,0.0,4.78,3.93,0.0
20230403:2110,0.0,0.0,0.0,0.0,4.02,4.0,0.0
20230403:2210,0.0,0.0,0.0,0.0,3.33,3.86,0.0
20230403:2310,0.0,0.0,0.0,0.0,2.64,3.59,0.0
20230404:0010,0.0,0.0,0.0,0.0,1.95,3.24,0.0
20230404:0110,0.0,0.0,0.0,0.0,1.3,2.97,0.0
20230404:0210,0.0,0.0,0.0,0.0,0.8,2.83,0.0
20230404:0310,0.0,0.0,0.0,0.0,0.35,2.69,0.0
20230404:0410,0.0,0.0,0.0,0.0,-0.21,2.48,0.0
20230404:0510,0.0,0.0,0.0,0.0,-0.85,2.41,0.0
20230404:0610,8.59,22.58,10.5,8.34,-0.98,2.28,0.0
20230404:0710,115.91,70.09,26.1,17.72,0.97,1.93,0.0
20230404:0810,292.04,90.95,43.9,26.63,3.16,2.48,0.0
20230404:0910,449.57,105.8,58.7,34.53,4.79,3.17,0.0
20230404:1010,555.53,119.9,68.8,40.69,5.9,3.38,0.0
20230404:1110,602.59,132.68,73.8,44.26,6.85,3.17,0.0
20230404:1210,615.35,129.42,74.6,44.56,7.74,3.1,0.0
20230404:1310,554.77,128.1,69.4,41.51,8.44,3.03,0.0
20230404:1410,452.46,116.54,59.8,35.73,8.86,2.9,0.0
20230404:1510,317.26,94.9,46.4,28.07,9.01,2.83,0.0
20230404:1610,154.12,69.77,29.7,19.3,8.83,2.76,0.0
20230404:1710,22.29,31.58,12.7,9.96,8.29,2.41,0.0
20230404:1810,0.0,0.0,0.0,0.0,6.92,2.14,0.0
20230404:1910,0.0,0.0,0.0,0.0,5.59,2.34,0.0
20230404:2010,0.0,0.0,0.0,0.0,4.37,2.28,0.0
20230404:2110,0.0,0.0,0.0,0.0,3.16,2.14,0.0
20230404:2210,0.0,0.0,0.0,0.0,1.86,2.0,0.0
20230404:2310,0.0,0.0,0.0,0.0,0.75,1.72,0.0
20230405:0010,0.0,0.0,0.0,0.0,0.74,1.31,0.0
20230405:0110,0.0,0.0,0.0,0.0,1.59,0.9,0.0
20230405:0210,0.0,0.0,0.0,0.0,0.95,0.55,0.0
20230405:0310,0.0,0.0,0.0,0.0,0.39,0.69,0.0
20230405:0410,0.0,0.0,0.0,0.0,-0.17,0.9,0.0
20230405:0510,0.0,0.0,0.0,0.0,-0.57,0.97,0.0
20230405:0610,6.52,24.81,10.6,8.69,-0.76,0.9,0.0
20230405:0710,131.89,61.94,27.7,18.07,1.44,0.21,0.0
20230405:0810,284.94,92.05,44.1,26.99,5.11,0.07,0.0
20230405:0910,432.78,110.26,58.4,34.9,7.39,0.62,0.0
20230405:1010,550.53,119.68,69.2,41.08,8.47,1.38,0.0
20230405:1110,596.55,131.42,74.0,44.65,9.17,1.17,0.0
20230405:1210,590.32,137.61,74.0,44.93,9.78,0.62,0.0
20230405:1310,473.62,164.0,66.6,41.85,10.34,0.21,0.0
20230405:1410,296.97,174.94,53.2,36.03,10.66,0.07,0.0
20230405:1510,227.4,129.47,42.5,28.35,10.76,0.28,0.0
20230405:1610,66.84,90.87,23.8,19.55,10.6,0.41,0.0
20230405:1710,11.24,36.93,11.0,10.21,10.25,0.34,0.0
20230405:1810,0.0,0.0,0.0,0.0,9.33,0.69,0.0
20230405:1910,0.0,0.0,0.0,0.0,6.54,1.52,0.0
20230405:2010,0.0,0.0,0.0,0.0,4.65,2.14,0.0
20230405:2110,0.0,0.0,0.0,0.0,3.46,2.28,0.0
20230405:2210,0.0,0.0,0.0,0.0,2.94,2.41,0.0
20230405:2310,0.0,0.0,0.0,0.0,2.79,2.48,0.0
20230406:0010,0.0,0.0,0.0,0.0,2.77,2.55,0.0
20230406:0110,0.0,0.0,0.0,0.0,2.67,2.62,0.0
20230406:0210,0.0,0.0,0.0,0.0,2.88,2.48,0.0
20230406:0310,0.0,0.0,0.0,0.0,3.14,2.48,0.0
20230406:0410,0.0,0.0,0.0,0.0,3.59,2.41,0.0
20230406:0510,0.0,0.0,0.0,0.0,4.05,2.41,0.0
20230406:0610,0.0,15.95,3.2,9.03,4.49,2.34,0.0
20230406:0710,1.99,55.27,11.3,18.41,5.54,2.48,0.0
20230406:0810,0.84,72.46,14.6,27.34,6.12,2.48,0.0
20230406:0910,0.92,94.41,19.0,35.27,6.96,3.03,0.0
20230406:1010,1.92,116.1,23.4,41.46,7.68,3.52,0.0
20230406:1110,0.0,92.72,18.6,45.04,7.92,4.48,0.0
20230406:1210,0.0,72.28,14.5,45.3,8.19,4.69,0.0
20230406:1310,0.0,96.71,19.4,42.19,8.38,4.83,0.0
20230406:1410,0.0,49.85,10.0,36.33,8.4,4.83,0.0
20230406:1510,0.86,77.45,15.6,28.62,8.72,4.69,0.0
20230406:1610,11.93,74.48,16.0,19.8,9.79,4.62,0.0
20230406:1710,2.7,35.37,8.1,10.45,10.17,3.79,0.0
20230406:1810,0.0,0.0,0.0,0.0,9.41,3.38,0.0
20230406:1910,0.0,0.0,0.0,0.0,8.75,3.66,0.0
20230406:2010,0.0,0.0,0.0,0.0,8.22,3.45,0.0
20230406:2110,0.0,0.0,0.0,0.0,7.87,3.31,0.0
20230406:2210,0.0,0.0,0.0,0.0,7.71,2.9,0.0
20230406:2310,0.0,0.0,0.0,0.0,7.07,2.76,0.0
20230407:0010,0.0,0.0,0.0,0.0,6.59,2.69,0.0
20230407:0110,0.0,0.0,0.0,0.0,6.16,2.48,0.0
20230407:0210,0.0,0.0,0.0,0.0,5.69,2.28,0.0
20230407:0310,0.0,0.0,0.0,0.0,5.12,2.21,0.0
20230407:0410,0.0,0.0,0.0,0.0,4.63,2.07,0.0
20230407:0510,0.0,0.0,0.0,0.0,4.13,2.07,0.0
20230407:0610,1.17,31.77,8.1,9.36,4.35,1.72,0.0
20230407:0710,16.68,74.86,16.7,18.76,6.42,1.86,0.0
20230407:0810,0.0,63.31,12.7,27.69,7.73,2.41,0.0
20230407:0910,0.0,78.76,15.8,35.63,9.15,2.76,0.0
20230407:1010,43.49,173.29,36.6,41.84,10.28,3.1,0.0
20230407:1110,0.0,65.8,13.2,45.42,11.2,3.45,0.0
20230407:1210,15.43,157.94,32.4,45.67,11.19,3.72,0.0
20230407:1310,0.0,71.78,14.4,42.52,11.54,4.14,0.0
20230407:1410,0.0,90.23,18.1,36.63,11.16,4.62,0.0
20230407:1510,24.29,116.34,24.8,28.89,10.98,4.55,0.0
20230407:1610,6.78,70.01,14.7,20.05,10.49,4.21,0.0
20230407:1710,0.85,31.02,6.6,10.7,9.65,3.86,0.0
20230407:1810,0.0,0.0,0.0,0.0,8.89,3.31,0.0
20230407:1910,0.0,0.0,0.0,0.0,7.75,2.34,0.0
20230407:2010,0.0,0.0,0.0,0.0,7.25,1.93,0.0
20230407:2110,0.0,0.0,0.0,0.0,6.58,1.72,0.0
20230407:2210,0.0,0.0,0.0,0.0,6.16,1.59,0.0
20230407:2310,0.0,0.0,0.0,0.0,5.72,1.59,0.0
20230408:0010,0.0,0.0,0.0,0.0,5.2,1.66,0.0
20230408:0110,0.0,0.0,0.0,0.0,4.95,1.52,0.0
20230408:0210,0.0,0.0,0.0,0.0,5.1,1.38,0.0
20230408:0310,0.0,0.0,0.0,0.0,5.42,1.17,0.0
20230408:0410,0.0,0.0,0.0,0.0,5.56,1.17,0.0
20230408:0510,0.0,0.0,0.0,0.0,5.59,1.17,0.0
20230408:0610,0.0,21.93,4.4,9.7,5.68,1.17,0.0
20230408:0710,1.86,57.23,11.7,19.1,6.96,1.79,0.0
20230408:0810,12.88,102.22,21.4,28.04,8.01,2.0,0.0
20230408:0910,0.0,66.8,13.4,36.0,8.98,1.66,0.0
20230408:1010,24.23,158.26,32.9,42.22,9.78,1.38,0.0
20230408:1110,0.0,55.83,11.2,45.8,10.5,1.45,0.0
20230408:1210,0.0,73.28,14.7,46.03,11.3,1.79,0.0
20230408:1310,45.85,177.55,37.6,42.85,11.65,1.86,0.0
20230408:1410,98.68,177.37,40.3,36.93,12.04,1.79,0.0
20230408:1510,0.0,71.78,14.4,29.16,12.21,1.59,0.0
20230408:1610,11.13,75.73,16.3,20.3,12.33,1.38,0.0
20230408:1710,14.4,30.25,13.9,10.94,12.23,0.97,0.0
20230408:1810,0.0,0.0,0.0,0.0,11.49,1.38,0.0
20230408:1910,0.0,0.0,0.0,0.0,9.86,1.86,0.0
20230408:2010,0.0,0.0,0.0,0.0,8.68,1.79,0.0
20230408:2110,0.0,0.0,0.0,0.0,7.97,1.66,0.0
20230408:2210,0.0,0.0,0.0,0.0,7.63,1.59,0.0
20230408:2310,0.0,0.0,0.0,0.0,7.18,1.79,0.0
20230409:0010,0.0,0.0,0.0,0.0,6.76,2.0,0.0
20230409:0110,0.0,0.0,0.0,0.0,6.18,2.0,0.0
20230409:0210,0.0,0.0,0.0,0.0,5.63,1.86,0.0
20230409:0310,0.0,0.0,0.0,0.0,5.43,1.72,0.0
20230409:0410,0.0,0.0,0.0,0.0,5.17,1.79,0.0
20230409:0510,0.0,0.0,0.0,0.0,5.29,1.72,0.0
20230409:0610,1.69,28.47,12.1,10.03,5.57,1.52,0.0
20230409:0710,93.52,74.72,27.0,19.43,6.55,1.24,0.0
20230409:0810,268.01,89.96,45.2,28.39,8.68,1.31,0.0
20230409:0910,410.54,107.22,59.2,36.36,10.7,1.45,0.0
20230409:1010,386.94,178.01,63.4,42.59,12.1,1.66,0.0
20230409:1110,272.1,229.86,60.2,46.18,13.4,2.14,0.0
20230409:1210,212.29,232.91,56.5,46.4,14.27,1.93,0.0
20230409:1310,117.16,206.89,46.6,43.19,14.11,1.79,0.0
20230409:1410,29.12,147.89,31.2,37.22,14.24,1.86,0.0
20230409:1510,92.27,140.92,34.3,29.42,14.11,2.07,0.0
20230409:1610,75.88,88.4,26.1,20.55,14.04,2.0,0.0
20230409:1710,13.32,29.08,14.7,11.18,13.7,1.72,0.0
20230409:1810,0.0,1.07,0.3,1.75,12.51,2.34,0.0
20230409:1910,0.0,0.0,0.0,0.0,12.05,2.0,0.0
20230409:2010,0.0,0.0,0.0,0.0,10.72,2.28,0.0
20230409:2110,0.0,0.0,0.0,0.0,9.89,2.28,0.0
20230409:2210,0.0,0.0,0.0,0.0,9.33,2.41,0.0
20230409:2310,0.0,0.0,0.0,0.0,9.02,2.83,0.0
20230410:0010,0.0,0.0,0.0,0.0,8.82,3.31,0.0
20230410:0110,0.0,0.0,0.0,0.0,8.73,3.59,0.0
20230410:0210,0.0,0.0,0.0,0.0,8.27,3.66,0.0
20230410:0310,0.0,0.0,0.0,0.0,7.97,3.66,0.0
20230410:0410,0.0,0.0,0.0,0.0,7.55,3.59,0.0
20230410:0510,0.0,0.0,0.0,0.0,7.47,3.86,0.0
20230410:0610,0.0,10.47,2.1,10.37,7.74,3.93,0.0
20230410:0710,0.0,36.89,7.4,19.77,8.83,4.07,0.0
20230410:0810,0.0,66.8,13.4,28.74,10.34,4.21,0.0
20230410:0910,9.47,123.66,25.4,36.72,12.29,5.1,0.0
20230410:1010,136.86,208.78,48.3,42.96,13.88,5.59,0.0
20230410:1110,42.6,186.41,39.3,46.56,15.32,6.21,0.0
20230410:1210,9.27,150.05,30.6,46.76,15.8,6.34,0.0
20230410:1310,0.0,81.75,16.4,43.51,15.76,5.93,0.0
20230410:1410,0.0,77.27,15.5,37.52,15.61,6.21,0.0
20230410:1510,1.57,82.09,16.6,29.69,14.44,6.28,0.0
20230410:1610,0.0,37.39,7.5,20.8,12.77,6.07,0.0
20230410:1710,0.0,11.47,2.3,11.42,11.76,5.79,0.0
20230410:1810,0.0,0.36,0.1,2.0,11.35,5.66,0.0
20230410:1910,0.0,0.0,0.0,0.0,10.8,4.55,0.0
20230410:2010,0.0,0.0,0.0,0.0,10.39,4.83,0.0
20230410:2110,0.0,0.0,0.0,0.0,9.78,5.24,0.0
20230410:2210,0.0,0.0,0.0,0.0,9.26,5.52,0.0
20230410:2310,0.0,0.0,0.0,0.0,8.84,5.72,0.0
20230411:0010,0.0,0.0,0.0,0.0,8.37,5.52,0.0
20230411:0110,0.0,0.0,0.0,0.0,7.86,5.45,0.0
20230411:0210,0.0,0.0,0.0,0.0,7.21,5.38,0.0
20230411:0310,0.0,0.0,0.0,0.0,6.73,5.17,0.0
20230411:0410,0.0,0.0,0.0,0.0,6.38,4.9,0.0
20230411:0510,0.0,0.0,0.0,0.0,5.91,4.62,0.0
20230411:0610,0.0,18.87,5.3,10.69,6.01,4.41,0.0
20230411:0710,84.09,79.29,27.5,20.1,7.73,4.83,0.0
20230411:0810,230.61,107.61,44.6,29.08,9.03,6.41,0.0
20230411:0910,254.28,171.08,52.7,37.07,10.03,5.93,0.0
20230411:1010,110.84,207.08,46.7,43.33,10.75,5.79,0.0
20230411:1110,57.59,198.15,42.3,46.93,11.63,5.59,0.0
20230411:1210,279.1,231.61,61.9,47.12,12.21,5.66,0.0
20230411:1310,0.0,104.19,20.9,43.84,12.44,5.66,0.0
20230411:1410,85.39,177.26,40.1,37.81,12.62,5.52,0.0
20230411:1510,65.33,139.13,32.4,29.95,12.64,5.17,0.0
20230411:1610,0.0,29.41,5.9,21.05,12.16,4.9,0.0
20230411:1710,0.56,35.89,7.8,11.66,11.35,4.41,0.0
20230411:1810,0.0,0.71,0.2,2.24,10.27,3.93,0.0
20230411:1910,0.0,0.0,0.0,0.0,9.29,3.79,0.0
20230411:2010,0.0,0.0,0.0,0.0,8.93,4.14,0.0
20230411:2110,0.0,0.0,0.0,0.0,8.69,4.76,0.0
20230411:2210,0.0,0.0,0.0,0.0,8.35,5.31,0.0
20230411:2310,0.0,0.0,0.0,0.0,8.3,5.79,0.0
20230412:0010,0.0,0.0,0.0,0.0,8.33,6.07,0.0
20230412:0110,0.0,0.0,0.0,0.0,8.42,6.28,0.0
20230412:0210,0.0,0.0,0.0,0.0,8.58,6.41,0.0
20230412:0310,0.0,0.0,0.0,0.0,8.72,6.34,0.0
20230412:0410,0.0,0.0,0.0,0.0,8.83,5.93,0.0
20230412:0510,0.0,0.0,0.0,0.0,8.78,5.24,0.0
20230412:0610,0.0,13.53,3.8,11.02,8.67,4.0,0.0
20230412:0710,16.81,81.27,18.5,20.43,8.64,3.59,0.0
20230412:0810,214.79,111.79,44.0,29.41,8.53,3.93,0.0
20230412:0910,30.03,150.2,31.9,37.43,8.63,3.72,0.0
20230412:1010,36.15,174.25,36.8,43.7,9.48,4.41,0.0
20230412:1110,0.0,111.17,22.3,47.31,9.75,4.9,0.0
20230412:1210,0.0,107.18,21.5,47.47,9.4,5.03,0.0
20230412:1310,13.27,151.78,31.2,44.16,9.54,5.45,0.0
20230412:1410,0.0,56.83,11.4,38.1,10.15,5.52,0.0
20230412:1510,251.28,102.64,46.7,30.21,10.57,6.34,0.0
20230412:1610,134.79,61.26,32.7,21.29,8.86,5.79,0.0
20230412:1710,0.0,10.47,2.1,11.9,8.86,4.9,0.0
20230412:1810,0.0,2.85,0.8,2.48,8.62,5.52,0.0
20230412:1910,0.0,0.0,0.0,0.0,7.8,5.31,0.0
20230412:2010,0.0,0.0,0.0,0.0,7.66,6.55,0.0
20230412:2110,0.0,0.0,0.0,0.0,7.54,7.66,0.0
20230412:2210,0.0,0.0,0.0,0.0,7.14,8.48,0.0
20230412:2310,0.0,0.0,0.0,0.0,6.34,8.69,0.0
20230413:0010,0.0,0.0,0.0,0.0,6.33,8.69,0.0
20230413:0110,0.0,0.0,0.0,0.0,6.51,7.72,0.0
20230413:0210,0.0,0.0,0.0,0.0,6.35,6.69,0.0
20230413:0310,0.0,0.0,0.0,0.0,6.03,5.66,0.0
20230413:0410,0.0,0.0,0.0,0.0,5.73,5.31,0.0
20230413:0510,0.0,0.36,0.1,1.94,5.92,5.38,0.0
20230413:0610,0.0,28.84,8.1,11.34,6.21,5.31,0.0
20230413:0710,72.38,84.45,27.6,20.75,7.13,5.1,0.0
20230413:0810,14.51,112.24,23.7,29.75,8.2,6.48,0.0
20230413:0910,93.6,179.69,41.5,37.78,9.12,6.0,0.0
20230413:1010,4.35,132.19,26.8,44.07,10.23,6.07,0.0
20230413:1110,126.51,226.89,51.4,47.68,10.98,6.14,0.0
20230413:1210,346.87,219.1,66.9,47.83,11.81,6.07,0.0
20230413:1310,357.65,191.29,64.9,44.49,12.38,5.79,0.0
20230413:1410,169.44,188.38,48.6,38.38,12.52,5.38,0.0
20230413:1510,0.0,21.44,4.3,30.47,11.46,5.17,0.0
20230413:1610,2.74,66.91,13.8,21.53,10.67,4.69,0.0
20230413:1710,4.51,27.44,16.7,12.14,9.88,3.52,0.0
20230413:1810,0.0,3.56,1.0,2.72,8.91,2.69,0.0
20230413:1910,0.0,0.0,0.0,0.0,7.72,2.62,0.0
20230413:2010,0.0,0.0,0.0,0.0,6.67,2.69,0.0
20230413:2110,0.0,0.0,0.0,0.0,5.69,2.97,0.0
20230413:2210,0.0,0.0,0.0,0.0,4.99,2.83,0.0
20230413:2310,0.0,0.0,0.0,0.0,4.34,2.55,0.0
20230414:0010,0.0,0.0,0.0,0.0,3.79,2.55,0.0
20230414:0110,0.0,0.0,0.0,0.0,3.48,2.69,0.0
20230414:0210,0.0,0.0,0.0,0.0,3.26,2.69,0.0
20230414:0310,0.0,0.0,0.0,0.0,2.97,2.62,0.0
20230414:0410,0.0,0.0,0.0,0.0,2.74,2.55,0.0
20230414:0510,0.0,0.71,0.2,2.27,2.56,2.55,0.0
20230414:0610,0.0,29.9,8.4,11.66,3.36,2.41,0.0
20230414:0710,111.11,64.0,31.8,21.08,5.48,2.69,0.0
20230414:0810,259.52,89.6,48.2,30.08,8.02,3.17,0.0
20230414:0910,351.6,131.44,59.7,38.12,10.0,4.0,0.0
20230414:1010,92.65,205.22,45.9,44.43,11.4,4.62,0.0
20230414:1110,143.37,230.69,53.3,48.04,12.21,4.76,0.0
20230414:1210,208.64,237.0,58.7,48.18,12.77,4.83,0.0
20230414:1310,19.79,162.83,33.8,44.81,12.97,4.69,0.0
20230414:1410,67.5,175.09,39.1,38.67,13.15,4.48,0.0
20230414:1510,72.08,142.78,34.3,30.73,12.96,4.21,0.0
20230414:1610,69.87,90.75,28.2,21.77,12.84,3.24,0.0
20230414:1710,0.15,39.72,8.8,12.37,12.59,2.41,0.0
20230414:1810,0.0,2.85,0.8,2.96,11.34,1.93,0.0
20230414:1910,0.0,0.0,0.0,0.0,10.06,1.45,0.0
20230414:2010,0.0,0.0,0.0,0.0,8.94,1.93,0.0
20230414:2110,0.0,0.0,0.0,0.0,8.33,1.86,0.0
20230414:2210,0.0,0.0,0.0,0.0,7.86,1.86,0.0
20230414:2310,0.0,0.0,0.0,0.0,6.96,2.07,0.0
20230415:0010,0.0,0.0,0.0,0.0,6.11,2.0,0.0
20230415:0110,0.0,0.0,0.0,0.0,5.72,1.79,0.0
20230415:0210,0.0,0.0,0.0,0.0,5.32,1.66,0.0
20230415:0310,0.0,0.0,0.0,0.0,4.86,1.52,0.0
20230415:0410,0.0,0.0,0.0,0.0,4.48,1.24,0.0
20230415:0510,0.0,0.71,0.2,2.59,4.26,1.17,0.0
20230415:0610,0.0,23.14,6.5,11.98,5.05,1.17,0.0
20230415:0710,33.87,91.19,23.4,21.4,6.85,1.86,0.0
20230415:0810,273.83,80.46,49.8,30.41,8.31,2.62,0.0
20230415:0910,247.47,171.5,54.4,38.47,10.06,3.45,0.0
20230415:1010,481.56,124.64,71.4,44.79,12.11,4.14,0.0
20230415:1110,544.54,126.74,77.1,48.41,13.38,4.83,0.0
20230415:1210,577.12,111.32,78.9,48.53,13.93,5.17,0.0
20230415:1310,508.28,114.75,73.1,45.12,14.04,5.45,0.0
20230415:1410,375.31,121.1,61.7,38.95,14.02,5.66,0.0
20230415:1510,147.47,140.06,41.8,30.98,13.57,5.59,0.0
20230415:1610,12.25,84.98,18.8,22.01,12.83,5.45,0.0
20230415:1710,0.0,29.19,8.2,12.61,11.82,4.97,0.0
20230415:1810,0.0,3.92,1.1,3.2,10.22,4.83,0.0
20230415:1910,0.0,0.0,0.0,0.0,8.38,4.69,0.0
20230415:2010,0.0,0.0,0.0,0.0,7.41,4.28,0.0
20230415:2110,0.0,0.0,0.0,0.0,6.84,4.0,0.0
20230415:2210,0.0,0.0,0.0,0.0,6.86,3.93,0.0
20230415:2310,0.0,0.0,0.0,0.0,6.87,3.86,0.0
20230416:0010,0.0,0.0,0.0,0.0,6.96,3.72,0.0
20230416:0110,0.0,0.0,0.0,0.0,7.11,3.1,0.0
20230416:0210,0.0,0.0,0.0,0.0,7.12,3.24,0.0
20230416:0310,0.0,0.0,0.0,0.0,7.09,3.52,0.0
20230416:0410,0.0,0.0,0.0,0.0,7.14,3.72,0.0
20230416:0510,0.0,1.42,0.4,2.9,7.15,3.72,0.0
20230416:0610,0.0,16.02,4.5,12.29,7.23,3.31,0.0
20230416:0710,0.0,47.36,9.5,21.71,7.31,4.0,0.0
20230416:0810,0.0,54.83,11.0,30.74,7.58,4.0,0.0
20230416:0910,0.0,51.35,10.3,38.81,8.02,4.41,0.0
20230416:1010,0.0,49.85,10.0,45.14,8.31,4.0,0.0
20230416:1110,0.0,54.83,11.0,48.77,8.63,3.93,0.0
20230416:1210,0.0,58.82,11.8,48.87,8.91,3.86,0.0
20230416:1310,0.0,60.82,12.2,45.44,9.3,4.0,0.0
20230416:1410,0.0,68.79,13.8,39.23,9.47,3.79,0.0
20230416:1510,0.0,60.82,12.2,31.23,9.62,3.66,0.0
20230416:1610,0.0,33.4,6.7,22.25,9.55,3.31,0.0
20230416:1710,0.0,13.53,3.8,12.84,9.45,3.17,0.0
20230416:1810,0.0,0.71,0.2,3.44,9.28,2.76,0.0
20230416:1910,0.0,0.0,0.0,0.0,8.76,2.34,0.0
20230416:2010,0.0,0.0,0.0,0.0,8.61,2.41,0.0
20230416:2110,0.0,0.0,0.0,0.0,8.32,2.28,0.0
20230416:2210,0.0,0.0,0.0,0.0,8.21,2.34,0.0
20230416:2310,0.0,0.0,0.0,0.0,8.01,2.34,0.0
20230417:0010,0.0,0.0,0.0,0.0,7.71,2.21,0.0
20230417:0110,0.0,0.0,0.0,0.0,7.32,2.34,0.0
20230417:0210,0.0,0.0,0.0,0.0,7.05,2.48,0.0
20230417:0310,0.0,0.0,0.0,0.0,6.94,2.14,0.0
20230417:0410,0.0,0.0,0.0,0.0,6.7,2.07,0.0
20230417:0510,0.0,1.42,0.4,3.22,6.51,2.14,0.0
20230417:0610,0.0,25.99,7.3,12.6,6.59,2.55,0.0
20230417:0710,0.0,42.87,8.6,22.03,7.01,3.79,0.0
20230417:0810,0.0,75.27,15.1,31.06,7.89,3.86,0.0
20230417:0910,0.0,92.72,18.6,39.14,8.73,3.93,0.0
20230417:1010,0.82,114.33,23.0,45.5,9.76,4.21,0.0
20230417:1110,0.0,89.23,17.9,49.13,10.78,4.41,0.0
20230417:1210,11.86,161.79,33.2,49.22,11.62,4.62,0.0
20230417:1310,1.65,122.5,24.7,45.75,12.32,4.9,0.0
20230417:1410,14.72,142.24,29.6,39.5,12.67,4.9,0.0
20230417:1510,142.67,139.43,42.2,31.49,13.24,4.76,0.0
20230417:1610,12.33,86.43,19.3,22.49,13.45,4.0,0.0
20230417:1710,0.0,24.21,6.8,13.07,13.18,3.52,0.0
20230417:1810,0.0,4.98,1.4,3.68,12.31,3.52,0.0
20230417:1910,0.0,0.0,0.0,0.0,10.48,3.31,0.0
20230417:2010,0.0,0.0,0.0,0.0,9.67,3.52,0.0
20230417:2110,0.0,0.0,0.0,0.0,9.16,3.59,0.0
20230417:2210,0.0,0.0,0.0,0.0,8.63,3.38,0.0
20230417:2310,0.0,0.0,0.0,0.0,7.92,3.17,0.0
20230418:0010,0.0,0.0,0.0,0.0,7.3,3.03,0.0
20230418:0110,0.0,0.0,0.0,0.0,6.79,2.9,0.0
20230418:0210,0.0,0.0,0.0,0.0,6.33,2.83,0.0
20230418:0310,0.0,0.0,0.0,0.0,5.89,2.83,0.0
20230418:0410,0.0,0.0,0.0,0.0,5.64,2.9,0.0
20230418:0510,0.0,4.63,1.3,3.53,5.28,3.1,0.0
20230418:0610,0.0,22.78,6.4,12.91,5.85,3.24,0.0
20230418:0710,108.9,60.21,34.2,22.34,6.88,4.28,0.0
20230418:0810,145.67,136.43,42.8,31.38,8.31,4.69,0.0
20230418:0910,360.11,118.63,62.3,39.48,9.97,4.97,0.0
20230418:1010,305.71,200.14,64.2,45.84,11.46,5.72,0.0
20230418:1110,47.68,200.17,42.8,49.48,12.04,5.93,0.0
20230418:1210,223.44,236.47,61.3,49.56,12.3,5.66,0.0
20230418:1310,386.1,170.63,68.7,46.06,12.55,5.52,0.0
20230418:1410,289.83,156.61,58.7,39.78,12.94,5.38,0.0
20230418:1510,199.25,119.49,47.0,31.73,12.88,5.03,0.0
20230418:1610,68.56,88.9,30.0,22.72,12.47,4.55,0.0
20230418:1710,0.0,23.5,6.6,13.3,12.08,4.83,0.0
20230418:1810,0.0,6.76,1.9,3.91,11.51,4.48,0.0
20230418:1910,0.0,0.0,0.0,0.0,11.26,4.83,0.0
20230418:2010,0.0,0.0,0.0,0.0,10.64,4.69,0.0
20230418:2110,0.0,0.0,0.0,0.0,9.72,4.48,0.0
20230418:2210,0.0,0.0,0.0,0.0,8.88,4.34,0.0
20230418:2310,0.0,0.0,0.0,0.0,8.3,4.41,0.0
20230419:0010,0.0,0.0,0.0,0.0,7.8,4.28,0.0
20230419:0110,0.0,0.0,0.0,0.0,7.44,3.93,0.0
20230419:0210,0.0,0.0,0.0,0.0,6.83,3.66,0.0
20230419:0310,0.0,0.0,0.0,0.0,6.4,3.59,0.0
20230419:0410,0.0,0.0,0.0,0.0,6.27,3.66,0.0
20230419:0510,0.0,5.7,1.6,3.84,6.55,3.79,0.0
20230419:0610,0.0,22.78,6.4,13.21,7.67,3.59,0.0
20230419:0710,104.5,62.55,34.5,22.64,9.32,3.86,0.0
20230419:0810,243.82,90.37,50.3,31.69,10.96,4.34,0.0
20230419:0910,279.84,158.43,58.6,39.8,12.16,4.9,0.0
20230419:1010,231.9,216.78,60.0,46.19,13.0,5.1,0.0
20230419:1110,38.83,195.15,41.4,49.83,13.59,5.17,0.0
20230419:1210,297.54,226.51,66.8,49.9,13.93,5.38,0.0
20230419:1310,487.81,114.31,74.3,46.36,14.21,5.59,0.0
20230419:1410,398.63,98.31,65.3,40.05,14.21,6.0,0.0
20230419:1510,266.37,80.51,52.0,31.98,13.83,6.21,0.0
20230419:1610,111.84,61.29,35.3,22.95,13.29,6.14,0.0
20230419:1710,0.0,22.78,6.4,13.53,12.52,5.38,0.0
20230419:1810,0.0,7.12,2.0,4.15,11.26,4.97,0.0
20230419:1910,0.0,0.0,0.0,0.0,10.32,4.76,0.0
20230419:2010,0.0,0.0,0.0,0.0,9.41,4.62,0.0
20230419:2110,0.0,0.0,0.0,0.0,8.64,4.48,0.0
20230419:2210,0.0,0.0,0.0,0.0,7.89,4.41,0.0
20230419:2310,0.0,0.0,0.0,0.0,7.2,4.48,0.0
20230420:0010,0.0,0.0,0.0,0.0,6.59,4.55,0.0
20230420:0110,0.0,0.0,0.0,0.0,5.97,4.21,0.0
20230420:0210,0.0,0.0,0.0,0.0,5.26,3.86,0.0
20230420:0310,0.0,0.0,0.0,0.0,4.64,3.72,0.0
20230420:0410,0.0,0.0,0.0,0.0,4.11,3.45,0.0
20230420:0510,0.0,7.83,2.2,4.14,3.68,3.31,0.0
20230420:0610,0.0,24.56,6.9,13.51,4.56,3.52,0.0
20230420:0710,2.5,73.82,15.3,22.94,6.36,3.52,0.0
20230420:0810,0.0,78.76,15.8,32.0,6.72,4.48,0.0
20230420:0910,0.0,71.29,14.3,40.13,7.3,5.03,0.0
20230420:1010,0.0,89.73,18.0,46.53,7.8,4.69,0.0
20230420:1110,0.0,59.32,11.9,50.18,8.79,4.48,0.0
20230420:1210,0.0,107.18,21.5,50.23,10.01,4.48,0.0
20230420:1310,0.79,120.31,24.2,46.67,10.66,4.76,0.0
20230420:1410,144.83,192.06,49.7,40.32,10.86,5.03,0.0
20230420:1510,116.76,146.0,41.6,32.23,10.87,5.17,0.0
20230420:1610,47.07,96.35,28.2,23.18,10.62,4.83,0.0
20230420:1710,0.0,33.11,9.3,13.76,10.36,4.14,0.0
20230420:1810,0.0,6.76,1.9,4.38,9.91,3.93,0.0
20230420:1910,0.0,0.0,0.0,0.0,7.56,3.24,0.0
20230420:2010,0.0,0.0,0.0,0.0,6.89,3.1,0.0
20230420:2110,0.0,0.0,0.0,0.0,6.54,3.03,0.0
20230420:2210,0.0,0.0,0.0,0.0,6.16,2.97,0.0
20230420:2310,0.0,0.0,0.0,0.0,5.68,2.9,0.0
20230421:0010,0.0,0.0,0.0,0.0,5.51,2.69,0.0
20230421:0110,0.0,0.0,0.0,0.0,5.46,2.83,0.0
20230421:0210,0.0,0.0,0.0,0.0,5.55,2.69,0.0
20230421:0310,0.0,0.0,0.0,0.0,5.78,2.62,0.0
20230421:0410,0.0,0.0,0.0,0.0,5.98,2.83,0.0
20230421:0510,0.0,1.42,0.4,4.44,5.82,2.9,0.0
20230421:0610,0.0,25.99,7.3,13.81,6.26,2.76,0.0
20230421:0710,56.35,92.07,30.1,23.24,7.47,4.62,0.0
20230421:0810,170.11,128.26,46.5,32.31,8.76,4.48,0.0
20230421:0910,397.13,93.59,66.5,40.45,10.38,4.34,0.0
20230421:1010,494.06,106.4,76.0,46.87,11.59,4.34,0.0
20230421:1110,549.76,110.43,81.2,50.53,13.04,4.28,0.0
20230421:1210,509.6,132.48,79.0,50.56,14.26,3.93,0.0
20230421:1310,271.51,210.09,63.8,46.97,15.32,3.79,0.0
20230421:1410,149.85,191.11,50.4,40.59,15.84,3.86,0.0
20230421:1510,62.13,146.5,35.7,32.47,15.95,3.72,0.0
20230421:1610,44.09,97.13,28.2,23.41,15.77,3.38,0.0
20230421:1710,0.0,28.12,7.9,13.99,15.17,2.83,0.0
20230421:1810,0.0,1.42,0.4,4.61,14.19,2.0,0.0
20230421:1910,0.0,0.0,0.0,0.0,9.71,1.93,0.0
20230421:2010,0.0,0.0,0.0,0.0,8.96,1.66,0.0
20230421:2110,0.0,0.0,0.0,0.0,7.77,2.14,0.0
20230421:2210,0.0,0.0,0.0,0.0,6.66,2.14,0.0
20230421:2310,0.0,0.0,0.0,0.0,5.68,2.21,0.0
20230422:0010,0.0,0.0,0.0,0.0,5.13,2.21,0.0
20230422:0110,0.0,0.0,0.0,0.0,4.8,2.21,0.0
20230422:0210,0.0,0.0,0.0,0.0,4.65,2.07,0.0
20230422:0310,0.0,0.0,0.0,0.0,4.24,1.93,0.0
20230422:0410,0.0,0.0,0.0,0.0,3.82,1.93,0.0
20230422:0510,0.0,1.42,0.4,4.73,3.68,1.93,0.0
20230422:0610,0.0,34.18,9.6,14.1,5.93,1.72,0.0
20230422:0710,0.0,58.32,11.7,23.53,8.63,1.1,0.0
20230422:0810,46.11,141.19,33.2,32.61,11.31,1.45,0.0
20230422:0910,0.0,57.33,11.5,40.77,12.95,2.48,0.0
20230422:1010,0.0,54.34,10.9,47.2,13.51,3.38,0.0
20230422:1110,0.0,77.77,15.6,50.87,13.36,3.17,0.0
20230422:1210,0.0,45.86,9.2,50.89,12.85,3.17,0.0
20230422:1310,0.0,50.85,10.2,47.26,12.28,2.69,0.0
20230422:1410,0.0,62.81,12.6,40.86,12.02,2.69,0.0
20230422:1510,0.0,33.9,6.8,32.71,11.45,3.03,0.0
20230422:1610,1.96,74.19,15.3,23.64,11.19,3.17,0.0
20230422:1710,0.0,36.67,10.3,14.21,11.0,2.83,0.0
20230422:1810,0.0,8.9,2.5,4.84,10.65,1.66,0.0
20230422:1910,0.0,0.0,0.0,0.0,9.77,1.86,0.0
20230422:2010,0.0,0.0,0.0,0.0,8.94,2.41,0.0
20230422:2110,0.0,0.0,0.0,0.0,8.46,2.76,0.0
20230422:2210,0.0,0.0,0.0,0.0,8.34,3.1,0.0
20230422:2310,0.0,0.0,0.0,0.0,8.39,3.38,0.0
20230423:0010,0.0,0.0,0.0,0.0,8.8,3.66,0.0
20230423:0110,0.0,0.0,0.0,0.0,9.43,3.93,0.0
20230423:0210,0.0,0.0,0.0,0.0,9.53,4.0,0.0
20230423:0310,0.0,0.0,0.0,0.0,8.91,3.86,0.0
20230423:0410,0.0,0.0,0.0,0.0,8.43,3.79,0.0
20230423:0510,0.0,9.97,2.8,5.02,8.01,3.93,0.0
20230423:0610,0.0,23.85,6.7,14.39,8.74,4.21,0.0
20230423:0710,106.57,53.47,37.4,23.82,10.56,4.14,0.0
20230423:0810,105.92,144.28,41.3,32.91,12.17,4.83,0.0
20230423:0910,69.77,181.7,42.0,41.08,13.42,6.07,0.0
20230423:1010,70.86,204.58,45.8,47.53,13.56,5.66,0.0
20230423:1110,17.31,175.96,36.5,51.21,14.14,5.52,0.0
20230423:1210,0.0,91.72,18.4,51.22,14.55,5.31,0.0
20230423:1310,0.0,72.28,14.5,47.56,14.32,4.34,0.0
20230423:1410,0.0,97.71,19.6,41.12,14.05,5.31,0.0
20230423:1510,0.0,52.84,10.6,32.95,13.85,4.62,0.0
20230423:1610,0.0,54.34,10.9,23.87,14.04,4.97,0.0
20230423:1710,0.0,8.54,2.4,14.43,12.71,5.1,0.0
20230423:1810,0.0,9.97,2.8,5.07,11.39,5.93,0.0
20230423:1910,0.0,0.0,0.0,0.0,10.06,7.17,0.0
20230423:2010,0.0,0.0,0.0,0.0,9.44,6.21,0.0
20230423:2110,0.0,0.0,0.0,0.0,8.9,5.52,0.0
20230423:2210,0.0,0.0,0.0,0.0,8.52,5.45,0.0
20230423:2310,0.0,0.0,0.0,0.0,8.34,5.52,0.0
20230424:0010,0.0,0.0,0.0,0.0,7.79,5.59,0.0
20230424:0110,0.0,0.0,0.0,0.0,7.28,5.79,0.0
20230424:0210,0.0,0.0,0.0,0.0,7.0,5.72,0.0
20230424:0310,0.0,0.0,0.0,0.0,6.83,5.52,0.0
20230424:0410,0.0,0.0,0.0,0.0,7.02,5.38,0.0
20230424:0510,0.0,1.78,0.5,5.31,7.23,6.07,0.0
20230424:0610,0.0,37.38,10.5,14.67,7.33,6.0,0.0
20230424:0710,0.36,62.87,12.7,24.11,7.53,6.28,0.0
20230424:0810,0.0,76.27,15.3,33.2,8.19,5.52,0.0
20230424:0910,48.61,175.62,39.2,41.39,9.5,5.24,0.0
20230424:1010,0.0,111.66,22.4,47.86,10.43,5.17,0.0
20230424:1110,0.0,125.62,25.2,51.54,11.21,5.24,0.0
20230424:1210,55.2,210.1,45.7,51.54,11.34,5.24,0.0
20230424:1310,3.01,136.81,27.7,47.85,11.45,4.97,0.0
20230424:1410,0.0,43.37,8.7,41.38,11.47,4.48,0.0
20230424:1510,0.0,77.77,15.6,33.19,11.22,4.55,0.0
20230424:1610,0.0,52.34,10.5,24.09,10.82,4.0,0.0
20230424:1710,0.0,34.89,9.8,14.65,10.15,3.38,0.0
20230424:1810,0.0,10.32,2.9,5.3,9.45,2.48,0.0
20230424:1910,0.0,0.0,0.0,0.0,8.27,1.79,0.0
20230424:2010,0.0,0.0,0.0,0.0,7.34,1.72,0.0
20230424:2110,0.0,0.0,0.0,0.0,6.68,1.66,0.0
20230424:2210,0.0,0.0,0.0,0.0,6.3,1.66,0.0
20230424:2310,0.0,0.0,0.0,0.0,5.55,1.86,0.0
20230425:0010,0.0,0.0,0.0,0.0,5.31,2.0,0.0
20230425:0110,0.0,0.0,0.0,0.0,5.26,2.14,0.0
20230425:0210,0.0,0.0,0.0,0.0,5.39,2.21,0.0
20230425:0310,0.0,0.0,0.0,0.0,5.38,2.41,0.0
20230425:0410,0.0,0.0,0.0,0.0,5.17,2.28,0.0
20230425:0510,0.0,3.56,1.0,5.6,4.69,1.93,0.0
20230425:0610,0.0,33.11,9.3,14.95,5.23,1.86,0.0
20230425:0710,2.47,79.78,16.6,24.39,6.5,3.93,0.0
20230425:0810,29.21,139.7,31.4,33.49,7.08,3.79,0.0
20230425:0910,143.04,194.22,51.7,41.7,7.77,3.59,0.0
20230425:1010,231.76,219.21,63.1,48.18,8.5,3.93,0.0
20230425:1110,0.0,59.82,12.0,51.87,9.04,4.21,0.0
20230425:1210,122.15,236.83,55.5,51.86,9.67,4.62,0.0
20230425:1310,113.6,221.6,52.5,48.14,10.14,4.76,0.0
20230425:1410,117.61,193.54,49.0,41.64,10.14,4.62,0.0
20230425:1510,104.58,148.17,42.6,33.42,9.93,4.55,0.0
20230425:1610,65.4,85.87,33.8,24.31,9.5,4.48,0.0
20230425:1710,0.0,38.09,10.7,14.87,8.93,4.34,0.0
20230425:1810,0.0,10.32,2.9,5.52,8.04,3.52,0.0
20230425:1910,0.0,0.0,0.0,0.0,6.83,2.69,0.0
20230425:2010,0.0,0.0,0.0,0.0,5.64,2.41,0.0
20230425:2110,0.0,0.0,0.0,0.0,4.59,2.21,0.0
20230425:2210,0.0,0.0,0.0,0.0,3.7,2.0,0.0
20230425:2310,0.0,0.0,0.0,0.0,2.74,1.72,0.0
20230426:0010,0.0,0.0,0.0,0.0,1.91,1.45,0.0
20230426:0110,0.0,0.0,0.0,0.0,2.92,0.9,0.0
20230426:0210,0.0,0.0,0.0,0.0,2.67,0.28,0.0
20230426:0310,0.0,0.0,0.0,0.0,2.36,0.14,0.0
20230426:0410,0.0,0.0,0.0,0.0,2.11,0.62,0.0
20230426:0510,0.0,12.82,3.6,5.87,1.91,0.76,0.0
20230426:0610,0.0,38.09,10.7,15.22,2.48,0.41,0.0
20230426:0710,3.41,84.99,17.9,24.67,4.8,0.76,0.0
20230426:0810,39.9,147.01,34.2,33.78,6.24,1.24,0.0
20230426:0910,114.67,196.02,49.4,42.0,7.47,1.38,0.0
20230426:1010,190.73,226.27,60.5,48.5,8.57,1.17,0.0
20230426:1110,360.7,204.72,74.5,52.2,9.18,0.76,0.0
20230426:1210,211.82,242.75,64.4,52.17,9.76,0.76,0.0
20230426:1310,144.41,226.95,56.3,48.43,10.25,0.62,0.0
20230426:1410,174.41,190.63,55.0,41.89,10.52,0.69,0.0
20230426:1510,84.53,151.99,40.9,33.65,10.64,1.1,0.0
20230426:1610,59.16,89.3,33.5,24.54,10.41,1.79,0.0
20230426:1710,0.0,29.9,8.4,15.09,9.93,2.34,0.0
20230426:1810,0.0,11.39,3.2,5.75,9.24,2.48,0.0
20230426:1910,0.0,0.0,0.0,0.0,7.91,2.62,0.0
20230426:2010,0.0,0.0,0.0,0.0,6.82,2.41,0.0
20230426:2110,0.0,0.0,0.0,0.0,6.08,2.28,0.0
20230426:2210,0.0,0.0,0.0,0.0,5.16,2.21,0.0
20230426:2310,0.0,0.0,0.0,0.0,4.55,2.14,0.0
20230427:0010,0.0,0.0,0.0,0.0,3.81,2.07,0.0
20230427:0110,0.0,0.0,0.0,0.0,3.04,2.07,0.0
20230427:0210,0.0,0.0,0.0,0.0,2.36,2.21,0.0
20230427:0310,0.0,0.0,0.0,0.0,1.86,2.21,0.0
20230427:0410,0.0,0.0,0.0,0.0,1.59,2.41,0.0
20230427:0510,0.0,10.68,3.0,6.15,1.88,2.48,0.0
20230427:0610,0.0,30.97,8.7,15.49,3.57,2.21,0.0
20230427:0710,65.85,85.03,35.1,24.94,6.09,3.17,0.0
20230427:0810,110.28,147.45,44.1,34.06,8.15,3.66,0.0
20230427:0910,158.91,191.71,53.8,42.29,9.52,4.0,0.0
20230427:1010,260.83,210.34,65.9,48.81,10.62,4.0,0.0
20230427:1110,310.74,218.5,71.4,52.52,11.53,3.45,0.0
20230427:1210,471.96,140.16,80.4,52.48,12.32,3.03,0.0
20230427:1310,447.99,117.66,76.8,48.71,13.22,3.17,0.0
20230427:1410,332.32,118.27,66.0,42.14,13.9,3.03,0.0
20230427:1510,30.71,141.04,32.1,33.89,14.31,2.97,0.0
20230427:1610,0.32,67.35,13.6,24.75,14.46,2.76,0.0
20230427:1710,0.0,30.62,8.6,15.31,13.97,2.21,0.0
20230427:1810,0.0,12.46,3.5,5.97,12.64,3.03,0.0
20230427:1910,0.0,0.0,0.0,0.0,11.03,3.1,0.0
20230427:2010,0.0,0.0,0.0,0.0,10.15,3.45,0.0
20230427:2110,0.0,0.0,0.0,0.0,9.16,3.31,0.0
20230427:2210,0.0,0.0,0.0,0.0,8.62,3.59,0.0
20230427:2310,0.0,0.0,0.0,0.0,8.59,3.31,0.0
20230428:0010,0.0,0.0,0.0,0.0,9.05,2.83,0.0
20230428:0110,0.0,0.0,0.0,0.0,9.57,2.76,0.0
20230428:0210,0.0,0.0,0.0,0.0,10.29,2.9,0.0
20230428:0310,0.0,0.0,0.0,0.0,10.9,2.97,0.0
20230428:0410,0.0,0.0,0.0,0.0,11.33,3.24,0.0
20230428:0510,0.0,12.82,3.6,6.42,11.86,3.66,0.0
20230428:0610,0.0,14.24,4.0,15.76,12.45,3.72,0.0
20230428:0710,0.32,64.36,13.0,25.2,13.13,4.41,0.0
20230428:0810,10.28,122.84,26.0,34.33,14.01,4.28,0.0
20230428:0910,0.0,96.71,19.4,42.58,14.86,5.93,0.0
20230428:1010,45.09,195.96,42.8,49.12,15.0,5.93,0.0
20230428:1110,25.97,190.18,40.1,52.84,15.32,6.41,0.0
20230428:1210,1.48,138.92,28.0,52.79,15.83,6.55,0.0
20230428:1310,0.0,77.77,15.6,48.99,16.03,6.41,0.0
20230428:1410,0.0,51.35,10.3,42.39,16.07,5.86,0.0
20230428:1510,11.82,123.25,26.3,34.11,16.09,5.59,0.0
20230428:1610,0.0,52.34,10.5,24.97,15.68,4.97,0.0
20230428:1710,0.0,33.82,9.5,15.53,15.08,4.28,0.0
20230428:1810,0.0,7.12,2.0,6.19,14.38,4.28,0.0
20230428:1910,0.0,0.0,0.0,0.0,13.52,4.0,0.0
20230428:2010,0.0,0.0,0.0,0.0,13.01,3.72,0.0
20230428:2110,0.0,0.0,0.0,0.0,12.31,3.45,0.0
20230428:2210,0.0,0.0,0.0,0.0,11.37,3.17,0.0
20230428:2310,0.0,0.0,0.0,0.0,10.38,3.1,0.0
20230429:0010,0.0,0.0,0.0,0.0,9.41,2.9,0.0
20230429:0110,0.0,0.0,0.0,0.0,8.63,2.62,0.0
20230429:0210,0.0,0.0,0.0,0.0,8.06,2.41,0.0
20230429:0310,0.0,0.0,0.0,0.0,7.62,2.14,0.0
20230429:0410,0.0,0.0,0.0,0.0,7.36,2.14,0.0
20230429:0510,0.0,7.12,2.0,6.68,7.3,2.07,0.0
20230429:0610,0.0,22.07,6.2,16.02,7.57,2.28,0.0
20230429:0710,0.0,51.35,10.3,25.47,8.33,2.83,0.0
20230429:0810,0.0,66.3,13.3,34.6,8.9,2.69,0.0
20230429:0910,0.0,87.74,17.6,42.87,9.66,2.34,0.0
20230429:1010,0.0,116.65,23.4,49.42,10.38,2.21,0.0
20230429:1110,0.0,112.66,22.6,53.15,10.98,2.07,0.0
20230429:1210,2.93,147.26,29.8,53.09,11.53,1.93,0.0
20230429:1310,0.0,78.76,15.8,49.26,12.05,2.0,0.0
20230429:1410,0.0,77.77,15.6,42.64,12.36,2.21,0.0
20230429:1510,0.0,77.27,15.5,34.34,12.53,2.55,0.0
20230429:1610,4.77,89.25,19.3,25.19,12.52,2.69,0.0
20230429:1710,0.0,40.23,11.3,15.74,12.38,2.48,0.0
20230429:1810,0.0,13.88,3.9,6.41,12.05,2.07,0.0
20230429:1910,0.0,0.0,0.0,0.0,11.93,1.86,0.0
20230429:2010,0.0,0.0,0.0,0.0,10.85,2.28,0.0
20230429:2110,0.0,0.0,0.0,0.0,10.17,2.48,0.0
20230429:2210,0.0,0.0,0.0,0.0,9.37,2.55,0.0
20230429:2310,0.0,0.0,0.0,0.0,8.84,2.41,0.0
20230430:0010,0.0,0.0,0.0,0.0,8.29,2.34,0.0
20230430:0110,0.0,0.0,0.0,0.0,7.79,2.34,0.0
20230430:0210,0.0,0.0,0.0,0.0,7.72,2.48,0.0
20230430:0310,0.0,0.0,0.0,0.0,7.46,2.55,0.0
20230430:0410,0.0,0.0,0.0,0.0,7.15,2.48,0.0
20230430:0510,0.0,13.53,3.8,6.95,6.9,2.28,0.0
20230430:0610,0.0,30.26,8.5,16.28,7.91,2.07,0.0
20230430:0710,92.71,52.81,40.9,25.72,9.67,2.28,0.0
20230430:0810,227.29,81.24,55.8,34.87,11.68,2.34,0.0
20230430:0910,355.59,97.21,69.0,43.15,13.54,2.69,0.0
20230430:1010,405.13,137.07,75.9,49.72,14.83,3.24,0.0
20230430:1110,451.09,144.91,80.7,53.46,15.64,3.79,0.0
20230430:1210,468.21,133.15,81.5,53.4,16.12,3.86,0.0
20230430:1310,287.87,195.73,68.7,49.54,16.19,3.59,0.0
20230430:1410,239.78,162.67,61.3,42.88,16.35,3.31,0.0
20230430:1510,148.56,128.32,49.0,34.56,16.09,2.76,0.0
20230430:1610,48.62,90.91,33.7,25.4,15.94,2.41,0.0
20230430:1710,0.0,41.65,11.7,15.95,15.27,2.14,0.0
20230430:1810,0.0,13.53,3.8,6.63,14.5,2.21,0.0
20230430:1910,0.0,0.0,0.0,0.0,13.71,2.34,0.0
20230430:2010,0.0,0.0,0.0,0.0,12.64,2.62,0.0
20230430:2110,0.0,0.0,0.0,0.0,12.23,2.69,0.0
20230430:2210,0.0,0.0,0.0,0.0,11.69,2.62,0.0
20230430:2310,0.0,0.0,0.0,0.0,11.07,2.41,0.0
20230501:0010,0.0,0.0,0.0,0.0,10.57,2.07,0.0
20230501:0110,0.0,0.0,0.0,0.0,10.15,1.66,0.0
20230501:0210,0.0,0.0,0.0,0.0,9.83,1.24,0.0
20230501:0310,0.0,0.0,0.0,0.0,9.55,0.76,0.0
20230501:0410,0.0,0.0,0.0,0.0,9.48,0.62,0.0
20230501:0510,0.0,2.49,0.7,7.2,8.67,1.03,0.0
20230501:0610,0.0,30.62,8.6,16.53,9.77,1.03,0.0
20230501:0710,11.48,101.8,23.9,25.98,12.06,1.93,0.0
20230501:0810,38.89,148.81,35.2,35.13,13.47,2.28,0.0
20230501:0910,75.41,191.06,45.7,43.42,14.49,2.41,0.0
20230501:1010,0.0,119.14,23.9,50.02,15.08,2.48,0.0
20230501:1110,12.91,177.08,36.6,53.77,15.93,2.69,0.0
20230501:1210,66.64,221.77,49.5,53.69,16.12,2.41,0.0
20230501:1310,0.0,85.24,17.1,49.81,15.61,3.31,0.0
20230501:1410,56.26,184.29,42.5,43.12,14.44,4.21,0.0
20230501:1510,109.71,143.47,45.4,34.78,14.32,3.66,0.0
20230501:1610,35.41,98.79,31.4,25.61,14.26,4.07,0.0
20230501:1710,0.0,28.12,7.9,16.16,13.79,3.72,0.0
20230501:1810,0.0,13.53,3.8,6.84,13.18,2.97,0.0
20230501:1910,0.0,0.0,0.0,0.0,12.05,2.9,0.0
20230501:2010,0.0,0.0,0.0,0.0,10.58,2.55,0.0
20230501:2110,0.0,0.0,0.0,0.0,9.57,2.41,0.0
20230501:2210,0.0,0.0,0.0,0.0,8.77,2.21,0.0
20230501:2310,0.0,0.0,0.0,0.0,8.08,2.14,0.0
20230502:0010,0.0,0.0,0.0,0.0,7.52,2.28,0.0
20230502:0110,0.0,0.0,0.0,0.0,7.33,2.34,0.0
20230502:0210,0.0,0.0,0.0,0.0,7.33,2.14,0.0
20230502:0310,0.0,0.0,0.0,0.0,7.44,1.93,0.0
20230502:0410,0.0,0.0,0.0,0.0,7.5,1.93,0.0
20230502:0510,0.0,14.95,4.2,7.45,7.83,2.0,0.0
20230502:0610,0.0,23.85,6.7,16.78,8.58,2.83,0.0
20230502:0710,0.0,0.0,0.0,0.0,9.03,2.83,0.0
20230502:0810,141.69,134.72,49.7,35.39,9.54,3.1,0.0
20230502:0910,233.06,167.51,62.1,43.69,10.29,3.03,0.0
20230502:1010,232.58,215.37,65.9,50.31,11.0,2.9,0.0
20230502:1110,146.09,242.35,60.2,54.07,11.79,2.83,0.0
20230502:1210,54.56,217.84,47.9,53.98,12.3,2.83,0.0
20230502:1310,146.24,225.77,58.1,50.07,12.77,3.03,0.0
20230502:1410,306.83,122.35,66.9,43.36,13.0,3.24,0.0
20230502:1510,220.02,78.16,56.4,35.0,12.93,3.38,0.0
20230502:1610,76.88,57.44,40.0,25.82,12.4,3.38,0.0
20230502:1710,0.0,26.7,7.5,16.37,11.92,3.31,0.0
20230502:1810,0.0,13.53,3.8,7.06,11.22,2.83,0.0
20230502:1910,0.0,0.0,0.0,0.0,10.07,2.97,0.0
20230502:2010,0.0,0.0,0.0,0.0,8.69,2.9,0.0
20230502:2110,0.0,0.0,0.0,0.0,7.62,2.83,0.0
20230502:2210,0.0,0.0,0.0,0.0,6.81,2.69,0.0
20230502:2310,0.0,0.0,0.0,0.0,6.09,2.69,0.0
20230503:0010,0.0,0.0,0.0,0.0,5.55,2.69,0.0
20230503:0110,0.0,0.0,0.0,0.0,5.0,2.55,0.0
20230503:0210,0.0,0.0,0.0,0.0,4.51,2.62,0.0
20230503:0310,0.0,0.0,0.0,0.0,4.1,2.76,0.0
20230503:0410,0.0,0.0,0.0,0.0,3.73,2.55,0.0
20230503:0510,0.0,15.31,4.3,7.7,3.7,2.48,0.0
20230503:0610,0.0,28.48,8.0,17.02,5.35,2.69,0.0
20230503:0710,88.04,52.58,42.9,26.47,7.32,3.45,0.0
20230503:0810,223.5,81.91,57.9,35.64,9.26,3.72,0.0
20230503:0910,361.96,92.44,72.0,43.96,10.84,4.14,0.0
20230503:1010,454.33,105.3,81.2,50.59,12.06,4.07,0.0
20230503:1110,483.99,123.07,84.8,54.37,13.14,4.0,0.0
20230503:1210,497.57,113.18,85.5,54.27,14.06,4.07,0.0
20230503:1310,422.7,121.99,79.0,50.34,14.75,4.28,0.0
20230503:1410,365.02,86.38,72.1,43.6,15.27,4.41,0.0
20230503:1510,219.59,78.76,57.4,35.22,15.51,4.34,0.0
20230503:1610,78.52,54.27,41.5,26.03,15.49,4.14,0.0
20230503:1710,0.0,30.62,8.6,16.57,15.13,3.66,0.0
20230503:1810,0.0,16.02,4.5,7.27,14.02,3.31,0.0
20230503:1910,0.0,0.0,0.0,0.0,12.39,3.52,0.0
20230503:2010,0.0,0.0,0.0,0.0,11.14,3.66,0.0
20230503:2110,0.0,0.0,0.0,0.0,10.36,3.66,0.0
20230503:2210,0.0,0.0,0.0,0.0,9.67,3.45,0.0
20230503:2310,0.0,0.0,0.0,0.0,8.94,3.31,0.0
20230504:0010,0.0,0.0,0.0,0.0,8.25,3.17,0.0
20230504:0110,0.0,0.0,0.0,0.0,7.66,3.1,0.0
20230504:0210,0.0,0.0,0.0,0.0,7.27,3.03,0.0
20230504:0310,0.0,0.0,0.0,0.0,6.98,2.9,0.0
20230504:0410,0.0,0.0,0.0,0.0,6.65,2.83,0.0
20230504:0510,0.0,15.31,4.3,7.94,6.81,2.83,0.0
20230504:0610,0.0,40.94,11.5,17.26,8.45,2.62,0.0
20230504:0710,45.2,95.94,35.4,26.71,11.22,2.97,0.0
20230504:0810,212.21,84.49,56.9,35.88,13.85,3.31,0.0
20230504:0910,345.03,96.67,70.7,44.22,16.24,3.59,0.0
20230504:1010,434.42,109.65,79.7,50.87,18.29,3.86,0.0
20230504:1110,434.35,146.02,81.7,54.66,19.88,4.14,0.0
20230504:1210,450.55,134.45,82.5,54.56,21.05,4.41,0.0
20230504:1310,43.83,201.57,44.3,50.59,21.8,4.48,0.0
20230504:1410,288.61,128.59,66.5,43.83,22.08,4.34,0.0
20230504:1510,50.02,152.09,38.2,35.43,22.1,4.07,0.0
20230504:1610,3.63,91.41,19.7,26.23,21.83,3.17,0.0
20230504:1710,0.0,43.79,12.3,16.78,21.06,2.62,0.0
20230504:1810,0.0,14.24,4.0,7.48,20.1,2.41,0.0
20230504:1910,0.0,0.0,0.0,0.0,18.47,2.9,0.0
20230504:2010,0.0,0.0,0.0,0.0,17.45,3.38,0.0
20230504:2110,0.0,0.0,0.0,0.0,16.5,3.45,0.0
20230504:2210,0.0,0.0,0.0,0.0,15.59,3.24,0.0
20230504:2310,0.0,0.0,0.0,0.0,14.76,2.9,0.0
20230505:0010,0.0,0.0,0.0,0.0,13.96,2.69,0.0
20230505:0110,0.0,0.0,0.0,0.0,13.11,2.48,0.0
20230505:0210,0.0,0.0,0.0,0.0,12.47,2.28,0.0
20230505:0310,0.0,0.0,0.0,0.0,11.82,2.28,0.0
20230505:0410,0.0,0.0,0.0,0.0,11.59,2.48,0.0
20230505:0510,0.0,16.02,4.5,8.18,11.81,2.62,0.0
20230505:0610,0.0,40.23,11.3,17.49,12.65,2.55,0.0
20230505:0710,3.99,93.99,20.3,26.94,13.53,2.48,0.0
20230505:0810,6.19,121.15,25.3,36.12,14.24,2.76,0.0
20230505:0910,0.6,117.27,23.6,44.48,14.77,2.83,0.0
20230505:1010,125.81,224.65,56.6,51.15,15.38,2.48,0.0
20230505:1110,0.0,91.72,18.4,54.95,16.45,2.69,0.0
20230505:1210,124.11,237.67,58.1,54.84,17.34,3.31,0.0
20230505:1310,33.47,194.11,42.0,50.85,18.24,4.14,0.0
20230505:1410,256.25,143.03,64.2,44.06,18.51,4.48,0.0
20230505:1510,76.61,150.08,42.6,35.64,17.7,4.9,0.0
20230505:1610,4.17,93.5,20.4,26.43,15.64,4.0,0.0
20230505:1710,0.0,29.55,8.3,16.98,15.15,1.72,0.0
20230505:1810,0.0,14.24,4.0,7.69,14.87,1.38,0.0
20230505:1910,0.0,0.0,0.0,0.0,14.44,1.17,0.0
20230505:2010,0.0,0.0,0.0,0.0,12.66,1.72,0.0
20230505:2110,0.0,0.0,0.0,0.0,11.39,1.93,0.0
20230505:2210,0.0,0.0,0.0,0.0,10.75,1.93,0.0
20230505:2310,0.0,0.0,0.0,0.0,10.45,2.07,0.0
20230506:0010,0.0,0.0,0.0,0.0,10.27,2.21,0.0
20230506:0110,0.0,0.0,0.0,0.0,9.92,2.28,0.0
20230506:0210,0.0,0.0,0.0,0.0,9.8,2.28,0.0
20230506:0310,0.0,0.0,0.0,0.0,9.64,2.41,0.0
20230506:0410,0.0,0.0,0.0,0.0,9.77,2.21,0.0
20230506:0510,0.0,16.38,4.6,8.41,9.93,2.07,0.0
20230506:0610,0.0,31.68,8.9,17.71,11.27,1.86,0.0
20230506:0710,14.18,107.58,26.9,27.17,13.07,1.72,0.0
20230506:0810,186.96,96.34,55.2,36.36,14.9,1.66,0.0
20230506:0910,83.4,193.66,48.1,44.73,16.31,1.79,0.0
20230506:1010,103.55,222.13,54.1,51.42,17.23,2.0,0.0
20230506:1110,63.84,222.01,49.9,55.23,18.27,2.07,0.0
20230506:1210,28.49,199.47,42.5,55.11,18.85,2.62,0.0
20230506:1310,11.03,166.98,34.6,51.1,18.98,2.97,0.0
20230506:1410,0.58,108.79,21.9,44.29,19.01,3.1,0.0
20230506:1510,0.0,49.35,9.9,35.85,18.49,3.31,0.0
20230506:1610,0.0,53.84,10.8,26.63,17.28,2.83,0.0
20230506:1710,0.0,25.99,7.3,17.18,16.42,1.52,0.0
20230506:1810,0.0,4.27,1.2,7.9,15.97,1.03,0.0
20230506:1910,0.0,0.0,0.0,0.0,15.21,1.17,0.0
20230506:2010,0.0,0.0,0.0,0.0,13.64,1.45,0.0
20230506:2110,0.0,0.0,0.0,0.0,13.4,1.38,0.0
20230506:2210,0.0,0.0,0.0,0.0,13.33,1.31,0.0
20230506:2310,0.0,0.0,0.0,0.0,13.41,1.45,0.0
20230507:0010,0.0,0.0,0.0,0.0,13.29,1.72,0.0
20230507:0110,0.0,0.0,0.0,0.0,13.04,1.72,0.0
20230507:0210,0.0,0.0,0.0,0.0,12.83,1.59,0.0
20230507:0310,0.0,0.0,0.0,0.0,12.75,1.52,0.0
20230507:0410,0.0,0.0,0.0,0.0,12.47,1.59,0.0
20230507:0510,0.0,5.7,1.6,8.64,12.47,1.38,0.0
20230507:0610,0.0,11.75,3.3,17.93,12.84,0.9,0.0
20230507:0710,0.0,44.37,8.9,27.39,13.63,1.03,0.0
20230507:0810,0.0,56.33,11.3,36.59,14.26,0.9,0.0
20230507:0910,0.0,76.27,15.3,44.97,14.73,0.9,0.0
20230507:1010,0.0,90.23,18.1,51.68,15.23,0.41,0.0
20230507:1110,0.67,131.24,26.4,55.51,15.75,0.83,0.0
20230507:1210,0.67,133.24,26.8,55.39,16.1,1.1,0.0
20230507:1310,0.0,104.68,21.0,51.35,16.37,1.03,0.0
20230507:1410,0.0,82.75,16.6,44.51,16.82,0.76,0.0
20230507:1510,0.9,98.88,20.0,36.06,17.55,0.69,0.0
20230507:1610,4.89,96.58,21.5,26.83,17.87,0.76,0.0
20230507:1710,0.0,36.31,10.2,17.38,17.95,1.03,0.0
20230507:1810,0.0,16.38,4.6,8.1,17.35,1.45,0.0
20230507:1910,0.0,0.0,0.0,0.0,15.89,1.38,0.0
20230507:2010,0.0,0.0,0.0,0.0,14.91,1.59,0.0
20230507:2110,0.0,0.0,0.0,0.0,13.8,1.72,0.0
20230507:2210,0.0,0.0,0.0,0.0,13.02,1.45,0.0
20230507:2310,0.0,0.0,0.0,0.0,12.22,1.38,0.0
20230508:0010,0.0,0.0,0.0,0.0,11.37,1.45,0.0
20230508:0110,0.0,0.0,0.0,0.0,10.82,1.38,0.0
20230508:0210,0.0,0.0,0.0,0.0,10.9,1.03,0.0
20230508:0310,0.0,0.0,0.0,0.0,11.11,0.76,0.0
20230508:0410,0.0,0.0,0.0,0.0,11.44,0.76,0.0
20230508:0510,0.0,4.63,1.3,8.86,11.13,0.69,0.0
20230508:0610,0.0,28.48,8.0,18.15,11.47,0.9,0.0
20230508:0710,0.22,70.32,14.2,27.6,11.83,0.97,0.0
20230508:0810,1.8,106.06,21.6,36.81,12.65,1.03,0.0
20230508:0910,10.87,153.44,32.1,45.21,14.16,1.72,0.0
20230508:1010,8.28,162.17,33.4,51.94,15.46,2.34,0.0
20230508:1110,18.62,189.28,39.7,55.78,16.47,2.69,0.0
20230508:1210,13.29,180.63,37.5,55.65,17.44,2.48,0.0
20230508:1310,34.24,195.76,42.6,51.6,17.77,2.62,0.0
20230508:1410,5.67,139.98,28.8,44.73,17.96,2.76,0.0
20230508:1510,17.64,139.32,31.0,36.26,17.76,2.9,0.0
20230508:1610,0.0,62.31,12.5,27.03,17.23,3.17,0.0
20230508:1710,0.0,43.43,12.2,17.57,16.61,2.97,0.0
20230508:1810,0.0,13.88,3.9,8.3,16.08,2.55,0.0
20230508:1910,0.0,0.0,0.0,0.0,14.93,1.79,0.0
20230508:2010,0.0,0.0,0.0,0.0,14.28,1.72,0.0
20230508:2110,0.0,0.0,0.0,0.0,13.82,1.79,0.0
20230508:2210,0.0,0.0,0.0,0.0,13.7,1.86,0.0
20230508:2310,0.0,0.0,0.0,0.0,13.39,2.14,0.0
20230509:0010,0.0,0.0,0.0,0.0,13.19,2.34,0.0
20230509:0110,0.0,0.0,0.0,0.0,13.06,2.62,0.0
20230509:0210,0.0,0.0,0.0,0.0,13.17,2.83,0.0
20230509:0310,0.0,0.0,0.0,0.0,13.24,3.03,0.0
20230509:0410,0.0,0.0,0.0,0.0,13.42,3.17,0.0
20230509:0510,0.0,6.41,1.8,9.07,13.58,3.31,0.0
20230509:0610,0.0,17.44,4.9,18.36,13.93,3.45,0.0
20230509:0710,0.0,52.84,10.6,27.82,13.91,3.59,0.0
20230509:0810,0.0,78.26,15.7,37.03,13.9,3.66,0.0
20230509:0910,0.0,80.76,16.2,45.44,13.94,3.79,0.0
20230509:1010,0.0,84.74,17.0,52.19,13.9,3.79,0.0
20230509:1110,0.0,83.25,16.7,56.05,14.07,3.86,0.0
20230509:1210,0.0,109.67,22.0,55.92,14.06,4.21,0.0
20230509:1310,0.0,92.72,18.6,51.84,13.9,4.0,0.0
20230509:1410,0.0,65.8,13.2,44.95,13.66,3.52,0.0
20230509:1510,0.0,40.38,8.1,36.46,13.58,3.03,0.0
20230509:1610,0.0,47.86,9.6,27.22,13.57,2.62,0.0
20230509:1710,0.0,15.66,4.4,17.77,13.62,2.62,0.0
20230509:1810,0.0,6.76,1.9,8.5,13.58,2.9,0.0
20230509:1910,0.0,0.0,0.0,0.0,12.92,2.41,0.0
20230509:2010,0.0,0.0,0.0,0.0,12.36,2.48,0.0
20230509:2110,0.0,0.0,0.0,0.0,11.76,2.62,0.0
20230509:2210,0.0,0.0,0.0,0.0,11.6,2.62,0.0
20230509:2310,0.0,0.0,0.0,0.0,11.54,2.83,0.0
20230510:0010,0.0,0.0,0.0,0.0,11.51,3.1,0.0
20230510:0110,0.0,0.0,0.0,0.0,11.53,3.24,0.0
20230510:0210,0.0,0.0,0.0,0.0,11.38,3.31,0.0
20230510:0310,0.0,0.0,0.0,0.0,11.14,3.17,0.0
20230510:0410,0.0,0.0,0.0,0.0,10.96,2.62,0.0
20230510:0510,0.0,17.8,5.0,9.28,10.94,2.55,0.0
20230510:0610,0.0,8.54,2.4,18.57,11.03,2.9,0.0
20230510:0710,0.0,18.94,3.8,28.02,10.98,2.14,0.0
20230510:0810,0.0,30.91,6.2,37.24,11.42,2.28,0.0
20230510:0910,0.0,70.79,14.2,45.67,11.81,2.69,0.0
20230510:1010,0.0,39.38,7.9,52.44,12.14,2.9,0.0
20230510:1110,2.61,153.66,31.1,56.31,12.84,3.31,0.0
20230510:1210,3.25,155.31,31.5,56.18,13.56,3.52,0.0
20230510:1310,0.0,100.2,20.1,52.07,14.2,3.38,0.0
20230510:1410,0.0,78.76,15.8,45.16,14.88,3.45,0.0
20230510:1510,3.82,116.52,24.1,36.66,14.96,3.45,0.0
20230510:1610,0.0,51.35,10.3,27.41,14.22,2.9,0.0
20230510:1710,0.0,43.79,12.3,17.96,13.19,2.55,0.0
20230510:1810,0.0,18.87,5.3,8.7,12.9,1.72,0.0
20230510:1910,0.0,0.0,0.0,0.0,12.49,1.03,0.0
20230510:2010,0.0,0.0,0.0,0.0,11.68,0.83,0.0
20230510:2110,0.0,0.0,0.0,0.0,11.05,1.72,0.0
20230510:2210,0.0,0.0,0.0,0.0,10.47,1.86,0.0
20230510:2310,0.0,0.0,0.0,0.0,10.26,1.93,0.0
20230511:0010,0.0,0.0,0.0,0.0,9.96,2.14,0.0
20230511:0110,0.0,0.0,0.0,0.0,9.3,2.21,0.0
20230511:0210,0.0,0.0,0.0,0.0,8.7,2.21,0.0
20230511:0310,0.0,0.0,0.0,0.0,8.06,2.21,0.0
20230511:0410,0.0,0.0,0.0,0.0,7.55,2.14,0.0
20230511:0510,0.0,7.83,2.2,9.49,7.87,1.86,0.0
20230511:0610,0.0,43.08,12.1,18.77,9.23,2.9,0.0
20230511:0710,24.94,107.88,33.4,28.22,10.32,2.62,0.0
20230511:0810,48.81,157.27,40.3,37.45,11.41,2.48,0.0
20230511:0910,50.66,190.2,44.3,45.89,12.69,2.34,0.0
20230511:1010,72.75,219.01,51.2,52.68,13.33,1.79,0.0
20230511:1110,305.23,201.7,76.1,56.57,14.31,1.52,0.0
20230511:1210,201.68,235.56,67.9,56.43,15.12,1.38,0.0
20230511:1310,1.23,134.86,27.2,52.31,15.75,1.1,0.0
20230511:1410,0.0,55.83,11.2,45.37,16.11,0.83,0.0
20230511:1510,8.34,129.68,27.6,36.86,16.12,1.31,0.0
20230511:1610,0.0,21.93,4.4,27.6,15.69,2.21,0.0
20230511:1710,0.0,45.57,12.8,18.15,13.89,2.41,0.0
20230511:1810,0.0,17.44,4.9,8.89,13.61,1.86,0.0
20230511:1910,0.0,0.0,0.0,0.0,12.97,2.0,0.0
20230511:2010,0.0,0.0,0.0,0.0,12.16,1.93,0.0
20230511:2110,0.0,0.0,0.0,0.0,11.79,1.72,0.0
20230511:2210,0.0,0.0,0.0,0.0,11.39,1.79,0.0
20230511:2310,0.0,0.0,0.0,0.0,10.87,2.0,0.0
20230512:0010,0.0,0.0,0.0,0.0,10.77,2.07,0.0
20230512:0110,0.0,0.0,0.0,0.0,10.85,2.21,0.0
20230512:0210,0.0,0.0,0.0,0.0,10.94,2.28,0.0
20230512:0310,0.0,0.0,0.0,0.0,10.93,2.48,0.0
20230512:0410,0.0,0.0,0.0,0.0,10.77,2.62,0.0
20230512:0510,0.0,3.56,1.0,9.69,10.77,2.69,0.0
20230512:0610,0.0,9.26,2.6,18.96,10.83,2.28,0.0
20230512:0710,0.0,38.38,7.7,28.42,10.71,2.9,0.0
20230512:0810,1.68,108.52,22.1,37.65,10.61,2.48,0.0
20230512:0910,0.0,107.18,21.5,46.11,11.07,2.62,0.0
20230512:1010,0.0,88.23,17.7,52.92,11.96,2.9,0.0
20230512:1110,76.68,230.35,53.4,56.82,12.83,2.9,0.0
20230512:1210,1.91,149.49,30.2,56.68,14.73,3.03,0.0
20230512:1310,18.21,182.63,38.6,52.54,16.56,3.24,0.0
20230512:1410,15.6,162.81,34.7,45.58,17.22,3.52,0.0
20230512:1510,0.0,61.32,12.3,37.05,17.59,4.07,0.0
20230512:1610,8.52,106.95,26.2,27.79,18.09,4.9,0.0
20230512:1710,0.0,19.58,5.5,18.33,17.74,4.21,0.0
20230512:1810,0.0,21.0,5.9,9.09,16.99,3.59,0.0
20230512:1910,0.0,0.0,0.0,0.0,15.57,3.59,0.0
20230512:2010,0.0,0.0,0.0,0.0,14.66,3.17,0.0
20230512:2110,0.0,0.0,0.0,0.0,13.88,2.83,0.0
20230512:2210,0.0,0.0,0.0,0.0,12.97,2.76,0.0
20230512:2310,0.0,0.0,0.0,0.0,12.36,2.76,0.0
20230513:0010,0.0,0.0,0.0,0.0,11.94,2.83,0.0
20230513:0110,0.0,0.0,0.0,0.0,11.39,2.83,0.0
20230513:0210,0.0,0.0,0.0,0.0,10.81,2.69,0.0
20230513:0310,0.0,0.0,0.0,0.0,10.19,2.62,0.0
20230513:0410,0.0,0.0,0.0,0.0,9.63,2.55,0.0
20230513:0510,0.0,19.22,5.4,9.88,9.7,2.41,0.0
20230513:0610,0.0,48.77,13.7,19.15,11.4,2.28,0.0
20230513:0710,60.74,56.27,44.4,28.61,13.47,3.38,0.0
20230513:0810,198.63,74.83,60.4,37.85,14.77,3.38,0.0
20230513:0910,327.73,86.44,73.8,46.32,16.14,3.45,0.0
20230513:1010,416.59,98.29,82.7,53.15,17.56,3.66,0.0
20230513:1110,484.79,89.84,88.8,57.07,18.73,3.79,0.0
20230513:1210,200.31,236.57,68.6,56.92,19.72,4.0,0.0
20230513:1310,144.74,225.66,61.2,52.76,20.24,4.14,0.0
20230513:1410,188.53,171.3,62.3,45.79,20.62,4.14,0.0
20230513:1510,81.72,149.72,46.6,37.24,20.5,4.21,0.0
20230513:1610,27.21,97.22,35.8,27.97,18.24,3.86,0.0
20230513:1710,0.0,44.5,12.5,18.52,18.33,3.31,0.0
20230513:1810,0.0,19.22,5.4,9.28,17.8,2.83,0.0
20230513:1910,0.0,0.0,0.0,0.0,16.24,3.38,0.0
20230513:2010,0.0,0.0,0.0,0.0,14.8,3.45,0.0
20230513:2110,0.0,0.0,0.0,0.0,13.85,3.31,0.0
20230513:2210,0.0,0.0,0.0,0.0,13.11,2.97,0.0
20230513:2310,0.0,0.0,0.0,0.0,12.27,2.62,0.0
20230514:0010,0.0,0.0,0.0,0.0,11.54,2.55,0.0
20230514:0110,0.0,0.0,0.0,0.0,10.81,2.41,0.0
20230514:0210,0.0,0.0,0.0,0.0,10.29,2.21,0.0
20230514:0310,0.0,0.0,0.0,0.0,9.7,2.07,0.0
20230514:0410,0.0,0.0,0.0,0.0,9.1,1.86,0.0
20230514:0510,0.0,20.29,5.7,10.07,9.01,1.52,0.0
20230514:0610,0.0,46.28,13.0,19.34,11.08,1.52,0.0
20230514:0710,0.0,65.3,13.1,28.79,11.83,2.97,0.0
20230514:0810,7.73,133.52,28.3,38.04,13.31,3.1,0.0
20230514:0910,32.91,183.7,41.1,46.52,14.9,2.97,0.0
20230514:1010,280.88,182.69,73.7,53.37,16.32,2.76,0.0
20230514:1110,448.87,109.81,86.6,57.31,17.6,2.62,0.0
20230514:1210,471.95,93.69,88.2,57.16,18.61,2.69,0.0
20230514:1310,391.14,107.36,80.9,52.98,19.26,2.97,0.0
20230514:1410,211.93,157.61,64.7,45.99,19.35,3.38,0.0
20230514:1510,38.37,154.81,38.7,37.43,18.61,3.79,0.0
20230514:1610,9.19,109.37,27.6,28.15,17.48,4.48,0.0
20230514:1710,0.0,48.77,13.7,18.7,15.74,4.07,0.0
20230514:1810,0.0,22.43,6.3,9.46,14.44,3.66,0.0
20230514:1910,0.0,0.0,0.0,0.0,12.75,3.24,0.0
20230514:2010,0.0,0.0,0.0,0.0,11.45,2.41,0.0
20230514:2110,0.0,0.0,0.0,0.0,10.47,2.07,0.0
20230514:2210,0.0,0.0,0.0,0.0,9.51,2.0,0.0
20230514:2310,0.0,0.0,0.0,0.0,8.78,2.07,0.0
20230515:0010,0.0,0.0,0.0,0.0,8.24,2.0,0.0
20230515:0110,0.0,0.0,0.0,0.0,7.56,2.07,0.0
20230515:0210,0.0,0.0,0.0,0.0,7.09,2.0,0.0
20230515:0310,0.0,0.0,0.0,0.0,6.62,1.86,0.0
20230515:0410,0.0,0.0,0.0,0.0,6.15,1.66,0.0
20230515:0510,0.0,12.46,3.5,10.26,6.31,1.31,0.0
20230515:0610,0.0,22.78,6.4,19.51,8.71,1.24,0.0
20230515:0710,0.0,61.32,12.3,28.97,9.93,1.31,0.0
20230515:0810,0.4,98.28,19.8,38.22,11.64,1.52,0.0
20230515:0910,14.16,166.41,35.3,46.72,13.68,2.28,0.0
20230515:1010,24.85,194.75,41.8,53.59,14.89,2.97,0.0
20230515:1110,31.05,209.27,45.1,57.55,15.19,3.45,0.0
20230515:1210,0.0,92.72,18.6,57.4,13.88,4.34,0.0
20230515:1310,0.0,76.27,15.3,53.2,13.13,5.1,0.0
20230515:1410,0.0,70.79,14.2,46.19,12.98,4.97,0.0
20230515:1510,0.0,64.8,13.0,37.61,12.67,5.1,0.0
20230515:1610,0.15,73.29,14.8,28.33,12.3,5.17,0.0
20230515:1710,0.0,18.16,5.1,18.88,11.71,5.17,0.0
20230515:1810,0.0,6.76,1.9,9.65,11.05,5.17,0.0
20230515:1910,0.0,0.0,0.0,0.0,10.16,5.03,0.0
20230515:2010,0.0,0.0,0.0,0.0,9.58,4.69,0.0
20230515:2110,0.0,0.0,0.0,0.0,9.21,4.55,0.0
20230515:2210,0.0,0.0,0.0,0.0,8.92,4.28,0.0
20230515:2310,0.0,0.0,0.0,0.0,8.56,4.0,0.0
20230516:0010,0.0,0.0,0.0,0.0,7.86,3.72,0.0
20230516:0110,0.0,0.0,0.0,0.0,7.19,3.59,0.0
20230516:0210,0.0,0.0,0.0,0.0,6.54,3.45,0.0
20230516:0310,0.0,0.0,0.0,0.0,6.14,3.24,0.0
20230516:0410,0.0,0.36,0.1,1.74,5.77,2.97,0.0
20230516:0510,0.0,19.58,5.5,10.43,6.25,2.76,0.0
20230516:0610,0.0,31.33,8.8,19.69,7.75,2.69,0.0
20230516:0710,19.97,112.96,34.4,29.14,9.12,4.55,0.0
20230516:0810,114.94,140.0,53.1,38.4,10.27,4.69,0.0
20230516:0910,136.34,196.52,58.8,46.91,10.84,4.76,0.0
20230516:1010,198.6,220.2,68.3,53.8,11.44,4.55,0.0
20230516:1110,64.62,233.42,53.2,57.78,12.42,4.55,0.0
20230516:1210,22.12,202.44,42.9,57.63,13.22,4.97,0.0
20230516:1310,9.9,174.66,36.2,53.42,13.17,4.9,0.0
20230516:1410,125.99,195.53,57.3,46.38,13.65,5.17,0.0
20230516:1510,107.06,138.14,51.8,37.79,13.29,4.97,0.0
20230516:1610,18.61,107.52,34.4,28.51,13.3,5.1,0.0
20230516:1710,0.0,46.99,13.2,19.06,12.75,4.41,0.0
20230516:1810,0.0,20.65,5.8,9.83,12.21,3.93,0.0
20230516:1910,0.0,0.0,0.0,0.0,10.78,2.97,0.0
20230516:2010,0.0,0.0,0.0,0.0,9.67,2.69,0.0
20230516:2110,0.0,0.0,0.0,0.0,8.8,2.69,0.0
20230516:2210,0.0,0.0,0.0,0.0,7.79,2.62,0.0
20230516:2310,0.0,0.0,0.0,0.0,7.11,2.41,0.0
20230517:0010,0.0,0.0,0.0,0.0,6.52,2.21,0.0
20230517:0110,0.0,0.0,0.0,0.0,6.04,2.07,0.0
20230517:0210,0.0,0.0,0.0,0.0,5.59,2.07,0.0
20230517:0310,0.0,0.0,0.0,0.0,5.3,2.07,0.0
20230517:0410,0.0,0.36,0.1,1.92,5.02,1.93,0.0
20230517:0510,0.0,22.78,6.4,10.61,5.4,1.45,0.0
20230517:0610,0.0,53.76,15.1,19.85,8.19,1.38,0.0
20230517:0710,34.39,93.24,40.4,29.31,10.1,3.03,0.0
20230517:0810,54.6,162.76,43.9,38.57,11.33,3.38,0.0
20230517:0910,37.41,190.66,43.3,47.1,12.36,3.31,0.0
20230517:1010,134.02,231.55,61.8,54.01,13.41,4.14,0.0
20230517:1110,220.8,234.55,72.3,58.0,14.42,5.31,0.0
20230517:1210,199.13,239.61,70.3,57.86,14.62,5.31,0.0
20230517:1310,147.71,228.54,63.2,53.62,14.81,5.17,0.0
20230517:1410,134.65,192.93,58.6,46.57,14.67,4.9,0.0
20230517:1510,54.9,158.97,43.7,37.97,14.85,4.9,0.0
20230517:1610,17.37,108.26,34.3,28.68,14.45,4.69,0.0
20230517:1710,0.0,42.72,12.0,19.23,13.83,4.07,0.0
20230517:1810,0.0,18.16,5.1,10.01,13.02,3.52,0.0
20230517:1910,0.0,0.0,0.0,0.0,11.41,3.45,0.0
20230517:2010,0.0,0.0,0.0,0.0,9.84,3.24,0.0
20230517:2110,0.0,0.0,0.0,0.0,8.66,3.1,0.0
20230517:2210,0.0,0.0,0.0,0.0,7.71,2.97,0.0
20230517:2310,0.0,0.0,0.0,0.0,6.91,2.83,0.0
20230518:0010,0.0,0.0,0.0,0.0,6.29,2.76,0.0
20230518:0110,0.0,0.0,0.0,0.0,5.89,2.62,0.0
20230518:0210,0.0,0.0,0.0,0.0,5.48,2.55,0.0
20230518:0310,0.0,0.0,0.0,0.0,5.21,2.48,0.0
20230518:0410,0.0,0.71,0.2,2.1,4.95,2.41,0.0
20230518:0510,0.0,23.14,6.5,10.77,5.43,2.41,0.0
20230518:0610,0.0,53.04,14.9,20.01,6.57,2.62,0.0
20230518:0710,21.83,110.42,36.3,29.47,7.95,2.83,0.0
20230518:0810,125.75,130.75,55.3,38.74,9.42,2.9,0.0
20230518:0910,148.44,192.95,60.9,47.28,10.86,3.17,0.0
20230518:1010,286.19,180.69,76.4,54.21,11.95,3.72,0.0
20230518:1110,307.74,198.76,79.7,58.22,12.51,3.66,0.0
20230518:1210,325.96,187.39,80.9,58.08,13.16,3.45,0.0
20230518:1310,342.35,140.74,80.2,53.83,13.9,3.38,0.0
20230518:1410,314.81,81.99,75.5,46.76,14.45,3.31,0.0
20230518:1510,175.75,77.01,60.8,38.15,14.89,3.31,0.0
20230518:1610,21.65,101.6,37.0,28.85,14.78,3.31,0.0
20230518:1710,0.0,49.84,14.0,19.4,14.48,3.31,0.0
20230518:1810,0.0,23.14,6.5,10.19,13.55,3.03,0.0
20230518:1910,0.0,0.0,0.0,0.0,12.27,2.76,0.0
20230518:2010,0.0,0.0,0.0,0.0,10.9,3.03,0.0
20230518:2110,0.0,0.0,0.0,0.0,9.87,3.1,0.0
20230518:2210,0.0,0.0,0.0,0.0,9.03,3.03,0.0
20230518:2310,0.0,0.0,0.0,0.0,8.35,2.83,0.0
20230519:0010,0.0,0.0,0.0,0.0,7.77,2.69,0.0
20230519:0110,0.0,0.0,0.0,0.0,7.18,2.55,0.0
20230519:0210,0.0,0.0,0.0,0.0,6.63,2.48,0.0
20230519:0310,0.0,0.0,0.0,0.0,6.09,2.34,0.0
20230519:0410,0.0,1.07,0.3,2.27,5.61,2.34,0.0
20230519:0510,0.0,20.65,5.8,10.93,6.06,2.07,0.0
20230519:0610,0.0,32.4,9.1,20.17,8.15,2.14,0.0
20230519:0710,49.49,56.48,46.4,29.62,10.16,2.41,0.0
20230519:0810,190.14,71.64,63.1,38.9,12.11,2.69,0.0
20230519:0910,307.1,91.42,75.3,47.45,13.85,3.03,0.0
20230519:1010,379.17,115.45,83.2,54.4,15.32,3.66,0.0
20230519:1110,351.85,171.46,83.1,58.43,16.22,4.14,0.0
20230519:1210,378.82,152.32,84.8,58.29,16.74,4.14,0.0
20230519:1310,404.29,93.49,84.9,54.03,17.12,4.14,0.0
20230519:1410,320.24,76.12,76.5,46.94,17.28,4.21,0.0
20230519:1510,170.8,79.03,60.6,38.32,17.38,4.34,0.0
20230519:1610,40.35,56.69,44.9,29.02,16.93,3.93,0.0
20230519:1710,0.0,32.04,9.0,19.57,16.43,3.38,0.0
20230519:1810,0.0,18.87,5.3,10.36,15.57,3.1,0.0
20230519:1910,0.0,0.71,0.2,1.74,14.85,2.97,0.0
20230519:2010,0.0,0.0,0.0,0.0,13.76,3.24,0.0
20230519:2110,0.0,0.0,0.0,0.0,12.92,3.52,0.0
20230519:2210,0.0,0.0,0.0,0.0,12.12,3.59,0.0
20230519:2310,0.0,0.0,0.0,0.0,11.58,3.52,0.0
20230520:0010,0.0,0.0,0.0,0.0,11.26,3.38,0.0
20230520:0110,0.0,0.0,0.0,0.0,10.77,3.45,0.0
20230520:0210,0.0,0.0,0.0,0.0,10.49,3.52,0.0
20230520:0310,0.0,0.0,0.0,0.0,10.14,3.52,0.0
20230520:0410,0.0,1.07,0.3,2.43,9.72,3.38,0.0
20230520:0510,0.0,22.43,6.3,11.09,9.81,3.24,0.0
20230520:0610,0.0,32.4,9.1,20.32,10.9,3.17,0.0
20230520:0710,47.39,54.32,46.0,29.77,12.61,4.0,0.0
20230520:0810,182.0,72.72,61.9,39.05,14.14,4.48,0.0
20230520:0910,286.89,98.98,73.1,47.62,15.57,4.97,0.0
20230520:1010,395.46,95.49,83.9,54.59,16.74,5.38,0.0
20230520:1110,387.53,138.03,84.7,58.64,17.83,6.07,0.0
20230520:1210,306.8,188.14,79.1,58.5,18.15,5.59,0.0
20230520:1310,140.84,225.0,62.5,54.23,17.95,4.97,0.0
20230520:1410,0.49,117.24,23.6,47.12,17.78,4.83,0.0
20230520:1510,53.07,157.02,43.7,38.49,17.58,4.83,0.0
20230520:1610,2.72,104.37,23.2,29.18,17.42,4.62,0.0
20230520:1710,0.0,50.55,14.2,19.73,17.31,4.41,0.0
20230520:1810,0.0,20.29,5.7,10.53,16.82,4.07,0.0
20230520:1910,0.0,0.36,0.1,1.92,16.54,3.66,0.0
20230520:2010,0.0,0.0,0.0,0.0,15.75,3.59,0.0
20230520:2110,0.0,0.0,0.0,0.0,15.0,3.31,0.0
20230520:2210,0.0,0.0,0.0,0.0,13.94,3.03,0.0
20230520:2310,0.0,0.0,0.0,0.0,13.12,2.97,0.0
20230521:0010,0.0,0.0,0.0,0.0,12.44,2.97,0.0
20230521:0110,0.0,0.0,0.0,0.0,11.76,2.97,0.0
20230521:0210,0.0,0.0,0.0,0.0,11.16,2.83,0.0
20230521:0310,0.0,0.0,0.0,0.0,10.78,2.76,0.0
20230521:0410,0.0,1.42,0.4,2.59,10.56,2.83,0.0
20230521:0510,0.0,24.56,6.9,11.24,11.0,2.83,0.0
20230521:0610,0.0,54.47,15.3,20.46,12.34,2.9,0.0
20230521:0710,15.73,111.67,34.1,29.91,13.72,3.45,0.0
20230521:0810,141.02,107.13,57.2,39.2,14.93,3.59,0.0
20230521:0910,259.31,115.9,70.8,47.78,16.59,4.28,0.0
20230521:1010,344.41,125.76,79.9,54.77,17.77,4.83,0.0
20230521:1110,133.22,240.92,63.2,58.84,18.97,4.62,0.0
20230521:1210,107.71,239.71,59.9,58.71,19.64,4.21,0.0
20230521:1310,78.42,221.97,53.9,54.42,20.1,3.72,0.0
20230521:1410,155.03,177.33,61.0,47.3,20.43,3.45,0.0
20230521:1510,45.92,156.92,42.2,38.66,20.16,3.59,0.0
20230521:1610,5.19,110.95,26.8,29.34,19.93,3.59,0.0
20230521:1710,0.0,44.86,12.6,19.9,19.68,3.52,0.0
20230521:1810,0.0,16.73,4.7,10.7,19.26,3.45,0.0
20230521:1910,0.0,0.36,0.1,2.09,18.14,3.38,0.0
20230521:2010,0.0,0.0,0.0,0.0,16.66,3.31,0.0
20230521:2110,0.0,0.0,0.0,0.0,15.45,3.24,0.0
20230521:2210,0.0,0.0,0.0,0.0,14.4,2.97,0.0
20230521:2310,0.0,0.0,0.0,0.0,13.46,2.62,0.0
20230522:0010,0.0,0.0,0.0,0.0,12.78,2.34,0.0
20230522:0110,0.0,0.0,0.0,0.0,12.33,2.41,0.0
20230522:0210,0.0,0.0,0.0,0.0,11.83,2.48,0.0
20230522:0310,0.0,0.0,0.0,0.0,11.48,2.41,0.0
20230522:0410,0.0,1.07,0.3,2.74,11.44,2.34,0.0
20230522:0510,0.0,11.39,3.2,11.38,11.91,3.03,0.0
20230522:0610,0.0,28.48,8.0,20.6,12.96,3.1,0.0
20230522:0710,0.0,73.78,14.8,30.05,13.38,2.97,0.0
20230522:0810,11.1,143.32,31.3,39.34,15.37,2.9,0.0
20230522:0910,4.85,146.22,30.1,47.94,17.18,2.83,0.0
20230522:1010,9.98,175.12,36.4,54.95,18.68,3.24,0.0
20230522:1110,1.75,152.94,30.9,59.04,19.93,3.31,0.0
20230522:1210,0.58,136.71,27.5,58.91,20.35,3.31,0.0
20230522:1310,21.5,192.07,41.2,54.61,20.22,3.52,0.0
20230522:1410,2.4,134.63,27.4,47.47,19.67,4.07,0.0
20230522:1510,0.35,102.26,20.6,38.82,18.93,4.48,0.0
20230522:1610,0.22,81.76,16.6,29.5,18.42,4.41,0.0
20230522:1710,0.0,42.36,11.9,20.06,17.89,4.14,0.0
20230522:1810,0.0,17.09,4.8,10.86,16.96,3.79,0.0
20230522:1910,0.0,0.36,0.1,2.26,15.58,3.17,0.0
20230522:2010,0.0,0.0,0.0,0.0,14.29,3.17,0.0
20230522:2110,0.0,0.0,0.0,0.0,13.17,3.45,0.0
20230522:2210,0.0,0.0,0.0,0.0,12.25,3.52,0.0
20230522:2310,0.0,0.0,0.0,0.0,11.6,3.45,0.0
20230523:0010,0.0,0.0,0.0,0.0,11.38,3.03,0.0
20230523:0110,0.0,0.0,0.0,0.0,11.29,3.38,0.0
20230523:0210,0.0,0.0,0.0,0.0,11.23,3.45,0.0
20230523:0310,0.0,0.0,0.0,0.0,11.28,3.38,0.0
20230523:0410,0.0,0.71,0.2,2.89,11.31,3.72,0.0
20230523:0510,0.0,7.83,2.2,11.52,11.37,4.0,0.0
20230523:0610,0.0,21.36,6.0,20.73,11.55,4.14,0.0
20230523:0710,0.72,93.77,19.4,30.18,11.98,4.83,0.0
20230523:0810,74.39,155.25,49.0,39.48,12.59,4.97,0.0
20230523:0910,63.36,199.82,49.6,48.09,13.31,4.97,0.0
20230523:1010,0.55,134.21,27.0,55.12,13.75,4.69,0.0
20230523:1110,64.98,234.12,54.1,59.22,14.3,4.76,0.0
20230523:1210,42.87,222.54,49.4,59.1,15.02,4.9,0.0
20230523:1310,71.08,224.08,53.6,54.79,15.45,4.83,0.0
20230523:1410,105.39,196.47,56.1,47.64,15.35,4.9,0.0
20230523:1510,94.35,138.55,52.0,38.98,15.19,5.17,0.0
20230523:1610,18.44,99.02,38.0,29.66,14.77,5.03,0.0
20230523:1710,0.0,33.82,9.5,20.21,14.15,4.9,0.0
20230523:1810,0.0,21.0,5.9,11.02,13.32,4.41,0.0
20230523:1910,0.0,1.07,0.3,2.43,11.93,4.28,0.0
20230523:2010,0.0,0.0,0.0,0.0,10.66,4.0,0.0
20230523:2110,0.0,0.0,0.0,0.0,9.63,3.66,0.0
20230523:2210,0.0,0.0,0.0,0.0,8.85,3.24,0.0
20230523:2310,0.0,0.0,0.0,0.0,8.08,2.76,0.0
20230524:0010,0.0,0.0,0.0,0.0,7.4,2.48,0.0
20230524:0110,0.0,0.0,0.0,0.0,6.83,2.34,0.0
20230524:0210,0.0,0.0,0.0,0.0,6.32,2.07,0.0
20230524:0310,0.0,0.0,0.0,0.0,5.71,1.79,0.0
20230524:0410,0.0,1.42,0.4,3.03,5.12,1.79,0.0
20230524:0510,0.0,21.0,5.9,11.65,5.83,1.52,0.0
20230524:0610,0.0,32.4,9.1,20.86,8.55,1.66,0.0
20230524:0710,40.71,54.02,47.3,30.31,9.98,1.72,0.0
20230524:0810,74.68,156.2,49.6,39.61,11.35,1.93,0.0
20230524:0910,81.73,203.57,53.4,48.23,12.63,2.48,0.0
20230524:1010,56.13,222.2,51.4,55.28,13.59,2.97,0.0
20230524:1110,190.58,237.83,71.0,59.41,13.82,2.83,0.0
20230524:1210,185.14,238.53,70.4,59.29,14.09,2.9,0.0
20230524:1310,0.0,112.66,22.6,54.97,14.37,2.97,0.0
20230524:1410,0.0,69.79,14.0,47.8,14.48,2.69,0.0
20230524:1510,0.0,84.25,16.9,39.13,14.74,2.83,0.0
20230524:1610,9.65,114.51,32.8,29.81,14.79,2.9,0.0
20230524:1710,0.0,53.04,14.9,20.36,14.63,2.69,0.0
20230524:1810,0.0,20.29,5.7,11.18,14.33,2.62,0.0
20230524:1910,0.0,1.42,0.4,2.6,13.64,2.76,0.0
20230524:2010,0.0,0.0,0.0,0.0,13.02,2.83,0.0
20230524:2110,0.0,0.0,0.0,0.0,12.34,2.97,0.0
20230524:2210,0.0,0.0,0.0,0.0,11.83,3.03,0.0
20230524:2310,0.0,0.0,0.0,0.0,11.22,2.97,0.0
20230525:0010,0.0,0.0,0.0,0.0,10.84,2.9,0.0
20230525:0110,0.0,0.0,0.0,0.0,10.35,2.76,0.0
20230525:0210,0.0,0.0,0.0,0.0,10.11,2.76,0.0
20230525:0310,0.0,0.0,0.0,0.0,9.65,2.83,0.0
20230525:0410,0.0,2.14,0.6,3.16,8.83,2.76,0.0
20230525:0510,0.0,23.14,6.5,11.78,8.94,2.55,0.0
20230525:0610,0.0,34.18,9.6,20.98,10.11,2.76,0.0
20230525:0710,39.39,52.57,47.6,30.43,11.7,2.83,0.0
20230525:0810,169.79,74.18,62.8,39.74,13.25,3.31,0.0
20230525:0910,169.84,176.56,64.8,48.37,14.44,3.72,0.0
20230525:1010,132.96,229.86,63.3,55.44,15.4,4.0,0.0
20230525:1110,284.61,198.85,79.4,59.58,16.09,4.21,0.0
20230525:1210,327.6,172.72,82.6,59.47,16.64,4.34,0.0
20230525:1310,210.37,205.54,71.3,55.14,17.03,4.34,0.0
20230525:1410,214.23,144.23,68.9,47.96,17.3,4.34,0.0
20230525:1510,109.15,127.07,55.1,39.29,17.33,4.41,0.0
20230525:1610,28.34,66.28,44.5,29.96,17.14,4.34,0.0
20230525:1710,0.0,35.96,10.1,20.51,16.6,4.0,0.0
20230525:1810,0.0,23.5,6.6,11.33,16.05,3.38,0.0
20230525:1910,0.0,2.14,0.6,2.76,14.87,3.31,0.0
20230525:2010,0.0,0.0,0.0,0.0,13.84,3.17,0.0
20230525:2110,0.0,0.0,0.0,0.0,13.01,3.31,0.0
20230525:2210,0.0,0.0,0.0,0.0,12.17,3.52,0.0
20230525:2310,0.0,0.0,0.0,0.0,11.46,3.72,0.0
20230526:0010,0.0,0.0,0.0,0.0,10.71,3.72,0.0
20230526:0110,0.0,0.0,0.0,0.0,10.14,3.59,0.0
20230526:0210,0.0,0.0,0.0,0.0,9.56,3.38,0.0
20230526:0310,0.0,0.0,0.0,0.0,8.85,3.17,0.0
20230526:0410,0.0,2.49,0.7,3.29,8.14,3.24,0.0
20230526:0510,0.0,24.21,6.8,11.9,8.36,3.17,0.0
20230526:0610,0.0,40.23,11.3,21.09,9.13,4.14,0.0
20230526:0710,36.91,54.88,47.5,30.54,10.1,4.55,0.0
20230526:0810,173.77,69.41,64.0,39.86,11.4,4.55,0.0
20230526:0910,296.34,83.72,76.9,48.5,12.79,4.69,0.0
20230526:1010,393.59,88.03,86.5,55.59,14.15,4.83,0.0
20230526:1110,460.71,79.24,92.7,59.75,15.29,4.83,0.0
20230526:1210,465.23,75.61,93.1,59.65,16.35,4.9,0.0
20230526:1310,389.77,87.85,86.1,55.31,17.11,4.9,0.0
20230526:1410,294.44,80.12,76.6,48.12,17.59,5.03,0.0
20230526:1510,162.44,73.19,62.5,39.43,17.75,5.1,0.0
20230526:1610,28.65,61.93,45.5,30.1,17.58,5.1,0.0
20230526:1710,0.0,35.96,10.1,20.66,17.09,4.9,0.0
20230526:1810,0.0,28.12,7.9,11.48,16.23,4.14,0.0
20230526:1910,0.0,2.14,0.6,2.91,15.15,4.07,0.0
20230526:2010,0.0,0.0,0.0,0.0,13.8,4.07,0.0
20230526:2110,0.0,0.0,0.0,0.0,12.78,4.28,0.0
20230526:2210,0.0,0.0,0.0,0.0,11.86,4.34,0.0
20230526:2310,0.0,0.0,0.0,0.0,10.97,4.14,0.0
20230527:0010,0.0,0.0,0.0,0.0,10.14,3.93,0.0
20230527:0110,0.0,0.0,0.0,0.0,9.36,3.72,0.0
20230527:0210,0.0,0.0,0.0,0.0,8.66,3.59,0.0
20230527:0310,0.0,0.0,0.0,0.0,8.05,3.52,0.0
20230527:0410,0.0,1.78,0.5,3.41,7.55,3.45,0.0
20230527:0510,0.0,27.41,7.7,12.01,7.92,3.17,0.0
20230527:0610,0.0,41.65,11.7,21.2,9.18,3.72,0.0
20230527:0710,32.05,66.8,46.7,30.65,10.94,3.86,0.0
20230527:0810,153.04,91.18,62.2,39.97,12.84,3.59,0.0
20230527:0910,248.33,124.54,73.5,48.62,14.69,3.52,0.0
20230527:1010,392.7,90.31,87.3,55.73,16.4,3.59,0.0
20230527:1110,459.75,81.62,93.5,59.92,17.92,3.72,0.0
20230527:1210,452.46,85.84,92.9,59.82,19.17,3.72,0.0
20230527:1310,389.01,90.14,86.9,55.47,20.05,3.59,0.0
20230527:1410,282.25,90.78,76.2,48.27,20.58,3.38,0.0
20230527:1510,162.04,73.87,63.2,39.58,20.83,3.31,0.0
20230527:1610,31.82,48.1,48.2,30.25,20.78,3.24,0.0
20230527:1710,0.0,32.04,9.0,20.8,20.41,2.97,0.0
20230527:1810,0.0,21.36,6.0,11.63,19.45,2.48,0.0
20230527:1910,0.0,3.2,0.9,3.07,17.89,2.76,0.0
20230527:2010,0.0,0.0,0.0,0.0,16.09,2.9,0.0
20230527:2110,0.0,0.0,0.0,0.0,14.84,2.83,0.0
20230527:2210,0.0,0.0,0.0,0.0,13.82,2.76,0.0
20230527:2310,0.0,0.0,0.0,0.0,12.92,2.69,0.0
20230528:0010,0.0,0.0,0.0,0.0,12.09,2.55,0.0
20230528:0110,0.0,0.0,0.0,0.0,11.29,2.34,0.0
20230528:0210,0.0,0.0,0.0,0.0,10.54,2.21,0.0
20230528:0310,0.0,0.0,0.0,0.0,9.84,2.21,0.0
20230528:0410,0.0,3.56,1.0,3.53,9.33,2.28,0.0
20230528:0510,0.0,21.72,6.1,12.12,10.03,2.0,0.0
20230528:0610,0.0,34.89,9.8,21.31,12.29,2.21,0.0
20230528:0710,34.48,51.51,48.1,30.75,14.21,2.62,0.0
20230528:0810,168.66,69.35,64.0,40.07,16.28,2.9,0.0
20230528:0910,253.83,113.38,73.5,48.74,18.24,3.24,0.0
20230528:1010,366.53,101.78,84.6,55.87,19.85,3.52,0.0
20230528:1110,441.53,87.83,91.7,60.08,20.98,3.66,0.0
20230528:1210,434.91,91.32,91.1,59.99,21.75,3.59,0.0
20230528:1310,373.61,94.76,85.2,55.63,22.19,3.72,0.0
20230528:1410,264.45,99.64,74.2,48.42,22.44,3.93,0.0
20230528:1510,153.98,77.44,61.9,39.72,22.41,4.07,0.0
20230528:1610,29.75,49.38,47.5,30.39,22.17,4.21,0.0
20230528:1710,0.0,32.75,9.2,20.94,21.56,3.93,0.0
20230528:1810,0.0,21.36,6.0,11.77,20.47,3.93,0.0
20230528:1910,0.0,4.27,1.2,3.21,18.74,4.55,0.0
20230528:2010,0.0,0.0,0.0,0.0,17.13,5.1,0.0
20230528:2110,0.0,0.0,0.0,0.0,15.83,5.31,0.0
20230528:2210,0.0,0.0,0.0,0.0,14.71,5.1,0.0
20230528:2310,0.0,0.0,0.0,0.0,13.72,4.69,0.0
20230529:0010,0.0,0.0,0.0,0.0,12.85,4.41,0.0
20230529:0110,0.0,0.0,0.0,0.0,12.07,4.41,0.0
20230529:0210,0.0,0.0,0.0,0.0,11.26,4.62,0.0
20230529:0310,0.0,0.0,0.0,0.0,10.55,4.55,0.0
20230529:0410,0.0,2.85,0.8,3.64,9.99,4.28,0.0
20230529:0510,0.0,23.5,6.6,12.22,10.0,4.0,0.0
20230529:0610,0.0,35.6,10.0,21.4,10.59,4.97,0.0
20230529:0710,28.26,67.15,46.0,30.85,11.83,5.17,0.0
20230529:0810,148.27,88.25,61.6,40.18,13.26,5.1,0.0
20230529:0910,271.52,95.1,75.1,48.85,14.69,5.17,0.0
20230529:1010,337.67,122.26,82.7,56.0,15.94,5.52,0.0
20230529:1110,409.73,106.47,89.2,60.23,16.92,5.72,0.0
20230529:1210,386.56,123.63,87.6,60.15,17.69,5.66,0.0
20230529:1310,234.65,190.35,74.4,55.79,18.13,5.52,0.0
20230529:1410,155.23,177.7,63.9,48.57,18.35,5.31,0.0
20230529:1510,47.98,161.3,45.2,39.86,18.26,5.1,0.0
20230529:1610,4.52,116.81,29.2,30.52,17.94,5.1,0.0
20230529:1710,0.0,44.14,12.4,21.08,17.4,4.97,0.0
20230529:1810,0.0,21.36,6.0,11.91,16.53,4.76,0.0
20230529:1910,0.0,4.27,1.2,3.36,15.35,4.55,0.0
20230529:2010,0.0,0.0,0.0,0.0,14.09,4.48,0.0
20230529:2110,0.0,0.0,0.0,0.0,13.07,4.69,0.0
20230529:2210,0.0,0.0,0.0,0.0,12.1,4.76,0.0
20230529:2310,0.0,0.0,0.0,0.0,11.18,4.62,0.0
20230530:0010,0.0,0.0,0.0,0.0,10.32,4.34,0.0
20230530:0110,0.0,0.0,0.0,0.0,9.52,4.07,0.0
20230530:0210,0.0,0.0,0.0,0.0,8.83,3.93,0.0
20230530:0310,0.0,0.0,0.0,0.0,8.26,3.93,0.0
20230530:0410,0.0,5.34,1.5,3.75,7.86,3.93,0.0
20230530:0510,0.0,22.43,6.3,12.32,8.25,3.72,0.0
20230530:0610,0.0,44.14,12.4,21.5,9.29,4.62,0.0
20230530:0710,31.12,51.03,48.1,30.94,10.6,4.83,0.0
20230530:0810,163.89,69.32,64.0,40.27,11.98,4.62,0.0
20230530:0910,284.9,82.42,76.7,48.96,13.42,4.62,0.0
20230530:1010,365.51,98.35,85.0,56.12,14.82,4.69,0.0
20230530:1110,406.6,106.13,89.1,60.37,16.11,4.62,0.0
20230530:1210,416.74,99.12,90.0,60.3,17.24,4.62,0.0
20230530:1310,377.94,87.31,86.0,55.94,18.11,4.62,0.0
20230530:1410,265.18,94.52,74.6,48.71,18.72,4.55,0.0
20230530:1510,157.44,70.29,63.0,39.99,19.01,4.55,0.0
20230530:1610,28.61,45.61,48.5,30.65,19.04,4.62,0.0
20230530:1710,0.0,31.33,8.8,21.21,18.76,4.55,0.0
20230530:1810,0.0,21.72,6.1,12.05,18.08,3.86,0.0
20230530:1910,0.0,4.63,1.3,3.5,16.51,4.28,0.0
20230530:2010,0.0,0.0,0.0,0.0,15.15,4.41,0.0
20230530:2110,0.0,0.0,0.0,0.0,14.11,4.34,0.0
20230530:2210,0.0,0.0,0.0,0.0,13.21,4.07,0.0
20230530:2310,0.0,0.0,0.0,0.0,12.58,3.93,0.0
20230531:0010,0.0,0.0,0.0,0.0,12.14,3.79,0.0
20230531:0110,0.0,0.0,0.0,0.0,11.75,3.79,0.0
20230531:0210,0.0,0.0,0.0,0.0,11.4,3.86,0.0
20230531:0310,0.0,0.0,0.0,0.0,11.05,3.79,0.0
20230531:0410,0.0,7.48,2.1,3.85,10.73,3.66,0.0
20230531:0510,0.0,22.07,6.2,12.41,11.14,3.45,0.0
20230531:0610,0.0,32.75,9.2,21.58,12.38,3.93,0.0
20230531:0710,31.22,45.67,49.3,31.02,14.04,4.07,0.0
20230531:0810,164.63,66.04,64.4,40.36,15.87,4.28,0.0
20230531:0910,286.97,79.46,77.3,49.05,17.64,4.48,0.0
20230531:1010,378.56,87.11,86.4,56.24,19.33,4.69,0.0
20230531:1110,421.7,94.66,90.7,60.51,20.69,5.03,0.0
20230531:1210,420.84,94.62,90.6,60.45,21.63,5.31,0.0
20230531:1310,366.27,94.51,85.3,56.08,22.25,5.31,0.0
20230531:1410,275.62,85.16,76.0,48.85,22.68,5.31,0.0
20230531:1510,154.23,72.41,62.9,40.12,22.86,5.17,0.0
20230531:1610,27.28,46.54,48.4,30.78,22.78,4.9,0.0
20230531:1710,0.0,46.99,13.2,21.34,22.35,4.28,0.0
20230531:1810,0.0,23.14,6.5,12.18,21.4,3.79,0.0
20230531:1910,0.0,3.92,1.1,3.64,20.01,3.52,0.0
20230531:2010,0.0,0.0,0.0,0.0,18.38,3.45,0.0
20230531:2110,0.0,0.0,0.0,0.0,17.13,3.59,0.0
20230531:2210,0.0,0.0,0.0,0.0,16.05,3.86,0.0
20230531:2310,0.0,0.0,0.0,0.0,15.05,4.07,0.0
20230601:0010,0.0,0.0,0.0,0.0,13.93,4.0,0.0
20230601:0110,0.0,0.0,0.0,0.0,12.96,3.79,0.0
20230601:0210,0.0,0.0,0.0,0.0,12.04,3.52,0.0
20230601:0310,0.0,0.0,0.0,0.0,11.31,3.38,0.0
20230601:0410,0.0,6.41,1.8,3.94,10.63,3.24,0.0
20230601:0510,0.0,27.77,7.8,12.5,10.8,3.31,0.0
20230601:0610,0.0,48.06,13.5,21.66,11.4,3.86,0.0
20230601:0710,4.93,120.69,30.7,31.1,12.27,3.59,0.0
20230601:0810,151.05,79.96,63.1,40.44,13.54,3.66,0.0
20230601:0910,285.1,81.0,77.7,49.15,15.0,3.72,0.0
20230601:1010,371.48,92.87,86.4,56.35,16.63,3.79,0.0
20230601:1110,419.24,97.08,91.1,60.64,18.15,3.86,0.0
20230601:1210,400.44,110.23,89.6,60.59,19.38,4.07,0.0
20230601:1310,364.57,96.2,85.7,56.22,20.22,4.28,0.0
20230601:1410,278.06,84.12,76.9,48.98,20.68,4.55,0.0
20230601:1510,157.61,68.99,64.0,40.25,20.63,4.76,0.0
20230601:1610,26.47,47.09,48.9,30.91,20.0,4.9,0.0
20230601:1710,0.0,31.33,8.8,21.47,18.82,4.9,0.0
20230601:1810,0.0,22.43,6.3,12.31,17.3,4.62,0.0
20230601:1910,0.0,4.98,1.4,3.77,14.97,4.62,0.0
20230601:2010,0.0,0.0,0.0,0.0,13.22,4.34,0.0
20230601:2110,0.0,0.0,0.0,0.0,12.04,4.14,0.0
20230601:2210,0.0,0.0,0.0,0.0,11.54,4.0,0.0
20230601:2310,0.0,0.0,0.0,0.0,11.04,3.86,0.0
20230602:0010,0.0,0.0,0.0,0.0,10.68,3.79,0.0
20230602:0110,0.0,0.0,0.0,0.0,10.4,3.79,0.0
20230602:0210,0.0,0.0,0.0,0.0,10.09,3.59,0.0
20230602:0310,0.0,0.0,0.0,0.0,9.83,3.79,0.0
20230602:0410,0.0,1.07,0.3,4.03,9.61,3.79,0.0
20230602:0510,0.0,16.02,4.5,12.57,9.57,3.93,0.0
20230602:0610,0.0,29.9,8.4,21.74,9.75,3.86,0.0
20230602:0710,0.95,105.11,22.4,31.18,10.52,4.07,0.0
20230602:0810,16.92,158.23,36.4,40.52,11.22,4.0,0.0
20230602:0910,54.82,203.26,50.1,49.23,11.91,3.93,0.0
20230602:1010,235.9,191.39,76.0,56.45,13.2,3.86,0.0
20230602:1110,414.72,100.23,91.2,60.76,14.58,3.72,0.0
20230602:1210,413.99,100.21,91.1,60.73,15.74,3.72,0.0
20230602:1310,360.43,99.26,85.8,56.36,16.57,3.93,0.0
20230602:1410,275.32,85.76,77.0,49.1,17.37,4.14,0.0
20230602:1510,153.68,72.3,63.8,40.37,17.79,4.34,0.0
20230602:1610,25.93,46.2,49.4,31.03,18.03,4.41,0.0
20230602:1710,0.0,34.89,9.8,21.59,18.05,4.48,0.0
20230602:1810,0.0,28.48,8.0,12.43,17.68,3.79,0.0
20230602:1910,0.0,5.34,1.5,3.9,16.52,3.59,0.0
20230602:2010,0.0,0.0,0.0,0.0,15.62,3.45,0.0
20230602:2110,0.0,0.0,0.0,0.0,14.85,3.24,0.0
20230602:2210,0.0,0.0,0.0,0.0,14.06,2.97,0.0
20230602:2310,0.0,0.0,0.0,0.0,13.64,2.83,0.0
20230603:0010,0.0,0.0,0.0,0.0,12.71,2.97,0.0
20230603:0110,0.0,0.0,0.0,0.0,12.28,3.03,0.0
20230603:0210,0.0,0.0,0.0,0.0,11.79,3.1,0.0
20230603:0310,0.0,0.0,0.0,0.0,11.47,3.1,0.0
20230603:0410,0.0,7.83,2.2,4.11,11.04,3.1,0.0
20230603:0510,0.0,22.07,6.2,12.65,11.58,3.1,0.0
20230603:0610,0.0,33.46,9.4,21.81,12.99,3.45,0.0
20230603:0710,26.48,46.7,49.7,31.24,14.86,4.14,0.0
20230603:0810,162.06,64.35,65.4,40.59,16.28,3.93,0.0
20230603:0910,282.05,79.78,77.9,49.32,17.59,4.34,0.0
20230603:1010,373.55,88.2,87.1,56.55,18.66,4.97,0.0
20230603:1110,416.29,96.5,91.4,60.88,19.48,5.03,0.0
20230603:1210,421.55,92.99,91.9,60.86,20.11,4.97,0.0
20230603:1310,367.07,92.24,86.5,56.49,20.73,4.9,0.0
20230603:1410,272.69,86.18,76.9,49.23,21.17,4.9,0.0
20230603:1510,153.82,70.88,64.1,40.49,21.3,4.9,0.0
20230603:1610,24.65,47.77,49.1,31.14,21.13,4.83,0.0
20230603:1710,0.0,31.33,8.8,21.71,20.65,4.41,0.0
20230603:1810,0.0,22.07,6.2,12.55,19.61,3.93,0.0
20230603:1910,0.0,7.12,2.0,4.02,18.11,3.93,0.0
20230603:2010,0.0,0.0,0.0,0.0,16.65,3.79,0.0
20230603:2110,0.0,0.0,0.0,0.0,15.55,3.59,0.0
20230603:2210,0.0,0.0,0.0,0.0,14.58,3.45,0.0
20230603:2310,0.0,0.0,0.0,0.0,13.72,3.38,0.0
20230604:0010,0.0,0.0,0.0,0.0,12.94,3.31,0.0
20230604:0110,0.0,0.0,0.0,0.0,12.25,3.24,0.0
20230604:0210,0.0,0.0,0.0,0.0,11.62,3.24,0.0
20230604:0310,0.0,0.0,0.0,0.0,11.05,3.31,0.0
20230604:0410,0.0,8.19,2.3,4.18,10.58,3.24,0.0
20230604:0510,0.0,23.14,6.5,12.72,10.93,3.03,0.0
20230604:0610,0.0,34.89,9.8,21.87,12.36,3.1,0.0
20230604:0710,24.62,48.97,49.6,31.31,14.15,3.45,0.0
20230604:0810,157.5,68.16,65.2,40.65,16.02,3.52,0.0
20230604:0910,282.18,79.42,78.4,49.39,17.89,3.79,0.0
20230604:1010,373.94,88.52,87.7,56.64,19.46,4.41,0.0
20230604:1110,417.39,96.17,92.0,60.99,20.55,4.69,0.0
20230604:1210,417.33,95.49,91.9,60.98,21.36,4.55,0.0
20230604:1310,363.15,95.32,86.6,56.61,21.93,4.28,0.0
20230604:1410,269.76,88.46,77.0,49.35,22.28,4.28,0.0
20230604:1510,151.93,72.39,64.2,40.61,22.39,4.21,0.0
20230604:1610,23.48,50.2,49.0,31.26,22.25,4.07,0.0
20230604:1710,0.0,34.53,9.7,21.82,21.83,3.59,0.0
20230604:1810,0.0,24.56,6.9,12.67,20.82,3.1,0.0
20230604:1910,0.0,7.83,2.2,4.14,19.13,3.1,0.0
20230604:2010,0.0,0.0,0.0,0.0,17.33,3.59,0.0
20230604:2110,0.0,0.0,0.0,0.0,16.01,3.93,0.0
20230604:2210,0.0,0.0,0.0,0.0,14.92,3.93,0.0
20230604:2310,0.0,0.0,0.0,0.0,14.06,3.79,0.0
20230605:0010,0.0,0.0,0.0,0.0,13.36,3.59,0.0
20230605:0110,0.0,0.0,0.0,0.0,12.71,3.45,0.0
20230605:0210,0.0,0.0,0.0,0.0,12.1,3.31,0.0
20230605:0310,0.0,0.0,0.0,0.0,11.49,3.1,0.0
20230605:0410,0.0,8.54,2.4,4.25,10.96,2.97,0.0
20230605:0510,0.0,25.28,7.1,12.78,11.41,2.76,0.0
20230605:0610,0.0,39.16,11.0,21.93,12.69,3.31,0.0
20230605:0710,22.24,52.35,48.6,31.36,13.76,3.45,0.0
20230605:0810,149.82,72.87,64.0,40.71,15.42,3.38,0.0
20230605:0910,269.5,86.37,77.0,49.46,17.13,3.59,0.0
20230605:1010,363.37,91.79,86.5,56.73,18.77,3.72,0.0
20230605:1110,405.75,100.17,90.8,61.1,20.29,3.93,0.0
20230605:1210,411.1,96.03,91.2,61.1,21.53,4.07,0.0
20230605:1310,352.84,99.22,85.5,56.73,22.35,4.0,0.0
20230605:1410,260.94,92.83,76.0,49.46,22.83,3.86,0.0
20230605:1510,141.23,82.4,62.7,40.72,23.01,3.79,0.0
20230605:1610,16.62,81.14,44.6,31.37,22.97,3.79,0.0
20230605:1710,0.0,35.6,10.0,21.93,22.64,3.59,0.0
20230605:1810,0.0,24.56,6.9,12.78,21.6,3.38,0.0
20230605:1910,0.0,8.19,2.3,4.25,18.75,4.62,0.0
20230605:2010,0.0,0.0,0.0,0.0,16.74,4.55,0.0
20230605:2110,0.0,0.0,0.0,0.0,15.33,4.14,0.0
20230605:2210,0.0,0.0,0.0,0.0,14.23,3.79,0.0
20230605:2310,0.0,0.0,0.0,0.0,13.38,3.45,0.0
20230606:0010,0.0,0.0,0.0,0.0,12.67,3.17,0.0
20230606:0110,0.0,0.0,0.0,0.0,12.1,3.03,0.0
20230606:0210,0.0,0.0,0.0,0.0,11.59,3.03,0.0
20230606:0310,0.0,0.0,0.0,0.0,11.14,3.1,0.0
20230606:0410,0.0,8.19,2.3,4.31,10.79,3.03,0.0
20230606:0510,0.0,31.68,8.9,12.83,11.34,2.83,0.0
20230606:0610,0.0,51.26,14.4,21.98,12.64,3.38,0.0
20230606:0710,0.0,0.0,0.0,0.0,13.55,3.86,0.0
20230606:0810,141.47,79.81,62.9,40.77,15.37,3.38,0.0
20230606:0910,261.75,89.43,76.1,49.52,17.15,3.24,0.0
20230606:1010,358.49,92.29,86.0,56.8,18.97,3.31,0.0
20230606:1110,394.85,104.11,89.7,61.2,20.63,3.45,0.0
20230606:1210,400.24,100.68,90.2,61.21,22.05,3.52,0.0
20230606:1310,348.72,99.06,85.0,56.84,23.15,3.45,0.0
20230606:1410,262.12,88.88,76.0,49.57,23.72,3.24,0.0
20230606:1510,133.71,89.36,61.7,40.82,23.83,2.97,0.0
20230606:1610,20.17,59.51,47.4,31.47,23.88,2.83,0.0
20230606:1710,0.0,39.52,11.1,22.03,23.54,2.48,0.0
20230606:1810,0.0,24.56,6.9,12.89,22.42,2.62,0.0
20230606:1910,0.0,8.19,2.3,4.36,20.54,3.31,0.0
20230606:2010,0.0,0.0,0.0,0.0,18.74,3.79,0.0
20230606:2110,0.0,0.0,0.0,0.0,17.59,3.86,0.0
20230606:2210,0.0,0.0,0.0,0.0,16.88,3.72,0.0
20230606:2310,0.0,0.0,0.0,0.0,16.34,3.52,0.0
20230607:0010,0.0,0.0,0.0,0.0,15.65,3.24,0.0
20230607:0110,0.0,0.0,0.0,0.0,14.92,3.1,0.0
20230607:0210,0.0,0.0,0.0,0.0,14.2,3.1,0.0
20230607:0310,0.0,0.0,0.0,0.0,13.65,2.97,0.0
20230607:0410,0.0,8.9,2.5,4.37,13.2,2.83,0.0
20230607:0510,0.0,28.12,7.9,12.88,13.63,2.69,0.0
20230607:0610,0.0,53.04,14.9,22.02,15.03,3.1,0.0
20230607:0710,18.7,55.74,47.3,31.46,15.76,3.31,0.0
20230607:0810,111.5,110.53,58.4,40.81,17.35,3.24,0.0
20230607:0910,251.21,93.17,74.6,49.58,18.83,3.24,0.0
20230607:1010,340.83,99.57,83.9,56.87,20.36,3.45,0.0
20230607:1110,386.25,105.32,88.6,61.29,21.74,3.72,0.0
20230607:1210,85.34,240.97,59.3,61.32,22.76,3.72,0.0
20230607:1310,186.05,205.92,70.7,56.95,23.26,4.0,0.0
20230607:1410,4.67,152.14,31.4,49.68,23.53,4.07,0.0
20230607:1510,22.28,159.87,38.6,40.93,23.5,4.07,0.0
20230607:1610,1.75,114.31,26.0,31.57,23.14,4.14,0.0
20230607:1710,0.0,34.18,9.6,22.14,22.71,3.93,0.0
20230607:1810,0.0,31.68,8.9,12.99,21.82,3.03,0.0
20230607:1910,0.0,4.98,1.4,4.47,20.09,2.9,0.0
20230607:2010,0.0,0.0,0.0,0.0,18.89,2.55,0.0
20230607:2110,0.0,0.0,0.0,0.0,18.27,2.48,0.0
20230607:2210,0.0,0.0,0.0,0.0,17.62,2.69,0.0
20230607:2310,0.0,0.0,0.0,0.0,16.88,2.9,0.0
20230608:0010,0.0,0.0,0.0,0.0,16.2,2.97,0.0
20230608:0110,0.0,0.0,0.0,0.0,15.51,2.97,0.0
20230608:0210,0.0,0.0,0.0,0.0,15.15,2.97,0.0
20230608:0310,0.0,0.0,0.0,0.0,14.5,2.9,0.0
20230608:0410,0.0,7.83,2.2,4.42,13.98,2.9,0.0
20230608:0510,0.0,30.97,8.7,12.93,14.36,2.76,0.0
20230608:0610,0.0,46.64,13.1,22.06,15.18,3.31,0.0
20230608:0710,15.95,65.84,46.0,31.5,16.54,3.17,0.0
20230608:0810,135.78,79.64,61.9,40.86,18.12,3.1,0.0
20230608:0910,253.51,89.78,75.0,49.63,19.76,3.31,0.0
20230608:1010,348.16,93.33,84.8,56.94,21.3,3.66,0.0
20230608:1110,389.97,101.03,89.0,61.37,22.75,3.93,0.0
20230608:1210,390.18,101.06,89.0,61.42,23.92,4.14,0.0
20230608:1310,344.35,96.77,84.4,57.05,24.63,4.28,0.0
20230608:1410,236.4,106.91,73.4,49.78,24.9,4.21,0.0
20230608:1510,140.17,76.43,62.3,41.02,25.11,4.0,0.0
20230608:1610,18.87,60.24,46.9,31.67,24.83,3.52,0.0
20230608:1710,0.0,47.7,13.4,22.23,24.5,3.24,0.0
20230608:1810,0.0,28.48,8.0,13.09,23.83,3.24,0.0
20230608:1910,0.0,7.48,2.1,4.57,22.14,2.48,0.0
20230608:2010,0.0,0.0,0.0,0.0,20.5,2.69,0.0
20230608:2110,0.0,0.0,0.0,0.0,19.44,2.83,0.0
20230608:2210,0.0,0.0,0.0,0.0,18.7,2.9,0.0
20230608:2310,0.0,0.0,0.0,0.0,18.02,2.97,0.0
20230609:0010,0.0,0.0,0.0,0.0,17.38,2.97,0.0
20230609:0110,0.0,0.0,0.0,0.0,16.76,2.83,0.0
20230609:0210,0.0,0.0,0.0,0.0,16.21,2.83,0.0
20230609:0310,0.0,0.0,0.0,0.0,15.77,2.9,0.0
20230609:0410,0.0,9.26,2.6,4.47,15.48,2.9,0.0
20230609:0510,0.0,24.21,6.8,12.97,16.08,2.62,0.0
20230609:0610,0.0,35.6,10.0,22.1,17.76,2.9,0.0
20230609:0710,17.69,48.75,48.5,31.53,19.57,2.97,0.0
20230609:0810,145.65,67.56,63.8,40.89,21.63,2.83,0.0
20230609:0910,267.16,78.06,76.8,49.67,23.52,3.03,0.0
20230609:1010,356.99,86.41,85.9,57.0,25.1,3.59,0.0
20230609:1110,400.06,93.97,90.2,61.45,26.11,4.34,0.0
20230609:1210,378.26,109.69,88.3,61.51,26.55,4.41,0.0
20230609:1310,240.41,175.63,76.2,57.15,27.11,4.48,0.0
20230609:1410,83.81,199.22,55.5,49.87,27.35,4.34,0.0
20230609:1510,32.46,163.13,42.4,41.12,27.27,4.34,0.0
20230609:1610,19.73,53.66,47.9,31.76,27.09,4.41,0.0
20230609:1710,0.0,34.53,9.7,22.33,26.62,3.86,0.0
20230609:1810,0.0,24.56,6.9,13.18,25.71,3.52,0.0
20230609:1910,0.0,9.26,2.6,4.66,24.45,3.24,0.0
20230609:2010,0.0,0.0,0.0,0.0,23.05,3.38,0.0
20230609:2110,0.0,0.0,0.0,0.0,22.12,3.59,0.0
20230609:2210,0.0,0.0,0.0,0.0,21.43,3.72,0.0
20230609:2310,0.0,0.0,0.0,0.0,20.78,3.66,0.0
20230610:0010,0.0,0.0,0.0,0.0,20.2,3.45,0.0
20230610:0110,0.0,0.0,0.0,0.0,19.44,3.38,0.0
20230610:0210,0.0,0.0,0.0,0.0,18.78,3.31,0.0
20230610:0310,0.0,0.0,0.0,0.0,18.27,3.31,0.0
20230610:0410,0.0,8.54,2.4,4.51,17.73,3.24,0.0
20230610:0510,0.0,27.77,7.8,13.0,18.07,3.1,0.0
20230610:0610,0.0,37.38,10.5,22.13,19.51,2.97,0.0
20230610:0710,16.16,51.32,48.0,31.56,21.89,3.38,0.0
20230610:0810,142.38,69.72,63.5,40.92,23.94,3.52,0.0
20230610:0910,258.67,83.62,76.0,49.71,25.72,3.45,0.0
20230610:1010,346.23,92.94,85.0,57.05,27.21,4.07,0.0
20230610:1110,276.6,183.35,80.8,61.52,27.68,4.55,0.0
20230610:1210,342.4,136.8,85.8,61.59,28.01,4.48,0.0
20230610:1310,270.59,154.23,78.9,57.24,28.5,4.41,0.0
20230610:1410,254.25,89.62,75.4,49.96,28.74,4.34,0.0
20230610:1510,139.59,76.68,62.7,41.21,28.73,4.21,0.0
20230610:1610,18.35,60.01,47.2,31.85,28.49,4.0,0.0
20230610:1710,0.0,38.45,10.8,22.41,27.82,3.59,0.0
20230610:1810,0.0,26.7,7.5,13.27,26.65,3.45,0.0
20230610:1910,0.0,9.26,2.6,4.75,25.19,3.24,0.0
20230610:2010,0.0,0.0,0.0,0.0,23.67,3.31,0.0
20230610:2110,0.0,0.0,0.0,0.0,22.68,3.38,0.0
20230610:2210,0.0,0.0,0.0,0.0,21.99,3.38,0.0
20230610:2310,0.0,0.0,0.0,0.0,21.11,3.52,0.0
20230611:0010,0.0,0.0,0.0,0.0,20.36,3.45,0.0
20230611:0110,0.0,0.0,0.0,0.0,19.62,3.24,0.0
20230611:0210,0.0,0.0,0.0,0.0,19.0,3.1,0.0
20230611:0310,0.0,0.0,0.0,0.0,18.39,2.97,0.0
20230611:0410,0.0,8.9,2.5,4.54,17.83,2.76,0.0
20230611:0510,0.0,24.21,6.8,13.03,18.21,2.55,0.0
20230611:0610,0.0,35.24,9.9,22.15,19.95,2.41,0.0
20230611:0710,15.5,48.96,48.4,31.58,22.43,2.55,0.0
20230611:0810,140.91,69.05,63.3,40.95,24.34,2.48,0.0
20230611:0910,259.87,80.94,76.2,49.74,26.05,2.48,0.0
20230611:1010,343.96,92.8,84.8,57.09,27.27,3.1,0.0
20230611:1110,217.23,214.39,75.5,61.59,27.56,3.31,0.0
20230611:1210,264.52,190.01,79.8,61.67,27.79,3.1,0.0
20230611:1310,294.78,134.09,80.8,57.32,28.36,3.1,0.0
20230611:1410,243.77,97.71,74.4,50.05,28.66,3.03,0.0
20230611:1510,136.11,80.11,62.3,41.29,28.48,2.9,0.0
20230611:1610,7.7,112.98,37.4,31.93,28.44,2.97,0.0
20230611:1710,0.0,32.04,9.0,22.5,27.95,2.69,0.0
20230611:1810,0.0,23.5,6.6,13.36,26.88,1.93,0.0
20230611:1910,0.0,9.61,2.7,4.84,25.95,2.07,0.0
20230611:2010,0.0,0.0,0.0,0.0,24.15,2.07,0.0
20230611:2110,0.0,0.0,0.0,0.0,22.57,2.41,0.0
20230611:2210,0.0,0.0,0.0,0.0,22.01,2.83,0.0
20230611:2310,0.0,0.0,0.0,0.0,21.3,3.03,0.0
20230612:0010,0.0,0.0,0.0,0.0,20.45,3.03,0.0
20230612:0110,0.0,0.0,0.0,0.0,19.75,3.03,0.0
20230612:0210,0.0,0.0,0.0,0.0,18.87,2.97,0.0
20230612:0310,0.0,0.0,0.0,0.0,18.04,2.83,0.0
20230612:0410,0.0,7.83,2.2,4.57,17.34,2.62,0.0
20230612:0510,0.0,27.06,7.6,13.05,17.38,2.34,0.0
20230612:0610,0.0,37.38,10.5,22.17,18.98,2.07,0.0
20230612:0710,14.57,49.15,48.6,31.6,21.4,1.86,0.0
20230612:0810,141.48,68.68,63.9,40.97,23.62,2.28,0.0
20230612:0910,0.0,0.0,0.0,0.0,25.51,2.83,0.0
20230612:1010,337.41,98.57,84.6,57.13,26.9,3.38,0.0
20230612:1110,389.44,99.62,89.8,61.64,27.74,3.1,0.0
20230612:1210,395.69,96.26,90.4,61.75,28.33,2.76,0.0
20230612:1310,339.95,98.78,84.8,57.4,28.82,2.48,0.0
20230612:1410,232.62,110.0,73.9,50.13,28.98,2.28,0.0
20230612:1510,142.76,72.88,63.6,41.37,29.08,2.07,0.0
20230612:1610,19.89,49.97,49.1,32.01,28.86,2.14,0.0
20230612:1710,0.0,34.53,9.7,22.58,28.41,2.14,0.0
20230612:1810,0.0,24.92,7.0,13.44,27.07,2.48,0.0
20230612:1910,0.0,7.48,2.1,4.92,25.52,3.03,0.0
20230612:2010,0.0,0.0,0.0,0.0,24.03,3.52,0.0
20230612:2110,0.0,0.0,0.0,0.0,22.94,3.45,0.0
20230612:2210,0.0,0.0,0.0,0.0,21.94,3.24,0.0
20230612:2310,0.0,0.0,0.0,0.0,21.1,3.03,0.0
20230613:0010,0.0,0.0,0.0,0.0,20.22,3.03,0.0
20230613:0110,0.0,0.0,0.0,0.0,19.58,2.97,0.0
20230613:0210,0.0,0.0,0.0,0.0,18.71,2.83,0.0
20230613:0310,0.0,0.0,0.0,0.0,17.86,2.69,0.0
20230613:0410,0.0,8.54,2.4,4.59,17.02,2.62,0.0
20230613:0510,0.0,28.48,8.0,13.06,17.11,2.48,0.0
20230613:0610,0.0,38.8,10.9,22.18,18.48,2.55,0.0
20230613:0710,13.84,48.64,49.1,31.61,20.59,2.48,0.0
20230613:0810,140.43,69.57,64.1,40.98,22.3,2.9,0.0
20230613:0910,256.77,84.86,76.7,49.79,23.93,3.1,0.0
20230613:1010,340.23,97.68,85.3,57.17,25.42,3.38,0.0
20230613:1110,397.75,95.31,91.0,61.69,26.44,3.72,0.0
20230613:1210,398.88,95.39,91.1,61.81,27.06,3.79,0.0
20230613:1310,352.78,91.23,86.5,57.48,27.4,3.79,0.0
20230613:1410,253.64,92.27,76.3,50.2,27.53,3.72,0.0
20230613:1510,146.31,70.77,64.7,41.45,27.47,3.79,0.0
20230613:1610,20.33,48.44,50.0,32.09,27.25,3.79,0.0
20230613:1710,0.0,33.11,9.3,22.65,26.76,3.59,0.0
20230613:1810,0.0,24.56,6.9,13.51,25.8,2.9,0.0
20230613:1910,0.0,9.97,2.8,5.0,24.11,2.62,0.0
20230613:2010,0.0,0.0,0.0,0.0,22.41,2.76,0.0
20230613:2110,0.0,0.0,0.0,0.0,21.1,2.76,0.0
20230613:2210,0.0,0.0,0.0,0.0,20.03,2.76,0.0
20230613:2310,0.0,0.0,0.0,0.0,19.14,2.69,0.0
20230614:0010,0.0,0.0,0.0,0.0,18.3,2.69,0.0
20230614:0110,0.0,0.0,0.0,0.0,17.62,2.76,0.0
20230614:0210,0.0,0.0,0.0,0.0,17.3,2.76,0.0
20230614:0310,0.0,0.0,0.0,0.0,16.65,2.83,0.0
20230614:0410,0.0,9.26,2.6,4.6,16.08,2.76,0.0
20230614:0510,0.0,24.92,7.0,13.07,16.38,2.62,0.0
20230614:0610,0.0,37.02,10.4,22.19,17.99,2.55,0.0
20230614:0710,12.9,49.04,49.0,31.61,19.85,2.9,0.0
20230614:0810,140.3,69.31,64.4,40.99,21.63,3.1,0.0
20230614:0910,257.0,84.65,77.0,49.8,23.26,3.66,0.0
20230614:1010,340.72,97.51,85.6,57.19,24.39,4.28,0.0
20230614:1110,393.17,99.25,90.9,61.74,25.02,4.07,0.0
20230614:1210,394.39,99.34,91.0,61.87,25.45,3.86,0.0
20230614:1310,349.12,94.44,86.4,57.55,25.78,3.86,0.0
20230614:1410,269.68,79.38,78.3,50.27,25.91,4.0,0.0
20230614:1510,151.07,65.89,65.7,41.52,25.83,4.07,0.0
20230614:1610,22.32,38.66,52.1,32.16,25.51,4.07,0.0
20230614:1710,0.0,31.33,8.8,22.72,24.96,3.86,0.0
20230614:1810,0.0,24.21,6.8,13.58,24.14,3.17,0.0
20230614:1910,0.0,10.32,2.9,5.07,22.71,2.62,0.0
20230614:2010,0.0,0.0,0.0,0.0,21.1,2.76,0.0
20230614:2110,0.0,0.0,0.0,0.0,19.92,2.97,0.0
20230614:2210,0.0,0.0,0.0,0.0,19.11,3.31,0.0
20230614:2310,0.0,0.0,0.0,0.0,18.39,3.24,0.0
20230615:0010,0.0,0.0,0.0,0.0,17.54,2.9,0.0
20230615:0110,0.0,0.0,0.0,0.0,16.65,2.62,0.0
20230615:0210,0.0,0.0,0.0,0.0,15.86,2.62,0.0
20230615:0310,0.0,0.0,0.0,0.0,15.18,2.55,0.0
20230615:0410,0.0,9.26,2.6,4.61,14.62,2.41,0.0
20230615:0510,0.0,23.14,6.5,13.08,15.14,2.21,0.0
20230615:0610,0.0,32.75,9.2,22.19,17.02,2.34,0.0
20230615:0710,12.64,44.09,49.8,31.62,19.14,2.21,0.0
20230615:0810,143.78,63.39,65.0,40.99,21.1,2.28,0.0
20230615:0910,257.74,82.06,77.0,49.81,22.59,2.76,0.0
20230615:1010,346.61,91.43,86.1,57.21,23.7,3.03,0.0
20230615:1110,389.77,99.2,90.4,61.77,24.61,3.03,0.0
20230615:1210,327.35,149.78,85.8,61.93,25.04,2.83,0.0
20230615:1310,208.51,195.78,74.2,57.61,25.49,2.62,0.0
20230615:1410,178.08,156.64,69.0,50.34,25.66,2.48,0.0
20230615:1510,149.65,66.54,65.4,41.58,25.79,2.48,0.0
20230615:1610,19.01,55.47,49.0,32.22,25.64,2.48,0.0
20230615:1710,0.0,47.35,13.3,22.79,25.5,2.34,0.0
20230615:1810,0.0,33.82,9.5,13.65,24.62,2.0,0.0
20230615:1910,0.0,6.05,1.7,5.13,23.01,3.1,0.0
20230615:2010,0.0,0.0,0.0,0.0,21.51,3.52,0.0
20230615:2110,0.0,0.0,0.0,0.0,20.45,3.31,0.0
20230615:2210,0.0,0.0,0.0,0.0,19.33,2.83,0.0
20230615:2310,0.0,0.0,0.0,0.0,18.26,2.55,0.0
20230616:0010,0.0,0.0,0.0,0.0,17.52,2.28,0.0
20230616:0110,0.0,0.0,0.0,0.0,16.6,2.14,0.0
20230616:0210,0.0,0.0,0.0,0.0,15.71,1.93,0.0
20230616:0310,0.0,0.0,0.0,0.0,14.89,1.66,0.0
20230616:0410,0.0,6.41,1.8,4.62,14.34,1.38,0.0
20230616:0510,0.0,33.11,9.3,13.08,15.31,0.97,0.0
20230616:0610,0.0,43.79,12.3,22.19,17.71,0.9,0.0
20230616:0710,10.41,57.88,47.7,31.61,19.24,0.97,0.0
20230616:0810,133.18,74.47,63.3,40.99,21.13,0.83,0.0
20230616:0910,250.02,87.66,76.2,49.81,22.87,1.03,0.0
20230616:1010,325.13,107.88,84.3,57.22,24.06,1.17,0.0
20230616:1110,209.5,220.37,75.7,61.8,24.6,0.97,0.0
20230616:1210,191.34,229.13,74.0,61.97,25.18,0.83,0.0
20230616:1310,88.33,231.46,59.5,57.66,25.41,0.97,0.0
20230616:1410,133.58,184.74,63.8,50.4,25.53,1.17,0.0
20230616:1510,20.7,162.96,39.0,41.64,25.59,1.31,0.0
20230616:1610,10.09,105.47,41.0,32.29,25.6,1.52,0.0
20230616:1710,0.0,55.89,15.7,22.85,25.46,1.72,0.0
20230616:1810,0.0,33.11,9.3,13.71,24.94,1.66,0.0
20230616:1910,0.0,9.97,2.8,5.19,23.31,2.69,0.0
20230616:2010,0.0,0.0,0.0,0.0,21.48,2.97,0.0
20230616:2110,0.0,0.0,0.0,0.0,20.19,2.9,0.0
20230616:2210,0.0,0.0,0.0,0.0,19.16,2.76,0.0
20230616:2310,0.0,0.0,0.0,0.0,18.27,2.69,0.0
20230617:0010,0.0,0.0,0.0,0.0,17.44,2.62,0.0
20230617:0110,0.0,0.0,0.0,0.0,16.68,2.41,0.0
20230617:0210,0.0,0.0,0.0,0.0,15.89,2.21,0.0
20230617:0310,0.0,0.0,0.0,0.0,15.15,1.93,0.0
20230617:0410,0.0,6.41,1.8,4.62,14.38,1.66,0.0
20230617:0510,0.0,30.62,8.6,13.07,15.22,1.24,0.0
20230617:0610,0.0,46.99,13.2,22.18,17.72,1.1,0.0
20230617:0710,6.57,90.14,42.3,31.6,19.54,1.38,0.0
20230617:0810,103.89,108.62,58.6,40.98,21.47,1.31,0.0
20230617:0910,122.03,184.51,61.9,49.81,23.22,1.17,0.0
20230617:1010,193.74,198.02,72.3,57.23,24.89,1.17,0.0
20230617:1110,235.97,204.4,77.8,61.83,25.98,1.38,0.0
20230617:1210,101.74,243.01,62.5,62.01,26.73,1.79,0.0
20230617:1310,23.75,203.16,44.3,57.71,27.05,2.07,0.0
20230617:1410,28.51,191.37,43.7,50.45,27.05,2.83,0.0
20230617:1510,17.29,160.12,37.4,41.7,26.34,3.17,0.0
20230617:1610,0.96,110.94,24.1,32.34,26.06,2.97,0.0
20230617:1710,0.0,23.14,6.5,22.91,25.91,2.48,0.0
20230617:1810,0.0,15.66,4.4,13.77,25.38,1.66,0.0
20230617:1910,0.0,3.92,1.1,5.25,23.2,1.66,0.0
20230617:2010,0.0,0.0,0.0,0.0,22.13,2.07,0.0
20230617:2110,0.0,0.0,0.0,0.0,20.92,2.28,0.0
20230617:2210,0.0,0.0,0.0,0.0,20.06,2.41,0.0
20230617:2310,0.0,0.0,0.0,0.0,19.69,2.55,0.0
20230618:0010,0.0,0.0,0.0,0.0,19.52,2.69,0.0
20230618:0110,0.0,0.0,0.0,0.0,19.21,2.62,0.0
20230618:0210,0.0,0.0,0.0,0.0,18.69,2.41,0.0
20230618:0310,0.0,0.0,0.0,0.0,18.39,2.14,0.0
20230618:0410,0.0,1.42,0.4,4.61,18.09,2.07,0.0
20230618:0510,0.0,5.7,1.6,13.06,18.37,2.07,0.0
20230618:0610,0.0,9.97,2.8,22.16,19.8,1.86,0.0
20230618:0710,0.0,37.39,7.5,31.59,18.7,2.0,0.0
20230618:0810,0.0,60.32,12.1,40.97,19.1,2.07,0.0
20230618:0910,0.0,66.3,13.3,49.8,20.18,2.41,0.0
20230618:1010,0.0,129.61,26.0,57.23,21.13,2.76,0.0
20230618:1110,0.0,99.2,19.9,61.84,21.76,2.97,0.0
20230618:1210,142.92,234.81,67.3,62.05,22.15,3.03,0.0
20230618:1310,0.48,139.18,28.0,57.76,22.08,2.97,0.0
20230618:1410,0.0,55.33,11.1,50.5,23.11,3.24,0.0
20230618:1510,0.0,94.71,19.0,41.75,23.55,3.24,0.0
20230618:1610,0.48,101.1,21.2,32.39,24.77,3.38,0.0
20230618:1710,0.0,59.45,16.7,22.96,24.73,2.97,0.0
20230618:1810,0.0,27.06,7.6,13.82,24.07,2.76,0.0
20230618:1910,0.0,3.2,0.9,5.29,22.57,2.83,0.0
20230618:2010,0.0,0.0,0.0,0.0,21.58,3.52,0.0
20230618:2110,0.0,0.0,0.0,0.0,21.26,3.66,0.0
20230618:2210,0.0,0.0,0.0,0.0,20.56,3.72,0.0
20230618:2310,0.0,0.0,0.0,0.0,20.27,4.07,0.0
20230619:0010,0.0,0.0,0.0,0.0,19.89,4.9,0.0
20230619:0110,0.0,0.0,0.0,0.0,19.09,5.52,0.0
20230619:0210,0.0,0.0,0.0,0.0,17.76,5.31,0.0
20230619:0310,0.0,0.0,0.0,0.0,16.66,4.41,0.0
20230619:0410,0.0,2.49,0.7,4.59,15.82,3.72,0.0
20230619:0510,0.0,32.4,9.1,13.05,15.86,3.24,0.0
20230619:0610,0.0,46.64,13.1,22.14,16.67,4.55,0.0
20230619:0710,2.4,116.69,33.3,31.57,17.8,4.69,0.0
20230619:0810,69.02,141.8,52.1,40.95,19.15,4.34,0.0
20230619:0910,100.51,191.05,58.5,49.78,20.54,3.72,0.0
20230619:1010,308.72,113.62,82.1,57.23,22.05,3.45,0.0
20230619:1110,372.73,103.81,88.2,61.85,23.01,3.1,0.0
20230619:1210,379.99,100.57,88.9,62.07,23.5,2.9,0.0
20230619:1310,326.29,103.66,83.5,57.8,23.46,2.83,0.0
20230619:1410,94.11,196.63,57.6,50.55,23.65,2.41,0.0
20230619:1510,52.73,158.77,48.3,41.8,24.21,2.07,0.0
20230619:1610,2.34,119.06,28.3,32.44,24.23,1.72,0.0
20230619:1710,0.0,59.1,16.6,23.01,24.3,1.38,0.0
20230619:1810,0.0,6.76,1.9,13.86,23.84,0.62,0.0
20230619:1910,0.0,1.42,0.4,5.34,22.25,0.07,0.0
20230619:2010,0.0,0.0,0.0,0.0,21.11,0.14,0.0
20230619:2110,0.0,0.0,0.0,0.0,19.85,0.9,0.0
20230619:2210,0.0,0.0,0.0,0.0,19.13,1.66,0.0
20230619:2310,0.0,0.0,0.0,0.0,18.2,2.34,0.0
20230620:0010,0.0,0.0,0.0,0.0,17.72,2.62,0.0
20230620:0110,0.0,0.0,0.0,0.0,17.41,2.48,0.0
20230620:0210,0.0,0.0,0.0,0.0,17.27,2.55,0.0
20230620:0310,0.0,0.0,0.0,0.0,17.03,2.69,0.0
20230620:0410,0.0,8.9,2.5,4.58,16.75,2.48,0.0
20230620:0510,0.0,25.99,7.3,13.02,17.17,2.0,0.0
20230620:0610,0.0,37.02,10.4,22.12,18.51,1.86,0.0
20230620:0710,6.33,76.35,43.3,31.54,20.94,2.83,0.0
20230620:0810,126.1,73.09,61.2,40.93,22.8,3.1,0.0
20230620:0910,245.85,81.49,74.7,49.76,24.66,3.45,0.0
20230620:1010,255.74,151.76,77.2,57.21,25.98,3.93,0.0
20230620:1110,169.04,226.62,70.2,61.85,26.81,4.14,0.0
20230620:1210,43.29,224.17,50.8,62.09,27.3,4.14,0.0
20230620:1310,5.81,169.41,34.9,57.83,27.69,4.28,0.0
20230620:1410,0.0,88.73,17.8,50.58,27.77,4.34,0.0
20230620:1510,0.0,63.31,12.7,41.84,24.21,4.0,0.0
20230620:1610,0.0,57.33,11.5,32.48,22.14,2.76,0.0
20230620:1710,0.0,59.1,16.6,23.05,22.12,2.14,0.0
20230620:1810,0.0,5.7,1.6,13.9,22.08,2.62,0.0
20230620:1910,0.0,5.34,1.5,5.38,21.0,3.31,0.0
20230620:2010,0.0,0.0,0.0,0.0,19.9,2.97,0.0
20230620:2110,0.0,0.0,0.0,0.0,19.14,2.83,0.0
20230620:2210,0.0,0.0,0.0,0.0,18.67,2.83,0.0
20230620:2310,0.0,0.0,0.0,0.0,18.23,2.9,0.0
20230621:0010,0.0,0.0,0.0,0.0,17.94,2.76,0.0
20230621:0110,0.0,0.0,0.0,0.0,17.67,2.41,0.0
20230621:0210,0.0,0.0,0.0,0.0,17.39,2.07,0.0
20230621:0310,0.0,0.0,0.0,0.0,17.19,1.86,0.0
20230621:0410,0.0,3.56,1.0,4.55,16.86,1.79,0.0
20230621:0510,0.0,32.04,9.0,13.0,17.43,1.45,0.0
20230621:0610,0.0,36.67,10.3,22.09,18.49,2.21,0.0
20230621:0710,7.76,54.29,47.1,31.51,19.25,2.55,0.0
20230621:0810,128.93,72.11,62.3,40.9,20.01,2.41,0.0
20230621:0910,174.31,147.75,68.0,49.74,21.06,2.28,0.0
20230621:1010,297.22,123.85,81.4,57.2,22.27,2.41,0.0
20230621:1110,152.03,235.69,69.0,61.85,23.26,2.62,0.0
20230621:1210,234.47,204.17,77.5,62.1,24.06,2.69,0.0
20230621:1310,190.24,201.28,71.9,57.85,24.45,2.55,0.0
20230621:1410,233.37,105.95,74.0,50.62,24.83,2.41,0.0
20230621:1510,133.62,83.88,62.6,41.87,25.05,2.21,0.0
20230621:1610,20.24,54.51,48.8,32.52,24.99,1.93,0.0
20230621:1710,0.0,61.23,17.2,23.08,24.75,1.79,0.0
20230621:1810,0.0,27.06,7.6,13.94,24.19,1.59,0.0
20230621:1910,0.0,5.34,1.5,5.41,22.73,2.28,0.0
20230621:2010,0.0,0.0,0.0,0.0,21.38,2.55,0.0
20230621:2110,0.0,0.0,0.0,0.0,20.52,2.69,0.0
20230621:2210,0.0,0.0,0.0,0.0,19.74,2.69,0.0
20230621:2310,0.0,0.0,0.0,0.0,19.13,2.69,0.0
20230622:0010,0.0,0.0,0.0,0.0,18.54,2.76,0.0
20230622:0110,0.0,0.0,0.0,0.0,18.24,2.62,0.0
20230622:0210,0.0,0.0,0.0,0.0,18.05,2.41,0.0
20230622:0310,0.0,0.0,0.0,0.0,17.81,2.21,0.0
20230622:0410,0.0,1.42,0.4,4.52,17.6,2.0,0.0
20230622:0510,0.0,5.34,1.5,12.96,18.01,2.07,0.0
20230622:0610,0.0,48.77,13.7,22.06,18.82,2.34,0.0
20230622:0710,0.5,108.65,24.2,31.48,20.3,3.24,0.0
20230622:0810,0.0,48.85,9.8,40.86,21.08,3.31,0.0
20230622:0910,0.0,38.88,7.8,49.71,20.75,3.24,0.0
20230622:1010,0.0,44.86,9.0,57.17,20.14,3.17,0.0
20230622:1110,0.0,50.85,10.2,61.84,19.58,3.59,0.0
20230622:1210,0.0,44.86,9.0,62.11,19.21,4.14,0.0
20230622:1310,0.0,37.39,7.5,57.87,19.13,4.83,0.0
20230622:1410,0.0,42.37,8.5,50.64,18.92,5.24,0.0
20230622:1510,0.0,49.35,9.9,41.9,18.56,6.21,0.0
20230622:1610,0.0,44.37,8.9,32.55,18.3,7.1,0.0
20230622:1710,0.0,17.8,5.0,23.12,18.11,7.45,0.0
20230622:1810,0.0,15.31,4.3,13.97,17.94,7.03,0.0
20230622:1910,0.0,4.63,1.3,5.44,18.08,3.66,0.0
20230622:2010,0.0,0.0,0.0,0.0,17.51,3.52,0.0
20230622:2110,0.0,0.0,0.0,0.0,16.78,3.1,0.0
20230622:2210,0.0,0.0,0.0,0.0,16.04,2.83,0.0
20230622:2310,0.0,0.0,0.0,0.0,15.4,2.69,0.0
20230623:0010,0.0,0.0,0.0,0.0,14.81,2.69,0.0
20230623:0110,0.0,0.0,0.0,0.0,14.3,2.48,0.0
20230623:0210,0.0,0.0,0.0,0.0,13.8,2.34,0.0
20230623:0310,0.0,0.0,0.0,0.0,13.35,2.14,0.0
20230623:0410,0.0,8.9,2.5,4.49,12.97,2.0,0.0
20230623:0510,0.0,30.62,8.6,12.93,13.68,1.79,0.0
20230623:0610,0.0,36.67,10.3,22.02,15.44,1.86,0.0
20230623:0710,7.64,46.04,48.4,31.44,17.24,2.48,0.0
20230623:0810,135.86,64.27,63.8,40.82,18.83,2.41,0.0
20230623:0910,251.71,79.88,76.1,49.67,20.46,2.14,0.0
20230623:1010,332.54,94.53,84.3,57.14,21.7,1.93,0.0
20230623:1110,341.62,131.01,86.3,61.82,22.58,1.93,0.0
20230623:1210,302.17,163.17,83.4,62.11,22.96,1.86,0.0
20230623:1310,209.37,191.99,73.9,57.89,23.31,1.93,0.0
20230623:1410,172.21,158.6,68.0,50.67,23.52,2.0,0.0
20230623:1510,116.58,105.99,60.2,41.93,23.7,1.93,0.0
20230623:1610,12.07,101.37,41.8,32.58,23.79,1.72,0.0
20230623:1710,0.0,38.45,10.8,23.14,23.45,1.17,0.0
20230623:1810,0.0,32.04,9.0,13.99,23.2,0.76,0.0
20230623:1910,0.0,9.97,2.8,5.46,22.37,1.1,0.0
20230623:2010,0.0,0.0,0.0,0.0,20.92,1.79,0.0
20230623:2110,0.0,0.0,0.0,0.0,19.28,1.86,0.0
20230623:2210,0.0,0.0,0.0,0.0,18.05,2.0,0.0
20230623:2310,0.0,0.0,0.0,0.0,17.25,2.21,0.0
20230624:0010,0.0,0.0,0.0,0.0,16.56,2.28,0.0
20230624:0110,0.0,0.0,0.0,0.0,15.73,2.14,0.0
20230624:0210,0.0,0.0,0.0,0.0,14.92,2.14,0.0
20230624:0310,0.0,0.0,0.0,0.0,14.14,2.14,0.0
20230624:0410,0.0,9.26,2.6,4.45,13.53,2.14,0.0
20230624:0510,0.0,23.14,6.5,12.88,14.1,1.79,0.0
20230624:0610,0.0,31.33,8.8,21.97,15.84,1.93,0.0
20230624:0710,7.81,40.04,49.6,31.39,17.4,2.21,0.0
20230624:0810,140.23,59.49,64.7,40.78,18.9,2.21,0.0
20230624:0910,256.54,76.06,76.7,49.63,20.35,2.0,0.0
20230624:1010,352.76,81.18,86.5,57.11,21.64,2.0,0.0
20230624:1110,404.01,84.67,91.5,61.79,22.7,2.0,0.0
20230624:1210,401.48,88.94,91.3,62.1,23.52,1.86,0.0
20230624:1310,356.61,85.07,86.8,57.89,24.15,1.59,0.0
20230624:1410,273.26,75.05,78.5,50.68,24.59,1.38,0.0
20230624:1510,154.53,63.29,66.0,41.95,24.83,1.1,0.0
20230624:1610,23.6,46.82,50.7,32.6,24.86,0.83,0.0
20230624:1710,0.0,33.46,9.4,23.16,24.7,0.62,0.0
20230624:1810,0.0,24.21,6.8,14.01,24.34,0.48,0.0
20230624:1910,0.0,11.39,3.2,5.47,22.87,0.9,0.0
20230624:2010,0.0,0.0,0.0,0.0,21.11,1.17,0.0
20230624:2110,0.0,0.0,0.0,0.0,19.36,1.38,0.0
20230624:2210,0.0,0.0,0.0,0.0,18.27,1.38,0.0
20230624:2310,0.0,0.0,0.0,0.0,17.01,1.52,0.0
20230625:0010,0.0,0.0,0.0,0.0,15.87,1.72,0.0
20230625:0110,0.0,0.0,0.0,0.0,14.9,1.86,0.0
20230625:0210,0.0,0.0,0.0,0.0,14.38,1.86,0.0
20230625:0310,0.0,0.0,0.0,0.0,14.04,1.93,0.0
20230625:0410,0.0,8.9,2.5,4.4,13.89,2.0,0.0
20230625:0510,0.0,23.14,6.5,12.83,15.38,1.79,0.0
20230625:0610,0.0,33.11,9.3,21.93,18.47,1.72,0.0
20230625:0710,7.19,44.48,48.4,31.34,21.02,1.93,0.0
20230625:0810,135.16,63.76,63.5,40.73,23.29,2.07,0.0
20230625:0910,250.61,79.94,75.8,49.58,25.2,2.14,0.0
20230625:1010,340.54,88.61,85.0,57.06,26.73,2.34,0.0
20230625:1110,395.6,89.54,90.5,61.76,27.87,2.83,0.0
20230625:1210,393.64,93.14,90.3,62.09,28.53,3.31,0.0
20230625:1310,349.82,89.19,85.9,57.9,28.84,3.59,0.0
20230625:1410,268.01,78.41,77.6,50.69,28.98,3.86,0.0
20230625:1510,151.68,66.42,65.3,41.97,28.91,3.93,0.0
20230625:1610,23.66,48.75,50.1,32.62,28.6,3.59,0.0
20230625:1710,0.0,35.24,9.9,23.18,28.04,2.9,0.0
20230625:1810,0.0,24.56,6.9,14.03,27.02,2.55,0.0
20230625:1910,0.0,11.75,3.3,5.48,25.54,2.62,0.0
20230625:2010,0.0,0.0,0.0,0.0,23.79,3.03,0.0
20230625:2110,0.0,0.0,0.0,0.0,22.77,3.24,0.0
20230625:2210,0.0,0.0,0.0,0.0,22.1,3.24,0.0
20230625:2310,0.0,0.0,0.0,0.0,21.14,3.72,0.0
20230626:0010,0.0,0.0,0.0,0.0,19.81,4.21,0.0
20230626:0110,0.0,0.0,0.0,0.0,18.73,4.07,0.0
20230626:0210,0.0,0.0,0.0,0.0,18.05,3.86,0.0
20230626:0310,0.0,0.0,0.0,0.0,17.55,3.86,0.0
20230626:0410,0.0,2.49,0.7,4.35,17.34,3.93,0.0
20230626:0510,0.0,24.56,6.9,12.78,17.25,3.86,0.0
20230626:0610,0.0,58.38,16.4,21.87,17.53,4.41,0.0
20230626:0710,6.23,57.14,46.6,31.29,17.64,4.83,0.0
20230626:0810,97.11,112.68,57.6,40.68,18.31,4.55,0.0
20230626:0910,165.07,155.61,67.1,49.53,19.26,4.55,0.0
20230626:1010,163.97,211.2,69.1,57.02,20.2,4.97,0.0
20230626:1110,113.82,242.33,64.2,61.72,20.75,5.1,0.0
20230626:1210,128.8,242.08,66.3,62.07,21.05,5.1,0.0
20230626:1310,93.44,230.03,60.0,57.89,21.19,4.83,0.0
20230626:1410,72.89,203.01,54.3,50.7,20.84,4.48,0.0
20230626:1510,39.03,165.96,45.0,41.98,20.45,4.21,0.0
20230626:1610,0.7,105.59,22.3,32.63,20.36,4.21,0.0
20230626:1710,0.0,32.75,9.2,23.19,19.86,3.31,0.0
20230626:1810,0.0,24.56,6.9,14.03,19.39,2.55,0.0
20230626:1910,0.0,8.19,2.3,5.49,18.54,2.41,0.0
20230626:2010,0.0,0.0,0.0,0.0,17.72,2.21,0.0
20230626:2110,0.0,0.0,0.0,0.0,17.0,2.28,0.0
20230626:2210,0.0,0.0,0.0,0.0,16.42,2.48,0.0
20230626:2310,0.0,0.0,0.0,0.0,15.77,2.62,0.0
20230627:0010,0.0,0.0,0.0,0.0,15.2,2.69,0.0
20230627:0110,0.0,0.0,0.0,0.0,14.81,2.76,0.0
20230627:0210,0.0,0.0,0.0,0.0,14.56,2.83,0.0
20230627:0310,0.0,0.0,0.0,0.0,14.27,2.69,0.0
20230627:0410,0.0,8.19,2.3,4.29,13.8,2.62,0.0
20230627:0510,0.0,27.77,7.8,12.72,14.26,2.34,0.0
20230627:0610,0.0,55.54,15.6,21.81,15.6,2.48,0.0
20230627:0710,2.65,107.34,36.6,31.23,16.59,2.83,0.0
20230627:0810,67.8,140.51,51.7,40.62,17.87,2.97,0.0
20230627:0910,180.19,141.5,68.3,49.47,19.02,3.17,0.0
20230627:1010,65.29,222.44,54.4,56.96,19.87,3.79,0.0
20230627:1110,6.7,179.15,36.9,61.68,20.25,3.93,0.0
20230627:1210,1.04,147.77,29.8,62.04,20.76,3.79,0.0
20230627:1310,257.49,161.49,78.0,57.88,21.0,3.45,0.0
20230627:1410,0.0,108.17,21.7,50.7,20.95,3.31,0.0
20230627:1510,31.96,165.02,42.6,41.98,20.43,3.03,0.0
20230627:1610,4.31,122.91,31.4,32.63,20.1,3.1,0.0
20230627:1710,0.0,56.96,16.0,23.2,19.65,2.83,0.0
20230627:1810,0.0,32.4,9.1,14.04,19.16,2.34,0.0
20230627:1910,0.0,7.83,2.2,5.49,18.93,2.34,0.0
20230627:2010,0.0,0.0,0.0,0.0,18.11,1.93,0.0
20230627:2110,0.0,0.0,0.0,0.0,17.45,1.17,0.0
20230627:2210,0.0,0.0,0.0,0.0,17.41,0.21,0.0
20230627:2310,0.0,0.0,0.0,0.0,16.83,0.62,0.0
20230628:0010,0.0,0.0,0.0,0.0,16.47,0.55,0.0
20230628:0110,0.0,0.0,0.0,0.0,15.56,0.9,0.0
20230628:0210,0.0,0.0,0.0,0.0,15.38,1.1,0.0
20230628:0310,0.0,0.0,0.0,0.0,15.04,1.38,0.0
20230628:0410,0.0,2.85,0.8,4.23,14.87,1.72,0.0
20230628:0510,0.0,8.19,2.3,12.66,14.81,1.79,0.0
20230628:0610,0.0,49.48,13.9,21.75,15.1,2.0,0.0
20230628:0710,0.04,82.72,16.8,31.17,16.45,2.55,0.0
20230628:0810,21.49,156.37,38.5,40.56,17.77,2.97,0.0
20230628:0910,53.7,193.91,49.3,49.41,19.0,2.9,0.0
20230628:1010,170.22,202.66,68.7,56.9,19.92,2.76,0.0
20230628:1110,92.48,236.64,60.0,61.63,20.96,2.55,0.0
20230628:1210,27.51,211.27,46.1,62.0,21.6,2.55,0.0
20230628:1310,9.78,178.98,37.4,57.86,21.7,2.9,0.0
20230628:1410,0.0,84.74,17.0,50.69,21.73,2.97,0.0
20230628:1510,0.0,90.23,18.1,41.98,21.81,2.97,0.0
20230628:1610,0.07,83.24,16.8,32.64,21.95,2.9,0.0
20230628:1710,0.0,43.08,12.1,23.2,21.7,2.28,0.0
20230628:1810,0.0,33.11,9.3,14.03,21.34,1.86,0.0
20230628:1910,0.0,10.32,2.9,5.48,20.73,1.24,0.0
20230628:2010,0.0,0.0,0.0,0.0,20.11,1.45,0.0
20230628:2110,0.0,0.0,0.0,0.0,19.52,1.59,0.0
20230628:2210,0.0,0.0,0.0,0.0,19.2,1.66,0.0
20230628:2310,0.0,0.0,0.0,0.0,18.91,1.72,0.0
20230629:0010,0.0,0.0,0.0,0.0,18.52,1.79,0.0
20230629:0110,0.0,0.0,0.0,0.0,18.2,1.86,0.0
20230629:0210,0.0,0.0,0.0,0.0,17.89,1.86,0.0
20230629:0310,0.0,0.0,0.0,0.0,17.72,1.79,0.0
20230629:0410,0.0,8.54,2.4,4.16,17.46,1.72,0.0
20230629:0510,0.0,17.8,5.0,12.59,17.64,1.59,0.0
20230629:0610,0.0,22.07,6.2,21.68,18.15,1.72,0.0
20230629:0710,0.04,85.21,17.3,31.1,19.34,2.14,0.0
20230629:0810,0.0,92.22,18.5,40.49,19.82,2.34,0.0
20230629:0910,0.0,102.69,20.6,49.34,19.83,2.41,0.0
20230629:1010,1.93,149.47,30.3,56.84,19.73,2.41,0.0
20230629:1110,9.32,184.36,38.3,61.57,19.65,2.34,0.0
20230629:1210,151.4,232.77,68.0,61.96,19.26,2.0,0.0
20230629:1310,33.82,209.68,47.0,57.83,19.47,2.0,0.0
20230629:1410,0.0,60.82,12.2,50.68,20.07,2.21,0.0
20230629:1510,0.0,53.84,10.8,41.97,21.01,2.48,0.0
20230629:1610,0.0,21.93,4.4,32.63,20.9,2.9,0.0
20230629:1710,0.0,32.4,9.1,23.19,19.95,3.59,0.0
20230629:1810,0.0,31.68,8.9,14.03,18.63,3.72,0.0
20230629:1910,0.0,2.14,0.6,5.47,17.51,4.34,0.0
20230629:2010,0.0,0.0,0.0,0.0,16.32,3.59,0.0
20230629:2110,0.0,0.0,0.0,0.0,15.55,2.69,0.0
20230629:2210,0.0,0.0,0.0,0.0,15.21,2.07,0.0
20230629:2310,0.0,0.0,0.0,0.0,14.87,1.52,0.0
20230630:0010,0.0,0.0,0.0,0.0,14.3,1.66,0.0
20230630:0110,0.0,0.0,0.0,0.0,14.07,1.59,0.0
20230630:0210,0.0,0.0,0.0,0.0,13.37,1.66,0.0
20230630:0310,0.0,0.0,0.0,0.0,12.81,1.59,0.0
20230630:0410,0.0,7.83,2.2,4.09,12.02,1.72,0.0
20230630:0510,0.0,24.56,6.9,12.52,12.28,1.1,0.0
20230630:0610,0.0,35.24,9.9,21.61,14.23,0.9,0.0
20230630:0710,6.38,53.0,46.7,31.03,15.75,1.38,0.0
20230630:0810,78.67,132.0,53.9,40.42,17.06,1.17,0.0
20230630:0910,148.45,166.97,64.8,49.27,18.22,1.24,0.0
20230630:1010,111.55,225.22,62.2,56.77,19.21,1.86,0.0
20230630:1110,0.0,0.0,0.0,0.0,20.14,3.31,0.0
20230630:1210,249.83,199.44,78.8,61.91,20.52,3.86,0.0
20230630:1310,227.58,185.03,75.5,57.8,20.31,4.0,0.0
20230630:1410,95.4,200.0,57.9,50.66,20.55,4.41,0.0
20230630:1510,4.73,138.6,29.2,41.96,20.64,4.83,0.0
20230630:1610,5.75,123.87,33.0,32.62,20.47,4.76,0.0
20230630:1710,0.0,61.94,17.4,23.18,19.95,3.93,0.0
20230630:1810,0.0,35.24,9.9,14.01,19.47,3.24,0.0
20230630:1910,0.0,5.7,1.6,5.45,18.81,2.55,0.0
20230630:2010,0.0,0.0,0.0,0.0,17.94,1.93,0.0
20230630:2110,0.0,0.0,0.0,0.0,17.48,2.0,0.0
20230630:2210,0.0,0.0,0.0,0.0,17.28,2.41,0.0
20230630:2310,0.0,0.0,0.0,0.0,17.21,3.03,0.0
20230701:0010,0.0,0.0,0.0,0.0,17.39,3.86,0.0
20230701:0110,0.0,0.0,0.0,0.0,17.55,4.69,0.0
20230701:0210,0.0,0.0,0.0,0.0,17.43,5.31,0.0
20230701:0310,0.0,0.0,0.0,0.0,17.08,5.66,0.0
20230701:0410,0.0,1.07,0.3,4.01,16.81,5.72,0.0
20230701:0510,0.0,7.83,2.2,12.44,16.72,5.72,0.0
20230701:0610,0.0,21.36,6.0,21.53,16.74,5.66,0.0
20230701:0710,0.0,72.78,14.6,30.95,16.37,6.21,0.0
20230701:0810,0.27,100.24,20.2,40.34,16.38,5.45,0.0
20230701:0910,8.54,162.14,34.2,49.2,16.56,6.48,0.0
20230701:1010,81.83,223.27,57.0,56.69,16.96,5.31,0.0
20230701:1110,0.0,81.26,16.3,61.44,17.66,5.03,0.0
20230701:1210,70.61,235.48,56.5,61.85,19.05,5.86,0.0
20230701:1310,9.86,180.52,37.7,57.77,19.92,6.14,0.0
20230701:1410,0.0,89.23,17.9,50.63,19.97,6.0,0.0
20230701:1510,2.68,128.65,26.6,41.94,19.99,5.52,0.0
20230701:1610,0.07,80.25,16.2,32.61,19.37,4.07,0.0
20230701:1710,0.0,34.89,9.8,23.16,19.04,4.21,0.0
20230701:1810,0.0,16.02,4.5,13.99,18.61,4.0,0.0
20230701:1910,0.0,6.76,1.9,5.42,17.53,4.0,0.0
20230701:2010,0.0,0.0,0.0,0.0,16.84,4.0,0.0
20230701:2110,0.0,0.0,0.0,0.0,16.49,4.07,0.0
20230701:2210,0.0,0.0,0.0,0.0,16.07,4.07,0.0
20230701:2310,0.0,0.0,0.0,0.0,15.84,3.93,0.0
20230702:0010,0.0,0.0,0.0,0.0,15.7,3.86,0.0
20230702:0110,0.0,0.0,0.0,0.0,15.68,3.93,0.0
20230702:0210,0.0,0.0,0.0,0.0,15.63,3.86,0.0
20230702:0310,0.0,0.0,0.0,0.0,15.6,3.66,0.0
20230702:0410,0.0,2.14,0.6,3.93,15.39,3.31,0.0
20230702:0510,0.0,28.48,8.0,12.36,15.33,3.1,0.0
20230702:0610,0.0,58.03,16.3,21.45,15.86,3.17,0.0
20230702:0710,3.81,96.94,39.8,30.87,16.54,3.79,0.0
20230702:0810,24.73,160.24,40.2,40.26,16.86,3.93,0.0
20230702:0910,5.31,155.81,32.3,49.11,17.67,4.55,0.0
20230702:1010,8.74,178.23,37.1,56.61,18.47,4.9,0.0
20230702:1110,11.48,192.52,40.2,61.36,19.04,4.97,0.0
20230702:1210,17.31,203.78,43.2,61.79,19.48,5.03,0.0
20230702:1310,65.32,228.46,55.1,57.72,19.42,4.9,0.0
20230702:1410,32.79,195.76,45.1,50.6,19.83,5.17,0.0
20230702:1510,6.9,145.63,31.2,41.92,19.64,5.24,0.0
20230702:1610,12.0,115.73,39.2,32.58,19.32,5.24,0.0
20230702:1710,0.0,51.62,14.5,23.14,18.82,4.76,0.0
20230702:1810,0.0,25.28,7.1,13.97,18.14,4.76,0.0
20230702:1910,0.0,11.04,3.1,5.39,17.19,4.9,0.0
20230702:2010,0.0,0.0,0.0,0.0,16.38,4.62,0.0
20230702:2110,0.0,0.0,0.0,0.0,15.52,4.28,0.0
20230702:2210,0.0,0.0,0.0,0.0,14.79,4.28,0.0
20230702:2310,0.0,0.0,0.0,0.0,14.34,4.34,0.0
20230703:0010,0.0,0.0,0.0,0.0,14.15,4.34,0.0
20230703:0110,0.0,0.0,0.0,0.0,13.89,4.28,0.0
20230703:0210,0.0,0.0,0.0,0.0,13.49,4.21,0.0
20230703:0310,0.0,0.0,0.0,0.0,13.4,4.21,0.0
20230703:0410,0.0,1.07,0.3,3.85,13.52,4.28,0.0
20230703:0510,0.0,23.5,6.6,12.28,13.73,4.28,0.0
20230703:0610,0.0,30.26,8.5,21.37,14.57,5.03,0.0
20230703:0710,1.74,116.3,32.2,30.79,15.53,5.31,0.0
20230703:0810,0.54,110.26,22.3,40.17,16.6,5.31,0.0
20230703:0910,99.12,192.93,58.1,49.03,17.48,6.21,0.0
20230703:1010,27.77,205.46,45.3,56.52,18.12,6.55,0.0
20230703:1110,323.46,152.3,84.7,61.28,18.43,6.41,0.0
20230703:1210,200.02,226.32,74.2,61.72,18.77,6.41,0.0
20230703:1310,82.95,230.77,58.1,57.67,18.91,6.62,0.0
20230703:1410,124.1,192.66,62.0,50.56,19.05,6.69,0.0
20230703:1510,86.82,145.17,55.0,41.89,19.08,6.48,0.0
20230703:1610,21.13,88.2,45.2,32.56,19.05,6.34,0.0
20230703:1710,0.0,43.79,12.3,23.11,18.99,6.34,0.0
20230703:1810,0.0,32.4,9.1,13.94,18.49,5.72,0.0
20230703:1910,0.0,10.68,3.0,5.36,17.65,5.93,0.0
20230703:2010,0.0,0.0,0.0,0.0,16.68,5.86,0.0
20230703:2110,0.0,0.0,0.0,0.0,15.98,5.86,0.0
20230703:2210,0.0,0.0,0.0,0.0,15.25,5.72,0.0
20230703:2310,0.0,0.0,0.0,0.0,14.86,5.45,0.0
20230704:0010,0.0,0.0,0.0,0.0,14.41,5.17,0.0
20230704:0110,0.0,0.0,0.0,0.0,14.13,4.9,0.0
20230704:0210,0.0,0.0,0.0,0.0,13.77,4.48,0.0
20230704:0310,0.0,0.0,0.0,0.0,13.47,4.28,0.0
20230704:0410,0.0,5.34,1.5,3.75,13.3,4.14,0.0
20230704:0510,0.0,28.48,8.0,12.19,13.47,4.14,0.0
20230704:0610,0.0,45.92,12.9,21.28,14.32,4.28,0.0
20230704:0710,3.06,105.99,36.2,30.7,16.19,5.66,0.0
20230704:0810,66.28,141.92,50.7,40.08,17.25,5.03,0.0
20230704:0910,78.14,195.21,54.1,48.94,18.24,4.9,0.0
20230704:1010,135.92,218.86,64.8,56.43,18.82,5.17,0.0
20230704:1110,204.3,219.03,73.8,61.19,19.53,4.97,0.0
20230704:1210,123.61,241.75,64.9,61.65,20.1,4.69,0.0
20230704:1310,21.95,200.14,43.3,57.61,20.42,4.55,0.0
20230704:1410,0.86,132.78,26.8,50.52,20.45,4.28,0.0
20230704:1510,5.49,140.79,29.8,41.85,20.15,2.83,0.0
20230704:1610,0.0,46.36,9.3,32.53,19.87,1.72,0.0
20230704:1710,0.0,19.22,5.4,23.08,19.71,2.14,0.0
20230704:1810,0.0,22.07,6.2,13.9,19.12,2.69,0.0
20230704:1910,0.0,4.63,1.3,5.31,18.33,2.69,0.0
20230704:2010,0.0,0.0,0.0,0.0,17.55,3.38,0.0
20230704:2110,0.0,0.0,0.0,0.0,17.19,4.07,0.0
20230704:2210,0.0,0.0,0.0,0.0,16.84,4.97,0.0
20230704:2310,0.0,0.0,0.0,0.0,16.67,5.86,0.0
20230705:0010,0.0,0.0,0.0,0.0,16.54,7.31,0.0
20230705:0110,0.0,0.0,0.0,0.0,15.68,8.69,0.0
20230705:0210,0.0,0.0,0.0,0.0,14.48,8.0,0.0
20230705:0310,0.0,0.0,0.0,0.0,13.33,7.86,0.0
20230705:0410,0.0,1.78,0.5,3.66,12.65,7.52,0.0
20230705:0510,0.0,14.95,4.2,12.09,12.53,7.86,0.0
20230705:0610,0.0,55.54,15.6,21.19,12.94,8.21,0.0
20230705:0710,0.0,0.0,0.0,0.0,14.51,9.24,0.0
20230705:0810,80.35,130.4,53.4,39.99,15.58,8.48,0.0
20230705:0910,119.8,183.08,60.5,48.84,16.84,8.21,0.0
20230705:1010,136.94,219.77,65.0,56.33,17.67,7.72,0.0
20230705:1110,11.6,190.54,39.8,61.09,18.56,7.66,0.0
20230705:1210,121.44,242.42,64.6,61.56,17.71,7.38,0.0
20230705:1310,0.0,82.75,16.6,57.55,18.14,6.9,0.0
20230705:1410,0.0,119.14,23.9,50.47,18.43,6.55,0.0
20230705:1510,150.49,79.84,63.5,41.81,18.45,6.55,0.0
20230705:1610,29.83,61.07,48.5,32.49,18.11,6.0,0.0
20230705:1710,0.0,58.03,16.3,23.04,17.44,5.59,0.0
20230705:1810,0.0,34.89,9.8,13.86,17.08,4.55,0.0
20230705:1910,0.0,8.9,2.5,5.27,16.37,3.03,0.0
20230705:2010,0.0,0.0,0.0,0.0,15.36,2.97,0.0
20230705:2110,0.0,0.0,0.0,0.0,14.5,3.03,0.0
20230705:2210,0.0,0.0,0.0,0.0,13.56,3.24,0.0
20230705:2310,0.0,0.0,0.0,0.0,13.07,3.38,0.0
20230706:0010,0.0,0.0,0.0,0.0,12.73,3.38,0.0
20230706:0110,0.0,0.0,0.0,0.0,12.31,3.31,0.0
20230706:0210,0.0,0.0,0.0,0.0,11.87,3.17,0.0
20230706:0310,0.0,0.0,0.0,0.0,11.51,3.1,0.0
20230706:0410,0.0,6.76,1.9,3.56,11.25,3.03,0.0
20230706:0510,0.0,22.43,6.3,11.99,11.8,2.97,0.0
20230706:0610,0.0,32.04,9.0,21.09,13.14,3.24,0.0
20230706:0710,8.78,44.77,47.5,30.51,14.9,3.45,0.0
20230706:0810,80.08,132.7,53.5,39.89,16.54,3.52,0.0
20230706:0910,107.51,190.27,59.0,48.74,17.27,3.38,0.0
20230706:1010,1.97,152.49,30.9,56.23,18.19,3.66,0.0
20230706:1110,38.64,223.54,49.8,60.99,19.08,3.72,0.0
20230706:1210,123.01,244.65,65.1,61.47,19.59,3.66,0.0
20230706:1310,27.68,207.49,45.5,57.48,20.14,3.45,0.0
20230706:1410,52.65,202.98,49.8,50.42,20.43,3.31,0.0
20230706:1510,52.18,165.93,47.7,41.77,20.5,2.9,0.0
20230706:1610,17.16,108.0,41.4,32.45,20.65,2.55,0.0
20230706:1710,0.0,41.65,11.7,23.0,20.64,1.93,0.0
20230706:1810,0.0,29.55,8.3,13.81,20.33,1.31,0.0
20230706:1910,0.0,11.04,3.1,5.21,19.48,1.45,0.0
20230706:2010,0.0,0.0,0.0,0.0,17.5,2.34,0.0
20230706:2110,0.0,0.0,0.0,0.0,16.05,2.41,0.0
20230706:2210,0.0,0.0,0.0,0.0,15.05,2.62,0.0
20230706:2310,0.0,0.0,0.0,0.0,14.4,2.76,0.0
20230707:0010,0.0,0.0,0.0,0.0,13.9,2.83,0.0
20230707:0110,0.0,0.0,0.0,0.0,13.45,2.83,0.0
20230707:0210,0.0,0.0,0.0,0.0,13.07,2.83,0.0
20230707:0310,0.0,0.0,0.0,0.0,12.77,2.9,0.0
20230707:0410,0.0,6.76,1.9,3.45,12.5,2.83,0.0
20230707:0510,0.0,21.72,6.1,11.89,13.19,2.62,0.0
20230707:0610,0.0,32.4,9.1,20.99,15.38,2.41,0.0
20230707:0710,9.45,43.32,47.6,30.41,18.18,2.62,0.0
20230707:0810,138.9,65.22,62.6,39.79,20.72,2.62,0.0
20230707:0910,255.79,83.01,75.1,48.63,22.97,2.76,0.0
20230707:1010,352.52,89.28,85.0,56.12,24.75,3.45,0.0
20230707:1110,404.5,93.77,90.1,60.88,25.63,3.93,0.0
20230707:1210,404.35,97.52,90.1,61.38,26.24,4.0,0.0
20230707:1310,351.01,102.33,85.0,57.4,26.76,4.0,0.0
20230707:1410,186.08,160.94,68.8,50.36,27.07,4.0,0.0
20230707:1510,16.62,159.66,36.5,41.71,27.27,4.0,0.0
20230707:1610,4.15,122.1,29.0,32.4,27.19,3.79,0.0
20230707:1710,0.0,59.81,16.8,22.95,26.64,3.03,0.0
20230707:1810,0.0,23.14,6.5,13.76,25.52,2.9,0.0
20230707:1910,0.0,11.04,3.1,5.15,24.15,2.9,0.0
20230707:2010,0.0,0.0,0.0,0.0,22.4,3.31,0.0
20230707:2110,0.0,0.0,0.0,0.0,21.48,3.52,0.0
20230707:2210,0.0,0.0,0.0,0.0,20.65,3.66,0.0
20230707:2310,0.0,0.0,0.0,0.0,19.98,3.59,0.0
20230708:0010,0.0,0.0,0.0,0.0,19.08,3.31,0.0
20230708:0110,0.0,0.0,0.0,0.0,18.33,3.03,0.0
20230708:0210,0.0,0.0,0.0,0.0,17.44,2.83,0.0
20230708:0310,0.0,0.0,0.0,0.0,16.98,2.62,0.0
20230708:0410,0.0,6.05,1.7,3.34,16.37,2.62,0.0
20230708:0510,0.0,24.56,6.9,11.78,16.8,2.55,0.0
20230708:0610,0.0,34.18,9.6,20.88,18.81,2.28,0.0
20230708:0710,9.54,46.34,46.0,30.3,21.72,1.79,0.0
20230708:0810,133.04,69.35,60.7,39.68,23.95,1.72,0.0
20230708:0910,248.84,84.76,73.3,48.52,25.57,1.52,0.0
20230708:1010,347.75,88.35,83.5,56.0,26.97,1.45,0.0
20230708:1110,389.25,99.63,87.7,60.76,28.19,1.38,0.0
20230708:1210,88.66,239.33,59.2,61.27,29.04,1.72,0.0
20230708:1310,72.2,225.2,55.1,57.32,29.41,2.62,0.0
20230708:1410,257.8,97.92,74.3,50.29,28.98,3.03,0.0
20230708:1510,159.32,73.01,63.6,41.66,28.56,2.21,0.0
20230708:1610,10.25,120.86,35.0,32.34,28.3,2.14,0.0
20230708:1710,0.0,38.8,10.9,22.89,28.3,2.0,0.0
20230708:1810,0.0,34.18,9.6,13.7,27.75,1.66,0.0
20230708:1910,0.0,3.56,1.0,5.09,26.89,1.59,0.0
20230708:2010,0.0,0.0,0.0,0.0,25.27,2.14,0.0
20230708:2110,0.0,0.0,0.0,0.0,23.65,2.21,0.0
20230708:2210,0.0,0.0,0.0,0.0,22.41,2.21,0.0
20230708:2310,0.0,0.0,0.0,0.0,21.58,2.21,0.0
20230709:0010,0.0,0.0,0.0,0.0,21.17,2.28,0.0
20230709:0110,0.0,0.0,0.0,0.0,20.79,2.28,0.0
20230709:0210,0.0,0.0,0.0,0.0,20.46,2.14,0.0
20230709:0310,0.0,0.0,0.0,0.0,20.09,1.79,0.0
20230709:0410,0.0,2.49,0.7,3.22,19.24,1.45,0.0
20230709:0510,0.0,28.12,7.9,11.67,19.53,1.31,0.0
20230709:0610,0.0,45.57,12.8,20.77,21.6,1.24,0.0
20230709:0710,7.83,68.76,41.9,30.19,22.97,1.72,0.0
20230709:0810,112.49,92.41,56.9,39.57,24.32,1.86,0.0
20230709:0910,203.91,121.53,68.2,48.41,25.61,1.86,0.0
20230709:1010,82.51,219.44,55.8,55.88,26.77,2.21,0.0
20230709:1110,0.0,53.84,10.8,60.64,25.76,3.66,0.0
20230709:1210,0.0,38.88,7.8,61.16,23.58,2.07,0.0
20230709:1310,0.0,74.28,14.9,57.23,23.19,0.97,0.0
20230709:1410,24.85,183.81,41.1,50.21,24.53,1.66,0.0
20230709:1510,118.73,114.8,57.5,41.59,25.31,2.83,0.0
20230709:1610,7.26,121.18,31.6,32.28,24.9,2.9,0.0
20230709:1710,0.0,47.7,13.4,22.83,23.7,3.24,0.0
20230709:1810,0.0,33.46,9.4,13.63,21.51,3.93,0.0
20230709:1910,0.0,8.19,2.3,5.01,20.85,2.55,0.0
20230709:2010,0.0,0.0,0.0,0.0,19.93,2.07,0.0
20230709:2110,0.0,0.0,0.0,0.0,19.14,2.07,0.0
20230709:2210,0.0,0.0,0.0,0.0,18.68,2.07,0.0
20230709:2310,0.0,0.0,0.0,0.0,18.15,2.0,0.0
20230710:0010,0.0,0.0,0.0,0.0,17.73,2.0,0.0
20230710:0110,0.0,0.0,0.0,0.0,17.28,1.86,0.0
20230710:0210,0.0,0.0,0.0,0.0,16.73,1.86,0.0
20230710:0310,0.0,0.0,0.0,0.0,16.48,1.79,0.0
20230710:0410,0.0,5.34,1.5,3.11,16.31,1.72,0.0
20230710:0510,0.0,22.07,6.2,11.55,16.4,1.72,0.0
20230710:0610,0.0,33.11,9.3,20.66,17.49,1.93,0.0
20230710:0710,11.07,45.01,46.0,30.08,18.71,1.72,0.0
20230710:0810,138.87,65.03,61.1,39.46,19.97,1.72,0.0
20230710:0910,248.12,87.73,72.8,48.29,21.12,1.79,0.0
20230710:1010,253.88,162.3,75.6,55.76,22.32,2.55,0.0
20230710:1110,170.4,230.79,69.3,60.52,23.01,3.24,0.0
20230710:1210,199.75,224.16,72.5,61.05,23.54,3.45,0.0
20230710:1310,174.81,212.87,68.6,57.13,24.23,3.86,0.0
20230710:1410,184.09,159.65,67.2,50.13,24.33,3.66,0.0
20230710:1510,104.49,132.7,55.9,41.52,24.75,3.52,0.0
20230710:1610,26.73,87.58,44.1,32.21,24.9,3.24,0.0
20230710:1710,0.0,53.04,14.9,22.77,24.66,2.28,0.0
20230710:1810,0.0,33.82,9.5,13.56,24.36,1.86,0.0
20230710:1910,0.0,3.56,1.0,4.93,23.2,1.93,0.0
20230710:2010,0.0,0.0,0.0,0.0,21.56,2.41,0.0
20230710:2110,0.0,0.0,0.0,0.0,20.29,2.34,0.0
20230710:2210,0.0,0.0,0.0,0.0,19.32,2.14,0.0
20230710:2310,0.0,0.0,0.0,0.0,18.29,2.07,0.0
20230711:0010,0.0,0.0,0.0,0.0,17.53,2.21,0.0
20230711:0110,0.0,0.0,0.0,0.0,17.17,2.48,0.0
20230711:0210,0.0,0.0,0.0,0.0,17.14,2.83,0.0
20230711:0310,0.0,0.0,0.0,0.0,17.31,3.17,0.0
20230711:0410,0.0,5.34,1.5,2.98,17.47,3.38,0.0
20230711:0510,0.0,21.72,6.1,11.43,18.15,3.38,0.0
20230711:0610,0.0,32.04,9.0,20.54,19.65,3.17,0.0
20230711:0710,11.8,44.86,45.6,29.97,21.47,3.52,0.0
20230711:0810,137.66,66.01,60.3,39.34,23.09,3.86,0.0
20230711:0910,252.8,82.98,72.7,48.17,24.38,4.28,0.0
20230711:1010,195.16,193.97,69.6,55.63,25.38,4.76,0.0
20230711:1110,394.67,96.99,87.1,60.39,26.25,5.1,0.0
20230711:1210,368.92,120.47,85.3,60.92,26.88,5.17,0.0
20230711:1310,330.5,115.5,81.3,57.02,27.37,5.31,0.0
20230711:1410,124.24,189.63,59.9,50.05,27.5,5.45,0.0
20230711:1510,56.92,160.86,47.1,41.45,27.6,5.24,0.0
20230711:1610,20.46,104.67,40.3,32.14,27.18,4.69,0.0
20230711:1710,0.0,60.16,16.9,22.69,26.3,3.31,0.0
20230711:1810,0.0,26.7,7.5,13.48,25.5,2.0,0.0
20230711:1910,0.0,9.97,2.8,4.85,24.2,3.03,0.0
20230711:2010,0.0,0.0,0.0,0.0,21.94,4.0,0.0
20230711:2110,0.0,0.0,0.0,0.0,20.39,2.97,0.0
20230711:2210,0.0,0.0,0.0,0.0,19.71,2.28,0.0
20230711:2310,0.0,0.0,0.0,0.0,18.88,2.62,0.0
20230712:0010,0.0,0.0,0.0,0.0,17.97,3.24,0.0
20230712:0110,0.0,0.0,0.0,0.0,16.92,3.03,0.0
20230712:0210,0.0,0.0,0.0,0.0,16.11,2.9,0.0
20230712:0310,0.0,0.0,0.0,0.0,15.72,3.45,0.0
20230712:0410,0.0,0.71,0.2,2.85,15.55,3.86,0.0
20230712:0510,0.0,27.41,7.7,11.31,15.78,4.28,0.0
20230712:0610,0.0,49.84,14.0,20.42,16.33,5.38,0.0
20230712:0710,0.4,97.03,20.6,29.85,16.93,6.21,0.0
20230712:0810,45.01,154.37,44.5,39.22,17.94,5.93,0.0
20230712:0910,141.73,173.33,62.0,48.04,18.79,5.66,0.0
20230712:1010,103.76,224.22,59.5,55.5,19.98,5.93,0.0
20230712:1110,279.67,185.71,79.3,60.25,20.76,6.07,0.0
20230712:1210,3.29,164.79,33.5,60.79,21.26,6.14,0.0
20230712:1310,53.61,221.08,51.4,56.91,21.52,6.07,0.0
20230712:1410,93.89,201.26,56.1,49.95,21.56,6.0,0.0
20230712:1510,49.96,165.5,45.9,41.36,21.48,5.79,0.0
20230712:1610,11.01,121.96,34.3,32.06,21.29,5.66,0.0
20230712:1710,0.0,40.23,11.3,22.61,20.72,5.38,0.0
20230712:1810,0.0,25.63,7.2,13.4,20.1,4.76,0.0
20230712:1910,0.0,9.97,2.8,4.76,19.28,3.86,0.0
20230712:2010,0.0,0.0,0.0,0.0,18.05,3.52,0.0
20230712:2110,0.0,0.0,0.0,0.0,17.02,3.38,0.0
20230712:2210,0.0,0.0,0.0,0.0,16.3,3.45,0.0
20230712:2310,0.0,0.0,0.0,0.0,15.66,3.52,0.0
20230713:0010,0.0,0.0,0.0,0.0,15.12,3.66,0.0
20230713:0110,0.0,0.0,0.0,0.0,14.73,3.86,0.0
20230713:0210,0.0,0.0,0.0,0.0,14.65,4.0,0.0
20230713:0310,0.0,0.0,0.0,0.0,14.45,4.0,0.0
20230713:0410,0.0,0.71,0.2,2.72,14.31,4.0,0.0
20230713:0510,0.0,25.99,7.3,11.18,14.79,3.59,0.0
20230713:0610,0.0,45.92,12.9,20.3,15.78,5.52,0.0
20230713:0710,0.32,94.59,19.8,29.72,16.57,4.69,0.0
20230713:0810,73.4,138.42,50.3,39.1,17.26,4.69,0.0
20230713:0910,81.16,193.92,53.3,47.91,17.98,4.55,0.0
20230713:1010,89.57,223.93,57.2,55.36,19.24,4.55,0.0
20230713:1110,263.21,195.54,77.7,60.1,20.05,4.62,0.0
20230713:1210,28.16,212.19,46.0,60.66,20.63,4.62,0.0
20230713:1310,108.96,228.91,60.5,56.8,20.8,4.41,0.0
20230713:1410,27.43,188.26,42.2,49.86,21.2,4.41,0.0
20230713:1510,0.0,78.76,15.8,41.28,21.52,4.41,0.0
20230713:1610,1.5,106.77,22.7,31.98,21.33,4.0,0.0
20230713:1710,0.0,59.45,16.7,22.53,20.31,3.72,0.0
20230713:1810,0.0,9.26,2.6,13.31,19.87,2.83,0.0
20230713:1910,0.0,4.63,1.3,4.66,19.54,2.34,0.0
20230713:2010,0.0,0.0,0.0,0.0,18.49,2.14,0.0
20230713:2110,0.0,0.0,0.0,0.0,17.7,2.14,0.0
20230713:2210,0.0,0.0,0.0,0.0,16.97,2.28,0.0
20230713:2310,0.0,0.0,0.0,0.0,16.59,2.41,0.0
20230714:0010,0.0,0.0,0.0,0.0,16.06,2.48,0.0
20230714:0110,0.0,0.0,0.0,0.0,15.32,2.41,0.0
20230714:0210,0.0,0.0,0.0,0.0,14.76,2.34,0.0
20230714:0310,0.0,0.0,0.0,0.0,14.6,2.28,0.0
20230714:0410,0.0,0.71,0.2,2.59,14.42,2.21,0.0
20230714:0510,0.0,4.27,1.2,11.05,14.81,2.0,0.0
20230714:0610,0.0,53.04,14.9,20.17,16.14,1.86,0.0
20230714:0710,7.61,93.26,37.5,29.6,17.39,2.07,0.0
20230714:0810,105.45,107.83,55.0,38.97,18.95,2.28,0.0
20230714:0910,36.31,187.24,43.8,47.78,20.34,2.76,0.0
20230714:1010,0.0,107.68,21.6,55.22,21.58,3.03,0.0
20230714:1110,200.26,222.53,71.6,59.95,23.09,4.69,0.0
20230714:1210,113.32,240.46,62.0,60.52,23.78,5.59,0.0
20230714:1310,38.5,211.36,47.4,56.67,24.18,5.31,0.0
20230714:1410,14.75,172.95,37.1,49.75,24.81,5.31,0.0
20230714:1510,113.17,129.16,56.1,41.18,25.24,5.24,0.0
20230714:1610,28.74,92.7,42.9,31.89,25.71,4.97,0.0
20230714:1710,0.0,56.25,15.8,22.44,26.01,4.28,0.0
20230714:1810,0.0,24.56,6.9,13.22,25.3,3.59,0.0
20230714:1910,0.0,7.48,2.1,4.56,23.78,2.97,0.0
20230714:2010,0.0,0.0,0.0,0.0,22.62,3.59,0.0
20230714:2110,0.0,0.0,0.0,0.0,22.41,4.34,0.0
20230714:2210,0.0,0.0,0.0,0.0,22.61,5.03,0.0
20230714:2310,0.0,0.0,0.0,0.0,22.66,4.97,0.0
20230715:0010,0.0,0.0,0.0,0.0,22.47,4.69,0.0
20230715:0110,0.0,0.0,0.0,0.0,22.19,4.55,0.0
20230715:0210,0.0,0.0,0.0,0.0,21.48,4.41,0.0
20230715:0310,0.0,0.0,0.0,0.0,20.71,3.86,0.0
20230715:0410,0.0,0.71,0.2,2.45,20.16,3.45,0.0
20230715:0510,0.0,23.5,6.6,10.92,20.11,3.31,0.0
20230715:0610,0.0,51.98,14.6,20.04,20.7,3.45,0.0
20230715:0710,15.89,43.49,45.3,29.47,20.95,3.31,0.0
20230715:0810,0.0,42.87,8.6,38.84,21.8,4.9,0.0
20230715:0910,0.0,58.82,11.8,47.64,22.48,6.55,0.0
20230715:1010,0.0,105.18,21.1,55.07,22.96,6.34,0.0
20230715:1110,140.46,236.06,64.9,59.8,23.52,6.41,0.0
20230715:1210,100.62,238.74,59.9,60.37,23.63,6.55,0.0
20230715:1310,314.37,135.9,79.5,56.54,23.68,6.9,0.0
20230715:1410,69.73,200.52,51.3,49.64,23.73,7.03,0.0
20230715:1510,9.95,145.97,31.7,41.08,23.45,7.03,0.0
20230715:1610,2.49,110.37,24.1,31.8,23.4,7.17,0.0
20230715:1710,0.0,49.84,14.0,22.34,23.06,6.69,0.0
20230715:1810,0.0,32.75,9.2,13.12,22.59,5.79,0.0
20230715:1910,0.0,3.56,1.0,4.45,20.78,3.72,0.0
20230715:2010,0.0,0.0,0.0,0.0,19.86,3.31,0.0
20230715:2110,0.0,0.0,0.0,0.0,18.8,3.45,0.0
20230715:2210,0.0,0.0,0.0,0.0,18.4,3.66,0.0
20230715:2310,0.0,0.0,0.0,0.0,18.1,3.93,0.0
20230716:0010,0.0,0.0,0.0,0.0,17.97,4.62,0.0
20230716:0110,0.0,0.0,0.0,0.0,17.59,5.31,0.0
20230716:0210,0.0,0.0,0.0,0.0,17.09,5.79,0.0
20230716:0310,0.0,0.0,0.0,0.0,16.61,6.14,0.0
20230716:0410,0.0,2.49,0.7,2.3,16.16,6.34,0.0
20230716:0510,0.0,21.72,6.1,10.78,16.13,6.48,0.0
20230716:0610,0.0,33.46,9.4,19.9,16.63,5.93,0.0
20230716:0710,14.48,59.78,43.0,29.33,17.45,8.83,0.0
20230716:0810,126.05,89.44,57.6,38.7,18.38,8.21,0.0
20230716:0910,20.02,175.52,38.6,47.5,18.95,7.24,0.0
20230716:1010,0.0,74.28,14.9,54.92,19.4,7.38,0.0
20230716:1110,0.0,119.64,24.0,59.64,20.6,7.66,0.0
20230716:1210,102.41,241.06,60.4,60.21,21.23,7.45,0.0
20230716:1310,110.71,228.56,60.2,56.41,21.62,6.97,0.0
20230716:1410,227.42,137.99,70.3,49.52,21.89,6.76,0.0
20230716:1510,0.0,76.27,15.3,40.98,21.63,6.21,0.0
20230716:1610,0.39,90.26,18.4,31.69,21.11,5.17,0.0
20230716:1710,0.0,56.25,15.8,22.24,20.73,4.48,0.0
20230716:1810,0.0,28.12,7.9,13.01,19.95,3.59,0.0
20230716:1910,0.0,7.83,2.2,4.34,18.22,2.97,0.0
20230716:2010,0.0,0.0,0.0,0.0,17.36,2.0,0.0
20230716:2110,0.0,0.0,0.0,0.0,16.88,2.28,0.0
20230716:2210,0.0,0.0,0.0,0.0,16.4,2.55,0.0
20230716:2310,0.0,0.0,0.0,0.0,15.94,2.76,0.0
20230717:0010,0.0,0.0,0.0,0.0,15.59,3.03,0.0
20230717:0110,0.0,0.0,0.0,0.0,15.48,3.24,0.0
20230717:0210,0.0,0.0,0.0,0.0,14.95,3.45,0.0
20230717:0310,0.0,0.0,0.0,0.0,14.56,3.66,0.0
20230717:0410,0.0,1.42,0.4,2.15,14.12,3.66,0.0
20230717:0510,0.0,23.14,6.5,10.64,14.36,3.59,0.0
20230717:0610,0.0,34.18,9.6,19.77,15.24,4.28,0.0
20230717:0710,10.44,88.66,38.4,29.2,16.38,4.69,0.0
20230717:0810,48.43,152.91,44.2,38.56,17.64,4.48,0.0
20230717:0910,43.98,190.07,45.4,47.35,18.62,4.69,0.0
20230717:1010,8.42,171.67,35.6,54.76,19.44,5.1,0.0
20230717:1110,196.92,227.58,71.1,59.47,20.19,5.03,0.0
20230717:1210,1.7,155.42,31.4,60.05,20.8,5.03,0.0
20230717:1310,357.78,111.0,82.8,56.27,20.38,5.38,0.0
20230717:1410,33.59,191.71,43.6,49.4,20.62,5.31,0.0
20230717:1510,168.93,82.28,62.4,40.86,20.85,5.1,0.0
20230717:1610,42.65,70.03,46.6,31.59,20.76,5.17,0.0
20230717:1710,0.0,38.45,10.8,22.13,20.23,4.69,0.0
20230717:1810,0.0,23.85,6.7,12.9,19.93,3.86,0.0
20230717:1910,0.0,8.9,2.5,4.22,19.15,2.97,0.0
20230717:2010,0.0,0.0,0.0,0.0,17.68,2.34,0.0
20230717:2110,0.0,0.0,0.0,0.0,16.46,2.28,0.0
20230717:2210,0.0,0.0,0.0,0.0,15.51,2.21,0.0
20230717:2310,0.0,0.0,0.0,0.0,14.68,2.21,0.0
20230718:0010,0.0,0.0,0.0,0.0,13.78,2.34,0.0
20230718:0110,0.0,0.0,0.0,0.0,13.06,2.41,0.0
20230718:0210,0.0,0.0,0.0,0.0,12.53,2.41,0.0
20230718:0310,0.0,0.0,0.0,0.0,12.13,2.41,0.0
20230718:0410,0.0,1.07,0.3,2.0,11.91,2.34,0.0
20230718:0510,0.0,23.14,6.5,10.49,12.36,2.0,0.0
20230718:0610,0.0,33.11,9.3,19.62,14.42,1.72,0.0
20230718:0710,0.11,81.24,16.5,29.06,16.74,1.66,0.0
20230718:0810,60.36,148.64,46.6,38.42,18.13,1.86,0.0
20230718:0910,13.13,166.02,35.5,47.2,19.42,1.66,0.0
20230718:1010,94.92,223.65,57.2,54.6,20.22,1.52,0.0
20230718:1110,407.38,104.76,87.0,59.3,21.63,1.93,0.0
20230718:1210,413.63,105.14,87.6,59.88,23.05,2.62,0.0
20230718:1310,382.77,94.3,84.4,56.12,23.9,2.76,0.0
20230718:1410,297.93,86.18,75.9,49.27,24.35,2.76,0.0
20230718:1510,170.46,83.25,62.3,40.74,24.51,2.62,0.0
20230718:1610,50.33,55.46,48.3,31.47,24.44,2.48,0.0
20230718:1710,0.0,32.4,9.1,22.02,24.17,2.21,0.0
20230718:1810,0.0,22.07,6.2,12.78,23.43,1.86,0.0
20230718:1910,0.0,8.19,2.3,4.09,22.67,1.59,0.0
20230718:2010,0.0,0.0,0.0,0.0,20.81,1.93,0.0
20230718:2110,0.0,0.0,0.0,0.0,19.15,1.93,0.0
20230718:2210,0.0,0.0,0.0,0.0,17.78,1.72,0.0
20230718:2310,0.0,0.0,0.0,0.0,16.65,1.45,0.0
20230719:0010,0.0,0.0,0.0,0.0,17.37,0.34,0.0
20230719:0110,0.0,0.0,0.0,0.0,15.19,1.59,0.0
20230719:0210,0.0,0.0,0.0,0.0,14.9,1.59,0.0
20230719:0310,0.0,0.0,0.0,0.0,14.93,1.66,0.0
20230719:0410,0.0,0.71,0.2,1.85,14.94,2.14,0.0
20230719:0510,0.0,23.85,6.7,10.34,15.69,2.41,0.0
20230719:0610,0.0,47.7,13.4,19.48,16.59,2.76,0.0
20230719:0710,1.65,104.4,23.7,28.91,17.58,3.31,0.0
20230719:0810,133.84,84.69,57.4,38.27,18.58,3.45,0.0
20230719:0910,213.52,129.24,67.3,47.05,19.71,4.07,0.0
20230719:1010,34.74,203.73,45.3,54.43,20.11,4.62,0.0
20230719:1110,51.93,224.29,50.9,59.12,20.48,5.03,0.0
20230719:1210,0.0,105.18,21.1,59.71,20.86,5.31,0.0
20230719:1310,139.54,225.11,63.1,55.96,20.99,5.31,0.0
20230719:1410,22.17,180.73,39.6,49.13,21.17,5.1,0.0
20230719:1510,10.48,145.66,31.6,40.62,20.93,4.97,0.0
20230719:1610,4.17,113.64,25.6,31.36,20.7,5.03,0.0
20230719:1710,0.0,34.89,9.8,21.9,20.33,4.34,0.0
20230719:1810,0.0,31.68,8.9,12.66,19.61,3.03,0.0
20230719:1910,0.0,4.63,1.3,3.96,18.5,2.62,0.0
20230719:2010,0.0,0.0,0.0,0.0,17.59,2.28,0.0
20230719:2110,0.0,0.0,0.0,0.0,16.74,2.14,0.0
20230719:2210,0.0,0.0,0.0,0.0,16.33,2.21,0.0
20230719:2310,0.0,0.0,0.0,0.0,16.11,2.55,0.0
20230720:0010,0.0,0.0,0.0,0.0,15.63,2.69,0.0
20230720:0110,0.0,0.0,0.0,0.0,15.06,2.48,0.0
20230720:0210,0.0,0.0,0.0,0.0,14.49,2.28,0.0
20230720:0310,0.0,0.0,0.0,0.0,13.94,2.07,0.0
20230720:0410,0.0,0.36,0.1,1.69,13.58,1.86,0.0
20230720:0510,0.0,16.02,4.5,10.19,13.85,1.45,0.0
20230720:0610,0.0,29.19,8.2,19.33,15.32,1.79,0.0
20230720:0710,9.3,99.95,34.7,28.77,16.34,0.69,0.0
20230720:0810,49.56,151.91,43.6,38.12,17.16,0.55,0.0
20230720:0910,155.14,169.89,61.5,46.89,18.22,0.97,0.0
20230720:1010,127.69,221.49,61.1,54.26,19.28,1.24,0.0
20230720:1110,213.89,222.65,71.9,58.94,20.1,1.52,0.0
20230720:1210,136.63,241.65,64.2,59.53,20.45,1.66,0.0
20230720:1310,0.0,102.69,20.6,55.8,20.72,1.59,0.0
20230720:1410,0.0,116.65,23.4,48.99,21.1,1.72,0.0
20230720:1510,1.47,116.45,23.7,40.49,21.29,1.79,0.0
20230720:1610,0.0,33.4,6.7,31.23,21.24,1.52,0.0
20230720:1710,0.0,38.09,10.7,21.78,20.98,1.03,0.0
20230720:1810,0.0,29.9,8.4,12.53,20.35,1.03,0.0
20230720:1910,0.0,4.63,1.3,3.82,18.36,1.24,0.0
20230720:2010,0.0,0.0,0.0,0.0,17.72,1.17,0.0
20230720:2110,0.0,0.0,0.0,0.0,16.91,0.83,0.0
20230720:2210,0.0,0.0,0.0,0.0,16.54,0.14,0.0
20230720:2310,0.0,0.0,0.0,0.0,15.39,0.76,0.0
20230721:0010,0.0,0.0,0.0,0.0,14.97,0.69,0.0
20230721:0110,0.0,0.0,0.0,0.0,14.7,0.69,0.0
20230721:0210,0.0,0.0,0.0,0.0,14.08,0.83,0.0
20230721:0310,0.0,0.0,0.0,0.0,13.78,0.83,0.0
20230721:0410,0.0,0.36,0.1,1.53,13.86,0.62,0.0
20230721:0510,0.0,23.14,6.5,10.04,13.75,0.69,0.0
20230721:0610,0.0,50.55,14.2,19.18,15.03,1.17,0.0
20230721:0710,8.7,103.06,33.4,28.62,16.24,1.86,0.0
20230721:0810,0.0,82.25,16.5,37.97,17.24,2.28,0.0
20230721:0910,106.34,188.86,55.3,46.73,18.44,2.97,0.0
20230721:1010,205.36,199.92,69.1,54.08,19.2,3.38,0.0
20230721:1110,113.56,239.74,60.9,58.75,20.14,3.93,0.0
20230721:1210,0.0,86.24,17.3,59.34,19.81,4.34,0.0
20230721:1310,6.67,168.7,34.7,55.63,20.16,4.48,0.0
20230721:1410,123.35,197.13,58.4,48.84,20.07,4.9,0.0
20230721:1510,148.25,110.17,58.7,40.35,20.04,5.03,0.0
20230721:1610,51.09,64.91,46.6,31.1,19.71,4.55,0.0
20230721:1710,0.0,34.89,9.8,21.65,19.31,4.07,0.0
20230721:1810,0.0,24.92,7.0,12.39,18.77,3.17,0.0
20230721:1910,0.0,5.34,1.5,3.68,17.75,2.34,0.0
20230721:2010,0.0,0.0,0.0,0.0,16.67,1.72,0.0
20230721:2110,0.0,0.0,0.0,0.0,15.71,1.24,0.0
20230721:2210,0.0,0.0,0.0,0.0,15.39,1.72,0.0
20230721:2310,0.0,0.0,0.0,0.0,14.94,2.21,0.0
20230722:0010,0.0,0.0,0.0,0.0,14.81,2.55,0.0
20230722:0110,0.0,0.0,0.0,0.0,14.67,2.9,0.0
20230722:0210,0.0,0.0,0.0,0.0,14.15,2.97,0.0
20230722:0310,0.0,0.0,0.0,0.0,13.63,2.9,0.0
20230722:0410,0.0,0.36,0.1,1.36,13.14,3.03,0.0
20230722:0510,0.0,22.78,6.4,9.88,13.18,3.1,0.0
20230722:0610,0.0,25.99,7.3,19.03,14.28,3.52,0.0
20230722:0710,1.8,101.55,22.8,28.47,15.68,4.41,0.0
20230722:0810,15.92,144.03,32.9,37.82,16.76,4.41,0.0
20230722:0910,135.26,178.22,58.4,46.57,17.89,4.76,0.0
20230722:1010,274.53,161.16,74.2,53.9,18.8,5.17,0.0
20230722:1110,244.68,209.59,73.7,58.56,19.54,5.66,0.0
20230722:1210,206.38,226.78,70.6,59.15,19.97,5.86,0.0
20230722:1310,45.99,212.34,48.0,55.46,20.73,6.07,0.0
20230722:1410,0.0,81.26,16.3,48.68,20.75,6.0,0.0
20230722:1510,38.82,162.24,40.8,40.21,20.56,5.45,0.0
20230722:1610,2.4,104.0,22.3,30.96,20.36,4.76,0.0
20230722:1710,0.0,47.7,13.4,21.51,19.9,3.59,0.0
20230722:1810,0.0,29.55,8.3,12.25,19.37,2.28,0.0
20230722:1910,0.0,3.56,1.0,3.53,18.51,2.07,0.0
20230722:2010,0.0,0.0,0.0,0.0,17.91,1.45,0.0
20230722:2110,0.0,0.0,0.0,0.0,17.42,1.38,0.0
20230722:2210,0.0,0.0,0.0,0.0,16.97,1.79,0.0
20230722:2310,0.0,0.0,0.0,0.0,16.71,2.34,0.0
20230723:0010,0.0,0.0,0.0,0.0,16.42,2.97,0.0
20230723:0110,0.0,0.0,0.0,0.0,16.41,3.79,0.0
20230723:0210,0.0,0.0,0.0,0.0,16.65,4.69,0.0
20230723:0310,0.0,0.0,0.0,0.0,16.65,5.1,0.0
20230723:0410,0.0,0.0,0.0,0.0,16.47,5.31,0.0
20230723:0510,0.0,3.56,1.0,9.72,16.51,5.59,0.0
20230723:0610,0.0,11.75,3.3,18.87,16.71,6.07,0.0
20230723:0710,0.0,41.87,8.4,28.31,16.2,5.93,0.0
20230723:0810,0.0,81.26,16.3,37.66,15.58,6.28,0.0
20230723:0910,0.48,110.76,22.3,46.4,15.69,6.34,0.0
20230723:1010,0.55,130.22,26.2,53.72,16.23,6.41,0.0
20230723:1110,27.08,202.3,43.6,58.36,17.65,6.34,0.0
20230723:1210,46.23,218.42,48.8,58.95,19.28,8.41,0.0
20230723:1310,15.28,182.67,38.5,55.28,21.03,7.38,0.0
20230723:1410,75.23,197.8,50.4,48.52,22.09,6.9,0.0
20230723:1510,0.38,102.76,20.7,40.06,22.16,7.17,0.0
20230723:1610,0.0,33.4,6.7,30.82,21.02,6.21,0.0
20230723:1710,0.0,40.23,11.3,21.37,19.81,5.72,0.0
20230723:1810,0.0,10.32,2.9,12.1,18.77,5.66,0.0
20230723:1910,0.0,2.14,0.6,3.37,18.13,5.59,0.0
20230723:2010,0.0,0.0,0.0,0.0,18.07,5.31,0.0
20230723:2110,0.0,0.0,0.0,0.0,18.17,4.9,0.0
20230723:2210,0.0,0.0,0.0,0.0,18.29,4.41,0.0
20230723:2310,0.0,0.0,0.0,0.0,18.12,4.07,0.0
20230724:0010,0.0,0.0,0.0,0.0,17.78,4.07,0.0
20230724:0110,0.0,0.0,0.0,0.0,17.54,3.59,0.0
20230724:0210,0.0,0.0,0.0,0.0,17.42,2.76,0.0
20230724:0310,0.0,0.0,0.0,0.0,17.13,2.76,0.0
20230724:0410,0.0,0.0,0.0,0.0,16.93,2.9,0.0
20230724:0510,0.0,13.53,3.8,9.55,17.0,2.76,0.0
20230724:0610,0.0,48.77,13.7,18.72,17.07,3.03,0.0
20230724:0710,1.29,95.18,20.6,28.16,17.51,3.1,0.0
20230724:0810,0.0,40.88,8.2,37.5,17.93,2.9,0.0
20230724:0910,0.0,42.87,8.6,46.23,17.77,2.83,0.0
20230724:1010,8.93,168.33,34.9,53.53,17.69,3.38,0.0
20230724:1110,1.19,145.82,29.4,58.16,18.35,3.45,0.0
20230724:1210,254.58,208.43,73.9,58.75,18.55,4.97,0.0
20230724:1310,0.0,64.31,12.9,55.09,18.43,5.38,0.0
20230724:1410,79.06,198.95,51.0,48.35,18.01,5.1,0.0
20230724:1510,0.0,81.75,16.4,39.91,19.2,4.69,0.0
20230724:1610,0.0,57.33,11.5,30.67,19.33,4.62,0.0
20230724:1710,0.0,37.74,10.6,21.22,17.42,4.28,0.0
20230724:1810,0.0,29.19,8.2,11.95,16.95,3.1,0.0
20230724:1910,0.0,6.05,1.7,3.21,16.7,2.34,0.0
20230724:2010,0.0,0.0,0.0,0.0,15.98,2.14,0.0
20230724:2110,0.0,0.0,0.0,0.0,15.2,2.28,0.0
20230724:2210,0.0,0.0,0.0,0.0,14.62,2.34,0.0
20230724:2310,0.0,0.0,0.0,0.0,13.95,2.28,0.0
20230725:0010,0.0,0.0,0.0,0.0,13.66,2.14,0.0
20230725:0110,0.0,0.0,0.0,0.0,13.12,2.07,0.0
20230725:0210,0.0,0.0,0.0,0.0,12.87,1.93,0.0
20230725:0310,0.0,0.0,0.0,0.0,12.63,1.93,0.0
20230725:0410,0.0,0.0,0.0,0.0,12.54,2.0,0.0
20230725:0510,0.0,17.44,4.9,9.39,12.65,1.93,0.0
20230725:0610,0.0,32.4,9.1,18.55,13.22,1.93,0.0
20230725:0710,0.55,85.74,17.8,28.0,14.24,2.41,0.0
20230725:0810,29.26,150.59,37.1,37.33,15.15,3.1,0.0
20230725:0910,22.4,173.36,38.1,46.05,16.01,3.1,0.0
20230725:1010,0.0,121.14,24.3,53.34,16.73,3.1,0.0
20230725:1110,1.2,142.83,28.8,57.95,17.7,3.52,0.0
20230725:1210,54.84,225.98,51.0,58.54,18.23,4.14,0.0
20230725:1310,31.68,202.39,44.2,54.9,18.24,4.48,0.0
20230725:1410,52.76,196.66,46.6,48.18,18.58,4.55,0.0
20230725:1510,148.81,116.72,57.4,39.75,18.37,4.28,0.0
20230725:1610,46.84,84.53,43.1,30.52,18.05,3.79,0.0
20230725:1710,0.0,52.69,14.8,21.06,17.81,3.52,0.0
20230725:1810,0.0,23.5,6.6,11.79,17.06,2.62,0.0
20230725:1910,0.0,4.27,1.2,3.04,16.29,1.79,0.0
20230725:2010,0.0,0.0,0.0,0.0,15.21,1.93,0.0
20230725:2110,0.0,0.0,0.0,0.0,14.39,2.07,0.0
20230725:2210,0.0,0.0,0.0,0.0,13.98,2.14,0.0
20230725:2310,0.0,0.0,0.0,0.0,13.49,2.34,0.0
20230726:0010,0.0,0.0,0.0,0.0,12.91,2.48,0.0
20230726:0110,0.0,0.0,0.0,0.0,12.59,2.62,0.0
20230726:0210,0.0,0.0,0.0,0.0,12.04,2.76,0.0
20230726:0310,0.0,0.0,0.0,0.0,11.83,2.76,0.0
20230726:0410,0.0,0.0,0.0,0.0,11.79,2.76,0.0
20230726:0510,0.0,21.36,6.0,9.22,12.02,2.62,0.0
20230726:0610,0.0,41.3,11.6,18.39,13.16,2.62,0.0
20230726:0710,8.09,106.08,29.6,27.83,14.86,3.24,0.0
20230726:0810,111.95,118.03,52.1,37.17,16.24,3.45,0.0
20230726:0910,166.52,168.44,60.9,45.87,17.39,3.66,0.0
20230726:1010,85.26,220.17,54.0,53.14,18.37,3.93,0.0
20230726:1110,0.0,124.62,25.0,57.74,18.59,4.14,0.0
20230726:1210,209.7,230.49,70.3,58.33,19.11,4.28,0.0
20230726:1310,163.33,224.28,64.4,54.7,19.64,4.14,0.0
20230726:1410,2.59,137.18,27.9,48.0,20.0,4.0,0.0
20230726:1510,82.32,157.64,48.4,39.58,20.18,3.93,0.0
20230726:1610,29.56,110.05,37.5,30.36,20.14,3.66,0.0
20230726:1710,0.0,47.35,13.3,20.9,19.83,3.03,0.0
20230726:1810,0.0,19.22,5.4,11.62,19.19,2.62,0.0
20230726:1910,0.0,3.56,1.0,2.87,18.57,2.9,0.0
20230726:2010,0.0,0.0,0.0,0.0,17.76,2.69,0.0
20230726:2110,0.0,0.0,0.0,0.0,17.27,2.55,0.0
20230726:2210,0.0,0.0,0.0,0.0,16.65,2.34,0.0
20230726:2310,0.0,0.0,0.0,0.0,16.06,2.62,0.0
20230727:0010,0.0,0.0,0.0,0.0,15.56,3.52,0.0
20230727:0110,0.0,0.0,0.0,0.0,15.56,4.41,0.0
20230727:0210,0.0,0.0,0.0,0.0,15.55,5.03,0.0
20230727:0310,0.0,0.0,0.0,0.0,15.63,5.45,0.0
20230727:0410,0.0,0.0,0.0,0.0,15.8,5.86,0.0
20230727:0510,0.0,4.27,1.2,9.04,16.18,5.52,0.0
20230727:0610,0.0,8.9,2.5,18.22,16.52,5.59,0.0
20230727:0710,0.0,28.91,5.8,27.67,16.91,5.38,0.0
20230727:0810,0.0,55.33,11.1,37.0,16.97,5.59,0.0
20230727:0910,0.0,83.25,16.7,45.69,17.02,6.0,0.0
20230727:1010,0.0,92.22,18.5,52.94,16.86,6.14,0.0
20230727:1110,0.0,96.71,19.4,57.52,17.06,6.28,0.0
20230727:1210,0.0,101.69,20.4,58.1,17.62,6.9,0.0
20230727:1310,0.0,98.7,19.8,54.49,18.12,6.34,0.0
20230727:1410,0.0,71.78,14.4,47.82,18.54,6.28,0.0
20230727:1510,0.0,56.83,11.4,39.41,18.91,5.93,0.0
20230727:1610,0.0,69.29,13.9,30.19,18.98,6.14,0.0
20230727:1710,0.0,24.56,6.9,20.74,18.85,6.14,0.0
20230727:1810,0.0,16.38,4.6,11.45,18.42,5.66,0.0
20230727:1910,0.0,3.92,1.1,2.69,17.35,5.17,0.0
20230727:2010,0.0,0.0,0.0,0.0,17.0,4.76,0.0
20230727:2110,0.0,0.0,0.0,0.0,16.78,4.76,0.0
20230727:2210,0.0,0.0,0.0,0.0,16.77,4.69,0.0
20230727:2310,0.0,0.0,0.0,0.0,16.83,4.62,0.0
20230728:0010,0.0,0.0,0.0,0.0,16.88,4.48,0.0
20230728:0110,0.0,0.0,0.0,0.0,16.89,4.21,0.0
20230728:0210,0.0,0.0,0.0,0.0,16.94,4.0,0.0
20230728:0310,0.0,0.0,0.0,0.0,16.97,3.79,0.0
20230728:0410,0.0,0.0,0.0,0.0,17.0,3.66,0.0
20230728:0510,0.0,4.63,1.3,8.87,17.08,3.52,0.0
20230728:0610,0.0,29.55,8.3,18.05,17.27,3.52,0.0
20230728:0710,0.11,69.3,14.0,27.5,17.8,4.21,0.0
20230728:0810,9.91,132.54,28.8,36.82,18.46,4.48,0.0
20230728:0910,2.52,128.67,26.2,45.51,18.98,4.48,0.0
20230728:1010,7.53,161.44,33.3,52.74,19.67,4.21,0.0
20230728:1110,87.29,231.82,55.3,57.3,20.18,4.07,0.0
20230728:1210,77.33,230.37,53.9,57.88,20.59,4.14,0.0
20230728:1310,7.11,163.83,33.7,54.28,21.19,4.21,0.0
20230728:1410,19.06,171.34,36.9,47.62,21.35,4.0,0.0
20230728:1510,45.32,160.19,40.7,39.23,21.72,4.21,0.0
20230728:1610,21.61,115.06,33.4,30.02,21.93,3.72,0.0
20230728:1710,0.0,51.26,14.4,20.57,21.7,3.31,0.0
20230728:1810,0.0,26.34,7.4,11.28,21.19,3.03,0.0
20230728:1910,0.0,4.27,1.2,2.51,20.35,2.48,0.0
20230728:2010,0.0,0.0,0.0,0.0,19.2,2.76,0.0
20230728:2110,0.0,0.0,0.0,0.0,18.84,2.76,0.0
20230728:2210,0.0,0.0,0.0,0.0,18.22,2.76,0.0
20230728:2310,0.0,0.0,0.0,0.0,17.97,2.76,0.0
20230729:0010,0.0,0.0,0.0,0.0,17.62,2.69,0.0
20230729:0110,0.0,0.0,0.0,0.0,17.02,2.41,0.0
20230729:0210,0.0,0.0,0.0,0.0,16.54,2.34,0.0
20230729:0310,0.0,0.0,0.0,0.0,16.11,2.55,0.0
20230729:0410,0.0,0.0,0.0,0.0,15.78,2.76,0.0
20230729:0510,0.0,17.44,4.9,8.69,15.7,2.97,0.0
20230729:0610,0.0,46.28,13.0,17.88,16.59,2.69,0.0
20230729:0710,0.0,62.81,12.6,27.33,17.89,3.38,0.0
20230729:0810,85.54,136.06,46.8,36.65,18.93,4.14,0.0
20230729:0910,102.65,187.26,52.2,45.32,20.05,4.55,0.0
20230729:1010,0.0,64.31,12.9,52.53,20.89,4.69,0.0
20230729:1110,0.0,104.19,20.9,57.07,20.54,4.83,0.0
20230729:1210,92.4,233.9,56.0,57.65,20.45,4.97,0.0
20230729:1310,238.65,198.05,69.7,54.06,21.31,5.03,0.0
20230729:1410,246.3,141.29,67.3,47.43,22.02,4.55,0.0
20230729:1510,41.42,159.83,39.7,39.05,21.88,4.69,0.0
20230729:1610,38.59,100.87,38.4,29.84,20.36,4.14,0.0
20230729:1710,0.0,53.4,15.0,20.39,19.52,3.79,0.0
20230729:1810,0.0,22.43,6.3,11.1,19.1,3.45,0.0
20230729:1910,0.0,2.85,0.8,2.32,18.86,3.45,0.0
20230729:2010,0.0,0.0,0.0,0.0,17.61,3.38,0.0
20230729:2110,0.0,0.0,0.0,0.0,16.54,3.52,0.0
20230729:2210,0.0,0.0,0.0,0.0,15.83,3.72,0.0
20230729:2310,0.0,0.0,0.0,0.0,15.16,3.79,0.0
20230730:0010,0.0,0.0,0.0,0.0,14.58,3.93,0.0
20230730:0110,0.0,0.0,0.0,0.0,14.24,4.0,0.0
20230730:0210,0.0,0.0,0.0,0.0,14.13,4.14,0.0
20230730:0310,0.0,0.0,0.0,0.0,14.17,4.07,0.0
20230730:0410,0.0,0.0,0.0,0.0,14.04,4.0,0.0
20230730:0510,0.0,7.12,2.0,8.51,14.32,4.28,0.0
20230730:0610,0.0,15.31,4.3,17.71,14.95,4.0,0.0
20230730:0710,26.2,78.13,37.0,27.16,15.69,5.93,0.0
20230730:0810,20.92,143.6,33.2,36.47,16.8,6.41,0.0
20230730:0910,0.0,76.77,15.4,45.13,17.54,6.62,0.0
20230730:1010,6.51,158.68,32.6,52.32,18.37,7.31,0.0
20230730:1110,258.63,211.32,72.6,56.84,18.95,7.38,0.0
20230730:1210,132.32,239.82,61.2,57.41,19.73,7.79,0.0
20230730:1310,179.4,220.26,64.6,53.84,19.82,7.1,0.0
20230730:1410,134.33,195.03,57.0,47.22,20.33,7.03,0.0
20230730:1510,0.85,106.35,21.5,38.86,20.04,6.62,0.0
20230730:1610,0.0,55.83,11.2,29.66,19.24,6.28,0.0
20230730:1710,0.0,34.89,9.8,20.21,17.96,6.07,0.0
20230730:1810,0.0,24.56,6.9,10.91,17.53,6.41,0.0
20230730:1910,0.0,2.85,0.8,2.12,16.34,6.21,0.0
20230730:2010,0.0,0.0,0.0,0.0,16.32,6.48,0.0
20230730:2110,0.0,0.0,0.0,0.0,16.2,6.34,0.0
20230730:2210,0.0,0.0,0.0,0.0,16.05,6.28,0.0
20230730:2310,0.0,0.0,0.0,0.0,16.06,6.14,0.0
20230731:0010,0.0,0.0,0.0,0.0,15.88,5.86,0.0
20230731:0110,0.0,0.0,0.0,0.0,15.94,5.59,0.0
20230731:0210,0.0,0.0,0.0,0.0,16.07,5.24,0.0
20230731:0310,0.0,0.0,0.0,0.0,16.28,5.17,0.0
20230731:0410,0.0,0.0,0.0,0.0,16.44,5.45,0.0
20230731:0510,0.0,15.66,4.4,8.33,16.3,5.72,0.0
20230731:0610,0.0,25.28,7.1,17.53,16.21,6.14,0.0
20230731:0710,0.0,50.35,10.1,26.98,16.79,6.21,0.0
20230731:0810,0.0,73.78,14.8,36.29,17.01,6.21,0.0
20230731:0910,0.0,69.79,14.0,44.93,17.23,6.21,0.0
20230731:1010,1.2,130.86,26.4,52.11,17.48,6.28,0.0
20230731:1110,0.0,74.28,14.9,56.6,17.99,6.28,0.0
20230731:1210,0.0,90.23,18.1,57.17,18.42,6.34,0.0
20230731:1310,0.0,83.25,16.7,53.61,18.6,6.83,0.0
20230731:1410,0.0,65.8,13.2,47.01,18.45,6.83,0.0
20230731:1510,0.0,54.34,10.9,38.66,18.07,6.69,0.0
20230731:1610,0.0,60.32,12.1,29.47,17.49,6.62,0.0
20230731:1710,0.0,19.58,5.5,20.02,17.51,5.86,0.0
20230731:1810,0.0,7.48,2.1,10.72,17.59,5.72,0.0
20230731:1910,0.0,0.36,0.1,1.92,17.16,4.76,0.0
20230731:2010,0.0,0.0,0.0,0.0,17.25,4.76,0.0
20230731:2110,0.0,0.0,0.0,0.0,17.32,4.9,0.0
20230731:2210,0.0,0.0,0.0,0.0,17.17,4.28,0.0
20230731:2310,0.0,0.0,0.0,0.0,16.85,3.59,0.0
20230801:0010,0.0,0.0,0.0,0.0,16.33,3.38,0.0
20230801:0110,0.0,0.0,0.0,0.0,15.5,3.59,0.0
20230801:0210,0.0,0.0,0.0,0.0,14.9,3.93,0.0
20230801:0310,0.0,0.0,0.0,0.0,14.43,4.07,0.0
20230801:0410,0.0,0.0,0.0,0.0,14.3,4.28,0.0
20230801:0510,0.0,3.92,1.1,8.14,14.3,4.28,0.0
20230801:0610,0.0,39.52,11.1,17.35,14.85,4.28,0.0
20230801:0710,0.14,69.8,14.1,26.8,15.83,5.17,0.0
20230801:0810,71.08,143.49,43.5,36.11,16.89,5.1,0.0
20230801:0910,67.37,187.12,46.3,44.73,17.73,5.24,0.0
20230801:1010,154.04,216.59,60.6,51.89,18.21,5.31,0.0
20230801:1110,0.64,134.23,27.0,56.36,19.07,5.72,0.0
20230801:1210,73.21,227.84,52.5,56.92,19.7,5.93,0.0
20230801:1310,0.0,96.71,19.4,53.38,20.15,6.34,0.0
20230801:1410,38.26,184.36,41.6,46.8,19.46,6.21,0.0
20230801:1510,0.0,57.33,11.5,38.46,18.96,5.72,0.0
20230801:1610,0.0,69.29,13.9,29.28,19.0,5.38,0.0
20230801:1710,0.0,42.36,11.9,19.83,18.86,4.9,0.0
20230801:1810,0.0,25.28,7.1,10.52,18.28,4.0,0.0
20230801:1910,0.0,0.71,0.2,1.71,17.79,3.66,0.0
20230801:2010,0.0,0.0,0.0,0.0,17.04,3.72,0.0
20230801:2110,0.0,0.0,0.0,0.0,16.43,3.72,0.0
20230801:2210,0.0,0.0,0.0,0.0,16.38,3.86,0.0
20230801:2310,0.0,0.0,0.0,0.0,16.31,3.86,0.0
20230802:0010,0.0,0.0,0.0,0.0,16.43,3.86,0.0
20230802:0110,0.0,0.0,0.0,0.0,16.45,4.14,0.0
20230802:0210,0.0,0.0,0.0,0.0,16.35,4.48,0.0
20230802:0310,0.0,0.0,0.0,0.0,16.04,4.69,0.0
20230802:0410,0.0,0.0,0.0,0.0,15.79,5.24,0.0
20230802:0510,0.0,13.53,3.8,7.96,15.66,6.14,0.0
20230802:0610,0.0,36.31,10.2,17.17,15.95,6.62,0.0
20230802:0710,0.74,78.84,16.3,26.62,16.74,6.41,0.0
20230802:0810,6.44,121.67,25.7,35.92,17.69,5.86,0.0
20230802:0910,12.9,153.5,32.5,44.53,19.13,5.93,0.0
20230802:1010,42.74,198.88,44.3,51.66,20.1,6.34,0.0
20230802:1110,21.92,191.26,40.5,56.11,19.58,7.17,0.0
20230802:1210,7.78,169.52,34.8,56.67,20.23,7.1,0.0
20230802:1310,361.19,134.7,76.7,53.14,20.52,7.45,0.0
20230802:1410,76.33,194.92,48.2,46.58,20.5,7.72,0.0
20230802:1510,7.58,130.5,27.5,38.26,20.27,7.31,0.0
20230802:1610,76.17,58.59,44.3,29.08,19.37,6.48,0.0
20230802:1710,0.0,39.87,11.2,19.63,19.06,7.31,0.0
20230802:1810,0.0,3.92,1.1,10.32,18.4,8.14,0.0
20230802:1910,0.0,0.36,0.1,1.5,16.86,7.86,0.0
20230802:2010,0.0,0.0,0.0,0.0,16.63,8.28,0.0
20230802:2110,0.0,0.0,0.0,0.0,16.0,8.55,0.0
20230802:2210,0.0,0.0,0.0,0.0,15.93,9.17,0.0
20230802:2310,0.0,0.0,0.0,0.0,15.87,9.31,0.0
20230803:0010,0.0,0.0,0.0,0.0,15.47,8.76,0.0
20230803:0110,0.0,0.0,0.0,0.0,15.56,8.21,0.0
20230803:0210,0.0,0.0,0.0,0.0,15.61,8.76,0.0
20230803:0310,0.0,0.0,0.0,0.0,15.7,8.21,0.0
20230803:0410,0.0,0.0,0.0,0.0,15.74,7.93,0.0
20230803:0510,0.0,17.44,4.9,7.77,15.65,7.24,0.0
20230803:0610,0.0,20.65,5.8,16.99,15.45,6.14,0.0
20230803:0710,3.58,94.17,21.1,26.44,15.79,5.45,0.0
20230803:0810,0.0,85.24,17.1,35.73,16.18,5.24,0.0
20230803:0910,0.0,79.76,16.0,44.33,16.89,5.66,0.0
20230803:1010,2.47,142.15,28.8,51.44,17.98,5.66,0.0
20230803:1110,0.0,81.75,16.4,55.86,18.71,5.52,0.0
20230803:1210,0.0,94.22,18.9,56.41,19.19,5.59,0.0
20230803:1310,0.0,110.67,22.2,52.89,19.01,5.03,0.0
20230803:1410,0.57,115.27,23.2,46.35,18.93,4.48,0.0
20230803:1510,6.8,127.79,26.8,38.04,19.0,4.21,0.0
20230803:1610,2.87,96.24,20.4,28.87,18.87,4.34,0.0
20230803:1710,0.0,44.86,12.6,19.42,18.31,4.48,0.0
20230803:1810,0.0,21.72,6.1,10.11,17.72,3.31,0.0
20230803:1910,0.0,0.71,0.2,1.28,16.56,2.76,0.0
20230803:2010,0.0,0.0,0.0,0.0,15.45,2.28,0.0
20230803:2110,0.0,0.0,0.0,0.0,14.64,2.0,0.0
20230803:2210,0.0,0.0,0.0,0.0,13.99,1.93,0.0
20230803:2310,0.0,0.0,0.0,0.0,13.36,2.0,0.0
20230804:0010,0.0,0.0,0.0,0.0,13.15,2.0,0.0
20230804:0110,0.0,0.0,0.0,0.0,12.97,2.0,0.0
20230804:0210,0.0,0.0,0.0,0.0,12.89,2.0,0.0
20230804:0310,0.0,0.0,0.0,0.0,12.8,2.07,0.0
20230804:0410,0.0,0.0,0.0,0.0,12.96,2.0,0.0
20230804:0510,0.0,17.09,4.8,7.58,13.31,1.93,0.0
20230804:0610,0.0,41.65,11.7,16.81,14.18,1.93,0.0
20230804:0710,0.16,68.31,13.8,26.26,15.15,2.69,0.0
20230804:0810,0.0,49.35,9.9,35.54,16.08,2.9,0.0
20230804:0910,81.16,188.02,47.7,44.12,17.27,2.9,0.0
20230804:1010,124.23,219.31,56.6,51.21,18.56,3.1,0.0
20230804:1110,129.58,236.02,59.2,55.61,19.19,3.31,0.0
20230804:1210,52.91,217.46,48.3,56.15,19.44,3.52,0.0
20230804:1310,145.64,224.56,59.6,52.64,19.14,4.0,0.0
20230804:1410,118.47,196.73,53.5,46.12,19.26,4.21,0.0
20230804:1510,88.44,155.31,46.0,37.82,18.59,4.41,0.0
20230804:1610,36.04,107.82,35.0,28.66,18.2,4.0,0.0
20230804:1710,0.0,50.55,14.2,19.21,17.64,3.66,0.0
20230804:1810,0.0,24.21,6.8,9.89,17.34,2.62,0.0
20230804:1910,0.0,0.0,0.0,0.0,16.72,2.41,0.0
20230804:2010,0.0,0.0,0.0,0.0,15.52,2.21,0.0
20230804:2110,0.0,0.0,0.0,0.0,14.55,2.07,0.0
20230804:2210,0.0,0.0,0.0,0.0,13.78,1.66,0.0
20230804:2310,0.0,0.0,0.0,0.0,12.77,1.45,0.0
20230805:0010,0.0,0.0,0.0,0.0,12.13,1.31,0.0
20230805:0110,0.0,0.0,0.0,0.0,11.33,1.72,0.0
20230805:0210,0.0,0.0,0.0,0.0,11.09,1.86,0.0
20230805:0310,0.0,0.0,0.0,0.0,11.21,2.07,0.0
20230805:0410,0.0,0.0,0.0,0.0,11.55,2.34,0.0
20230805:0510,0.0,6.41,1.8,7.38,12.19,2.62,0.0
20230805:0610,0.0,33.46,9.4,16.62,13.37,2.76,0.0
20230805:0710,1.04,81.39,16.9,26.07,14.71,3.93,0.0
20230805:0810,3.41,111.44,23.0,35.35,15.82,4.69,0.0
20230805:0910,10.63,149.39,31.3,43.91,16.54,4.62,0.0
20230805:1010,3.16,143.82,29.2,50.97,16.94,5.17,0.0
20230805:1110,0.0,36.89,7.4,55.35,17.0,5.31,0.0
20230805:1210,0.0,85.24,17.1,55.88,16.86,4.9,0.0
20230805:1310,0.64,131.74,26.5,52.38,16.65,4.28,0.0
20230805:1410,0.0,59.82,12.0,45.88,16.28,4.14,0.0
20230805:1510,6.56,125.74,26.3,37.6,15.94,4.41,0.0
20230805:1610,0.0,19.44,3.9,28.45,16.36,4.76,0.0
20230805:1710,0.0,45.21,12.7,19.0,16.12,4.9,0.0
20230805:1810,0.0,4.27,1.2,9.67,15.66,4.83,0.0
20230805:1910,0.0,0.0,0.0,0.0,15.12,4.21,0.0
20230805:2010,0.0,0.0,0.0,0.0,14.78,4.28,0.0
20230805:2110,0.0,0.0,0.0,0.0,14.52,4.14,0.0
20230805:2210,0.0,0.0,0.0,0.0,14.36,3.79,0.0
20230805:2310,0.0,0.0,0.0,0.0,14.26,3.52,0.0
20230806:0010,0.0,0.0,0.0,0.0,14.06,3.24,0.0
20230806:0110,0.0,0.0,0.0,0.0,13.83,2.62,0.0
20230806:0210,0.0,0.0,0.0,0.0,13.78,2.34,0.0
20230806:0310,0.0,0.0,0.0,0.0,13.92,3.52,0.0
20230806:0410,0.0,0.0,0.0,0.0,14.01,4.55,0.0
20230806:0510,0.0,2.49,0.7,7.19,13.87,6.14,0.0
20230806:0610,0.0,8.9,2.5,16.43,13.75,6.34,0.0
20230806:0710,1.28,81.93,17.1,25.88,13.77,6.55,0.0
20230806:0810,3.48,110.46,22.8,35.15,14.01,6.28,0.0
20230806:0910,1.7,122.01,24.7,43.7,14.64,6.0,0.0
20230806:1010,0.0,66.3,13.3,50.74,15.06,6.48,0.0
20230806:1110,0.67,134.74,27.1,55.09,15.7,7.17,0.0
20230806:1210,0.0,118.14,23.7,55.61,15.4,7.59,0.0
20230806:1310,0.0,97.21,19.5,52.12,15.83,8.07,0.0
20230806:1410,0.0,99.7,20.0,45.63,15.98,7.66,0.0
20230806:1510,0.48,95.8,19.3,37.37,15.87,8.0,0.0
20230806:1610,36.56,107.34,34.1,28.22,15.52,7.59,0.0
20230806:1710,0.0,48.06,13.5,18.78,15.27,6.62,0.0
20230806:1810,0.0,22.43,6.3,9.45,15.04,6.0,0.0
20230806:1910,0.0,0.0,0.0,0.0,14.46,5.17,0.0
20230806:2010,0.0,0.0,0.0,0.0,13.82,4.76,0.0
20230806:2110,0.0,0.0,0.0,0.0,13.37,4.55,0.0
20230806:2210,0.0,0.0,0.0,0.0,12.92,4.34,0.0
20230806:2310,0.0,0.0,0.0,0.0,12.66,4.34,0.0
20230807:0010,0.0,0.0,0.0,0.0,12.58,4.41,0.0
20230807:0110,0.0,0.0,0.0,0.0,12.38,4.41,0.0
20230807:0210,0.0,0.0,0.0,0.0,12.21,4.41,0.0
20230807:0310,0.0,0.0,0.0,0.0,12.09,4.34,0.0
20230807:0410,0.0,0.0,0.0,0.0,12.05,4.21,0.0
20230807:0510,0.0,15.66,4.4,6.99,12.09,4.07,0.0
20230807:0610,0.0,29.9,8.4,16.24,12.88,3.72,0.0
20230807:0710,53.82,54.87,39.0,25.69,14.1,4.97,0.0
20230807:0810,145.25,111.52,50.8,34.95,15.15,5.59,0.0
20230807:0910,61.58,185.68,44.2,43.49,16.15,5.79,0.0
20230807:1010,111.77,219.96,54.6,50.5,16.9,5.72,0.0
20230807:1110,268.75,217.83,71.1,54.82,17.73,5.79,0.0
20230807:1210,99.58,235.07,55.4,55.33,17.82,5.52,0.0
20230807:1310,15.11,176.27,36.8,51.85,17.82,5.24,0.0
20230807:1410,67.48,194.18,46.1,45.38,18.19,5.38,0.0
20230807:1510,53.26,158.69,39.8,37.14,18.25,5.24,0.0
20230807:1610,52.38,97.93,37.4,28.0,17.96,4.41,0.0
20230807:1710,0.0,45.57,12.8,18.55,17.64,3.86,0.0
20230807:1810,0.0,21.0,5.9,9.22,16.79,2.62,0.0
20230807:1910,0.0,0.0,0.0,0.0,16.05,2.21,0.0
20230807:2010,0.0,0.0,0.0,0.0,14.75,2.48,0.0
20230807:2110,0.0,0.0,0.0,0.0,13.97,2.9,0.0
20230807:2210,0.0,0.0,0.0,0.0,13.43,3.45,0.0
20230807:2310,0.0,0.0,0.0,0.0,13.19,3.79,0.0
20230808:0010,0.0,0.0,0.0,0.0,12.96,3.79,0.0
20230808:0110,0.0,0.0,0.0,0.0,13.02,3.86,0.0
20230808:0210,0.0,0.0,0.0,0.0,12.67,3.79,0.0
20230808:0310,0.0,0.0,0.0,0.0,12.59,3.66,0.0
20230808:0410,0.0,0.0,0.0,0.0,12.3,3.59,0.0
20230808:0510,0.0,15.31,4.3,6.79,12.25,3.66,0.0
20230808:0610,0.0,38.8,10.9,16.05,13.15,4.14,0.0
20230808:0710,5.46,93.67,21.3,25.5,14.51,5.38,0.0
20230808:0810,55.3,145.88,38.5,34.75,15.45,5.24,0.0
20230808:0910,71.8,185.45,45.2,43.27,16.43,5.17,0.0
20230808:1010,13.73,167.8,35.0,50.25,17.32,6.0,0.0
20230808:1110,3.43,152.38,30.9,54.55,17.47,6.0,0.0
20230808:1210,95.12,230.97,54.1,55.05,18.06,6.07,0.0
20230808:1310,39.2,197.46,43.1,51.58,18.03,5.52,0.0
20230808:1410,16.33,160.62,34.0,45.13,17.88,5.03,0.0
20230808:1510,14.28,135.95,29.4,36.9,17.68,4.62,0.0
20230808:1610,5.88,99.96,21.9,27.77,17.49,3.86,0.0
20230808:1710,0.0,12.82,3.6,18.32,16.87,3.17,0.0
20230808:1810,0.0,6.76,1.9,8.98,16.33,3.03,0.0
20230808:1910,0.0,0.0,0.0,0.0,15.29,2.62,0.0
20230808:2010,0.0,0.0,0.0,0.0,15.01,2.97,0.0
20230808:2110,0.0,0.0,0.0,0.0,14.95,3.59,0.0
20230808:2210,0.0,0.0,0.0,0.0,14.98,4.28,0.0
20230808:2310,0.0,0.0,0.0,0.0,14.93,4.48,0.0
20230809:0010,0.0,0.0,0.0,0.0,14.95,4.14,0.0
20230809:0110,0.0,0.0,0.0,0.0,14.94,3.72,0.0
20230809:0210,0.0,0.0,0.0,0.0,14.87,3.1,0.0
20230809:0310,0.0,0.0,0.0,0.0,14.85,2.34,0.0
20230809:0410,0.0,0.0,0.0,0.0,14.86,1.93,0.0
20230809:0510,0.0,13.17,3.7,6.59,14.86,1.66,0.0
20230809:0610,0.0,31.33,8.8,15.85,15.05,2.07,0.0
20230809:0710,24.23,94.97,29.7,25.31,15.79,2.21,0.0
20230809:0810,120.29,125.97,46.7,34.55,16.66,2.55,0.0
20230809:0910,167.0,174.94,55.5,43.05,17.83,2.9,0.0
20230809:1010,176.61,213.67,60.1,50.0,18.64,3.52,0.0
20230809:1110,237.14,223.48,67.3,54.28,19.46,3.79,0.0
20230809:1210,307.21,203.19,72.5,54.76,20.1,4.0,0.0
20230809:1310,272.8,194.53,68.4,51.3,20.58,4.07,0.0
20230809:1410,332.75,103.56,68.7,44.87,20.59,4.0,0.0
20230809:1510,230.91,77.22,57.9,36.65,20.49,4.0,0.0
20230809:1610,92.43,57.43,42.6,27.53,19.97,3.79,0.0
20230809:1710,0.0,31.33,8.8,18.08,19.28,3.17,0.0
20230809:1810,0.0,18.51,5.2,8.74,18.31,2.62,0.0
20230809:1910,0.0,0.0,0.0,0.0,16.84,2.34,0.0
20230809:2010,0.0,0.0,0.0,0.0,15.4,2.07,0.0
20230809:2110,0.0,0.0,0.0,0.0,14.11,1.66,0.0
20230809:2210,0.0,0.0,0.0,0.0,13.02,1.31,0.0
20230809:2310,0.0,0.0,0.0,0.0,12.24,1.38,0.0
20230810:0010,0.0,0.0,0.0,0.0,11.12,1.72,0.0
20230810:0110,0.0,0.0,0.0,0.0,10.64,1.79,0.0
20230810:0210,0.0,0.0,0.0,0.0,10.39,1.86,0.0
20230810:0310,0.0,0.0,0.0,0.0,10.23,1.86,0.0
20230810:0410,0.0,0.0,0.0,0.0,10.25,1.86,0.0
20230810:0510,0.0,13.88,3.9,6.38,10.37,1.72,0.0
20230810:0610,0.0,28.12,7.9,15.66,12.71,1.31,0.0
20230810:0710,59.16,55.26,37.2,25.11,15.64,1.45,0.0
20230810:0810,197.42,74.67,53.5,34.35,17.84,1.72,0.0
20230810:0910,331.05,86.46,67.2,42.83,19.47,2.21,0.0
20230810:1010,439.16,90.43,77.5,49.75,20.6,2.62,0.0
20230810:1110,445.85,122.84,79.5,54.0,21.52,2.41,0.0
20230810:1210,442.91,129.78,79.7,54.47,22.26,2.0,0.0
20230810:1310,433.58,105.37,77.6,51.02,22.72,1.72,0.0
20230810:1410,335.27,102.05,68.1,44.61,23.2,1.79,0.0
20230810:1510,220.63,83.64,56.0,36.4,23.38,2.0,0.0
20230810:1610,90.26,60.41,41.3,27.29,23.38,2.21,0.0
20230810:1710,0.0,32.04,9.0,17.84,23.13,2.07,0.0
20230810:1810,0.0,19.22,5.4,8.5,22.4,1.45,0.0
20230810:1910,0.0,0.0,0.0,0.0,21.05,2.0,0.0
20230810:2010,0.0,0.0,0.0,0.0,19.28,2.34,0.0
20230810:2110,0.0,0.0,0.0,0.0,18.13,2.55,0.0
20230810:2210,0.0,0.0,0.0,0.0,17.33,2.55,0.0
20230810:2310,0.0,0.0,0.0,0.0,16.56,2.41,0.0
20230811:0010,0.0,0.0,0.0,0.0,15.81,2.28,0.0
20230811:0110,0.0,0.0,0.0,0.0,15.18,2.28,0.0
20230811:0210,0.0,0.0,0.0,0.0,14.87,2.41,0.0
20230811:0310,0.0,0.0,0.0,0.0,14.84,2.48,0.0
20230811:0410,0.0,0.0,0.0,0.0,14.89,2.55,0.0
20230811:0510,0.0,13.53,3.8,6.18,15.11,2.62,0.0
20230811:0610,0.0,34.18,9.6,15.46,16.68,2.48,0.0
20230811:0710,46.86,73.1,33.8,24.91,19.42,2.34,0.0
20230811:0810,167.32,96.25,49.8,34.14,21.74,2.55,0.0
20230811:0910,307.89,99.41,64.4,42.6,23.48,2.76,0.0
20230811:1010,397.08,113.51,73.6,49.5,24.65,2.76,0.0
20230811:1110,256.59,214.59,67.3,53.72,25.38,2.62,0.0
20230811:1210,88.27,223.03,51.6,54.17,25.98,3.1,0.0
20230811:1310,79.74,210.67,48.9,50.73,26.05,3.59,0.0
20230811:1410,43.41,177.58,39.9,44.34,25.63,3.45,0.0
20230811:1510,127.01,139.74,47.1,36.14,25.31,3.24,0.0
20230811:1610,0.31,66.35,13.4,27.04,24.87,2.97,0.0
20230811:1710,0.0,21.0,5.9,17.6,24.03,2.0,0.0
20230811:1810,0.0,5.34,1.5,8.25,23.2,1.31,0.0
20230811:1910,0.0,0.0,0.0,0.0,21.52,1.38,0.0
20230811:2010,0.0,0.0,0.0,0.0,20.55,0.69,0.0
20230811:2110,0.0,0.0,0.0,0.0,19.95,0.9,0.0
20230811:2210,0.0,0.0,0.0,0.0,19.61,1.38,0.0
20230811:2310,0.0,0.0,0.0,0.0,19.28,1.66,0.0
20230812:0010,0.0,0.0,0.0,0.0,19.12,1.93,0.0
20230812:0110,0.0,0.0,0.0,0.0,19.0,2.14,0.0
20230812:0210,0.0,0.0,0.0,0.0,19.03,2.34,0.0
20230812:0310,0.0,0.0,0.0,0.0,18.83,2.69,0.0
20230812:0410,0.0,0.0,0.0,0.0,18.81,2.97,0.0
20230812:0510,0.0,8.19,2.3,5.97,18.75,3.31,0.0
20230812:0610,0.0,32.04,9.0,15.26,18.75,3.72,0.0
20230812:0710,0.25,62.85,12.7,24.71,18.89,3.79,0.0
20230812:0810,0.98,93.92,19.0,33.93,19.0,3.03,0.0
20230812:0910,4.95,130.33,26.7,42.37,19.45,3.38,0.0
20230812:1010,10.98,158.98,32.9,49.24,20.25,3.38,0.0
20230812:1110,400.67,154.59,76.1,53.43,21.51,3.38,0.0
20230812:1210,363.44,178.4,74.3,53.87,22.8,4.55,0.0
20230812:1310,130.74,218.83,54.9,50.44,23.07,5.24,0.0
20230812:1410,112.85,191.86,49.7,44.06,23.13,5.17,0.0
20230812:1510,190.41,107.93,52.5,35.88,22.96,4.83,0.0
20230812:1610,62.09,90.2,35.8,26.79,22.66,4.48,0.0
20230812:1710,0.0,29.55,8.3,17.35,22.06,3.79,0.0
20230812:1810,0.0,18.87,5.3,7.99,20.94,3.17,0.0
20230812:1910,0.0,0.0,0.0,0.0,19.69,2.76,0.0
20230812:2010,0.0,0.0,0.0,0.0,18.73,2.48,0.0
20230812:2110,0.0,0.0,0.0,0.0,17.88,2.34,0.0
20230812:2210,0.0,0.0,0.0,0.0,17.24,2.34,0.0
20230812:2310,0.0,0.0,0.0,0.0,16.66,2.62,0.0
20230813:0010,0.0,0.0,0.0,0.0,16.5,2.62,0.0
20230813:0110,0.0,0.0,0.0,0.0,16.27,2.69,0.0
20230813:0210,0.0,0.0,0.0,0.0,15.86,2.69,0.0
20230813:0310,0.0,0.0,0.0,0.0,15.54,2.55,0.0
20230813:0410,0.0,0.0,0.0,0.0,15.23,2.34,0.0
20230813:0510,0.0,12.46,3.5,5.77,15.02,2.07,0.0
20230813:0610,0.0,37.74,10.6,15.06,15.93,1.59,0.0
20230813:0710,0.26,64.34,13.0,24.51,17.63,2.0,0.0
20230813:0810,13.58,124.77,27.0,33.72,18.74,2.34,0.0
20230813:0910,239.28,148.54,59.5,42.14,19.93,3.03,0.0
20230813:1010,131.95,215.69,54.4,48.98,20.31,4.21,0.0
20230813:1110,231.97,226.02,65.4,53.14,20.92,5.1,0.0
20230813:1210,408.24,159.64,76.8,53.57,21.61,5.45,0.0
20230813:1310,140.73,221.29,56.0,50.15,21.69,5.17,0.0
20230813:1410,109.2,192.92,49.2,43.78,21.75,4.76,0.0
20230813:1510,28.45,142.75,32.3,35.62,21.98,4.41,0.0
20230813:1610,14.37,104.15,24.6,26.53,21.81,3.86,0.0
20230813:1710,0.0,33.82,9.5,17.09,21.34,2.76,0.0
20230813:1810,0.0,16.73,4.7,7.73,20.67,2.07,0.0
20230813:1910,0.0,0.0,0.0,0.0,19.47,1.72,0.0
20230813:2010,0.0,0.0,0.0,0.0,17.96,1.93,0.0
20230813:2110,0.0,0.0,0.0,0.0,16.61,1.93,0.0
20230813:2210,0.0,0.0,0.0,0.0,15.64,1.86,0.0
20230813:2310,0.0,0.0,0.0,0.0,14.91,1.86,0.0
20230814:0010,0.0,0.0,0.0,0.0,14.38,1.79,0.0
20230814:0110,0.0,0.0,0.0,0.0,13.87,1.86,0.0
20230814:0210,0.0,0.0,0.0,0.0,13.54,1.93,0.0
20230814:0310,0.0,0.0,0.0,0.0,13.38,2.07,0.0
20230814:0410,0.0,0.0,0.0,0.0,13.47,2.28,0.0
20230814:0510,0.0,11.75,3.3,5.56,13.84,2.34,0.0
20230814:0610,0.0,13.88,3.9,14.86,14.95,1.86,0.0
20230814:0710,69.07,56.55,36.1,24.31,17.38,2.48,0.0
20230814:0810,204.37,79.24,51.8,33.51,19.48,2.48,0.0
20230814:0910,318.77,102.34,64.0,41.91,20.99,2.62,0.0
20230814:1010,413.49,115.2,73.7,48.72,22.16,3.31,0.0
20230814:1110,467.77,120.63,79.0,52.85,23.26,3.38,0.0
20230814:1210,456.25,131.29,78.6,53.26,24.1,3.03,0.0
20230814:1310,435.03,113.21,75.6,49.84,24.8,2.76,0.0
20230814:1410,346.49,104.06,66.9,43.49,25.38,2.83,0.0
20230814:1510,233.25,83.54,55.0,35.35,25.79,3.31,0.0
20230814:1610,88.88,68.97,38.5,26.26,25.71,2.28,0.0
20230814:1710,0.0,33.46,9.4,16.83,25.22,1.03,0.0
20230814:1810,0.0,3.92,1.1,7.47,24.31,1.79,0.0
20230814:1910,0.0,0.0,0.0,0.0,22.84,2.28,0.0
20230814:2010,0.0,0.0,0.0,0.0,22.06,2.41,0.0
20230814:2110,0.0,0.0,0.0,0.0,21.75,2.14,0.0
20230814:2210,0.0,0.0,0.0,0.0,20.91,1.93,0.0
20230814:2310,0.0,0.0,0.0,0.0,19.58,2.21,0.0
20230815:0010,0.0,0.0,0.0,0.0,18.82,2.21,0.0
20230815:0110,0.0,0.0,0.0,0.0,18.26,1.86,0.0
20230815:0210,0.0,0.0,0.0,0.0,17.7,1.38,0.0
20230815:0310,0.0,0.0,0.0,0.0,17.02,1.59,0.0
20230815:0410,0.0,0.0,0.0,0.0,16.94,1.45,0.0
20230815:0510,0.0,6.05,1.7,5.34,16.64,1.52,0.0
20230815:0610,0.0,31.68,8.9,14.65,17.56,1.17,0.0
20230815:0710,16.94,94.42,24.2,24.1,18.95,1.72,0.0
20230815:0810,183.57,94.94,49.4,33.29,20.21,2.07,0.0
20230815:0910,308.74,110.56,62.8,41.67,21.31,2.48,0.0
20230815:1010,324.72,166.86,68.1,48.45,22.35,3.17,0.0
20230815:1110,18.54,177.27,37.0,52.55,22.79,3.66,0.0
20230815:1210,328.95,198.05,71.0,52.95,22.65,3.93,0.0
20230815:1310,144.83,219.3,55.5,49.54,22.96,4.07,0.0
20230815:1410,66.4,183.85,42.8,43.2,23.04,4.0,0.0
20230815:1510,41.7,146.19,34.4,35.07,22.96,3.79,0.0
20230815:1610,20.13,104.14,25.7,26.0,22.66,3.45,0.0
20230815:1710,0.0,39.16,11.0,16.56,22.06,2.83,0.0
20230815:1810,0.0,11.39,3.2,7.2,21.19,2.28,0.0
20230815:1910,0.0,0.0,0.0,0.0,20.63,2.0,0.0
20230815:2010,0.0,0.0,0.0,0.0,19.17,2.41,0.0
20230815:2110,0.0,0.0,0.0,0.0,18.39,2.41,0.0
20230815:2210,0.0,0.0,0.0,0.0,17.69,2.14,0.0
20230815:2310,0.0,0.0,0.0,0.0,17.1,1.79,0.0
20230816:0010,0.0,0.0,0.0,0.0,16.55,1.66,0.0
20230816:0110,0.0,0.0,0.0,0.0,16.13,1.45,0.0
20230816:0210,0.0,0.0,0.0,0.0,15.99,1.52,0.0
20230816:0310,0.0,0.0,0.0,0.0,15.67,1.72,0.0
20230816:0410,0.0,0.0,0.0,0.0,15.29,1.86,0.0
20230816:0510,0.0,2.14,0.6,5.13,15.18,1.72,0.0
20230816:0610,0.0,33.11,9.3,14.45,15.96,1.52,0.0
20230816:0710,7.09,87.29,19.6,23.9,17.36,2.07,0.0
20230816:0810,46.08,139.18,33.9,33.07,18.54,2.34,0.0
20230816:0910,60.46,175.41,40.7,41.43,20.05,2.62,0.0
20230816:1010,75.73,203.17,46.5,48.19,21.25,2.83,0.0
20230816:1110,70.53,214.37,47.9,52.25,22.24,2.9,0.0
20230816:1210,152.81,232.56,57.7,52.63,22.95,3.03,0.0
20230816:1310,0.0,52.34,10.5,49.23,23.28,3.03,0.0
20230816:1410,66.65,183.52,42.6,42.91,23.3,3.1,0.0
20230816:1510,0.57,91.84,18.5,34.79,23.15,3.03,0.0
20230816:1610,2.15,79.2,16.4,25.73,23.02,3.1,0.0
20230816:1710,0.0,36.67,10.3,16.29,22.5,2.76,0.0
20230816:1810,0.0,5.34,1.5,6.92,21.66,2.62,0.0
20230816:1910,0.0,0.0,0.0,0.0,20.72,3.1,0.0
20230816:2010,0.0,0.0,0.0,0.0,19.76,2.9,0.0
20230816:2110,0.0,0.0,0.0,0.0,18.92,2.76,0.0
20230816:2210,0.0,0.0,0.0,0.0,18.34,2.9,0.0
20230816:2310,0.0,0.0,0.0,0.0,17.79,3.03,0.0
20230817:0010,0.0,0.0,0.0,0.0,17.36,2.9,0.0
20230817:0110,0.0,0.0,0.0,0.0,17.13,2.69,0.0
20230817:0210,0.0,0.0,0.0,0.0,17.27,2.48,0.0
20230817:0310,0.0,0.0,0.0,0.0,17.23,2.48,0.0
20230817:0410,0.0,0.0,0.0,0.0,17.37,2.9,0.0
20230817:0510,0.0,7.12,2.0,4.92,17.38,3.17,0.0
20230817:0610,0.0,20.65,5.8,14.24,17.49,2.62,0.0
20230817:0710,0.0,36.39,7.3,23.69,17.25,2.62,0.0
20230817:0810,1.64,93.57,19.0,32.85,17.63,2.9,0.0
20230817:0910,19.35,150.58,32.0,41.19,18.49,3.1,0.0
20230817:1010,14.61,161.09,33.5,47.91,19.64,3.17,0.0
20230817:1110,0.76,128.28,25.8,51.94,20.9,2.83,0.0
20230817:1210,0.0,93.22,18.7,52.31,21.67,2.21,0.0
20230817:1310,0.0,100.2,20.1,48.91,22.09,1.79,0.0
20230817:1410,0.0,74.28,14.9,42.61,22.25,2.28,0.0
20230817:1510,11.52,122.71,26.0,34.51,22.05,2.83,0.0
20230817:1610,52.72,98.1,31.8,25.45,22.06,3.1,0.0
20230817:1710,0.0,41.65,11.7,16.02,21.76,2.97,0.0
20230817:1810,0.0,14.95,4.2,6.65,21.22,2.41,0.0
20230817:1910,0.0,0.0,0.0,0.0,19.66,2.28,0.0
20230817:2010,0.0,0.0,0.0,0.0,19.27,2.34,0.0
20230817:2110,0.0,0.0,0.0,0.0,18.89,2.28,0.0
20230817:2210,0.0,0.0,0.0,0.0,18.69,2.21,0.0
20230817:2310,0.0,0.0,0.0,0.0,18.34,2.28,0.0
20230818:0010,0.0,0.0,0.0,0.0,18.34,2.48,0.0
20230818:0110,0.0,0.0,0.0,0.0,18.15,2.55,0.0
20230818:0210,0.0,0.0,0.0,0.0,17.94,2.48,0.0
20230818:0310,0.0,0.0,0.0,0.0,17.49,2.55,0.0
20230818:0410,0.0,0.0,0.0,0.0,17.19,2.69,0.0
20230818:0510,0.0,7.48,2.1,4.7,16.81,2.62,0.0
20230818:0610,0.0,21.36,6.0,14.03,17.36,3.31,0.0
20230818:0710,0.0,52.34,10.5,23.48,18.5,3.24,0.0
20230818:0810,0.0,79.76,16.0,32.63,19.33,3.03,0.0
20230818:0910,1.36,109.96,22.2,40.95,20.68,3.17,0.0
20230818:1010,17.76,163.02,34.1,47.64,22.09,2.9,0.0
20230818:1110,288.04,210.53,66.7,51.64,23.67,2.48,0.0
20230818:1210,476.83,124.39,77.2,51.99,25.17,2.0,0.0
20230818:1310,416.94,128.22,72.0,48.59,26.17,1.52,0.0
20230818:1410,140.52,186.8,50.0,42.31,26.94,1.72,0.0
20230818:1510,126.72,140.58,43.9,34.22,27.58,1.72,0.0
20230818:1610,85.48,76.18,35.5,25.17,27.75,2.07,0.0
20230818:1710,0.0,32.04,9.0,15.74,27.21,1.79,0.0
20230818:1810,0.0,13.88,3.9,6.36,26.16,2.14,0.0
20230818:1910,0.0,0.0,0.0,0.0,24.17,2.55,0.0
20230818:2010,0.0,0.0,0.0,0.0,23.18,2.76,0.0
20230818:2110,0.0,0.0,0.0,0.0,22.63,2.9,0.0
20230818:2210,0.0,0.0,0.0,0.0,22.3,3.03,0.0
20230818:2310,0.0,0.0,0.0,0.0,22.19,3.03,0.0
20230819:0010,0.0,0.0,0.0,0.0,22.07,2.9,0.0
20230819:0110,0.0,0.0,0.0,0.0,22.04,2.97,0.0
20230819:0210,0.0,0.0,0.0,0.0,22.25,2.97,0.0
20230819:0310,0.0,0.0,0.0,0.0,22.42,3.17,0.0
20230819:0410,0.0,0.0,0.0,0.0,22.73,3.24,0.0
20230819:0510,0.0,9.26,2.6,4.49,22.79,3.38,0.0
20230819:0610,0.0,8.9,2.5,13.82,23.04,3.1,0.0
20230819:0710,0.0,56.33,11.3,23.27,24.11,3.59,0.0
20230819:0810,9.71,112.17,23.7,32.41,24.08,4.0,0.0
20230819:0910,20.65,148.44,31.6,40.7,23.87,3.59,0.0
20230819:1010,0.0,60.82,12.2,47.36,24.19,3.1,0.0
20230819:1110,18.65,172.79,36.0,51.33,24.85,3.24,0.0
20230819:1210,0.0,44.86,9.0,51.66,25.71,3.72,0.0
20230819:1310,354.03,164.12,68.2,48.27,25.87,3.86,0.0
20230819:1410,321.54,123.78,62.2,42.0,26.01,3.93,0.0
20230819:1510,228.2,91.14,51.2,33.92,26.1,3.72,0.0
20230819:1610,97.1,67.75,36.2,24.88,25.9,3.31,0.0
20230819:1710,0.0,29.9,8.4,15.46,25.36,2.69,0.0
20230819:1810,0.0,13.88,3.9,6.08,24.1,2.21,0.0
20230819:1910,0.0,0.0,0.0,0.0,23.16,1.45,0.0
20230819:2010,0.0,0.0,0.0,0.0,21.57,2.07,0.0
20230819:2110,0.0,0.0,0.0,0.0,20.19,2.55,0.0
20230819:2210,0.0,0.0,0.0,0.0,19.36,2.55,0.0
20230819:2310,0.0,0.0,0.0,0.0,18.56,2.0,0.0
20230820:0010,0.0,0.0,0.0,0.0,17.64,1.52,0.0
20230820:0110,0.0,0.0,0.0,0.0,17.14,1.1,0.0
20230820:0210,0.0,0.0,0.0,0.0,17.45,0.69,0.0
20230820:0310,0.0,0.0,0.0,0.0,17.64,0.55,0.0
20230820:0410,0.0,0.0,0.0,0.0,17.08,0.76,0.0
20230820:0510,0.0,8.54,2.4,4.27,16.53,0.9,0.0
20230820:0610,0.0,26.34,7.4,13.61,17.28,0.48,0.0
20230820:0710,81.59,61.13,33.8,23.05,19.06,0.41,0.0
20230820:0810,215.42,86.89,49.4,32.18,20.39,0.21,0.0
20230820:0910,340.51,106.43,62.6,40.45,21.71,0.55,0.0
20230820:1010,437.46,117.77,72.2,47.08,22.86,0.76,0.0
20230820:1110,491.63,123.91,77.5,51.01,23.81,0.62,0.0
20230820:1210,503.11,121.13,78.4,51.33,24.73,0.14,0.0
20230820:1310,245.09,209.71,61.9,47.94,25.25,0.69,0.0
20230820:1410,234.28,170.94,57.1,41.69,25.66,1.31,0.0
20230820:1510,35.89,139.71,31.8,33.62,25.71,1.38,0.0
20230820:1610,5.65,85.57,18.3,24.59,25.58,1.59,0.0
20230820:1710,0.0,28.84,8.1,15.17,24.99,1.59,0.0
20230820:1810,0.0,11.04,3.1,5.79,23.85,2.07,0.0
20230820:1910,0.0,0.0,0.0,0.0,22.17,2.76,0.0
20230820:2010,0.0,0.0,0.0,0.0,21.01,2.83,0.0
20230820:2110,0.0,0.0,0.0,0.0,20.23,2.76,0.0
20230820:2210,0.0,0.0,0.0,0.0,19.84,2.69,0.0
20230820:2310,0.0,0.0,0.0,0.0,19.81,2.62,0.0
20230821:0010,0.0,0.0,0.0,0.0,19.53,2.41,0.0
20230821:0110,0.0,0.0,0.0,0.0,19.08,2.14,0.0
20230821:0210,0.0,0.0,0.0,0.0,18.96,1.79,0.0
20230821:0310,0.0,0.0,0.0,0.0,18.24,1.79,0.0
20230821:0410,0.0,0.0,0.0,0.0,17.8,1.72,0.0
20230821:0510,0.0,7.83,2.2,4.05,17.48,1.72,0.0
20230821:0610,0.0,30.97,8.7,13.4,18.31,1.31,0.0
20230821:0710,80.71,64.67,33.1,22.84,19.24,1.66,0.0
20230821:0810,214.16,90.26,48.8,31.96,20.51,1.86,0.0
20230821:0910,338.09,109.28,61.8,40.2,21.42,1.66,0.0
20230821:1010,400.93,141.85,69.9,46.8,22.49,1.31,0.0
20230821:1110,402.85,174.64,72.6,50.7,23.32,1.1,0.0
20230821:1210,297.64,216.72,66.9,51.0,24.1,1.24,0.0
20230821:1310,264.46,205.03,62.7,47.61,24.45,1.59,0.0
20230821:1410,329.39,127.97,62.3,41.37,24.7,1.66,0.0
20230821:1510,236.08,93.5,51.2,33.32,24.62,1.38,0.0
20230821:1610,107.68,64.94,36.6,24.3,24.48,1.17,0.0
20230821:1710,0.0,27.77,7.8,14.88,24.09,1.17,0.0
20230821:1810,0.0,12.46,3.5,5.49,23.22,1.17,0.0
20230821:1910,0.0,0.0,0.0,0.0,21.49,2.14,0.0
20230821:2010,0.0,0.0,0.0,0.0,19.99,2.21,0.0
20230821:2110,0.0,0.0,0.0,0.0,18.84,2.07,0.0
20230821:2210,0.0,0.0,0.0,0.0,17.85,2.0,0.0
20230821:2310,0.0,0.0,0.0,0.0,16.95,1.86,0.0
20230822:0010,0.0,0.0,0.0,0.0,16.03,1.52,0.0
20230822:0110,0.0,0.0,0.0,0.0,15.65,1.38,0.0
20230822:0210,0.0,0.0,0.0,0.0,14.9,1.52,0.0
20230822:0310,0.0,0.0,0.0,0.0,14.41,1.52,0.0
20230822:0410,0.0,0.0,0.0,0.0,14.04,1.45,0.0
20230822:0510,0.0,7.12,2.0,3.83,13.73,1.59,0.0
20230822:0610,0.0,32.04,9.0,13.18,15.25,1.17,0.0
20230822:0710,61.96,78.96,29.9,22.62,18.44,1.38,0.0
20230822:0810,40.23,133.38,31.0,31.73,20.31,1.86,0.0
20230822:0910,21.65,147.81,31.4,39.95,21.45,2.14,0.0
20230822:1010,211.32,208.42,57.7,46.51,22.22,2.14,0.0
20230822:1110,446.44,150.42,73.8,50.38,22.83,2.14,0.0
20230822:1210,301.22,213.58,66.3,50.66,23.63,2.34,0.0
20230822:1310,391.91,152.79,69.1,47.28,24.26,2.55,0.0
20230822:1410,319.51,132.4,60.9,41.05,24.52,2.69,0.0
20230822:1510,229.11,96.55,49.8,33.02,24.41,2.55,0.0
20230822:1610,106.68,65.48,35.6,24.0,24.37,2.48,0.0
20230822:1710,0.0,30.97,8.7,14.58,23.98,2.07,0.0
20230822:1810,0.0,11.75,3.3,5.19,23.06,1.24,0.0
20230822:1910,0.0,0.0,0.0,0.0,21.41,1.31,0.0
20230822:2010,0.0,0.0,0.0,0.0,19.62,1.79,0.0
20230822:2110,0.0,0.0,0.0,0.0,18.28,1.86,0.0
20230822:2210,0.0,0.0,0.0,0.0,17.25,1.66,0.0
20230822:2310,0.0,0.0,0.0,0.0,16.55,1.45,0.0
20230823:0010,0.0,0.0,0.0,0.0,16.05,1.31,0.0
20230823:0110,0.0,0.0,0.0,0.0,15.61,1.45,0.0
20230823:0210,0.0,0.0,0.0,0.0,15.31,1.38,0.0
20230823:0310,0.0,0.0,0.0,0.0,15.65,0.97,0.0
20230823:0410,0.0,0.0,0.0,0.0,15.81,0.62,0.0
20230823:0510,0.0,5.7,1.6,3.61,15.61,0.48,0.0
20230823:0610,0.0,27.06,7.6,12.97,16.08,0.28,0.0
20230823:0710,86.49,63.2,32.3,22.4,17.02,0.41,0.0
20230823:0810,216.17,90.97,47.5,31.5,19.12,0.48,0.0
20230823:0910,296.92,134.09,58.2,39.7,21.05,0.28,0.0
20230823:1010,433.05,124.43,70.0,46.22,22.51,0.48,0.0
20230823:1110,493.52,126.02,75.5,50.05,23.7,1.03,0.0
20230823:1210,496.93,127.03,75.9,50.32,24.69,1.66,0.0
20230823:1310,451.0,121.33,71.4,46.94,25.38,1.86,0.0
20230823:1410,288.49,148.7,58.6,40.72,25.83,1.86,0.0
20230823:1510,217.33,105.53,48.6,32.7,25.95,1.66,0.0
20230823:1610,102.87,68.93,34.5,23.7,25.87,1.1,0.0
20230823:1710,0.0,29.55,8.3,14.28,25.53,0.97,0.0
20230823:1810,0.0,10.68,3.0,4.89,24.5,1.52,0.0
20230823:1910,0.0,0.0,0.0,0.0,22.43,2.48,0.0
20230823:2010,0.0,0.0,0.0,0.0,21.14,2.69,0.0
20230823:2110,0.0,0.0,0.0,0.0,20.33,2.76,0.0
20230823:2210,0.0,0.0,0.0,0.0,19.71,2.62,0.0
20230823:2310,0.0,0.0,0.0,0.0,19.28,2.48,0.0
20230824:0010,0.0,0.0,0.0,0.0,19.0,2.41,0.0
20230824:0110,0.0,0.0,0.0,0.0,18.85,2.28,0.0
20230824:0210,0.0,0.0,0.0,0.0,18.81,2.21,0.0
20230824:0310,0.0,0.0,0.0,0.0,18.79,2.41,0.0
20230824:0410,0.0,0.0,0.0,0.0,18.8,2.97,0.0
20230824:0510,0.0,4.98,1.4,3.38,18.67,2.55,0.0
20230824:0610,0.0,30.62,8.6,12.75,19.03,2.21,0.0
20230824:0710,5.4,74.5,16.0,22.18,21.5,2.0,0.0
20230824:0810,0.0,57.83,11.6,31.26,23.48,2.14,0.0
20230824:0910,0.0,34.89,7.0,39.44,24.61,1.31,0.0
20230824:1010,0.0,33.9,6.8,45.93,24.66,1.24,0.0
20230824:1110,0.0,72.78,14.6,49.73,24.62,0.97,0.0
20230824:1210,0.0,33.4,6.7,49.97,25.83,0.97,0.0
20230824:1310,0.0,34.4,6.9,46.6,26.24,0.69,0.0
20230824:1410,0.0,40.38,8.1,40.4,25.65,0.55,0.0
20230824:1510,0.0,38.38,7.7,32.39,24.41,2.41,0.0
20230824:1610,6.82,81.91,17.6,23.39,23.05,3.45,0.0
20230824:1710,0.0,34.89,9.8,13.98,22.95,3.45,0.0
20230824:1810,0.0,9.97,2.8,4.58,22.86,2.97,0.0
20230824:1910,0.0,0.0,0.0,0.0,21.5,2.21,0.0
20230824:2010,0.0,0.0,0.0,0.0,21.12,2.07,0.0
20230824:2110,0.0,0.0,0.0,0.0,21.13,2.41,0.0
20230824:2210,0.0,0.0,0.0,0.0,21.17,2.83,0.0
20230824:2310,0.0,0.0,0.0,0.0,21.13,2.97,0.0
20230825:0010,0.0,0.0,0.0,0.0,20.94,2.76,0.0
20230825:0110,0.0,0.0,0.0,0.0,20.8,2.69,0.0
20230825:0210,0.0,0.0,0.0,0.0,20.51,2.55,0.0
20230825:0310,0.0,0.0,0.0,0.0,20.27,2.34,0.0
20230825:0410,0.0,0.0,0.0,0.0,19.97,2.21,0.0
20230825:0510,0.0,5.7,1.6,3.16,19.71,2.14,0.0
20230825:0610,0.0,23.5,6.6,12.53,19.51,1.86,0.0
20230825:0710,0.0,13.96,2.8,21.96,19.56,1.45,0.0
20230825:0810,0.0,41.38,8.3,31.03,19.52,1.03,0.0
20230825:0910,10.6,129.92,26.9,39.18,19.63,0.69,0.0
20230825:1010,0.0,31.41,6.3,45.63,19.77,0.48,0.0
20230825:1110,0.0,100.7,20.2,49.4,20.17,1.03,0.0
20230825:1210,0.0,92.72,18.6,49.62,21.03,2.14,0.0
20230825:1310,0.0,68.79,13.8,46.25,21.76,3.03,0.0
20230825:1410,49.77,166.92,36.9,40.06,22.26,3.72,0.0
20230825:1510,11.35,112.7,23.7,32.07,21.57,4.48,0.0
20230825:1610,30.48,95.24,24.0,23.08,20.31,4.48,0.0
20230825:1710,0.0,34.18,9.6,13.67,19.73,3.72,0.0
20230825:1810,0.0,7.12,2.0,4.27,18.95,3.1,0.0
20230825:1910,0.0,0.0,0.0,0.0,18.86,2.9,0.0
20230825:2010,0.0,0.0,0.0,0.0,17.97,3.52,0.0
20230825:2110,0.0,0.0,0.0,0.0,16.87,4.28,0.0
20230825:2210,0.0,0.0,0.0,0.0,15.67,4.14,0.0
20230825:2310,0.0,0.0,0.0,0.0,14.69,3.52,0.0
20230826:0010,0.0,0.0,0.0,0.0,14.0,3.38,0.0
20230826:0110,0.0,0.0,0.0,0.0,13.41,3.52,0.0
20230826:0210,0.0,0.0,0.0,0.0,13.27,3.66,0.0
20230826:0310,0.0,0.0,0.0,0.0,13.15,3.66,0.0
20230826:0410,0.0,0.0,0.0,0.0,13.21,3.66,0.0
20230826:0510,0.0,4.63,1.3,2.94,13.17,3.59,0.0
20230826:0610,0.0,25.63,7.2,12.31,13.81,3.59,0.0
20230826:0710,95.82,64.95,31.8,21.74,14.92,4.0,0.0
20230826:0810,226.77,95.14,47.1,30.79,16.24,5.03,0.0
20230826:0910,313.84,135.54,58.2,38.92,17.33,6.0,0.0
20230826:1010,197.48,213.47,55.6,45.34,18.09,5.72,0.0
20230826:1110,255.66,227.17,62.1,49.07,18.71,5.24,0.0
20230826:1210,389.95,192.41,70.0,49.27,19.51,5.17,0.0
20230826:1310,196.76,216.89,56.0,45.9,19.81,4.83,0.0
20230826:1410,0.0,87.24,17.5,39.73,20.05,4.55,0.0
20230826:1510,163.94,133.75,43.7,31.75,19.9,4.14,0.0
20230826:1610,28.03,95.32,23.4,22.77,19.73,3.93,0.0
20230826:1710,0.0,32.04,9.0,13.36,19.06,3.31,0.0
20230826:1810,0.0,5.7,1.6,3.96,18.29,2.55,0.0
20230826:1910,0.0,0.0,0.0,0.0,17.26,2.69,0.0
20230826:2010,0.0,0.0,0.0,0.0,16.49,2.69,0.0
20230826:2110,0.0,0.0,0.0,0.0,15.87,2.34,0.0
20230826:2210,0.0,0.0,0.0,0.0,14.96,2.34,0.0
20230826:2310,0.0,0.0,0.0,0.0,14.6,2.14,0.0
20230827:0010,0.0,0.0,0.0,0.0,14.16,2.0,0.0
20230827:0110,0.0,0.0,0.0,0.0,13.66,2.07,0.0
20230827:0210,0.0,0.0,0.0,0.0,13.11,2.21,0.0
20230827:0310,0.0,0.0,0.0,0.0,13.01,2.34,0.0
20230827:0410,0.0,0.0,0.0,0.0,12.74,2.48,0.0
20230827:0510,0.0,3.92,1.1,2.71,12.58,2.41,0.0
20230827:0610,0.0,26.34,7.4,12.09,13.02,2.28,0.0
20230827:0710,88.91,71.2,30.5,21.52,14.24,4.48,0.0
20230827:0810,161.08,126.69,42.2,30.55,15.25,4.21,0.0
20230827:0910,227.49,169.97,52.7,38.65,16.4,4.48,0.0
20230827:1010,160.98,213.09,52.3,45.04,17.33,4.83,0.0
20230827:1110,156.01,228.26,54.2,48.73,18.02,5.45,0.0
20230827:1210,143.33,227.43,53.2,48.92,18.43,5.59,0.0
20230827:1310,97.16,205.82,46.6,45.55,18.86,5.52,0.0
20230827:1410,70.2,175.25,39.6,39.39,18.98,5.24,0.0
20230827:1510,147.68,137.92,41.9,31.42,18.86,4.9,0.0
20230827:1610,72.22,89.32,29.3,22.45,18.35,4.28,0.0
20230827:1710,0.0,31.68,8.9,13.05,17.91,3.1,0.0
20230827:1810,0.0,7.48,2.1,3.64,17.13,2.28,0.0
20230827:1910,0.0,0.0,0.0,0.0,16.39,1.93,0.0
20230827:2010,0.0,0.0,0.0,0.0,15.32,2.14,0.0
20230827:2110,0.0,0.0,0.0,0.0,14.62,2.21,0.0
20230827:2210,0.0,0.0,0.0,0.0,14.3,2.28,0.0
20230827:2310,0.0,0.0,0.0,0.0,13.78,2.48,0.0
20230828:0010,0.0,0.0,0.0,0.0,13.44,2.41,0.0
20230828:0110,0.0,0.0,0.0,0.0,12.92,2.34,0.0
20230828:0210,0.0,0.0,0.0,0.0,12.73,2.14,0.0
20230828:0310,0.0,0.0,0.0,0.0,12.3,2.0,0.0
20230828:0410,0.0,0.0,0.0,0.0,12.16,1.79,0.0
20230828:0510,0.0,0.71,0.2,2.48,11.95,1.79,0.0
20230828:0610,0.0,29.19,8.2,11.87,12.62,1.45,0.0
20230828:0710,105.59,61.78,31.4,21.29,14.0,1.79,0.0
20230828:0810,225.07,98.53,45.7,30.31,15.45,1.86,0.0
20230828:0910,274.9,154.28,54.9,38.39,16.58,1.93,0.0
20230828:1010,71.87,193.58,42.7,44.74,17.34,1.93,0.0
20230828:1110,121.52,221.04,50.5,48.39,18.22,2.0,0.0
20230828:1210,391.03,191.61,68.7,48.56,18.89,1.93,0.0
20230828:1310,19.52,160.2,33.3,45.19,19.35,2.0,0.0
20230828:1410,24.82,148.95,31.5,39.04,19.44,2.21,0.0
20230828:1510,46.64,135.27,30.9,31.09,19.31,2.55,0.0
20230828:1610,25.67,91.21,21.9,22.13,17.05,2.62,0.0
20230828:1710,0.1,43.94,10.5,12.73,16.79,2.41,0.0
20230828:1810,0.0,3.2,0.9,3.32,16.43,1.52,0.0
20230828:1910,0.0,0.0,0.0,0.0,15.57,1.93,0.0
20230828:2010,0.0,0.0,0.0,0.0,15.18,1.66,0.0
20230828:2110,0.0,0.0,0.0,0.0,14.77,1.52,0.0
20230828:2210,0.0,0.0,0.0,0.0,14.53,1.52,0.0
20230828:2310,0.0,0.0,0.0,0.0,13.91,1.79,0.0
20230829:0010,0.0,0.0,0.0,0.0,13.26,1.66,0.0
20230829:0110,0.0,0.0,0.0,0.0,12.54,1.52,0.0
20230829:0210,0.0,0.0,0.0,0.0,12.04,1.66,0.0
20230829:0310,0.0,0.0,0.0,0.0,11.61,1.66,0.0
20230829:0410,0.0,0.0,0.0,0.0,11.34,1.52,0.0
20230829:0510,0.0,2.85,0.8,2.26,11.29,1.31,0.0
20230829:0610,0.0,27.41,7.7,11.65,12.2,0.9,0.0
20230829:0710,30.35,87.85,22.0,21.07,13.86,1.1,0.0
20230829:0810,15.62,111.52,23.7,30.07,15.1,1.24,0.0
20230829:0910,45.22,159.65,34.8,38.12,16.4,1.38,0.0
20230829:1010,19.72,158.27,32.9,44.43,17.15,1.24,0.0
20230829:1110,51.86,194.0,41.5,48.05,17.86,1.31,0.0
20230829:1210,242.84,229.69,60.1,48.2,18.54,1.38,0.0
20230829:1310,1.72,122.03,24.6,44.83,19.33,1.79,0.0
20230829:1410,2.44,110.24,22.3,38.7,19.49,2.28,0.0
20230829:1510,25.22,123.07,26.7,30.76,19.34,2.69,0.0
20230829:1610,54.51,92.99,26.2,21.81,19.04,2.69,0.0
20230829:1710,0.66,43.56,12.2,12.41,18.55,2.28,0.0
20230829:1810,0.0,5.7,1.6,3.0,17.75,1.66,0.0
20230829:1910,0.0,0.0,0.0,0.0,16.13,1.59,0.0
20230829:2010,0.0,0.0,0.0,0.0,15.11,0.83,0.0
20230829:2110,0.0,0.0,0.0,0.0,14.65,0.83,0.0
20230829:2210,0.0,0.0,0.0,0.0,13.29,1.66,0.0
20230829:2310,0.0,0.0,0.0,0.0,12.68,1.93,0.0
20230830:0010,0.0,0.0,0.0,0.0,12.34,2.07,0.0
20230830:0110,0.0,0.0,0.0,0.0,12.29,2.21,0.0
20230830:0210,0.0,0.0,0.0,0.0,12.17,2.34,0.0
20230830:0310,0.0,0.0,0.0,0.0,12.23,2.41,0.0
20230830:0410,0.0,0.0,0.0,0.0,12.21,2.76,0.0
20230830:0510,0.0,1.07,0.3,2.03,12.78,3.24,0.0
20230830:0610,0.0,18.51,5.2,11.43,13.4,3.86,0.0
20230830:0710,0.0,24.43,4.9,20.84,14.15,4.97,0.0
20230830:0810,0.0,61.81,12.4,29.83,14.54,5.03,0.0
20230830:0910,2.46,109.25,22.1,37.85,14.9,4.62,0.0
20230830:1010,0.0,57.33,11.5,44.12,15.42,3.86,0.0
20230830:1110,27.6,175.34,36.6,47.71,16.72,3.72,0.0
20230830:1210,106.03,215.94,48.3,47.84,17.65,3.93,0.0
20230830:1310,113.28,206.31,47.1,44.47,17.77,4.41,0.0
20230830:1410,66.85,170.24,38.0,38.35,17.13,4.69,0.0
20230830:1510,17.63,115.7,24.6,30.42,16.88,4.28,0.0
20230830:1610,20.19,86.78,20.0,21.48,16.88,4.0,0.0
20230830:1710,0.69,42.99,10.7,12.09,15.27,3.31,0.0
20230830:1810,0.0,4.98,1.4,2.67,14.5,2.34,0.0
20230830:1910,0.0,0.0,0.0,0.0,14.58,2.83,0.0
20230830:2010,0.0,0.0,0.0,0.0,13.99,2.76,0.0
20230830:2110,0.0,0.0,0.0,0.0,13.24,2.62,0.0
20230830:2210,0.0,0.0,0.0,0.0,12.8,2.9,0.0
20230830:2310,0.0,0.0,0.0,0.0,12.43,3.03,0.0
20230831:0010,0.0,0.0,0.0,0.0,12.3,3.24,0.0
20230831:0110,0.0,0.0,0.0,0.0,12.14,3.45,0.0
20230831:0210,0.0,0.0,0.0,0.0,11.98,3.38,0.0
20230831:0310,0.0,0.0,0.0,0.0,11.69,3.1,0.0
20230831:0410,0.0,0.0,0.0,0.0,11.54,3.03,0.0
20230831:0510,0.0,0.71,0.2,1.8,11.28,3.1,0.0
20230831:0610,0.0,24.92,7.0,11.2,11.68,3.17,0.0
20230831:0710,80.79,79.66,27.5,20.61,13.43,3.93,0.0
20230831:0810,187.66,120.7,42.0,29.58,14.88,4.14,0.0
20230831:0910,290.35,153.17,54.4,37.57,16.15,4.14,0.0
20230831:1010,76.67,193.32,42.5,43.81,16.96,4.07,0.0
20230831:1110,88.37,209.36,46.0,47.37,17.62,4.0,0.0
20230831:1210,0.0,97.21,19.5,47.47,18.33,4.07,0.0
20230831:1310,0.88,116.85,23.5,44.11,18.8,4.14,0.0
20230831:1410,0.84,95.89,19.3,38.0,18.51,4.14,0.0
20230831:1510,2.25,87.25,17.7,30.09,17.92,3.86,0.0
20230831:1610,2.81,64.93,13.4,21.15,17.42,3.52,0.0
20230831:1710,0.0,16.95,3.4,11.76,16.89,3.03,0.0
20230831:1810,0.0,3.92,1.1,2.34,16.24,2.9,0.0
20230831:1910,0.0,0.0,0.0,0.0,15.03,1.79,0.0
20230831:2010,0.0,0.0,0.0,0.0,14.64,1.79,0.0
20230831:2110,0.0,0.0,0.0,0.0,14.04,1.86,0.0
20230831:2210,0.0,0.0,0.0,0.0,13.75,1.86,0.0
20230831:2310,0.0,0.0,0.0,0.0,13.98,1.72,0.0
20230901:0010,0.0,0.0,0.0,0.0,14.26,1.86,0.0
20230901:0110,0.0,0.0,0.0,0.0,14.36,1.79,0.0
20230901:0210,0.0,0.0,0.0,0.0,14.66,1.72,0.0
20230901:0310,0.0,0.0,0.0,0.0,14.97,1.79,0.0
20230901:0410,0.0,0.0,0.0,0.0,15.24,1.93,0.0
20230901:0510,0.0,0.71,0.2,1.57,15.56,2.0,0.0
20230901:0610,0.02,28.4,5.8,10.98,15.87,2.21,0.0
20230901:0710,0.0,12.96,2.6,20.38,16.65,1.45,0.0
20230901:0810,0.0,22.43,4.5,29.34,16.68,1.03,0.0
20230901:0910,0.0,47.86,9.6,37.3,16.88,1.59,0.0
20230901:1010,2.68,120.26,24.3,43.5,17.03,2.48,0.0
20230901:1110,87.68,204.71,45.0,47.02,17.27,3.45,0.0
20230901:1210,59.4,192.87,41.4,47.1,17.42,4.07,0.0
20230901:1310,359.82,175.35,61.8,43.74,17.68,3.79,0.0
20230901:1410,129.36,177.51,43.1,37.64,18.37,3.24,0.0
20230901:1510,115.36,136.21,36.2,29.74,18.96,3.03,0.0
20230901:1610,60.92,87.15,25.0,20.82,19.46,2.76,0.0
20230901:1710,3.62,36.19,12.9,11.43,19.62,2.34,0.0
20230901:1810,0.0,2.85,0.8,2.01,18.97,2.28,0.0
20230901:1910,0.0,0.0,0.0,0.0,18.27,1.66,0.0
20230901:2010,0.0,0.0,0.0,0.0,17.44,1.24,0.0
20230901:2110,0.0,0.0,0.0,0.0,16.47,1.66,0.0
20230901:2210,0.0,0.0,0.0,0.0,16.0,1.72,0.0
20230901:2310,0.0,0.0,0.0,0.0,15.47,1.79,0.0
20230902:0010,0.0,0.0,0.0,0.0,15.15,1.79,0.0
20230902:0110,0.0,0.0,0.0,0.0,14.99,1.86,0.0
20230902:0210,0.0,0.0,0.0,0.0,14.86,1.86,0.0
20230902:0310,0.0,0.0,0.0,0.0,14.72,1.79,0.0
20230902:0410,0.0,0.0,0.0,0.0,14.73,1.66,0.0
20230902:0510,0.0,0.0,0.0,0.0,14.56,1.45,0.0
20230902:0610,0.19,30.86,6.6,10.75,14.75,0.9,0.0
20230902:0710,24.12,81.31,19.1,20.15,16.27,0.55,0.0
20230902:0810,79.82,132.35,32.2,29.09,17.73,0.34,0.0
20230902:0910,211.24,169.83,48.1,37.02,19.32,0.41,0.0
20230902:1010,31.72,163.07,34.3,43.19,20.92,0.48,0.0
20230902:1110,193.37,222.51,54.0,46.67,21.97,0.21,0.0
20230902:1210,204.55,222.88,54.8,46.73,22.91,0.62,0.0
20230902:1310,74.4,187.72,41.1,43.37,23.32,1.03,0.0
20230902:1410,160.77,176.79,45.0,37.28,23.32,1.52,0.0
20230902:1510,167.54,127.35,39.5,29.4,23.14,1.86,0.0
20230902:1610,88.56,79.25,27.1,20.48,22.93,1.93,0.0
20230902:1710,5.98,31.62,13.7,11.1,22.49,1.72,0.0
20230902:1810,0.0,0.71,0.2,1.67,21.43,2.0,0.0
20230902:1910,0.0,0.0,0.0,0.0,19.84,2.62,0.0
20230902:2010,0.0,0.0,0.0,0.0,18.98,2.69,0.0
20230902:2110,0.0,0.0,0.0,0.0,18.21,2.62,0.0
20230902:2210,0.0,0.0,0.0,0.0,17.52,2.34,0.0
20230902:2310,0.0,0.0,0.0,0.0,16.8,2.14,0.0
20230903:0010,0.0,0.0,0.0,0.0,16.2,2.07,0.0
20230903:0110,0.0,0.0,0.0,0.0,15.8,2.14,0.0
20230903:0210,0.0,0.0,0.0,0.0,15.43,2.07,0.0
20230903:0310,0.0,0.0,0.0,0.0,15.02,2.0,0.0
20230903:0410,0.0,0.0,0.0,0.0,14.66,2.07,0.0
20230903:0510,0.0,0.0,0.0,0.0,14.51,2.07,0.0
20230903:0610,2.07,36.22,10.0,10.53,14.85,1.93,0.0
20230903:0710,36.63,84.24,20.9,19.91,15.94,2.62,0.0
20230903:0810,196.43,118.77,40.8,28.84,17.15,2.76,0.0
20230903:0910,255.07,164.6,50.7,36.74,19.12,2.97,0.0
20230903:1010,340.03,185.92,60.1,42.87,20.53,2.83,0.0
20230903:1110,330.86,211.92,62.3,46.32,21.61,2.76,0.0
20230903:1210,377.81,199.72,64.7,46.36,22.53,2.41,0.0
20230903:1310,307.18,196.38,58.6,43.0,23.15,2.07,0.0
20230903:1410,345.93,134.97,55.6,36.92,23.47,2.07,0.0
20230903:1510,108.11,137.14,35.0,29.05,23.41,2.28,0.0
20230903:1610,65.43,86.48,24.7,20.14,23.03,2.48,0.0
20230903:1710,3.14,37.9,10.7,10.76,22.17,2.41,0.0
20230903:1810,0.0,1.42,0.4,1.34,20.71,2.76,0.0
20230903:1910,0.0,0.0,0.0,0.0,19.08,3.03,0.0
20230903:2010,0.0,0.0,0.0,0.0,18.06,2.97,0.0
20230903:2110,0.0,0.0,0.0,0.0,17.26,2.97,0.0
20230903:2210,0.0,0.0,0.0,0.0,16.71,2.9,0.0
20230903:2310,0.0,0.0,0.0,0.0,16.1,2.76,0.0
20230904:0010,0.0,0.0,0.0,0.0,15.5,2.55,0.0
20230904:0110,0.0,0.0,0.0,0.0,14.86,2.34,0.0
20230904:0210,0.0,0.0,0.0,0.0,14.38,2.28,0.0
20230904:0310,0.0,0.0,0.0,0.0,13.81,2.28,0.0
20230904:0410,0.0,0.0,0.0,0.0,13.46,2.34,0.0
20230904:0510,0.0,0.0,0.0,0.0,13.27,2.55,0.0
20230904:0610,7.64,28.52,12.9,10.3,13.68,2.41,0.0
20230904:0710,116.54,68.99,28.4,19.68,15.28,2.0,0.0
20230904:0810,247.73,102.48,43.5,28.59,17.71,2.14,0.0
20230904:0910,317.25,149.52,53.9,36.46,19.66,2.14,0.0
20230904:1010,357.89,186.41,61.1,42.56,21.45,2.28,0.0
20230904:1110,437.74,185.27,67.6,45.96,22.81,2.55,0.0
20230904:1210,519.47,148.03,71.0,45.99,23.92,2.9,0.0
20230904:1310,470.85,140.26,66.2,42.62,24.63,3.31,0.0
20230904:1410,407.59,110.56,58.3,36.56,24.97,3.59,0.0
20230904:1510,211.69,119.47,41.8,28.7,25.05,3.72,0.0
20230904:1610,119.74,70.04,28.9,19.8,24.55,3.38,0.0
20230904:1710,8.47,30.77,13.2,10.42,23.63,3.66,0.0
20230904:1810,0.0,0.0,0.0,0.0,22.1,3.72,0.0
20230904:1910,0.0,0.0,0.0,0.0,21.08,3.86,0.0
20230904:2010,0.0,0.0,0.0,0.0,20.27,3.59,0.0
20230904:2110,0.0,0.0,0.0,0.0,19.49,2.97,0.0
20230904:2210,0.0,0.0,0.0,0.0,18.63,2.34,0.0
20230904:2310,0.0,0.0,0.0,0.0,17.66,2.07,0.0
20230905:0010,0.0,0.0,0.0,0.0,16.69,2.07,0.0
20230905:0110,0.0,0.0,0.0,0.0,16.06,2.34,0.0
20230905:0210,0.0,0.0,0.0,0.0,15.75,2.55,0.0
20230905:0310,0.0,0.0,0.0,0.0,15.64,2.76,0.0
20230905:0410,0.0,0.0,0.0,0.0,15.54,2.83,0.0
20230905:0510,0.0,0.0,0.0,0.0,15.34,2.83,0.0
20230905:0610,9.68,28.09,12.5,10.07,15.63,2.76,0.0
20230905:0710,126.77,63.71,28.3,19.44,17.97,2.48,0.0
20230905:0810,268.1,91.49,43.6,28.33,20.67,2.62,0.0
20230905:0910,399.56,110.76,56.7,36.18,22.76,2.9,0.0
20230905:1010,498.15,122.39,66.1,42.24,24.52,2.9,0.0
20230905:1110,542.59,132.26,70.7,45.61,26.0,2.76,0.0
20230905:1210,552.22,127.34,71.1,45.61,27.16,2.76,0.0
20230905:1310,500.06,122.52,66.3,42.24,27.98,2.83,0.0
20230905:1410,412.28,106.38,57.5,36.19,28.46,3.03,0.0
20230905:1510,265.67,94.52,43.7,28.35,28.57,3.03,0.0
20230905:1610,126.2,65.78,28.5,19.46,28.19,2.28,0.0
20230905:1710,9.22,29.67,12.4,10.08,27.23,2.0,0.0
20230905:1810,0.0,0.0,0.0,0.0,25.46,2.48,0.0
20230905:1910,0.0,0.0,0.0,0.0,23.28,2.69,0.0
20230905:2010,0.0,0.0,0.0,0.0,21.95,2.76,0.0
20230905:2110,0.0,0.0,0.0,0.0,21.05,2.9,0.0
20230905:2210,0.0,0.0,0.0,0.0,20.38,3.03,0.0
20230905:2310,0.0,0.0,0.0,0.0,19.84,3.1,0.0
20230906:0010,0.0,0.0,0.0,0.0,19.33,3.1,0.0
20230906:0110,0.0,0.0,0.0,0.0,18.79,2.97,0.0
20230906:0210,0.0,0.0,0.0,0.0,18.22,2.83,0.0
20230906:0310,0.0,0.0,0.0,0.0,17.59,2.55,0.0
20230906:0410,0.0,0.0,0.0,0.0,16.88,2.28,0.0
20230906:0510,0.0,0.0,0.0,0.0,16.11,2.21,0.0
20230906:0610,11.35,28.67,12.1,9.84,15.93,1.86,0.0
20230906:0710,131.44,64.09,28.2,19.21,18.26,1.66,0.0
20230906:0810,274.88,91.97,43.6,28.08,20.57,1.38,0.0
20230906:0910,400.72,114.24,56.4,35.9,22.74,1.03,0.0
20230906:1010,498.54,126.85,65.8,41.91,24.79,1.17,0.0
20230906:1110,540.98,138.5,70.4,45.25,26.39,1.38,0.0
20230906:1210,550.68,133.62,70.8,45.23,27.46,1.72,0.0
20230906:1310,507.03,122.86,66.2,41.86,28.05,1.86,0.0
20230906:1410,413.38,109.02,57.1,35.82,28.31,1.93,0.0
20230906:1510,265.23,96.88,43.2,27.99,28.29,2.0,0.0
20230906:1610,124.83,66.96,27.8,19.11,27.88,1.72,0.0
20230906:1710,10.35,29.53,12.1,9.74,26.78,1.86,0.0
20230906:1810,0.0,0.0,0.0,0.0,24.79,2.55,0.0
20230906:1910,0.0,0.0,0.0,0.0,22.86,2.76,0.0
20230906:2010,0.0,0.0,0.0,0.0,21.47,2.76,0.0
20230906:2110,0.0,0.0,0.0,0.0,20.33,2.76,0.0
20230906:2210,0.0,0.0,0.0,0.0,19.36,2.69,0.0
20230906:2310,0.0,0.0,0.0,0.0,18.48,2.62,0.0
20230907:0010,0.0,0.0,0.0,0.0,17.72,2.62,0.0
20230907:0110,0.0,0.0,0.0,0.0,17.02,2.55,0.0
20230907:0210,0.0,0.0,0.0,0.0,16.38,2.41,0.0
20230907:0310,0.0,0.0,0.0,0.0,15.78,2.34,0.0
20230907:0410,0.0,0.0,0.0,0.0,15.23,2.21,0.0
20230907:0510,0.0,0.0,0.0,0.0,14.72,2.14,0.0
20230907:0610,13.08,28.71,11.7,9.61,14.79,1.93,0.0
20230907:0710,127.78,67.17,27.4,18.97,17.62,1.79,0.0
20230907:0810,274.91,94.35,43.1,27.82,20.41,2.28,0.0
20230907:0910,405.57,114.51,56.1,35.61,22.62,2.62,0.0
20230907:1010,503.73,128.02,65.6,41.59,24.38,2.62,0.0
20230907:1110,556.05,133.85,70.5,44.89,25.76,2.55,0.0
20230907:1210,545.1,139.64,70.1,44.85,26.85,2.62,0.0
20230907:1310,503.45,127.13,65.5,41.48,27.59,2.83,0.0
20230907:1410,417.25,109.21,56.7,35.45,28.02,2.9,0.0
20230907:1510,268.15,97.12,42.8,27.63,28.13,2.76,0.0
20230907:1610,128.88,65.92,27.5,18.76,27.78,2.14,0.0
20230907:1710,10.92,29.4,11.5,9.39,26.72,2.0,0.0
20230907:1810,0.0,0.0,0.0,0.0,24.81,2.55,0.0
20230907:1910,0.0,0.0,0.0,0.0,22.96,2.55,0.0
20230907:2010,0.0,0.0,0.0,0.0,21.65,2.62,0.0
20230907:2110,0.0,0.0,0.0,0.0,20.74,2.69,0.0
20230907:2210,0.0,0.0,0.0,0.0,20.05,2.69,0.0
20230907:2310,0.0,0.0,0.0,0.0,19.52,2.69,0.0
20230908:0010,0.0,0.0,0.0,0.0,19.09,2.69,0.0
20230908:0110,0.0,0.0,0.0,0.0,18.66,2.55,0.0
20230908:0210,0.0,0.0,0.0,0.0,18.25,2.41,0.0
20230908:0310,0.0,0.0,0.0,0.0,17.82,2.28,0.0
20230908:0410,0.0,0.0,0.0,0.0,17.41,2.21,0.0
20230908:0510,0.0,0.0,0.0,0.0,17.04,2.21,0.0
20230908:0610,13.7,29.2,11.0,9.37,17.19,2.0,0.0
20230908:0710,127.29,68.43,26.8,18.73,19.41,1.79,0.0
20230908:0810,268.61,96.94,42.0,27.56,21.85,1.86,0.0
20230908:0910,402.86,115.94,55.2,35.32,23.82,1.72,0.0
20230908:1010,491.24,133.39,64.2,41.26,25.43,1.59,0.0
20230908:1110,542.44,139.29,69.0,44.53,26.67,1.45,0.0
20230908:1210,552.31,134.42,69.4,44.47,27.63,1.45,0.0
20230908:1310,499.71,127.66,64.4,41.1,28.22,1.45,0.0
20230908:1410,401.22,115.05,55.0,35.08,28.52,1.38,0.0
20230908:1510,249.99,104.13,41.1,27.27,28.52,1.31,0.0
20230908:1610,115.02,71.2,25.9,18.41,28.23,1.1,0.0
20230908:1710,9.0,30.63,10.1,9.05,27.33,0.69,0.0
20230908:1810,0.0,0.0,0.0,0.0,26.52,0.48,0.0
20230908:1910,0.0,0.0,0.0,0.0,24.04,1.03,0.0
20230908:2010,0.0,0.0,0.0,0.0,22.41,1.17,0.0
20230908:2110,0.0,0.0,0.0,0.0,20.64,1.38,0.0
20230908:2210,0.0,0.0,0.0,0.0,19.36,1.38,0.0
20230908:2310,0.0,0.0,0.0,0.0,18.56,1.31,0.0
20230909:0010,0.0,0.0,0.0,0.0,17.97,1.24,0.0
20230909:0110,0.0,0.0,0.0,0.0,17.32,1.31,0.0
20230909:0210,0.0,0.0,0.0,0.0,16.79,1.31,0.0
20230909:0310,0.0,0.0,0.0,0.0,16.48,1.31,0.0
20230909:0410,0.0,0.0,0.0,0.0,16.24,1.31,0.0
20230909:0510,0.0,0.0,0.0,0.0,15.9,1.38,0.0
20230909:0610,11.87,30.38,9.8,9.14,16.2,1.17,0.0
20230909:0710,113.7,72.07,25.1,18.49,19.66,0.83,0.0
20230909:0810,252.88,101.66,40.3,27.3,22.67,1.03,0.0
20230909:0910,388.35,119.84,53.5,35.03,24.97,1.24,0.0
20230909:1010,491.31,129.53,63.0,40.93,26.58,1.38,0.0
20230909:1110,542.59,135.38,67.8,44.16,27.74,1.38,0.0
20230909:1210,541.41,135.34,67.7,44.08,28.61,1.38,0.0
20230909:1310,497.8,124.59,63.1,40.71,29.24,1.38,0.0
20230909:1410,391.36,115.88,53.4,34.71,29.57,1.45,0.0
20230909:1510,271.43,92.3,41.1,26.91,29.65,1.38,0.0
20230909:1610,111.34,70.54,24.8,18.06,29.46,1.1,0.0
20230909:1710,9.21,29.32,9.4,8.7,28.58,0.9,0.0
20230909:1810,0.0,0.0,0.0,0.0,27.15,1.79,0.0
20230909:1910,0.0,0.0,0.0,0.0,24.75,2.48,0.0
20230909:2010,0.0,0.0,0.0,0.0,23.67,2.62,0.0
20230909:2110,0.0,0.0,0.0,0.0,22.96,2.69,0.0
20230909:2210,0.0,0.0,0.0,0.0,22.29,2.69,0.0
20230909:2310,0.0,0.0,0.0,0.0,21.69,2.62,0.0
20230910:0010,0.0,0.0,0.0,0.0,21.1,2.41,0.0
20230910:0110,0.0,0.0,0.0,0.0,20.51,2.28,0.0
20230910:0210,0.0,0.0,0.0,0.0,20.02,2.21,0.0
20230910:0310,0.0,0.0,0.0,0.0,19.55,2.14,0.0
20230910:0410,0.0,0.0,0.0,0.0,19.09,2.14,0.0
20230910:0510,0.0,0.0,0.0,0.0,18.7,2.21,0.0
20230910:0610,10.96,31.0,9.1,8.91,18.77,2.0,0.0
20230910:0710,106.78,74.25,24.1,18.24,21.34,1.79,0.0
20230910:0810,253.86,103.29,39.9,27.04,23.96,1.86,0.0
20230910:0910,382.1,123.53,52.6,34.74,25.95,1.93,0.0
20230910:1010,493.33,129.54,62.4,40.6,27.55,2.0,0.0
20230910:1110,523.14,145.85,66.4,43.8,28.68,2.14,0.0
20230910:1210,532.2,141.07,66.7,43.7,29.45,2.21,0.0
20230910:1310,471.44,138.02,61.4,40.33,29.93,2.34,0.0
20230910:1410,362.45,129.7,51.6,34.33,29.99,2.48,0.0
20230910:1510,248.74,101.42,39.3,26.55,29.74,2.55,0.0
20230910:1610,118.14,67.88,24.6,17.71,29.1,2.21,0.0
20230910:1710,9.56,28.52,8.9,8.35,27.76,2.21,0.0
20230910:1810,0.0,0.0,0.0,0.0,25.94,2.62,0.0
20230910:1910,0.0,0.0,0.0,0.0,24.54,2.48,0.0
20230910:2010,0.0,0.0,0.0,0.0,23.38,2.69,0.0
20230910:2110,0.0,0.0,0.0,0.0,22.58,2.83,0.0
20230910:2210,0.0,0.0,0.0,0.0,22.04,2.97,0.0
20230910:2310,0.0,0.0,0.0,0.0,21.61,3.03,0.0
20230911:0010,0.0,0.0,0.0,0.0,21.32,3.17,0.0
20230911:0110,0.0,0.0,0.0,0.0,21.12,3.1,0.0
20230911:0210,0.0,0.0,0.0,0.0,20.7,2.69,0.0
20230911:0310,0.0,0.0,0.0,0.0,20.15,2.55,0.0
20230911:0410,0.0,0.0,0.0,0.0,19.75,2.48,0.0
20230911:0510,0.0,0.0,0.0,0.0,19.36,2.28,0.0
20230911:0610,3.02,27.52,6.2,8.67,19.2,2.14,0.0
20230911:0710,123.6,69.61,24.6,18.0,20.22,1.66,0.0
20230911:0810,258.52,101.22,39.4,26.78,21.96,1.72,0.0
20230911:0910,374.54,127.03,51.6,34.44,23.16,1.59,0.0
20230911:1010,464.43,143.43,60.6,40.27,24.34,1.45,0.0
20230911:1110,532.27,140.86,65.9,43.43,25.33,1.45,0.0
20230911:1210,342.56,206.57,58.2,43.31,26.03,1.52,0.0
20230911:1310,80.22,178.22,38.4,39.94,26.36,1.45,0.0
20230911:1410,126.81,166.14,38.3,33.95,26.5,1.52,0.0
20230911:1510,12.19,92.53,19.2,26.18,26.36,1.66,0.0
20230911:1610,0.8,43.02,8.7,17.35,25.91,1.79,0.0
20230911:1710,3.98,27.2,6.6,8.0,25.05,1.59,0.0
20230911:1810,0.0,0.0,0.0,0.0,23.57,2.14,0.0
20230911:1910,0.0,0.0,0.0,0.0,20.78,1.86,0.0
20230911:2010,0.0,0.0,0.0,0.0,19.67,1.1,0.0
20230911:2110,0.0,0.0,0.0,0.0,18.98,1.38,0.0
20230911:2210,0.0,0.0,0.0,0.0,18.7,1.38,0.0
20230911:2310,0.0,0.0,0.0,0.0,18.35,1.38,0.0
20230912:0010,0.0,0.0,0.0,0.0,17.92,0.76,0.0
20230912:0110,0.0,0.0,0.0,0.0,17.64,1.17,0.0
20230912:0210,0.0,0.0,0.0,0.0,17.46,1.17,0.0
20230912:0310,0.0,0.0,0.0,0.0,17.5,1.24,0.0
20230912:0410,0.0,0.0,0.0,0.0,17.49,1.24,0.0
20230912:0510,0.0,0.0,0.0,0.0,17.47,1.1,0.0
20230912:0610,14.46,29.33,8.7,8.43,17.47,1.1,0.0
20230912:0710,4.21,55.84,11.5,17.76,18.07,1.59,0.0
20230912:0810,147.55,128.27,33.3,26.51,19.2,1.59,0.0
20230912:0910,338.11,142.45,49.6,34.15,20.39,1.93,0.0
20230912:1010,216.26,201.56,48.7,39.94,21.33,2.28,0.0
20230912:1110,157.3,210.67,47.2,43.06,21.95,2.34,0.0
20230912:1210,224.77,216.95,51.6,42.92,22.43,2.21,0.0
20230912:1310,0.0,79.26,15.9,39.55,22.71,1.93,0.0
20230912:1410,1.02,84.95,17.1,33.57,22.79,1.59,0.0
20230912:1510,0.0,29.91,6.0,25.82,22.94,1.45,0.0
20230912:1610,0.0,13.96,2.8,16.99,22.94,1.59,0.0
20230912:1710,0.0,3.99,0.8,7.64,22.38,1.1,0.0
20230912:1810,0.0,0.0,0.0,0.0,21.42,1.03,0.0
20230912:1910,0.0,0.0,0.0,0.0,19.52,1.79,0.0
20230912:2010,0.0,0.0,0.0,0.0,18.82,2.0,0.0
20230912:2110,0.0,0.0,0.0,0.0,18.5,2.0,0.0
20230912:2210,0.0,0.0,0.0,0.0,18.06,2.28,0.0
20230912:2310,0.0,0.0,0.0,0.0,17.77,2.21,0.0
20230913:0010,0.0,0.0,0.0,0.0,17.49,2.21,0.0
20230913:0110,0.0,0.0,0.0,0.0,17.04,2.34,0.0
20230913:0210,0.0,0.0,0.0,0.0,16.66,2.76,0.0
20230913:0310,0.0,0.0,0.0,0.0,16.62,2.97,0.0
20230913:0410,0.0,0.0,0.0,0.0,16.51,2.76,0.0
20230913:0510,0.0,0.0,0.0,0.0,16.4,2.83,0.0
20230913:0610,0.48,21.02,4.3,8.2,16.51,3.72,0.0
20230913:0710,3.49,52.64,10.8,17.51,17.05,4.55,0.0
20230913:0810,79.84,124.92,28.3,26.25,17.55,4.28,0.0
20230913:0910,2.07,93.69,18.9,33.85,18.26,3.66,0.0
20230913:1010,100.7,186.21,40.3,39.6,19.19,3.59,0.0
20230913:1110,2.14,115.15,23.2,42.69,19.66,3.93,0.0
20230913:1210,243.86,219.94,52.7,42.53,19.78,4.41,0.0
20230913:1310,220.14,202.27,48.6,39.15,19.86,4.62,0.0
20230913:1410,135.23,167.6,38.4,33.19,20.05,4.48,0.0
20230913:1510,32.29,105.91,22.6,25.45,19.94,4.21,0.0
20230913:1610,61.46,75.84,19.1,16.63,19.55,3.93,0.0
20230913:1710,8.81,25.74,7.1,7.29,18.78,3.38,0.0
20230913:1810,0.0,0.0,0.0,0.0,17.65,2.76,0.0
20230913:1910,0.0,0.0,0.0,0.0,16.79,2.21,0.0
20230913:2010,0.0,0.0,0.0,0.0,15.74,2.28,0.0
20230913:2110,0.0,0.0,0.0,0.0,15.0,2.14,0.0
20230913:2210,0.0,0.0,0.0,0.0,14.19,2.0,0.0
20230913:2310,0.0,0.0,0.0,0.0,13.37,1.86,0.0
20230914:0010,0.0,0.0,0.0,0.0,12.66,1.72,0.0
20230914:0110,0.0,0.0,0.0,0.0,12.02,1.66,0.0
20230914:0210,0.0,0.0,0.0,0.0,11.48,1.59,0.0
20230914:0310,0.0,0.0,0.0,0.0,11.18,1.72,0.0
20230914:0410,0.0,0.0,0.0,0.0,10.82,1.86,0.0
20230914:0510,0.0,0.0,0.0,0.0,10.41,1.72,0.0
20230914:0610,20.14,28.59,8.7,7.96,10.4,1.59,0.0
20230914:0710,139.88,70.82,24.5,17.26,13.73,1.38,0.0
20230914:0810,252.88,113.61,38.4,25.98,15.29,1.79,0.0
20230914:0910,346.53,150.55,49.9,33.55,16.84,2.0,0.0
20230914:1010,339.84,196.57,55.0,39.27,18.42,2.0,0.0
20230914:1110,304.77,221.0,56.0,42.32,19.41,1.66,0.0
20230914:1210,156.11,213.24,47.0,42.14,20.11,1.17,0.0
20230914:1310,66.57,172.77,36.5,38.76,20.74,0.48,0.0
20230914:1410,185.81,172.22,41.5,32.81,20.66,0.21,0.0
20230914:1510,215.02,117.59,35.9,25.08,20.64,0.76,0.0
20230914:1610,110.4,71.42,22.1,16.27,20.24,1.38,0.0
20230914:1710,10.26,25.13,7.0,6.93,19.72,1.72,0.0
20230914:1810,0.0,0.0,0.0,0.0,18.66,2.14,0.0
20230914:1910,0.0,0.0,0.0,0.0,17.23,2.69,0.0
20230914:2010,0.0,0.0,0.0,0.0,16.46,2.76,0.0
20230914:2110,0.0,0.0,0.0,0.0,15.56,2.76,0.0
20230914:2210,0.0,0.0,0.0,0.0,14.83,2.69,0.0
20230914:2310,0.0,0.0,0.0,0.0,14.18,2.48,0.0
20230915:0010,0.0,0.0,0.0,0.0,13.61,2.28,0.0
20230915:0110,0.0,0.0,0.0,0.0,13.0,2.21,0.0
20230915:0210,0.0,0.0,0.0,0.0,12.59,2.07,0.0
20230915:0310,0.0,0.0,0.0,0.0,12.27,2.14,0.0
20230915:0410,0.0,0.0,0.0,0.0,12.07,2.07,0.0
20230915:0510,0.0,0.0,0.0,0.0,12.04,2.07,0.0
20230915:0610,22.32,28.7,8.6,7.72,12.34,1.93,0.0
20230915:0710,148.51,68.77,24.4,17.01,14.75,1.79,0.0
20230915:0810,291.43,101.2,39.5,25.71,16.67,2.0,0.0
20230915:0910,398.49,133.0,51.4,33.25,18.34,2.28,0.0
20230915:1010,508.5,142.72,61.2,38.93,19.56,2.34,0.0
20230915:1110,547.51,154.43,65.5,41.95,20.83,2.48,0.0
20230915:1210,478.03,180.92,62.8,41.75,21.8,2.62,0.0
20230915:1310,269.11,203.0,50.7,38.37,22.35,2.55,0.0
20230915:1410,200.72,171.79,41.9,32.42,22.5,2.41,0.0
20230915:1510,174.81,125.14,33.4,24.71,22.5,2.21,0.0
20230915:1610,94.17,73.89,20.6,15.91,22.23,1.66,0.0
20230915:1710,11.92,24.02,6.8,6.58,21.24,1.86,0.0
20230915:1810,0.0,0.0,0.0,0.0,19.84,2.34,0.0
20230915:1910,0.0,0.0,0.0,0.0,18.12,2.55,0.0
20230915:2010,0.0,0.0,0.0,0.0,17.25,2.48,0.0
20230915:2110,0.0,0.0,0.0,0.0,16.56,2.41,0.0
20230915:2210,0.0,0.0,0.0,0.0,16.15,2.34,0.0
20230915:2310,0.0,0.0,0.0,0.0,15.85,2.34,0.0
20230916:0010,0.0,0.0,0.0,0.0,15.69,2.14,0.0
20230916:0110,0.0,0.0,0.0,0.0,15.67,2.0,0.0
20230916:0210,0.0,0.0,0.0,0.0,15.66,1.93,0.0
20230916:0310,0.0,0.0,0.0,0.0,15.3,1.93,0.0
20230916:0410,0.0,0.0,0.0,0.0,14.7,1.86,0.0
20230916:0510,0.0,0.0,0.0,0.0,14.55,1.59,0.0
20230916:0610,3.24,22.63,4.9,7.48,14.15,1.52,0.0
20230916:0710,111.16,75.98,21.7,16.76,15.36,1.45,0.0
20230916:0810,125.26,127.87,30.4,25.44,17.55,1.52,0.0
20230916:0910,359.53,142.48,48.7,32.95,19.9,1.66,0.0
20230916:1010,385.32,180.99,55.2,38.59,21.6,2.07,0.0
20230916:1110,475.89,176.6,61.5,41.57,22.78,2.28,0.0
20230916:1210,202.75,214.31,48.7,41.35,23.64,2.34,0.0
20230916:1310,74.07,170.45,36.1,37.97,23.81,2.14,0.0
20230916:1410,2.17,89.73,18.1,32.04,23.86,1.86,0.0
20230916:1510,0.0,53.84,10.8,24.33,22.42,1.86,0.0
20230916:1610,1.89,44.28,9.0,15.55,21.52,1.66,0.0
20230916:1710,0.0,10.47,2.1,6.22,20.93,1.31,0.0
20230916:1810,0.0,0.0,0.0,0.0,20.31,1.59,0.0
20230916:1910,0.0,0.0,0.0,0.0,19.21,2.41,0.0
20230916:2010,0.0,0.0,0.0,0.0,18.54,2.48,0.0
20230916:2110,0.0,0.0,0.0,0.0,18.04,2.14,0.0
20230916:2210,0.0,0.0,0.0,0.0,17.77,1.86,0.0
20230916:2310,0.0,0.0,0.0,0.0,17.59,1.45,0.0
20230917:0010,0.0,0.0,0.0,0.0,17.46,1.66,0.0
20230917:0110,0.0,0.0,0.0,0.0,17.38,1.72,0.0
20230917:0210,0.0,0.0,0.0,0.0,17.17,1.1,0.0
20230917:0310,0.0,0.0,0.0,0.0,16.74,0.62,0.0
20230917:0410,0.0,0.0,0.0,0.0,15.76,1.1,0.0
20230917:0510,0.0,0.0,0.0,0.0,15.29,1.17,0.0
20230917:0610,0.0,13.96,2.8,7.24,15.32,0.9,0.0
20230917:0710,0.0,36.39,7.3,16.51,17.24,1.79,0.0
20230917:0810,1.08,65.03,13.1,25.17,18.35,2.0,0.0
20230917:0910,2.22,90.23,18.2,32.65,19.77,1.52,0.0
20230917:1010,86.51,174.29,37.1,38.25,21.41,1.72,0.0
20230917:1110,241.78,214.24,50.3,41.2,23.02,2.55,0.0
20230917:1210,299.28,211.08,53.0,40.96,24.15,3.03,0.0
20230917:1310,17.95,132.2,27.1,37.58,24.87,2.83,0.0
20230917:1410,18.78,115.0,23.7,31.65,24.99,2.07,0.0
20230917:1510,1.07,59.53,12.0,23.96,25.05,1.66,0.0
20230917:1610,11.77,54.44,11.5,15.19,24.64,0.76,0.0
20230917:1710,0.0,8.47,1.7,5.86,23.8,1.93,0.0
20230917:1810,0.0,0.0,0.0,0.0,22.54,2.48,0.0
20230917:1910,0.0,0.0,0.0,0.0,21.17,2.83,0.0
20230917:2010,0.0,0.0,0.0,0.0,20.77,3.1,0.0
20230917:2110,0.0,0.0,0.0,0.0,20.61,3.38,0.0
20230917:2210,0.0,0.0,0.0,0.0,20.7,3.52,0.0
20230917:2310,0.0,0.0,0.0,0.0,20.83,3.31,0.0
20230918:0010,0.0,0.0,0.0,0.0,20.76,3.1,0.0
20230918:0110,0.0,0.0,0.0,0.0,20.36,2.55,0.0
20230918:0210,0.0,0.0,0.0,0.0,19.74,2.48,0.0
20230918:0310,0.0,0.0,0.0,0.0,19.26,3.1,0.0
20230918:0410,0.0,0.0,0.0,0.0,18.76,3.31,0.0
20230918:0510,0.0,0.0,0.0,0.0,18.55,3.79,0.0
20230918:0610,7.06,23.59,5.3,7.0,18.4,4.28,0.0
20230918:0710,166.64,64.97,23.6,16.26,18.84,5.17,0.0
20230918:0810,95.67,122.3,27.5,24.89,19.37,5.93,0.0
20230918:0910,0.0,44.86,9.0,32.34,20.03,6.21,0.0
20230918:1010,0.0,63.81,12.8,37.91,20.73,6.34,0.0
20230918:1110,510.86,162.89,61.3,40.82,21.5,6.62,0.0
20230918:1210,428.23,188.99,58.1,40.56,22.25,6.83,0.0
20230918:1310,392.84,173.37,53.6,37.18,22.83,7.59,0.0
20230918:1410,8.99,102.05,20.8,31.27,22.19,7.86,0.0
20230918:1510,217.51,111.49,33.1,23.59,20.29,6.41,0.0
20230918:1610,106.76,67.45,19.3,14.82,20.06,6.83,0.0
20230918:1710,0.0,3.49,0.7,5.5,19.72,6.97,0.0
20230918:1810,0.0,0.0,0.0,0.0,18.85,6.48,0.0
20230918:1910,0.0,0.0,0.0,0.0,17.52,5.86,0.0
20230918:2010,0.0,0.0,0.0,0.0,16.84,5.72,0.0
20230918:2110,0.0,0.0,0.0,0.0,16.21,5.52,0.0
20230918:2210,0.0,0.0,0.0,0.0,15.82,5.45,0.0
20230918:2310,0.0,0.0,0.0,0.0,15.57,5.59,0.0
20230919:0010,0.0,0.0,0.0,0.0,15.23,5.17,0.0
20230919:0110,0.0,0.0,0.0,0.0,14.86,4.97,0.0
20230919:0210,0.0,0.0,0.0,0.0,14.6,4.9,0.0
20230919:0310,0.0,0.0,0.0,0.0,14.46,5.24,0.0
20230919:0410,0.0,0.0,0.0,0.0,14.44,5.52,0.0
20230919:0510,0.0,0.0,0.0,0.0,14.27,5.72,0.0
20230919:0610,5.16,21.62,4.7,6.75,14.36,5.86,0.0
20230919:0710,81.38,76.99,18.7,16.01,14.6,5.38,0.0
20230919:0810,180.97,126.77,32.3,24.62,15.4,6.07,0.0
20230919:0910,206.35,170.72,40.6,32.04,16.98,8.62,0.0
20230919:1010,190.91,198.8,44.6,37.56,17.9,8.48,0.0
20230919:1110,380.9,206.52,56.4,40.44,18.52,8.21,0.0
20230919:1210,16.25,138.18,28.2,40.17,19.01,8.07,0.0
20230919:1310,8.09,118.29,24.0,36.78,19.34,8.21,0.0
20230919:1410,0.0,56.33,11.3,30.88,19.16,7.38,0.0
20230919:1510,0.0,47.36,9.5,23.21,19.04,6.97,0.0
20230919:1610,0.0,31.41,6.3,14.46,18.91,6.41,0.0
20230919:1710,0.0,11.47,2.3,5.14,18.85,6.0,0.0
20230919:1810,0.0,0.0,0.0,0.0,18.83,5.86,0.0
20230919:1910,0.0,0.0,0.0,0.0,17.78,6.07,0.0
20230919:2010,0.0,0.0,0.0,0.0,18.08,6.21,0.0
20230919:2110,0.0,0.0,0.0,0.0,18.26,6.07,0.0
20230919:2210,0.0,0.0,0.0,0.0,18.29,5.79,0.0
20230919:2310,0.0,0.0,0.0,0.0,18.2,5.45,0.0
20230920:0010,0.0,0.0,0.0,0.0,17.94,5.31,0.0
20230920:0110,0.0,0.0,0.0,0.0,17.64,5.38,0.0
20230920:0210,0.0,0.0,0.0,0.0,17.09,5.31,0.0
20230920:0310,0.0,0.0,0.0,0.0,16.58,5.17,0.0
20230920:0410,0.0,0.0,0.0,0.0,16.15,5.1,0.0
20230920:0510,0.0,0.0,0.0,0.0,15.96,5.17,0.0
20230920:0610,4.7,19.99,4.3,6.51,15.74,5.31,0.0
20230920:0710,7.76,51.78,10.7,15.75,17.29,5.31,0.0
20230920:0810,14.94,87.35,18.0,24.34,18.15,8.0,0.0
20230920:0910,12.83,108.16,22.1,31.73,18.86,8.41,0.0
20230920:1010,23.48,136.47,28.0,37.22,19.27,7.72,0.0
20230920:1110,1.18,102.95,20.7,40.06,19.61,7.79,0.0
20230920:1210,21.19,141.71,29.0,39.77,20.11,7.66,0.0
20230920:1310,44.58,149.46,31.0,36.39,20.61,7.1,0.0
20230920:1410,13.97,106.54,21.8,30.49,21.14,6.97,0.0
20230920:1510,32.03,94.79,19.9,22.84,21.21,5.59,0.0
20230920:1610,0.0,21.44,4.3,14.09,21.29,4.97,0.0
20230920:1710,0.0,8.47,1.7,4.78,21.0,4.69,0.0
20230920:1810,0.0,0.0,0.0,0.0,20.72,4.55,0.0
20230920:1910,0.0,0.0,0.0,0.0,19.95,4.83,0.0
20230920:2010,0.0,0.0,0.0,0.0,19.98,5.17,0.0
20230920:2110,0.0,0.0,0.0,0.0,19.94,5.66,0.0
20230920:2210,0.0,0.0,0.0,0.0,19.92,6.0,0.0
20230920:2310,0.0,0.0,0.0,0.0,19.99,6.34,0.0
20230921:0010,0.0,0.0,0.0,0.0,20.0,6.62,0.0
20230921:0110,0.0,0.0,0.0,0.0,20.12,6.76,0.0
20230921:0210,0.0,0.0,0.0,0.0,19.96,6.55,0.0
20230921:0310,0.0,0.0,0.0,0.0,19.67,6.07,0.0
20230921:0410,0.0,0.0,0.0,0.0,19.24,5.79,0.0
20230921:0510,0.0,0.0,0.0,0.0,18.79,5.66,0.0
20230921:0610,0.0,10.97,2.2,6.27,18.15,5.86,0.0
20230921:0710,11.46,54.87,11.4,15.5,17.17,4.76,0.0
20230921:0810,0.0,28.91,5.8,24.06,16.69,3.31,0.0
20230921:0910,0.0,42.87,8.6,31.42,16.65,2.48,0.0
20230921:1010,0.0,54.34,10.9,36.87,16.76,1.1,0.0
20230921:1110,0.0,50.35,10.1,39.69,17.0,1.03,0.0
20230921:1210,0.0,43.37,8.7,39.37,16.89,0.55,0.0
20230921:1310,0.0,63.81,12.8,35.99,16.47,1.24,0.0
20230921:1410,0.0,36.89,7.4,30.11,16.05,1.59,0.0
20230921:1510,0.0,38.88,7.8,22.46,15.87,1.03,0.0
20230921:1610,4.54,41.94,8.6,13.73,15.71,0.28,0.0
20230921:1710,0.0,8.97,1.8,4.42,15.66,0.97,0.0
20230921:1810,0.0,0.0,0.0,0.0,15.29,1.59,0.0
20230921:1910,0.0,0.0,0.0,0.0,14.36,4.07,0.0
20230921:2010,0.0,0.0,0.0,0.0,13.83,3.79,0.0
20230921:2110,0.0,0.0,0.0,0.0,13.39,3.59,0.0
20230921:2210,0.0,0.0,0.0,0.0,12.84,3.59,0.0
20230921:2310,0.0,0.0,0.0,0.0,12.46,3.38,0.0
20230922:0010,0.0,0.0,0.0,0.0,12.53,3.31,0.0
20230922:0110,0.0,0.0,0.0,0.0,12.51,3.66,0.0
20230922:0210,0.0,0.0,0.0,0.0,12.72,4.41,0.0
20230922:0310,0.0,0.0,0.0,0.0,12.74,4.48,0.0
20230922:0410,0.0,0.0,0.0,0.0,12.3,4.41,0.0
20230922:0510,0.0,0.0,0.0,0.0,12.06,4.28,0.0
20230922:0610,20.19,23.85,5.6,6.02,12.0,4.21,0.0
20230922:0710,120.94,76.07,19.7,15.24,12.22,4.28,0.0
20230922:0810,236.5,121.93,33.6,23.79,13.06,6.0,0.0
20230922:0910,168.92,168.55,37.5,31.11,13.99,5.24,0.0
20230922:1010,175.37,194.96,42.5,36.52,14.95,4.9,0.0
20230922:1110,1.21,106.46,21.4,39.31,15.58,4.21,0.0
20230922:1210,183.98,208.47,45.2,38.97,15.64,3.1,0.0
20230922:1310,0.0,48.35,9.7,35.59,15.4,2.21,0.0
20230922:1410,2.41,83.3,16.8,29.72,14.89,2.21,0.0
20230922:1510,0.0,14.95,3.0,22.09,14.2,2.34,0.0
20230922:1610,5.9,42.81,8.8,13.36,13.24,2.62,0.0
20230922:1710,0.0,1.99,0.4,4.06,12.89,2.76,0.0
20230922:1810,0.0,0.0,0.0,0.0,12.43,2.55,0.0
20230922:1910,0.0,0.0,0.0,0.0,12.06,3.45,0.0
20230922:2010,0.0,0.0,0.0,0.0,11.79,3.45,0.0
20230922:2110,0.0,0.0,0.0,0.0,11.65,3.45,0.0
20230922:2210,0.0,0.0,0.0,0.0,11.28,3.52,0.0
20230922:2310,0.0,0.0,0.0,0.0,10.95,3.72,0.0
20230923:0010,0.0,0.0,0.0,0.0,10.75,3.79,0.0
20230923:0110,0.0,0.0,0.0,0.0,10.74,3.79,0.0
20230923:0210,0.0,0.0,0.0,0.0,10.58,3.72,0.0
20230923:0310,0.0,0.0,0.0,0.0,10.6,3.66,0.0
20230923:0410,0.0,0.0,0.0,0.0,10.65,3.72,0.0
20230923:0510,0.0,0.0,0.0,0.0,10.48,3.72,0.0
20230923:0610,13.47,21.8,4.8,5.77,10.25,3.66,0.0
20230923:0710,136.15,75.05,20.0,14.98,11.4,3.59,0.0
20230923:0810,111.67,124.33,27.2,23.51,12.5,5.17,0.0
20230923:0910,234.43,172.23,40.6,30.8,13.6,5.17,0.0
20230923:1010,144.84,189.91,40.4,36.17,14.34,5.03,0.0
20230923:1110,60.15,169.63,35.0,38.93,15.2,4.83,0.0
20230923:1210,176.76,207.44,44.5,38.58,16.13,4.62,0.0
20230923:1310,220.95,197.55,44.2,35.19,16.58,4.62,0.0
20230923:1410,277.38,160.41,41.1,29.33,16.67,4.34,0.0
20230923:1510,260.14,105.88,32.4,21.71,16.67,3.86,0.0
20230923:1610,137.36,61.62,18.1,13.0,16.38,2.97,0.0
20230923:1710,8.55,12.75,3.0,3.7,15.49,2.14,0.0
20230923:1810,0.0,0.0,0.0,0.0,13.97,2.07,0.0
20230923:1910,0.0,0.0,0.0,0.0,12.93,1.79,0.0
20230923:2010,0.0,0.0,0.0,0.0,11.63,2.0,0.0
20230923:2110,0.0,0.0,0.0,0.0,10.67,2.14,0.0
20230923:2210,0.0,0.0,0.0,0.0,10.09,2.28,0.0
20230923:2310,0.0,0.0,0.0,0.0,9.71,2.34,0.0
20230924:0010,0.0,0.0,0.0,0.0,9.39,2.28,0.0
20230924:0110,0.0,0.0,0.0,0.0,9.1,2.28,0.0
20230924:0210,0.0,0.0,0.0,0.0,8.89,2.34,0.0
20230924:0310,0.0,0.0,0.0,0.0,8.77,2.41,0.0
20230924:0410,0.0,0.0,0.0,0.0,8.79,2.62,0.0
20230924:0510,0.0,0.0,0.0,0.0,8.84,2.76,0.0
20230924:0610,30.72,24.09,5.7,5.53,9.02,2.9,0.0
20230924:0710,159.89,71.64,20.5,14.72,10.49,2.97,0.0
20230924:0810,314.87,104.95,35.6,23.22,12.95,3.45,0.0
20230924:0910,463.24,123.51,48.8,30.48,15.08,4.0,0.0
20230924:1010,534.49,147.71,56.9,35.83,16.65,4.34,0.0
20230924:1110,581.33,155.36,61.3,38.54,17.71,4.76,0.0
20230924:1210,542.8,167.15,59.7,38.18,18.4,4.97,0.0
20230924:1310,517.23,145.18,55.3,34.79,18.87,4.83,0.0
20230924:1410,429.86,121.1,46.0,28.94,19.05,4.62,0.0
20230924:1510,282.75,99.83,32.6,21.34,19.0,4.28,0.0
20230924:1610,140.31,61.28,17.7,12.63,18.51,3.1,0.0
20230924:1710,9.84,11.82,2.8,3.34,17.27,2.76,0.0
20230924:1810,0.0,0.0,0.0,0.0,15.55,3.17,0.0
20230924:1910,0.0,0.0,0.0,0.0,14.74,3.45,0.0
20230924:2010,0.0,0.0,0.0,0.0,14.28,3.59,0.0
20230924:2110,0.0,0.0,0.0,0.0,13.95,3.93,0.0
20230924:2210,0.0,0.0,0.0,0.0,13.99,4.34,0.0
20230924:2310,0.0,0.0,0.0,0.0,14.01,4.34,0.0
20230925:0010,0.0,0.0,0.0,0.0,13.86,4.07,0.0
20230925:0110,0.0,0.0,0.0,0.0,13.48,3.86,0.0
20230925:0210,0.0,0.0,0.0,0.0,13.11,3.93,0.0
20230925:0310,0.0,0.0,0.0,0.0,12.78,4.0,0.0
20230925:0410,0.0,0.0,0.0,0.0,12.57,4.0,0.0
20230925:0510,0.0,0.0,0.0,0.0,12.37,3.86,0.0
20230925:0610,5.83,16.71,3.5,5.28,12.17,3.66,0.0
20230925:0710,45.95,67.36,14.3,14.46,12.97,3.59,0.0
20230925:0810,191.08,126.78,30.3,22.94,14.72,3.52,0.0
20230925:0910,195.62,168.44,37.6,30.17,16.66,3.66,0.0
20230925:1010,317.42,198.04,48.2,35.48,18.33,3.59,0.0
20230925:1110,386.29,207.89,53.6,38.16,19.52,3.52,0.0
20230925:1210,460.88,190.25,56.0,37.78,20.31,3.24,0.0
20230925:1310,479.66,156.09,53.1,34.4,20.83,2.97,0.0
20230925:1410,198.5,160.53,36.3,28.55,21.11,2.69,0.0
20230925:1510,155.76,115.95,26.8,20.96,21.11,2.34,0.0
20230925:1610,27.88,52.34,11.0,12.27,20.67,1.59,0.0
20230925:1710,9.81,9.57,2.3,2.98,19.95,1.24,0.0
20230925:1810,0.0,0.0,0.0,0.0,18.59,1.24,0.0
20230925:1910,0.0,0.0,0.0,0.0,18.46,0.62,0.0
20230925:2010,0.0,0.0,0.0,0.0,16.61,1.24,0.0
20230925:2110,0.0,0.0,0.0,0.0,16.08,1.59,0.0
20230925:2210,0.0,0.0,0.0,0.0,15.39,1.59,0.0
20230925:2310,0.0,0.0,0.0,0.0,15.05,1.45,0.0
20230926:0010,0.0,0.0,0.0,0.0,14.86,1.52,0.0
20230926:0110,0.0,0.0,0.0,0.0,14.38,1.66,0.0
20230926:0210,0.0,0.0,0.0,0.0,13.89,1.79,0.0
20230926:0310,0.0,0.0,0.0,0.0,13.4,1.79,0.0
20230926:0410,0.0,0.0,0.0,0.0,13.06,1.79,0.0
20230926:0510,0.0,0.0,0.0,0.0,12.69,2.0,0.0
20230926:0610,4.78,15.42,3.2,5.03,12.42,2.07,0.0
20230926:0710,28.52,58.95,12.3,14.2,13.36,2.21,0.0
20230926:0810,82.59,113.36,23.9,22.66,15.42,2.48,0.0
20230926:0910,87.88,145.95,30.4,29.85,17.35,2.62,0.0
20230926:1010,96.27,170.18,35.3,35.12,18.88,2.83,0.0
20230926:1110,299.58,213.78,49.4,37.78,20.07,2.9,0.0
20230926:1210,297.13,211.38,48.9,37.38,21.06,2.97,0.0
20230926:1310,100.25,166.84,34.7,34.0,21.76,2.9,0.0
20230926:1410,173.64,156.54,34.4,28.17,22.0,2.83,0.0
20230926:1510,55.4,96.32,20.1,20.59,21.99,2.62,0.0
20230926:1610,29.04,51.15,10.7,11.9,21.35,2.07,0.0
20230926:1710,0.0,1.5,0.3,2.62,20.15,2.28,0.0
20230926:1810,0.0,0.0,0.0,0.0,18.64,2.48,0.0
20230926:1910,0.0,0.0,0.0,0.0,17.45,2.41,0.0
20230926:2010,0.0,0.0,0.0,0.0,16.55,2.55,0.0
20230926:2110,0.0,0.0,0.0,0.0,15.83,2.48,0.0
20230926:2210,0.0,0.0,0.0,0.0,15.21,2.41,0.0
20230926:2310,0.0,0.0,0.0,0.0,14.65,2.34,0.0
20230927:0010,0.0,0.0,0.0,0.0,14.19,2.41,0.0
20230927:0110,0.0,0.0,0.0,0.0,13.69,2.21,0.0
20230927:0210,0.0,0.0,0.0,0.0,13.1,1.86,0.0
20230927:0310,0.0,0.0,0.0,0.0,12.4,1.79,0.0
20230927:0410,0.0,0.0,0.0,0.0,11.87,1.52,0.0
20230927:0510,0.0,0.0,0.0,0.0,12.62,0.83,0.0
20230927:0610,8.7,15.65,3.3,4.78,11.7,1.24,0.0
20230927:0710,25.3,57.04,11.8,13.94,12.75,1.38,0.0
20230927:0810,32.17,92.33,19.0,22.37,15.12,1.24,0.0
20230927:0910,76.26,140.68,29.1,29.54,17.2,1.31,0.0
20230927:1010,271.03,197.88,45.1,34.77,19.23,1.93,0.0
20230927:1110,294.75,213.32,48.7,37.4,20.61,2.48,0.0
20230927:1210,488.47,182.1,55.6,36.98,21.74,2.62,0.0
20230927:1310,181.44,185.6,39.7,33.6,22.55,2.69,0.0
20230927:1410,17.16,100.54,20.5,27.78,23.25,2.9,0.0
20230927:1510,0.0,41.87,8.4,20.22,23.37,2.97,0.0
20230927:1610,12.97,41.82,8.6,11.54,22.6,2.83,0.0
20230927:1710,0.0,3.99,0.8,2.26,21.41,3.1,0.0
20230927:1810,0.0,0.0,0.0,0.0,20.66,3.45,0.0
20230927:1910,0.0,0.0,0.0,0.0,20.04,3.86,0.0
20230927:2010,0.0,0.0,0.0,0.0,20.11,4.48,0.0
20230927:2110,0.0,0.0,0.0,0.0,20.45,4.97,0.0
20230927:2210,0.0,0.0,0.0,0.0,20.67,4.97,0.0
20230927:2310,0.0,0.0,0.0,0.0,20.39,4.76,0.0
20230928:0010,0.0,0.0,0.0,0.0,19.56,4.34,0.0
20230928:0110,0.0,0.0,0.0,0.0,18.69,4.0,0.0
20230928:0210,0.0,0.0,0.0,0.0,18.1,3.79,0.0
20230928:0310,0.0,0.0,0.0,0.0,17.55,3.66,0.0
20230928:0410,0.0,0.0,0.0,0.0,17.09,3.38,0.0
20230928:0510,0.0,0.0,0.0,0.0,16.31,3.31,0.0
20230928:0610,0.0,5.98,1.2,4.53,15.68,3.03,0.0
20230928:0710,36.36,60.39,12.5,13.68,16.31,2.76,0.0
20230928:0810,260.36,118.83,31.5,22.09,16.97,3.86,0.0
20230928:0910,80.26,141.02,29.1,29.22,17.25,3.66,0.0
20230928:1010,228.83,196.3,42.8,34.42,17.79,3.66,0.0
20230928:1110,372.7,208.67,51.4,37.02,18.33,3.72,0.0
20230928:1210,214.81,205.95,44.1,36.59,18.94,3.79,0.0
20230928:1310,255.88,191.14,42.9,33.2,19.4,3.86,0.0
20230928:1410,69.91,130.05,26.8,27.39,19.73,4.07,0.0
20230928:1510,91.45,103.62,21.8,19.84,19.63,3.45,0.0
20230928:1610,48.13,54.16,11.3,11.18,19.34,2.48,0.0
20230928:1710,0.0,1.5,0.3,1.91,18.47,1.93,0.0
20230928:1810,0.0,0.0,0.0,0.0,17.36,2.0,0.0
20230928:1910,0.0,0.0,0.0,0.0,16.28,1.93,0.0
20230928:2010,0.0,0.0,0.0,0.0,15.92,2.21,0.0
20230928:2110,0.0,0.0,0.0,0.0,16.06,2.55,0.0
20230928:2210,0.0,0.0,0.0,0.0,16.36,2.9,0.0
20230928:2310,0.0,0.0,0.0,0.0,16.53,3.31,0.0
20230929:0010,0.0,0.0,0.0,0.0,16.92,3.66,0.0
20230929:0110,0.0,0.0,0.0,0.0,17.09,4.0,0.0
20230929:0210,0.0,0.0,0.0,0.0,17.38,4.28,0.0
20230929:0310,0.0,0.0,0.0,0.0,17.6,4.48,0.0
20230929:0410,0.0,0.0,0.0,0.0,17.49,4.48,0.0
20230929:0510,0.0,0.0,0.0,0.0,17.58,4.55,0.0
20230929:0610,4.18,11.08,2.3,4.28,17.68,4.76,0.0
20230929:0710,58.69,65.84,13.7,13.41,18.85,5.38,0.0
20230929:0810,92.47,112.23,23.4,21.8,19.4,4.9,0.0
20230929:0910,36.75,118.35,24.2,28.9,19.8,6.34,0.0
20230929:1010,24.17,126.71,25.8,34.07,20.21,6.14,0.0
20230929:1110,0.0,59.32,11.9,36.64,20.34,5.86,0.0
20230929:1210,0.0,49.35,9.9,36.19,19.7,5.72,0.0
20230929:1310,0.0,38.38,7.7,32.81,19.21,5.79,0.0
20230929:1410,0.0,41.38,8.3,27.01,18.56,4.9,0.0
20230929:1510,11.37,66.8,13.6,19.47,18.6,4.48,0.0
20230929:1610,50.25,53.23,11.0,10.82,18.29,3.79,0.0
20230929:1710,0.0,2.99,0.6,1.55,17.4,2.76,0.0
20230929:1810,0.0,0.0,0.0,0.0,16.12,2.14,0.0
20230929:1910,0.0,0.0,0.0,0.0,14.87,1.86,0.0
20230929:2010,0.0,0.0,0.0,0.0,13.79,1.24,0.0
20230929:2110,0.0,0.0,0.0,0.0,12.6,1.38,0.0
20230929:2210,0.0,0.0,0.0,0.0,11.67,1.93,0.0
20230929:2310,0.0,0.0,0.0,0.0,11.57,1.93,0.0
20230930:0010,0.0,0.0,0.0,0.0,11.37,2.07,0.0
20230930:0110,0.0,0.0,0.0,0.0,11.52,2.14,0.0
20230930:0210,0.0,0.0,0.0,0.0,11.28,2.14,0.0
20230930:0310,0.0,0.0,0.0,0.0,11.01,2.07,0.0
20230930:0410,0.0,0.0,0.0,0.0,10.8,2.07,0.0
20230930:0510,0.0,0.0,0.0,0.0,10.6,2.14,0.0
20230930:0610,16.06,14.04,3.0,4.03,10.53,2.14,0.0
20230930:0710,123.05,73.46,16.4,13.15,11.97,1.86,0.0
20230930:0810,250.7,121.47,30.3,21.51,13.73,2.28,0.0
20230930:0910,369.75,155.72,42.3,28.58,15.26,2.97,0.0
20230930:1010,297.18,198.98,45.1,33.71,16.15,2.69,0.0
20230930:1110,378.02,210.09,50.8,36.25,16.87,2.28,0.0
20230930:1210,364.85,207.98,49.8,35.79,17.22,2.21,0.0
20230930:1310,313.27,190.22,44.4,32.41,17.42,2.14,0.0
20230930:1410,308.39,152.85,38.2,26.62,17.59,2.14,0.0
20230930:1510,43.72,86.15,17.6,19.1,17.8,2.21,0.0
20230930:1610,39.39,49.27,10.0,10.45,17.49,1.93,0.0
20230930:1710,0.0,0.5,0.1,1.2,16.47,1.86,0.0
20230930:1810,0.0,0.0,0.0,0.0,14.97,2.21,0.0
20230930:1910,0.0,0.0,0.0,0.0,13.82,2.34,0.0
20230930:2010,0.0,0.0,0.0,0.0,13.18,2.21,0.0
20230930:2110,0.0,0.0,0.0,0.0,12.69,2.34,0.0
20230930:2210,0.0,0.0,0.0,0.0,12.39,2.62,0.0
20230930:2310,0.0,0.0,0.0,0.0,12.39,2.69,0.0
20231001:0010,0.0,0.0,0.0,0.0,12.52,2.76,0.0
20231001:0110,0.0,0.0,0.0,0.0,12.9,2.83,0.0
20231001:0210,0.0,0.0,0.0,0.0,12.99,3.03,0.0
20231001:0310,0.0,0.0,0.0,0.0,13.04,3.1,0.0
20231001:0410,0.0,0.0,0.0,0.0,13.07,3.17,0.0
20231001:0510,0.0,0.0,0.0,0.0,13.01,3.03,0.0
20231001:0610,15.17,13.29,2.8,3.78,12.92,2.97,0.0
20231001:0710,161.24,68.79,17.0,12.88,13.81,3.03,0.0
20231001:0810,323.73,102.09,31.6,21.22,15.86,3.17,0.0
20231001:0910,459.37,124.2,43.8,28.26,17.99,3.59,0.0
20231001:1010,535.6,145.04,51.8,33.36,19.74,3.93,0.0
20231001:1110,581.37,151.61,55.9,35.87,21.07,4.21,0.0
20231001:1210,529.8,165.58,53.9,35.4,22.03,4.28,0.0
20231001:1310,503.1,144.56,49.4,32.02,22.67,4.14,0.0
20231001:1410,406.68,123.57,40.0,26.24,23.0,3.79,0.0
20231001:1510,269.11,96.17,27.2,18.73,23.02,3.45,0.0
20231001:1610,111.61,55.87,12.5,10.09,22.41,2.9,0.0
20231001:1710,0.0,0.0,0.0,0.0,21.02,3.17,0.0
20231001:1810,0.0,0.0,0.0,0.0,19.6,3.31,0.0
20231001:1910,0.0,0.0,0.0,0.0,18.47,3.31,0.0
20231001:2010,0.0,0.0,0.0,0.0,17.94,3.38,0.0
20231001:2110,0.0,0.0,0.0,0.0,17.55,3.45,0.0
20231001:2210,0.0,0.0,0.0,0.0,17.27,3.45,0.0
20231001:2310,0.0,0.0,0.0,0.0,17.02,3.38,0.0
20231002:0010,0.0,0.0,0.0,0.0,16.77,3.31,0.0
20231002:0110,0.0,0.0,0.0,0.0,16.4,3.17,0.0
20231002:0210,0.0,0.0,0.0,0.0,16.04,3.1,0.0
20231002:0310,0.0,0.0,0.0,0.0,15.61,2.97,0.0
20231002:0410,0.0,0.0,0.0,0.0,15.15,2.76,0.0
20231002:0510,0.0,0.0,0.0,0.0,14.71,2.55,0.0
20231002:0610,11.19,11.53,2.4,3.52,14.24,2.41,0.0
20231002:0710,100.17,69.02,14.5,12.62,15.87,2.48,0.0
20231002:0810,275.62,113.64,29.7,20.93,17.92,2.28,0.0
20231002:0910,299.68,160.36,38.3,27.94,19.89,2.41,0.0
20231002:1010,143.32,174.73,36.0,33.01,21.58,2.69,0.0
20231002:1110,401.53,199.69,49.8,35.49,22.92,3.17,0.0
20231002:1210,316.94,203.45,46.2,35.0,23.88,3.52,0.0
20231002:1310,269.69,185.28,41.1,31.62,24.51,3.52,0.0
20231002:1410,298.53,147.26,36.1,25.86,24.7,3.17,0.0
20231002:1510,185.64,105.54,23.9,18.36,24.51,2.41,0.0
20231002:1610,106.09,54.69,11.8,9.74,23.69,2.21,0.0
20231002:1710,0.0,0.0,0.0,0.0,22.02,2.69,0.0
20231002:1810,0.0,0.0,0.0,0.0,20.36,3.1,0.0
20231002:1910,0.0,0.0,0.0,0.0,19.69,3.59,0.0
20231002:2010,0.0,0.0,0.0,0.0,19.3,3.93,0.0
20231002:2110,0.0,0.0,0.0,0.0,19.21,4.07,0.0
20231002:2210,0.0,0.0,0.0,0.0,19.46,4.28,0.0
20231002:2310,0.0,0.0,0.0,0.0,19.7,4.69,0.0
20231003:0010,0.0,0.0,0.0,0.0,20.38,5.24,0.0
20231003:0110,0.0,0.0,0.0,0.0,20.7,5.72,0.0
20231003:0210,0.0,0.0,0.0,0.0,20.6,5.72,0.0
20231003:0310,0.0,0.0,0.0,0.0,19.99,5.72,0.0
20231003:0410,0.0,0.0,0.0,0.0,18.89,5.86,0.0
20231003:0510,0.0,0.0,0.0,0.0,18.14,5.86,0.0
20231003:0610,0.0,5.98,1.2,3.27,18.06,5.86,0.0
20231003:0710,0.0,7.98,1.6,12.35,18.2,5.93,0.0
20231003:0810,0.0,31.9,6.4,20.64,18.14,6.48,0.0
20231003:0910,2.92,79.44,16.0,27.62,17.85,6.48,0.0
20231003:1010,47.08,137.87,28.0,32.65,17.17,5.45,0.0
20231003:1110,188.11,195.84,40.5,35.11,16.62,5.45,0.0
20231003:1210,191.26,193.96,40.2,34.61,16.3,6.14,0.0
20231003:1310,327.11,184.14,42.9,31.23,16.18,6.34,0.0
20231003:1410,181.69,148.21,31.2,25.47,16.39,6.07,0.0
20231003:1510,207.88,105.34,24.3,17.99,16.62,5.52,0.0
20231003:1610,86.72,52.76,10.7,9.38,16.51,4.83,0.0
20231003:1710,0.0,0.0,0.0,0.0,15.92,4.14,0.0
20231003:1810,0.0,0.0,0.0,0.0,15.27,4.0,0.0
20231003:1910,0.0,0.0,0.0,0.0,14.69,4.55,0.0
20231003:2010,0.0,0.0,0.0,0.0,14.24,4.21,0.0
20231003:2110,0.0,0.0,0.0,0.0,13.88,4.0,0.0
20231003:2210,0.0,0.0,0.0,0.0,13.2,3.66,0.0
20231003:2310,0.0,0.0,0.0,0.0,12.68,3.45,0.0
20231004:0010,0.0,0.0,0.0,0.0,12.25,3.52,0.0
20231004:0110,0.0,0.0,0.0,0.0,11.87,3.66,0.0
20231004:0210,0.0,0.0,0.0,0.0,11.78,3.66,0.0
20231004:0310,0.0,0.0,0.0,0.0,11.65,3.45,0.0
20231004:0410,0.0,0.0,0.0,0.0,11.25,3.24,0.0
20231004:0510,0.0,0.0,0.0,0.0,10.83,3.24,0.0
20231004:0610,10.4,9.71,2.0,3.02,10.66,3.31,0.0
20231004:0710,116.4,70.33,14.5,12.08,11.7,3.1,0.0
20231004:0810,231.87,121.82,27.7,20.35,13.27,5.03,0.0
20231004:0910,221.25,163.86,34.8,27.3,14.45,5.17,0.0
20231004:1010,85.46,156.19,31.6,32.3,15.66,5.1,0.0
20231004:1110,24.39,130.89,26.5,34.73,15.95,4.14,0.0
20231004:1210,70.44,157.71,31.9,34.21,16.58,4.55,0.0
20231004:1310,14.58,107.74,21.8,30.84,16.98,4.76,0.0
20231004:1410,0.0,60.82,12.2,25.09,17.08,4.55,0.0
20231004:1510,46.9,81.09,16.3,17.62,17.01,4.28,0.0
20231004:1610,93.01,53.53,10.6,9.02,16.71,3.72,0.0
20231004:1710,0.0,0.0,0.0,0.0,15.93,3.24,0.0
20231004:1810,0.0,0.0,0.0,0.0,15.29,3.1,0.0
20231004:1910,0.0,0.0,0.0,0.0,14.44,3.17,0.0
20231004:2010,0.0,0.0,0.0,0.0,13.97,3.31,0.0
20231004:2110,0.0,0.0,0.0,0.0,13.38,3.45,0.0
20231004:2210,0.0,0.0,0.0,0.0,13.08,3.52,0.0
20231004:2310,0.0,0.0,0.0,0.0,12.76,3.52,0.0
20231005:0010,0.0,0.0,0.0,0.0,12.46,3.52,0.0
20231005:0110,0.0,0.0,0.0,0.0,12.3,3.59,0.0
20231005:0210,0.0,0.0,0.0,0.0,12.3,3.66,0.0
20231005:0310,0.0,0.0,0.0,0.0,12.08,3.52,0.0
20231005:0410,0.0,0.0,0.0,0.0,11.83,3.38,0.0
20231005:0510,0.0,0.0,0.0,0.0,11.82,3.31,0.0
20231005:0610,0.0,4.49,0.9,2.76,12.0,3.31,0.0
20231005:0710,5.57,35.7,7.2,11.81,12.36,3.59,0.0
20231005:0810,0.0,32.4,6.5,20.06,13.46,3.52,0.0
20231005:0910,0.0,31.41,6.3,26.98,14.38,3.72,0.0
20231005:1010,0.0,81.26,16.3,31.95,14.9,3.86,0.0
20231005:1110,120.82,175.95,35.6,34.35,15.78,3.72,0.0
20231005:1210,271.34,201.5,43.0,33.82,16.98,4.07,0.0
20231005:1310,170.37,172.26,35.2,30.45,17.62,3.79,0.0
20231005:1410,84.44,124.18,25.0,24.71,17.64,3.31,0.0
20231005:1510,199.31,103.66,22.9,17.26,17.57,2.76,0.0
20231005:1610,85.27,50.74,9.8,8.67,17.1,2.14,0.0
20231005:1710,0.0,0.0,0.0,0.0,16.31,2.28,0.0
20231005:1810,0.0,0.0,0.0,0.0,15.05,2.55,0.0
20231005:1910,0.0,0.0,0.0,0.0,13.97,2.83,0.0
20231005:2010,0.0,0.0,0.0,0.0,13.28,2.83,0.0
20231005:2110,0.0,0.0,0.0,0.0,12.62,2.9,0.0
20231005:2210,0.0,0.0,0.0,0.0,12.17,2.9,0.0
20231005:2310,0.0,0.0,0.0,0.0,11.81,2.9,0.0
20231006:0010,0.0,0.0,0.0,0.0,11.57,3.03,0.0
20231006:0110,0.0,0.0,0.0,0.0,11.5,3.17,0.0
20231006:0210,0.0,0.0,0.0,0.0,11.43,3.24,0.0
20231006:0310,0.0,0.0,0.0,0.0,11.51,3.38,0.0
20231006:0410,0.0,0.0,0.0,0.0,11.58,3.52,0.0
20231006:0510,0.0,0.0,0.0,0.0,11.7,3.59,0.0
20231006:0610,0.0,4.49,0.9,2.5,11.46,3.66,0.0
20231006:0710,0.0,22.93,4.6,11.54,11.88,3.79,0.0
20231006:0810,250.78,118.3,27.2,19.77,13.29,3.86,0.0
20231006:0910,290.67,162.89,36.4,26.66,14.98,4.34,0.0
20231006:1010,113.5,163.54,32.9,31.59,16.51,4.76,0.0
20231006:1110,220.06,198.87,40.9,33.97,17.48,4.9,0.0
20231006:1210,333.1,203.65,45.1,33.43,18.06,4.9,0.0
20231006:1310,263.48,184.01,39.1,30.06,18.78,4.9,0.0
20231006:1410,288.03,148.46,33.8,24.34,19.18,4.76,0.0
20231006:1510,71.67,86.22,17.1,16.89,19.24,4.62,0.0
20231006:1610,65.67,46.43,8.7,8.32,18.65,3.93,0.0
20231006:1710,0.0,0.0,0.0,0.0,17.5,3.93,0.0
20231006:1810,0.0,0.0,0.0,0.0,16.33,3.93,0.0
20231006:1910,0.0,0.0,0.0,0.0,15.34,4.0,0.0
20231006:2010,0.0,0.0,0.0,0.0,14.61,3.93,0.0
20231006:2110,0.0,0.0,0.0,0.0,13.77,3.86,0.0
20231006:2210,0.0,0.0,0.0,0.0,13.22,3.93,0.0
20231006:2310,0.0,0.0,0.0,0.0,12.9,4.0,0.0
20231007:0010,0.0,0.0,0.0,0.0,12.73,3.93,0.0
20231007:0110,0.0,0.0,0.0,0.0,12.58,3.79,0.0
20231007:0210,0.0,0.0,0.0,0.0,12.5,3.79,0.0
20231007:0310,0.0,0.0,0.0,0.0,12.44,3.79,0.0
20231007:0410,0.0,0.0,0.0,0.0,12.45,3.93,0.0
20231007:0510,0.0,0.0,0.0,0.0,12.54,4.0,0.0
20231007:0610,0.0,1.78,0.5,2.25,12.61,4.07,0.0
20231007:0710,27.91,46.63,9.2,11.27,14.35,4.21,0.0
20231007:0810,326.96,103.94,28.6,19.47,15.0,4.14,0.0
20231007:0910,428.89,137.15,39.6,26.33,16.74,5.1,0.0
20231007:1010,509.56,156.76,47.5,31.24,18.18,5.31,0.0
20231007:1110,551.44,164.34,51.3,33.59,19.46,5.45,0.0
20231007:1210,542.39,163.12,50.5,33.04,20.57,5.45,0.0
20231007:1310,466.73,156.08,44.6,29.67,21.23,5.31,0.0
20231007:1410,308.1,142.34,33.5,23.96,21.76,5.1,0.0
20231007:1510,205.18,99.53,21.8,16.53,21.73,4.62,0.0
20231007:1610,55.37,41.98,7.8,7.97,21.06,4.34,0.0
20231007:1710,0.0,0.0,0.0,0.0,19.95,4.55,0.0
20231007:1810,0.0,0.0,0.0,0.0,18.84,4.55,0.0
20231007:1910,0.0,0.0,0.0,0.0,17.92,4.69,0.0
20231007:2010,0.0,0.0,0.0,0.0,17.24,4.28,0.0
20231007:2110,0.0,0.0,0.0,0.0,16.46,3.93,0.0
20231007:2210,0.0,0.0,0.0,0.0,15.82,4.0,0.0
20231007:2310,0.0,0.0,0.0,0.0,15.26,3.66,0.0
20231008:0010,0.0,0.0,0.0,0.0,14.75,3.31,0.0
20231008:0110,0.0,0.0,0.0,0.0,14.21,3.1,0.0
20231008:0210,0.0,0.0,0.0,0.0,13.79,2.9,0.0
20231008:0310,0.0,0.0,0.0,0.0,13.32,2.55,0.0
20231008:0410,0.0,0.0,0.0,0.0,12.92,2.34,0.0
20231008:0510,0.0,0.0,0.0,0.0,12.48,2.21,0.0
20231008:0610,0.0,1.78,0.5,1.99,12.07,2.14,0.0
20231008:0710,26.87,45.94,9.0,11.0,13.09,2.21,0.0
20231008:0810,157.82,114.86,23.1,19.18,15.1,2.0,0.0
20231008:0910,282.0,159.86,34.9,26.01,16.84,1.59,0.0
20231008:1010,363.45,186.81,42.9,30.88,18.33,1.24,0.0
20231008:1110,523.02,176.88,50.3,33.21,19.57,1.38,0.0
20231008:1210,562.68,160.27,50.7,32.65,20.66,1.72,0.0
20231008:1310,382.63,174.45,41.8,29.29,21.34,1.79,0.0
20231008:1410,346.8,139.11,34.3,23.59,21.74,2.0,0.0
20231008:1510,205.52,99.78,21.4,16.17,21.79,2.21,0.0
20231008:1610,46.27,39.37,7.2,7.62,21.13,1.93,0.0
20231008:1710,0.0,0.0,0.0,0.0,19.53,2.41,0.0
20231008:1810,0.0,0.0,0.0,0.0,17.93,2.69,0.0
20231008:1910,0.0,0.0,0.0,0.0,16.92,2.62,0.0
20231008:2010,0.0,0.0,0.0,0.0,16.43,2.76,0.0
20231008:2110,0.0,0.0,0.0,0.0,16.02,3.03,0.0
20231008:2210,0.0,0.0,0.0,0.0,15.89,3.03,0.0
20231008:2310,0.0,0.0,0.0,0.0,15.36,3.03,0.0
20231009:0010,0.0,0.0,0.0,0.0,14.89,3.03,0.0
20231009:0110,0.0,0.0,0.0,0.0,14.46,3.1,0.0
20231009:0210,0.0,0.0,0.0,0.0,14.02,3.03,0.0
20231009:0310,0.0,0.0,0.0,0.0,13.51,2.83,0.0
20231009:0410,0.0,0.0,0.0,0.0,12.99,2.69,0.0
20231009:0510,0.0,0.0,0.0,0.0,12.61,2.62,0.0
20231009:0610,0.0,0.36,0.1,1.73,12.23,2.69,0.0
20231009:0710,19.3,40.53,8.0,10.73,13.4,2.76,0.0
20231009:0810,8.78,62.07,12.5,18.89,15.12,2.62,0.0
20231009:0910,37.3,107.07,21.5,25.69,16.74,3.17,0.0
20231009:1010,14.08,106.09,21.4,30.53,18.29,3.38,0.0
20231009:1110,50.91,140.71,28.3,32.84,19.37,3.17,0.0
20231009:1210,58.81,142.35,28.6,32.26,20.25,3.1,0.0
20231009:1310,36.36,118.28,23.8,28.9,20.94,3.17,0.0
20231009:1410,54.81,106.94,21.3,23.22,21.13,3.03,0.0
20231009:1510,24.1,62.69,12.5,15.82,21.03,2.69,0.0
20231009:1610,115.88,47.64,8.7,7.27,20.36,1.93,0.0
20231009:1710,0.0,0.0,0.0,0.0,19.04,1.79,0.0
20231009:1810,0.0,0.0,0.0,0.0,17.33,1.59,0.0
20231009:1910,0.0,0.0,0.0,0.0,15.64,1.79,0.0
20231009:2010,0.0,0.0,0.0,0.0,14.53,1.59,0.0
20231009:2110,0.0,0.0,0.0,0.0,13.61,1.86,0.0
20231009:2210,0.0,0.0,0.0,0.0,12.88,1.86,0.0
20231009:2310,0.0,0.0,0.0,0.0,12.44,1.93,0.0
20231010:0010,0.0,0.0,0.0,0.0,12.19,2.0,0.0
20231010:0110,0.0,0.0,0.0,0.0,12.17,2.21,0.0
20231010:0210,0.0,0.0,0.0,0.0,12.42,2.41,0.0
20231010:0310,0.0,0.0,0.0,0.0,12.6,2.62,0.0
20231010:0410,0.0,0.0,0.0,0.0,12.62,2.83,0.0
20231010:0510,0.0,0.0,0.0,0.0,12.55,3.03,0.0
20231010:0610,0.0,1.78,0.5,1.48,12.53,3.17,0.0
20231010:0710,68.99,56.47,10.5,10.46,13.2,3.24,0.0
20231010:0810,141.88,110.88,21.7,18.59,14.75,3.1,0.0
20231010:0910,104.0,133.66,26.4,25.36,17.04,3.66,0.0
20231010:1010,271.59,188.06,38.9,30.18,19.09,3.86,0.0
20231010:1110,555.73,170.77,50.2,32.46,20.77,4.07,0.0
20231010:1210,590.66,154.55,50.4,31.88,21.95,4.14,0.0
20231010:1310,556.11,134.85,45.5,28.52,22.7,4.14,0.0
20231010:1410,455.77,115.33,36.1,22.85,23.0,3.86,0.0
20231010:1510,253.65,95.58,21.7,15.46,22.71,3.66,0.0
20231010:1610,87.3,44.2,7.6,6.93,21.78,3.79,0.0
20231010:1710,0.0,0.0,0.0,0.0,20.41,4.0,0.0
20231010:1810,0.0,0.0,0.0,0.0,19.61,4.21,0.0
20231010:1910,0.0,0.0,0.0,0.0,18.71,4.28,0.0
20231010:2010,0.0,0.0,0.0,0.0,18.08,4.28,0.0
20231010:2110,0.0,0.0,0.0,0.0,17.51,4.28,0.0
20231010:2210,0.0,0.0,0.0,0.0,16.88,4.21,0.0
20231010:2310,0.0,0.0,0.0,0.0,16.21,4.21,0.0
20231011:0010,0.0,0.0,0.0,0.0,15.57,4.21,0.0
20231011:0110,0.0,0.0,0.0,0.0,15.08,4.21,0.0
20231011:0210,0.0,0.0,0.0,0.0,14.76,4.21,0.0
20231011:0310,0.0,0.0,0.0,0.0,14.48,4.07,0.0
20231011:0410,0.0,0.0,0.0,0.0,14.5,4.21,0.0
20231011:0510,0.0,0.0,0.0,0.0,14.28,4.14,0.0
20231011:0610,0.0,0.0,0.0,0.0,14.04,4.07,0.0
20231011:0710,55.46,51.65,9.6,10.18,14.76,4.34,0.0
20231011:0810,112.11,103.45,20.0,18.3,16.08,4.28,0.0
20231011:0910,126.03,137.68,27.1,25.04,17.49,4.97,0.0
20231011:1010,438.74,176.7,43.6,29.83,18.79,5.24,0.0
20231011:1110,551.21,168.96,49.2,32.09,19.77,5.1,0.0
20231011:1210,70.16,144.68,28.9,31.49,20.78,5.03,0.0
20231011:1310,212.42,170.53,34.2,28.14,21.62,4.97,0.0
20231011:1410,371.67,132.19,33.1,22.48,21.97,4.76,0.0
20231011:1510,19.62,57.28,11.4,15.11,21.79,4.28,0.0
20231011:1610,17.37,24.81,4.7,6.59,21.19,4.21,0.0
20231011:1710,0.0,0.0,0.0,0.0,20.24,4.21,0.0
20231011:1810,0.0,0.0,0.0,0.0,19.55,4.34,0.0
20231011:1910,0.0,0.0,0.0,0.0,19.0,4.55,0.0
20231011:2010,0.0,0.0,0.0,0.0,18.44,4.48,0.0
20231011:2110,0.0,0.0,0.0,0.0,17.87,4.41,0.0
20231011:2210,0.0,0.0,0.0,0.0,17.44,4.34,0.0
20231011:2310,0.0,0.0,0.0,0.0,17.27,4.21,0.0
20231012:0010,0.0,0.0,0.0,0.0,16.93,3.59,0.0
20231012:0110,0.0,0.0,0.0,0.0,16.55,2.55,0.0
20231012:0210,0.0,0.0,0.0,0.0,16.05,2.14,0.0
20231012:0310,0.0,0.0,0.0,0.0,15.5,2.69,0.0
20231012:0410,0.0,0.0,0.0,0.0,15.03,2.9,0.0
20231012:0510,0.0,0.0,0.0,0.0,14.86,2.9,0.0
20231012:0610,0.0,0.0,0.0,0.0,14.78,3.03,0.0
20231012:0710,0.0,15.95,3.2,9.91,15.12,2.97,0.0
20231012:0810,9.41,57.67,11.6,18.0,15.64,3.17,0.0
20231012:0910,3.42,71.59,14.4,24.72,16.71,3.03,0.0
20231012:1010,0.0,53.34,10.7,29.47,17.76,3.79,0.0
20231012:1110,24.18,116.61,23.5,31.71,18.03,4.14,0.0
20231012:1210,0.0,59.32,11.9,31.11,18.37,4.62,0.0
20231012:1310,0.0,39.38,7.9,27.77,18.77,4.9,0.0
20231012:1410,0.0,40.38,8.1,22.12,19.03,3.59,0.0
20231012:1510,0.0,12.46,2.5,14.76,18.9,4.34,0.0
20231012:1610,0.0,11.96,2.4,6.25,18.72,4.34,0.0
20231012:1710,0.0,0.0,0.0,0.0,18.27,4.48,0.0
20231012:1810,0.0,0.0,0.0,0.0,17.83,4.28,0.0
20231012:1910,0.0,0.0,0.0,0.0,17.6,4.0,0.0
20231012:2010,0.0,0.0,0.0,0.0,17.62,3.86,0.0
20231012:2110,0.0,0.0,0.0,0.0,17.53,3.72,0.0
20231012:2210,0.0,0.0,0.0,0.0,17.61,3.72,0.0
20231012:2310,0.0,0.0,0.0,0.0,17.71,3.86,0.0
20231013:0010,0.0,0.0,0.0,0.0,17.85,3.72,0.0
20231013:0110,0.0,0.0,0.0,0.0,17.73,3.66,0.0
20231013:0210,0.0,0.0,0.0,0.0,17.5,3.66,0.0
20231013:0310,0.0,0.0,0.0,0.0,17.56,4.55,0.0
20231013:0410,0.0,0.0,0.0,0.0,17.85,5.79,0.0
20231013:0510,0.0,0.0,0.0,0.0,18.0,5.86,0.0
20231013:0610,0.0,0.0,0.0,0.0,18.02,5.79,0.0
20231013:0710,62.37,50.09,9.1,9.64,18.46,6.48,0.0
20231013:0810,1.93,44.76,9.0,17.7,18.9,7.03,0.0
20231013:0910,0.0,33.4,6.7,24.39,20.3,6.48,0.0
20231013:1010,0.0,56.33,11.3,29.12,21.17,6.76,0.0
20231013:1110,22.9,113.68,22.9,31.34,21.8,7.31,0.0
20231013:1210,0.0,46.36,9.3,30.73,22.32,6.69,0.0
20231013:1310,0.0,40.88,8.2,27.39,23.09,7.38,0.0
20231013:1410,43.21,93.21,18.5,21.75,23.49,8.14,0.0
20231013:1510,12.48,48.54,9.7,14.41,23.11,7.52,0.0
20231013:1610,22.99,24.28,4.4,5.92,22.29,7.1,0.0
20231013:1710,0.0,0.0,0.0,0.0,20.84,6.83,0.0
20231013:1810,0.0,0.0,0.0,0.0,18.75,6.41,0.0
20231013:1910,0.0,0.0,0.0,0.0,18.7,7.38,0.0
20231013:2010,0.0,0.0,0.0,0.0,18.81,7.72,0.0
20231013:2110,0.0,0.0,0.0,0.0,18.92,8.0,0.0
20231013:2210,0.0,0.0,0.0,0.0,18.2,8.0,0.0
20231013:2310,0.0,0.0,0.0,0.0,17.42,8.0,0.0
20231014:0010,0.0,0.0,0.0,0.0,16.63,7.24,0.0
20231014:0110,0.0,0.0,0.0,0.0,14.71,6.41,0.0
20231014:0210,0.0,0.0,0.0,0.0,13.06,5.1,0.0
20231014:0310,0.0,0.0,0.0,0.0,12.32,4.76,0.0
20231014:0410,0.0,0.0,0.0,0.0,11.48,4.41,0.0
20231014:0510,0.0,0.0,0.0,0.0,10.86,4.14,0.0
20231014:0610,0.0,0.0,0.0,0.0,10.59,4.07,0.0
20231014:0710,134.9,63.39,11.1,9.36,10.53,4.07,0.0
20231014:0810,348.88,105.67,26.0,17.41,11.0,4.28,0.0
20231014:0910,482.29,132.91,37.7,24.07,11.67,5.31,0.0
20231014:1010,54.08,127.8,25.4,28.77,12.46,5.31,0.0
20231014:1110,0.0,25.42,5.1,30.97,12.92,5.17,0.0
20231014:1210,0.0,42.37,8.5,30.36,13.37,5.38,0.0
20231014:1310,180.33,163.9,31.8,27.02,13.45,5.45,0.0
20231014:1410,3.67,61.16,12.3,21.4,12.95,5.38,0.0
20231014:1510,0.0,28.91,5.8,14.07,12.38,5.1,0.0
20231014:1610,21.07,22.73,4.1,5.59,11.74,3.86,0.0
20231014:1710,0.0,0.0,0.0,0.0,11.02,3.1,0.0
20231014:1810,0.0,0.0,0.0,0.0,10.63,2.62,0.0
20231014:1910,0.0,0.0,0.0,0.0,9.57,2.34,0.0
20231014:2010,0.0,0.0,0.0,0.0,9.19,2.41,0.0
20231014:2110,0.0,0.0,0.0,0.0,8.78,2.48,0.0
20231014:2210,0.0,0.0,0.0,0.0,8.29,2.69,0.0
20231014:2310,0.0,0.0,0.0,0.0,8.14,2.83,0.0
20231015:0010,0.0,0.0,0.0,0.0,8.0,2.83,0.0
20231015:0110,0.0,0.0,0.0,0.0,8.15,2.9,0.0
20231015:0210,0.0,0.0,0.0,0.0,8.33,3.17,0.0
20231015:0310,0.0,0.0,0.0,0.0,7.87,3.17,0.0
20231015:0410,0.0,0.0,0.0,0.0,7.64,3.03,0.0
20231015:0510,0.0,0.0,0.0,0.0,7.31,2.97,0.0
20231015:0610,0.0,0.0,0.0,0.0,7.12,2.97,0.0
20231015:0710,172.77,66.52,11.7,9.09,6.82,2.9,0.0
20231015:0810,365.28,107.07,26.2,17.11,7.97,2.76,0.0
20231015:0910,482.03,139.19,37.6,23.75,9.15,3.59,0.0
20231015:1010,25.75,110.89,22.2,28.42,9.9,4.28,0.0
20231015:1110,168.48,180.4,34.9,30.6,10.3,4.0,0.0
20231015:1210,0.0,30.41,6.1,29.98,10.62,3.86,0.0
20231015:1310,511.71,158.58,42.1,26.65,10.78,3.72,0.0
20231015:1410,26.26,84.0,16.7,21.04,10.6,3.59,0.0
20231015:1510,0.0,29.91,6.0,13.73,10.07,3.45,0.0
20231015:1610,45.18,28.75,4.7,5.26,9.48,2.62,0.0
20231015:1710,0.0,0.0,0.0,0.0,8.82,1.86,0.0
20231015:1810,0.0,0.0,0.0,0.0,8.06,1.66,0.0
20231015:1910,0.0,0.0,0.0,0.0,7.26,1.79,0.0
20231015:2010,0.0,0.0,0.0,0.0,6.69,1.52,0.0
20231015:2110,0.0,0.0,0.0,0.0,5.86,1.38,0.0
20231015:2210,0.0,0.0,0.0,0.0,4.82,1.52,0.0
20231015:2310,0.0,0.0,0.0,0.0,4.3,1.45,0.0
20231016:0010,0.0,0.0,0.0,0.0,4.82,1.03,0.0
20231016:0110,0.0,0.0,0.0,0.0,5.55,0.69,0.0
20231016:0210,0.0,0.0,0.0,0.0,5.43,0.55,0.0
20231016:0310,0.0,0.0,0.0,0.0,5.27,0.55,0.0
20231016:0410,0.0,0.0,0.0,0.0,5.07,0.83,0.0
20231016:0510,0.0,0.0,0.0,0.0,3.59,1.24,0.0
20231016:0610,0.0,0.0,0.0,0.0,3.06,1.38,0.0
20231016:0710,73.08,51.62,8.8,8.82,3.26,1.17,0.0
20231016:0810,258.32,118.21,23.2,16.82,4.63,1.1,0.0
20231016:0910,238.97,157.86,30.4,23.43,6.38,1.1,0.0
20231016:1010,181.33,172.13,33.0,28.08,8.56,1.31,0.0
20231016:1110,184.67,183.44,35.3,30.23,10.02,1.72,0.0
20231016:1210,281.94,196.37,38.6,29.61,10.88,2.14,0.0
20231016:1310,310.8,179.74,36.0,26.28,11.42,2.62,0.0
20231016:1410,281.48,144.21,28.6,20.69,11.64,3.1,0.0
20231016:1510,175.23,93.82,16.9,13.39,11.55,3.38,0.0
20231016:1610,28.35,22.43,3.9,4.93,11.01,2.9,0.0
20231016:1710,0.0,0.0,0.0,0.0,9.77,3.17,0.0
20231016:1810,0.0,0.0,0.0,0.0,9.11,3.66,0.0
20231016:1910,0.0,0.0,0.0,0.0,8.61,3.93,0.0
20231016:2010,0.0,0.0,0.0,0.0,8.26,3.72,0.0
20231016:2110,0.0,0.0,0.0,0.0,7.82,3.45,0.0
20231016:2210,0.0,0.0,0.0,0.0,7.49,3.24,0.0
20231016:2310,0.0,0.0,0.0,0.0,7.14,3.1,0.0
20231017:0010,0.0,0.0,0.0,0.0,6.98,3.03,0.0
20231017:0110,0.0,0.0,0.0,0.0,6.98,3.31,0.0
20231017:0210,0.0,0.0,0.0,0.0,7.16,3.59,0.0
20231017:0310,0.0,0.0,0.0,0.0,7.22,3.59,0.0
20231017:0410,0.0,0.0,0.0,0.0,7.2,3.45,0.0
20231017:0510,0.0,0.0,0.0,0.0,7.26,3.45,0.0
20231017:0610,0.0,0.0,0.0,0.0,7.19,3.45,0.0
20231017:0710,32.22,38.41,7.0,8.54,6.98,3.86,0.0
20231017:0810,48.68,78.39,15.0,16.52,7.65,3.66,0.0
20231017:0910,503.53,134.58,37.0,23.11,8.8,4.55,0.0
20231017:1010,547.25,166.43,44.1,27.73,10.19,4.69,0.0
20231017:1110,600.44,171.93,48.1,29.87,11.46,4.69,0.0
20231017:1210,570.73,173.03,46.5,29.24,12.42,4.69,0.0
20231017:1310,469.59,167.44,39.9,25.92,13.08,4.76,0.0
20231017:1410,412.52,132.2,31.4,20.33,13.33,4.83,0.0
20231017:1510,234.67,95.5,17.9,13.05,13.08,4.55,0.0
20231017:1610,17.49,16.83,3.1,4.61,12.12,4.28,0.0
20231017:1710,0.0,0.0,0.0,0.0,10.85,4.34,0.0
20231017:1810,0.0,0.0,0.0,0.0,10.02,4.41,0.0
20231017:1910,0.0,0.0,0.0,0.0,9.22,4.21,0.0
20231017:2010,0.0,0.0,0.0,0.0,8.68,4.07,0.0
20231017:2110,0.0,0.0,0.0,0.0,8.21,3.66,0.0
20231017:2210,0.0,0.0,0.0,0.0,7.81,3.45,0.0
20231017:2310,0.0,0.0,0.0,0.0,7.62,3.45,0.0
20231018:0010,0.0,0.0,0.0,0.0,7.67,3.52,0.0
20231018:0110,0.0,0.0,0.0,0.0,7.7,3.66,0.0
20231018:0210,0.0,0.0,0.0,0.0,7.8,3.66,0.0
20231018:0310,0.0,0.0,0.0,0.0,7.77,3.59,0.0
20231018:0410,0.0,0.0,0.0,0.0,7.95,3.66,0.0
20231018:0510,0.0,0.0,0.0,0.0,8.19,3.86,0.0
20231018:0610,0.0,0.0,0.0,0.0,8.35,3.93,0.0
20231018:0710,42.76,39.62,7.0,8.27,8.99,3.79,0.0
20231018:0810,106.22,92.92,17.1,16.23,10.45,3.79,0.0
20231018:0910,436.52,138.02,34.0,22.78,12.22,3.66,0.0
20231018:1010,169.11,161.26,30.9,27.38,14.07,4.21,0.0
20231018:1110,206.07,178.71,34.5,29.51,15.69,4.62,0.0
20231018:1210,65.57,132.57,26.1,28.87,16.86,5.03,0.0
20231018:1310,84.5,126.65,24.6,25.56,17.12,4.9,0.0
20231018:1410,0.0,27.42,5.5,19.99,17.25,4.69,0.0
20231018:1510,0.0,26.92,5.4,12.72,16.96,5.1,0.0
20231018:1610,0.0,2.99,0.6,4.29,16.31,5.03,0.0
20231018:1710,0.0,0.0,0.0,0.0,15.42,5.45,0.0
20231018:1810,0.0,0.0,0.0,0.0,14.18,5.93,0.0
20231018:1910,0.0,0.0,0.0,0.0,14.49,6.21,0.0
20231018:2010,0.0,0.0,0.0,0.0,15.27,6.48,0.0
20231018:2110,0.0,0.0,0.0,0.0,16.0,6.14,0.0
20231018:2210,0.0,0.0,0.0,0.0,16.82,6.07,0.0
20231018:2310,0.0,0.0,0.0,0.0,16.79,6.21,0.0
20231019:0010,0.0,0.0,0.0,0.0,16.38,6.07,0.0
20231019:0110,0.0,0.0,0.0,0.0,16.0,5.86,0.0
20231019:0210,0.0,0.0,0.0,0.0,15.82,5.52,0.0
20231019:0310,0.0,0.0,0.0,0.0,15.51,5.1,0.0
20231019:0410,0.0,0.0,0.0,0.0,15.14,4.76,0.0
20231019:0510,0.0,0.0,0.0,0.0,14.81,4.69,0.0
20231019:0610,0.0,0.0,0.0,0.0,14.37,4.41,0.0
20231019:0710,143.45,58.53,9.3,7.99,14.37,4.0,0.0
20231019:0810,162.12,103.26,18.7,15.93,15.23,3.66,0.0
20231019:0910,13.59,76.37,15.3,22.46,16.52,4.07,0.0
20231019:1010,0.0,67.8,13.6,27.04,17.58,4.48,0.0
20231019:1110,0.0,63.31,12.7,29.15,17.93,4.69,0.0
20231019:1210,0.0,55.83,11.2,28.5,17.66,4.41,0.0
20231019:1310,351.22,167.43,34.7,25.2,18.33,4.97,0.0
20231019:1410,360.85,129.11,28.3,19.64,19.0,4.07,0.0
20231019:1510,169.86,85.76,15.0,12.39,19.19,3.45,0.0
20231019:1610,10.32,11.44,2.2,3.97,18.53,2.9,0.0
20231019:1710,0.0,0.0,0.0,0.0,17.2,3.03,0.0
20231019:1810,0.0,0.0,0.0,0.0,16.47,3.17,0.0
20231019:1910,0.0,0.0,0.0,0.0,16.15,3.31,0.0
20231019:2010,0.0,0.0,0.0,0.0,16.01,3.52,0.0
20231019:2110,0.0,0.0,0.0,0.0,16.0,3.79,0.0
20231019:2210,0.0,0.0,0.0,0.0,15.97,3.86,0.0
20231019:2310,0.0,0.0,0.0,0.0,15.83,4.07,0.0
20231020:0010,0.0,0.0,0.0,0.0,15.58,3.93,0.0
20231020:0110,0.0,0.0,0.0,0.0,15.38,3.86,0.0
20231020:0210,0.0,0.0,0.0,0.0,15.27,3.93,0.0
20231020:0310,0.0,0.0,0.0,0.0,15.03,3.86,0.0
20231020:0410,0.0,0.0,0.0,0.0,14.86,3.72,0.0
20231020:0510,0.0,0.0,0.0,0.0,14.73,3.1,0.0
20231020:0610,0.0,0.0,0.0,0.0,14.53,2.62,0.0
20231020:0710,0.0,14.95,3.0,7.72,14.91,2.55,0.0
20231020:0810,0.0,21.93,4.4,15.64,15.04,2.9,0.0
20231020:0910,0.0,29.91,6.0,22.15,15.24,3.03,0.0
20231020:1010,0.0,44.37,8.9,26.7,15.43,2.83,0.0
20231020:1110,0.0,21.93,4.4,28.79,15.15,4.0,0.0
20231020:1210,0.0,22.93,4.6,28.14,14.45,5.1,0.0
20231020:1310,0.0,20.94,4.2,24.84,13.84,4.76,0.0
20231020:1410,0.0,17.95,3.6,19.3,13.77,4.41,0.0
20231020:1510,30.94,49.96,9.5,12.07,13.89,4.28,0.0
20231020:1610,0.0,3.49,0.7,3.66,13.89,3.93,0.0
20231020:1710,0.0,0.0,0.0,0.0,13.39,3.66,0.0
20231020:1810,0.0,0.0,0.0,0.0,12.92,3.52,0.0
20231020:1910,0.0,0.0,0.0,0.0,12.9,4.0,0.0
20231020:2010,0.0,0.0,0.0,0.0,12.93,3.86,0.0
20231020:2110,0.0,0.0,0.0,0.0,12.91,3.52,0.0
20231020:2210,0.0,0.0,0.0,0.0,12.78,3.1,0.0
20231020:2310,0.0,0.0,0.0,0.0,12.67,2.97,0.0
20231021:0010,0.0,0.0,0.0,0.0,12.82,3.17,0.0
20231021:0110,0.0,0.0,0.0,0.0,12.83,3.52,0.0
20231021:0210,0.0,0.0,0.0,0.0,12.78,4.07,0.0
20231021:0310,0.0,0.0,0.0,0.0,12.77,4.69,0.0
20231021:0410,0.0,0.0,0.0,0.0,12.92,5.38,0.0
20231021:0510,0.0,0.0,0.0,0.0,12.86,5.72,0.0
20231021:0610,0.0,0.0,0.0,0.0,12.39,6.07,0.0
20231021:0710,20.89,28.77,5.3,7.44,12.23,6.55,0.0
20231021:0810,67.63,77.75,14.4,15.34,12.14,6.9,0.0
20231021:0910,279.89,150.51,28.8,21.83,12.9,7.17,0.0
20231021:1010,337.59,180.05,35.7,26.36,14.0,9.31,0.0
20231021:1110,71.82,134.29,26.2,28.43,14.58,8.41,0.0
20231021:1210,0.0,52.84,10.6,27.78,14.87,8.14,0.0
20231021:1310,0.0,17.45,3.5,24.49,14.56,7.66,0.0
20231021:1410,0.0,39.38,7.9,18.96,13.75,7.59,0.0
20231021:1510,2.66,29.44,5.9,11.75,13.63,7.03,0.0
20231021:1610,18.66,11.99,2.2,3.35,13.92,6.9,0.0
20231021:1710,0.0,0.0,0.0,0.0,14.06,7.03,0.0
20231021:1810,0.0,0.0,0.0,0.0,14.11,7.38,0.0
20231021:1910,0.0,0.0,0.0,0.0,13.09,7.52,0.0
20231021:2010,0.0,0.0,0.0,0.0,13.15,7.93,0.0
20231021:2110,0.0,0.0,0.0,0.0,13.01,8.28,0.0
20231021:2210,0.0,0.0,0.0,0.0,12.57,8.41,0.0
20231021:2310,0.0,0.0,0.0,0.0,12.33,8.28,0.0
20231022:0010,0.0,0.0,0.0,0.0,12.26,7.59,0.0
20231022:0110,0.0,0.0,0.0,0.0,12.09,6.55,0.0
20231022:0210,0.0,0.0,0.0,0.0,11.92,5.45,0.0
20231022:0310,0.0,0.0,0.0,0.0,11.52,4.69,0.0
20231022:0410,0.0,0.0,0.0,0.0,11.4,4.34,0.0
20231022:0510,0.0,0.0,0.0,0.0,11.42,4.14,0.0
20231022:0610,0.0,0.0,0.0,0.0,11.42,4.0,0.0
20231022:0710,69.26,43.58,6.8,7.17,11.73,3.52,0.0
20231022:0810,43.02,68.13,12.9,15.05,12.08,3.52,0.0
20231022:0910,0.0,32.4,6.5,21.51,12.88,4.41,0.0
20231022:1010,0.0,47.86,9.6,26.02,13.23,5.03,0.0
20231022:1110,0.0,49.85,10.0,28.08,14.06,5.24,0.0
20231022:1210,90.4,138.72,26.7,27.42,14.64,4.62,0.0
20231022:1310,114.02,133.23,25.1,24.14,14.71,4.0,0.0
20231022:1410,82.56,98.89,18.4,18.63,14.85,3.86,0.0
20231022:1510,11.0,38.15,7.5,11.43,13.61,3.52,0.0
20231022:1610,0.0,2.49,0.5,3.05,13.23,3.52,0.0
20231022:1710,0.0,0.0,0.0,0.0,12.57,3.17,0.0
20231022:1810,0.0,0.0,0.0,0.0,11.95,2.76,0.0
20231022:1910,0.0,0.0,0.0,0.0,11.48,2.76,0.0
20231022:2010,0.0,0.0,0.0,0.0,11.03,2.62,0.0
20231022:2110,0.0,0.0,0.0,0.0,10.4,2.34,0.0
20231022:2210,0.0,0.0,0.0,0.0,9.85,2.21,0.0
20231022:2310,0.0,0.0,0.0,0.0,9.26,2.28,0.0
20231023:0010,0.0,0.0,0.0,0.0,8.73,2.28,0.0
20231023:0110,0.0,0.0,0.0,0.0,8.37,2.28,0.0
20231023:0210,0.0,0.0,0.0,0.0,8.01,2.28,0.0
20231023:0310,0.0,0.0,0.0,0.0,7.58,2.07,0.0
20231023:0410,0.0,0.0,0.0,0.0,6.98,2.07,0.0
20231023:0510,0.0,0.0,0.0,0.0,6.54,2.14,0.0
20231023:0610,0.0,0.0,0.0,0.0,6.25,2.21,0.0
20231023:0710,42.02,35.04,5.8,6.9,6.59,2.41,0.0
20231023:0810,80.86,80.55,14.5,14.75,8.15,2.41,0.0
20231023:0910,52.23,96.93,18.7,21.19,9.96,2.62,0.0
20231023:1010,5.84,77.69,15.6,25.68,11.41,2.97,0.0
20231023:1110,13.28,95.86,19.2,27.73,12.28,3.31,0.0
20231023:1210,0.0,55.33,11.1,27.07,12.89,3.66,0.0
20231023:1310,0.0,31.9,6.4,23.8,13.19,3.86,0.0
20231023:1410,0.0,14.95,3.0,18.3,13.29,4.21,0.0
20231023:1510,0.0,18.44,3.7,11.11,13.05,4.34,0.0
20231023:1610,0.0,2.99,0.6,2.75,12.47,4.0,0.0
20231023:1710,0.0,0.0,0.0,0.0,11.63,3.72,0.0
20231023:1810,0.0,0.0,0.0,0.0,11.45,3.93,0.0
20231023:1910,0.0,0.0,0.0,0.0,11.5,3.66,0.0
20231023:2010,0.0,0.0,0.0,0.0,11.65,3.45,0.0
20231023:2110,0.0,0.0,0.0,0.0,11.85,3.03,0.0
20231023:2210,0.0,0.0,0.0,0.0,12.08,3.38,0.0
20231023:2310,0.0,0.0,0.0,0.0,12.13,4.76,0.0
20231024:0010,0.0,0.0,0.0,0.0,11.77,5.03,0.0
20231024:0110,0.0,0.0,0.0,0.0,11.19,4.97,0.0
20231024:0210,0.0,0.0,0.0,0.0,10.83,4.76,0.0
20231024:0310,0.0,0.0,0.0,0.0,10.64,4.69,0.0
20231024:0410,0.0,0.0,0.0,0.0,10.61,4.48,0.0
20231024:0510,0.0,0.0,0.0,0.0,10.49,4.21,0.0
20231024:0610,0.0,0.0,0.0,0.0,10.42,3.86,0.0
20231024:0710,0.0,5.48,1.1,6.62,10.72,3.45,0.0
20231024:0810,0.0,15.95,3.2,14.46,11.04,5.03,0.0
20231024:0910,0.0,40.88,8.2,20.88,11.26,4.07,0.0
20231024:1010,0.0,63.31,12.7,25.34,11.29,4.21,0.0
20231024:1110,236.86,179.32,33.4,27.38,11.8,4.55,0.0
20231024:1210,343.66,187.77,36.2,26.72,12.93,5.03,0.0
20231024:1310,28.48,92.05,18.2,23.45,14.04,5.66,0.0
20231024:1410,199.55,124.5,22.0,17.97,14.26,5.1,0.0
20231024:1510,0.0,18.94,3.8,10.8,13.94,4.14,0.0
20231024:1610,17.44,7.46,1.4,2.45,13.23,3.66,0.0
20231024:1710,0.0,0.0,0.0,0.0,12.28,3.31,0.0
20231024:1810,0.0,0.0,0.0,0.0,11.29,3.03,0.0
20231024:1910,0.0,0.0,0.0,0.0,10.63,3.1,0.0
20231024:2010,0.0,0.0,0.0,0.0,10.16,3.17,0.0
20231024:2110,0.0,0.0,0.0,0.0,9.97,3.17,0.0
20231024:2210,0.0,0.0,0.0,0.0,9.9,3.24,0.0
20231024:2310,0.0,0.0,0.0,0.0,9.62,3.24,0.0
20231025:0010,0.0,0.0,0.0,0.0,9.56,3.1,0.0
20231025:0110,0.0,0.0,0.0,0.0,9.59,2.9,0.0
20231025:0210,0.0,0.0,0.0,0.0,9.33,3.03,0.0
20231025:0310,0.0,0.0,0.0,0.0,9.35,3.31,0.0
20231025:0410,0.0,0.0,0.0,0.0,9.47,3.66,0.0
20231025:0510,0.0,0.0,0.0,0.0,9.73,3.72,0.0
20231025:0610,0.0,0.0,0.0,0.0,9.67,3.86,0.0
20231025:0710,4.21,17.34,3.4,6.35,9.82,3.93,0.0
20231025:0810,0.0,10.97,2.2,14.17,10.34,4.41,0.0
20231025:0910,0.0,31.41,6.3,20.57,10.75,4.28,0.0
20231025:1010,0.0,34.89,7.0,25.01,11.37,3.79,0.0
20231025:1110,0.0,19.44,3.9,27.03,12.03,3.59,0.0
20231025:1210,0.0,21.44,4.3,26.37,12.55,3.31,0.0
20231025:1310,0.0,24.43,4.9,23.12,12.65,3.24,0.0
20231025:1410,0.0,20.44,4.1,17.65,12.26,3.66,0.0
20231025:1510,0.0,16.45,3.3,10.5,11.81,3.52,0.0
20231025:1610,0.0,1.0,0.2,2.16,11.29,3.86,0.0
20231025:1710,0.0,0.0,0.0,0.0,10.88,4.34,0.0
20231025:1810,0.0,0.0,0.0,0.0,10.61,4.69,0.0
20231025:1910,0.0,0.0,0.0,0.0,10.13,3.86,0.0
20231025:2010,0.0,0.0,0.0,0.0,9.82,3.59,0.0
20231025:2110,0.0,0.0,0.0,0.0,9.65,3.31,0.0
20231025:2210,0.0,0.0,0.0,0.0,9.3,2.9,0.0
20231025:2310,0.0,0.0,0.0,0.0,8.98,2.76,0.0
20231026:0010,0.0,0.0,0.0,0.0,8.74,2.34,0.0
20231026:0110,0.0,0.0,0.0,0.0,8.35,1.86,0.0
20231026:0210,0.0,0.0,0.0,0.0,7.67,2.21,0.0
20231026:0310,0.0,0.0,0.0,0.0,7.61,2.14,0.0
20231026:0410,0.0,0.0,0.0,0.0,7.67,1.79,0.0
20231026:0510,0.0,0.0,0.0,0.0,7.64,2.21,0.0
20231026:0610,0.0,0.0,0.0,0.0,7.47,2.55,0.0
20231026:0710,26.6,25.02,4.3,6.08,8.52,2.41,0.0
20231026:0810,2.64,37.96,7.6,13.88,9.37,2.48,0.0
20231026:0910,0.0,13.96,2.8,20.25,10.48,2.48,0.0
20231026:1010,46.95,107.72,21.0,24.68,11.35,2.62,0.0
20231026:1110,5.95,81.22,16.3,26.69,11.9,2.83,0.0
20231026:1210,0.0,25.42,5.1,26.03,12.51,3.38,0.0
20231026:1310,0.0,33.9,6.8,22.78,12.28,2.28,0.0
20231026:1410,14.2,60.07,11.9,17.33,12.23,2.69,0.0
20231026:1510,40.89,47.55,8.5,10.2,12.62,2.9,0.0
20231026:1610,0.0,1.99,0.4,1.87,12.23,3.03,0.0
20231026:1710,0.0,0.0,0.0,0.0,11.61,2.76,0.0
20231026:1810,0.0,0.0,0.0,0.0,10.89,2.69,0.0
20231026:1910,0.0,0.0,0.0,0.0,10.61,2.69,0.0
20231026:2010,0.0,0.0,0.0,0.0,10.43,2.55,0.0
20231026:2110,0.0,0.0,0.0,0.0,10.13,2.55,0.0
20231026:2210,0.0,0.0,0.0,0.0,10.17,2.48,0.0
20231026:2310,0.0,0.0,0.0,0.0,10.27,2.55,0.0
20231027:0010,0.0,0.0,0.0,0.0,10.42,2.69,0.0
20231027:0110,0.0,0.0,0.0,0.0,10.62,2.62,0.0
20231027:0210,0.0,0.0,0.0,0.0,10.73,2.62,0.0
20231027:0310,0.0,0.0,0.0,0.0,10.84,2.97,0.0
20231027:0410,0.0,0.0,0.0,0.0,11.04,3.66,0.0
20231027:0510,0.0,0.0,0.0,0.0,11.14,4.14,0.0
20231027:0610,0.0,0.0,0.0,0.0,10.92,4.14,0.0
20231027:0710,0.0,3.49,0.7,5.81,10.44,3.93,0.0
20231027:0810,0.0,31.41,6.3,13.59,10.59,3.93,0.0
20231027:0910,0.0,23.93,4.8,19.94,10.78,4.0,0.0
20231027:1010,0.0,36.89,7.4,24.35,11.0,4.41,0.0
20231027:1110,0.0,50.85,10.2,26.35,11.45,3.86,0.0
20231027:1210,130.08,145.18,27.0,25.69,12.23,4.34,0.0
20231027:1310,464.61,155.87,33.6,22.45,12.77,4.41,0.0
20231027:1410,142.74,108.65,18.9,17.02,13.14,4.34,0.0
20231027:1510,221.42,80.74,12.6,9.9,13.15,4.07,0.0
20231027:1610,0.0,2.49,0.5,1.59,12.36,3.38,0.0
20231027:1710,0.0,0.0,0.0,0.0,11.1,2.97,0.0
20231027:1810,0.0,0.0,0.0,0.0,10.36,3.24,0.0
20231027:1910,0.0,0.0,0.0,0.0,10.85,3.38,0.0
20231027:2010,0.0,0.0,0.0,0.0,10.85,3.59,0.0
20231027:2110,0.0,0.0,0.0,0.0,10.51,3.86,0.0
20231027:2210,0.0,0.0,0.0,0.0,10.1,3.66,0.0
20231027:2310,0.0,0.0,0.0,0.0,9.73,3.66,0.0
20231028:0010,0.0,0.0,0.0,0.0,9.63,4.0,0.0
20231028:0110,0.0,0.0,0.0,0.0,9.36,4.0,0.0
20231028:0210,0.0,0.0,0.0,0.0,9.14,4.07,0.0
20231028:0310,0.0,0.0,0.0,0.0,9.06,4.28,0.0
20231028:0410,0.0,0.0,0.0,0.0,9.65,4.48,0.0
20231028:0510,0.0,0.0,0.0,0.0,10.23,4.76,0.0
20231028:0610,0.0,0.0,0.0,0.0,10.39,4.83,0.0
20231028:0710,0.0,10.97,2.2,5.54,10.2,5.31,0.0
20231028:0810,52.88,64.56,11.7,13.3,10.99,6.07,0.0
20231028:0910,190.31,132.34,23.2,19.63,11.68,6.55,0.0
20231028:1010,25.28,92.57,18.3,24.03,12.45,7.03,0.0
20231028:1110,55.19,117.03,22.7,26.01,13.4,6.69,0.0
20231028:1210,10.32,84.99,17.0,25.35,14.35,6.28,0.0
20231028:1310,15.25,77.39,15.4,22.13,14.86,6.14,0.0
20231028:1410,0.0,18.94,3.8,16.71,14.92,5.59,0.0
20231028:1510,37.09,43.85,7.8,9.61,14.51,4.83,0.0
20231028:1610,0.0,1.0,0.2,1.31,13.76,4.97,0.0
20231028:1710,0.0,0.0,0.0,0.0,13.08,5.24,0.0
20231028:1810,0.0,0.0,0.0,0.0,12.92,5.52,0.0
20231028:1910,0.0,0.0,0.0,0.0,12.05,5.93,0.0
20231028:2010,0.0,0.0,0.0,0.0,12.51,6.83,0.0
20231028:2110,0.0,0.0,0.0,0.0,12.88,7.31,0.0
20231028:2210,0.0,0.0,0.0,0.0,13.04,8.07,0.0
20231028:2310,0.0,0.0,0.0,0.0,13.53,8.34,0.0
20231029:0010,0.0,0.0,0.0,0.0,14.0,8.97,0.0
20231029:0110,0.0,0.0,0.0,0.0,14.05,9.17,0.0
20231029:0210,0.0,0.0,0.0,0.0,13.94,8.76,0.0
20231029:0310,0.0,0.0,0.0,0.0,13.74,8.62,0.0
20231029:0410,0.0,0.0,0.0,0.0,13.33,8.48,0.0
20231029:0510,0.0,0.0,0.0,0.0,12.84,8.14,0.0
20231029:0610,0.0,0.0,0.0,0.0,12.28,7.31,0.0
20231029:0710,104.44,41.06,5.3,5.27,12.34,6.48,0.0
20231029:0810,182.83,97.64,15.6,13.01,12.77,6.34,0.0
20231029:0910,39.72,83.75,16.1,19.33,13.5,6.14,0.0
20231029:1010,0.0,41.38,8.3,23.7,13.7,6.28,0.0
20231029:1110,327.78,186.18,34.2,25.68,14.39,7.52,0.0
20231029:1210,0.0,38.88,7.8,25.02,14.61,6.76,0.0
20231029:1310,0.0,22.93,4.6,21.8,14.86,6.76,0.0
20231029:1410,0.0,22.43,4.5,16.41,13.91,8.83,0.0
20231029:1510,0.0,7.48,1.5,9.32,14.02,7.79,0.0
20231029:1610,0.0,0.0,0.0,0.0,13.7,7.45,0.0
20231029:1710,0.0,0.0,0.0,0.0,13.32,6.69,0.0
20231029:1810,0.0,0.0,0.0,0.0,13.03,6.34,0.0
20231029:1910,0.0,0.0,0.0,0.0,12.02,6.0,0.0
20231029:2010,0.0,0.0,0.0,0.0,11.63,5.86,0.0
20231029:2110,0.0,0.0,0.0,0.0,11.25,5.66,0.0
20231029:2210,0.0,0.0,0.0,0.0,10.96,5.72,0.0
20231029:2310,0.0,0.0,0.0,0.0,10.79,5.66,0.0
20231030:0010,0.0,0.0,0.0,0.0,10.73,5.38,0.0
20231030:0110,0.0,0.0,0.0,0.0,10.9,5.24,0.0
20231030:0210,0.0,0.0,0.0,0.0,11.01,5.03,0.0
20231030:0310,0.0,0.0,0.0,0.0,11.09,4.76,0.0
20231030:0410,0.0,0.0,0.0,0.0,10.89,4.83,0.0
20231030:0510,0.0,0.0,0.0,0.0,10.93,4.48,0.0
20231030:0610,0.0,0.0,0.0,0.0,10.5,4.14,0.0
20231030:0710,44.3,25.27,3.9,5.0,10.25,3.93,0.0
20231030:0810,17.6,46.56,9.0,12.73,10.89,3.66,0.0
20231030:0910,0.0,29.91,6.0,19.02,12.14,3.38,0.0
20231030:1010,0.0,59.82,12.0,23.38,12.9,3.1,0.0
20231030:1110,2.11,67.76,13.6,25.35,13.54,2.28,0.0
20231030:1210,0.0,29.41,5.9,24.69,13.3,0.76,0.0
20231030:1310,0.0,38.88,7.8,21.49,13.04,0.97,0.0
20231030:1410,0.0,31.41,6.3,16.1,12.81,1.31,0.0
20231030:1510,3.62,25.22,5.0,9.04,12.66,1.1,0.0
20231030:1610,0.0,0.0,0.0,0.0,12.23,0.97,0.0
20231030:1710,0.0,0.0,0.0,0.0,11.84,1.24,0.0
20231030:1810,0.0,0.0,0.0,0.0,11.43,1.38,0.0
20231030:1910,0.0,0.0,0.0,0.0,11.37,1.79,0.0
20231030:2010,0.0,0.0,0.0,0.0,11.08,3.24,0.0
20231030:2110,0.0,0.0,0.0,0.0,10.89,4.34,0.0
20231030:2210,0.0,0.0,0.0,0.0,10.51,3.93,0.0
20231030:2310,0.0,0.0,0.0,0.0,9.97,3.45,0.0
20231031:0010,0.0,0.0,0.0,0.0,9.57,3.59,0.0
20231031:0110,0.0,0.0,0.0,0.0,9.24,3.93,0.0
20231031:0210,0.0,0.0,0.0,0.0,8.94,3.93,0.0
20231031:0310,0.0,0.0,0.0,0.0,8.65,4.28,0.0
20231031:0410,0.0,0.0,0.0,0.0,8.61,4.41,0.0
20231031:0510,0.0,0.0,0.0,0.0,8.53,4.07,0.0
20231031:0610,0.0,0.0,0.0,0.0,8.51,3.86,0.0
20231031:0710,17.66,16.87,3.0,4.73,9.07,3.72,0.0
20231031:0810,0.0,30.41,6.1,12.44,9.5,4.76,0.0
20231031:0910,16.98,66.9,13.2,18.72,10.14,4.76,0.0
20231031:1010,0.0,51.35,10.3,23.06,10.93,4.62,0.0
20231031:1110,0.0,27.42,5.5,25.02,11.59,4.55,0.0
20231031:1210,0.0,31.41,6.3,24.37,12.04,4.34,0.0
20231031:1310,0.0,23.43,4.7,21.17,12.16,4.48,0.0
20231031:1410,2.64,43.45,8.7,15.81,12.24,4.28,0.0
20231031:1510,120.11,64.14,9.3,8.76,12.4,4.69,0.0
20231031:1610,0.0,0.0,0.0,0.0,12.41,4.62,0.0
20231031:1710,0.0,0.0,0.0,0.0,11.65,4.69,0.0
20231031:1810,0.0,0.0,0.0,0.0,11.57,4.55,0.0
20231031:1910,0.0,0.0,0.0,0.0,11.19,4.21,0.0
20231031:2010,0.0,0.0,0.0,0.0,11.07,4.14,0.0
20231031:2110,0.0,0.0,0.0,0.0,11.06,4.21,0.0
20231031:2210,0.0,0.0,0.0,0.0,11.1,4.14,0.0
20231031:2310,0.0,0.0,0.0,0.0,11.13,3.86,0.0
20231101:0010,0.0,0.0,0.0,0.0,11.16,3.72,0.0
20231101:0110,0.0,0.0,0.0,0.0,11.32,4.41,0.0
20231101:0210,0.0,0.0,0.0,0.0,11.73,5.38,0.0
20231101:0310,0.0,0.0,0.0,0.0,12.17,5.86,0.0
20231101:0410,0.0,0.0,0.0,0.0,12.0,5.79,0.0
20231101:0510,0.0,0.0,0.0,0.0,12.0,5.52,0.0
20231101:0610,0.0,0.0,0.0,0.0,11.84,5.31,0.0
20231101:0710,112.96,33.86,4.4,4.47,11.8,5.59,0.0
20231101:0810,222.78,97.24,15.1,12.16,12.16,5.79,0.0
20231101:0910,128.55,112.29,19.6,18.42,12.86,5.72,0.0
20231101:1010,208.77,152.95,26.9,22.75,13.61,6.34,0.0
20231101:1110,388.24,182.49,34.1,24.7,14.34,6.48,0.0
20231101:1210,50.44,106.85,20.6,24.05,14.4,5.66,0.0
20231101:1310,0.0,34.4,6.9,20.87,14.01,6.07,0.0
20231101:1410,0.0,22.93,4.6,15.52,13.42,7.31,0.0
20231101:1510,0.0,5.98,1.2,8.48,12.51,6.69,0.0
20231101:1610,0.0,0.0,0.0,0.0,12.05,6.41,0.0
20231101:1710,0.0,0.0,0.0,0.0,11.65,6.48,0.0
20231101:1810,0.0,0.0,0.0,0.0,11.11,6.14,0.0
20231101:1910,0.0,0.0,0.0,0.0,11.02,5.38,0.0
20231101:2010,0.0,0.0,0.0,0.0,10.68,5.38,0.0
20231101:2110,0.0,0.0,0.0,0.0,10.53,5.59,0.0
20231101:2210,0.0,0.0,0.0,0.0,10.25,5.72,0.0
20231101:2310,0.0,0.0,0.0,0.0,10.18,6.34,0.0
20231102:0010,0.0,0.0,0.0,0.0,10.52,7.24,0.0
20231102:0110,0.0,0.0,0.0,0.0,10.68,7.59,0.0
20231102:0210,0.0,0.0,0.0,0.0,10.29,8.41,0.0
20231102:0310,0.0,0.0,0.0,0.0,10.22,9.52,0.0
20231102:0410,0.0,0.0,0.0,0.0,10.66,10.0,0.0
20231102:0510,0.0,0.0,0.0,0.0,11.41,10.55,0.0
20231102:0610,0.0,0.0,0.0,0.0,11.61,10.41,0.0
20231102:0710,93.94,29.17,3.9,4.2,12.07,10.97,0.0
20231102:0810,133.52,82.68,12.9,11.88,12.53,11.79,0.0
20231102:0910,15.12,64.4,12.7,18.12,13.08,12.76,0.0
20231102:1010,25.09,86.48,17.0,22.43,13.1,13.31,0.0
20231102:1110,44.02,105.83,20.5,24.38,12.89,12.41,0.0
20231102:1210,0.0,57.83,11.6,23.73,12.71,12.69,0.0
20231102:1310,4.74,61.96,12.4,20.56,12.2,11.03,0.0
20231102:1410,27.57,61.72,11.8,15.23,11.43,12.21,0.0
20231102:1510,8.08,25.84,5.0,8.21,10.85,11.93,0.0
20231102:1610,0.0,0.0,0.0,0.0,10.21,11.59,0.0
20231102:1710,0.0,0.0,0.0,0.0,9.76,11.17,0.0
20231102:1810,0.0,0.0,0.0,0.0,9.58,10.62,0.0
20231102:1910,0.0,0.0,0.0,0.0,9.07,10.0,0.0
20231102:2010,0.0,0.0,0.0,0.0,8.27,9.66,0.0
20231102:2110,0.0,0.0,0.0,0.0,8.11,9.24,0.0
20231102:2210,0.0,0.0,0.0,0.0,8.07,8.76,0.0
20231102:2310,0.0,0.0,0.0,0.0,7.99,8.41,0.0
20231103:0010,0.0,0.0,0.0,0.0,8.14,8.0,0.0
20231103:0110,0.0,0.0,0.0,0.0,8.21,7.66,0.0
20231103:0210,0.0,0.0,0.0,0.0,8.29,7.38,0.0
20231103:0310,0.0,0.0,0.0,0.0,8.38,7.1,0.0
20231103:0410,0.0,0.0,0.0,0.0,8.39,6.76,0.0
20231103:0510,0.0,0.0,0.0,0.0,8.3,6.41,0.0
20231103:0610,0.0,0.0,0.0,0.0,8.27,6.21,0.0
20231103:0710,100.79,29.15,3.8,3.94,7.67,6.34,0.0
20231103:0810,42.48,53.63,9.6,11.6,7.9,6.41,0.0
20231103:0910,159.2,120.09,20.2,17.83,8.26,6.07,0.0
20231103:1010,560.72,154.49,34.6,22.12,8.81,6.41,0.0
20231103:1110,402.1,185.22,33.9,24.06,9.51,6.55,0.0
20231103:1210,280.24,173.48,30.1,23.42,10.14,6.55,0.0
20231103:1310,212.28,144.42,24.5,20.26,10.66,6.62,0.0
20231103:1410,366.34,123.19,21.4,14.95,10.69,6.28,0.0
20231103:1510,71.29,48.21,7.3,7.95,10.62,6.0,0.0
20231103:1610,0.0,0.0,0.0,0.0,10.11,5.72,0.0
20231103:1710,0.0,0.0,0.0,0.0,9.63,5.59,0.0
20231103:1810,0.0,0.0,0.0,0.0,9.29,5.52,0.0
20231103:1910,0.0,0.0,0.0,0.0,8.34,5.93,0.0
20231103:2010,0.0,0.0,0.0,0.0,8.0,5.86,0.0
20231103:2110,0.0,0.0,0.0,0.0,7.61,5.93,0.0
20231103:2210,0.0,0.0,0.0,0.0,7.47,6.07,0.0
20231103:2310,0.0,0.0,0.0,0.0,7.55,6.21,0.0
20231104:0010,0.0,0.0,0.0,0.0,7.9,6.28,0.0
20231104:0110,0.0,0.0,0.0,0.0,8.09,6.0,0.0
20231104:0210,0.0,0.0,0.0,0.0,8.06,5.52,0.0
20231104:0310,0.0,0.0,0.0,0.0,7.99,5.1,0.0
20231104:0410,0.0,0.0,0.0,0.0,7.73,4.97,0.0
20231104:0510,0.0,0.0,0.0,0.0,7.86,5.17,0.0
20231104:0610,0.0,0.0,0.0,0.0,7.84,5.24,0.0
20231104:0710,0.0,7.98,1.6,3.68,8.34,5.52,0.0
20231104:0810,0.0,14.95,3.0,11.32,9.08,6.21,0.0
20231104:0910,0.0,30.91,6.2,17.53,9.52,6.41,0.0
20231104:1010,0.0,26.92,5.4,21.82,9.13,6.69,0.0
20231104:1110,0.0,29.91,6.0,23.75,8.95,7.59,0.0
20231104:1210,0.0,38.38,7.7,23.11,8.94,8.28,0.0
20231104:1310,0.0,25.92,5.2,19.97,9.47,7.79,0.0
20231104:1410,267.85,120.21,19.1,14.67,10.33,6.76,0.0
20231104:1510,265.63,75.23,10.1,7.69,11.28,6.21,0.0
20231104:1610,0.0,0.0,0.0,0.0,10.91,6.07,0.0
20231104:1710,0.0,0.0,0.0,0.0,10.21,6.0,0.0
20231104:1810,0.0,0.0,0.0,0.0,10.04,6.14,0.0
20231104:1910,0.0,0.0,0.0,0.0,10.46,6.07,0.0
20231104:2010,0.0,0.0,0.0,0.0,10.14,6.21,0.0
20231104:2110,0.0,0.0,0.0,0.0,9.88,6.28,0.0
20231104:2210,0.0,0.0,0.0,0.0,9.59,6.14,0.0
20231104:2310,0.0,0.0,0.0,0.0,9.61,6.07,0.0
20231105:0010,0.0,0.0,0.0,0.0,9.67,5.79,0.0
20231105:0110,0.0,0.0,0.0,0.0,9.71,5.93,0.0
20231105:0210,0.0,0.0,0.0,0.0,9.97,6.0,0.0
20231105:0310,0.0,0.0,0.0,0.0,9.58,5.38,0.0
20231105:0410,0.0,0.0,0.0,0.0,9.35,4.9,0.0
20231105:0510,0.0,0.0,0.0,0.0,9.46,4.76,0.0
20231105:0610,0.0,0.0,0.0,0.0,9.19,4.9,0.0
20231105:0710,0.0,1.5,0.3,3.41,9.69,5.86,0.0
20231105:0810,48.36,53.32,9.3,11.05,9.83,6.34,0.0
20231105:0910,0.0,26.42,5.3,17.24,10.23,6.07,0.0
20231105:1010,0.0,51.84,10.4,21.52,10.97,5.86,0.0
20231105:1110,0.0,40.88,8.2,23.44,10.83,7.24,0.0
20231105:1210,0.0,29.41,5.9,22.81,10.72,7.38,0.0
20231105:1310,114.77,115.23,20.3,19.68,10.92,7.38,0.0
20231105:1410,144.23,99.11,15.9,14.4,11.64,7.59,0.0
20231105:1510,63.33,42.98,6.5,7.44,11.8,7.03,0.0
20231105:1610,0.0,0.0,0.0,0.0,11.27,6.55,0.0
20231105:1710,0.0,0.0,0.0,0.0,10.75,6.21,0.0
20231105:1810,0.0,0.0,0.0,0.0,10.34,6.21,0.0
20231105:1910,0.0,0.0,0.0,0.0,9.78,6.34,0.0
20231105:2010,0.0,0.0,0.0,0.0,9.72,6.34,0.0
20231105:2110,0.0,0.0,0.0,0.0,9.67,6.28,0.0
20231105:2210,0.0,0.0,0.0,0.0,9.55,6.28,0.0
20231105:2310,0.0,0.0,0.0,0.0,9.54,6.55,0.0
20231106:0010,0.0,0.0,0.0,0.0,9.47,6.69,0.0
20231106:0110,0.0,0.0,0.0,0.0,9.4,6.55,0.0
20231106:0210,0.0,0.0,0.0,0.0,9.26,6.48,0.0
20231106:0310,0.0,0.0,0.0,0.0,9.14,6.62,0.0
20231106:0410,0.0,0.0,0.0,0.0,8.98,6.69,0.0
20231106:0510,0.0,0.0,0.0,0.0,8.84,6.48,0.0
20231106:0610,0.0,0.0,0.0,0.0,8.57,6.41,0.0
20231106:0710,72.98,18.28,2.6,3.16,8.52,6.55,0.0
20231106:0810,255.82,96.94,13.9,10.77,8.77,6.76,0.0
20231106:0910,369.74,138.97,23.8,16.95,9.5,6.55,0.0
20231106:1010,454.27,166.69,31.1,21.22,10.33,8.48,0.0
20231106:1110,319.78,176.92,30.5,23.14,11.1,8.76,0.0
20231106:1210,0.0,33.4,6.7,22.51,11.65,7.86,0.0
20231106:1310,43.13,85.32,16.2,19.39,11.68,7.52,0.0
20231106:1410,0.0,9.47,1.9,14.13,11.28,6.0,0.0
20231106:1510,18.81,27.2,4.9,7.19,10.75,5.24,0.0
20231106:1610,0.0,0.0,0.0,0.0,10.1,4.9,0.0
20231106:1710,0.0,0.0,0.0,0.0,9.65,4.62,0.0
20231106:1810,0.0,0.0,0.0,0.0,9.27,4.55,0.0
20231106:1910,0.0,0.0,0.0,0.0,8.88,4.41,0.0
20231106:2010,0.0,0.0,0.0,0.0,8.71,4.69,0.0
20231106:2110,0.0,0.0,0.0,0.0,8.49,4.76,0.0
20231106:2210,0.0,0.0,0.0,0.0,8.33,4.76,0.0
20231106:2310,0.0,0.0,0.0,0.0,8.51,4.83,0.0
20231107:0010,0.0,0.0,0.0,0.0,8.3,4.69,0.0
20231107:0110,0.0,0.0,0.0,0.0,8.03,4.62,0.0
20231107:0210,0.0,0.0,0.0,0.0,7.78,4.41,0.0
20231107:0310,0.0,0.0,0.0,0.0,7.63,4.41,0.0
20231107:0410,0.0,0.0,0.0,0.0,7.36,4.55,0.0
20231107:0510,0.0,0.0,0.0,0.0,7.68,4.9,0.0
20231107:0610,0.0,0.0,0.0,0.0,7.94,5.03,0.0
20231107:0710,39.92,12.5,2.0,2.9,7.44,4.69,0.0
20231107:0810,43.87,50.02,8.7,10.5,7.87,4.97,0.0
20231107:0910,0.0,43.37,8.7,16.67,8.24,6.0,0.0
20231107:1010,148.06,132.55,22.9,20.92,9.05,6.9,0.0
20231107:1110,217.88,159.05,27.2,22.84,9.65,6.48,0.0
20231107:1210,23.99,85.14,16.7,22.22,10.2,6.55,0.0
20231107:1310,90.29,104.76,18.7,19.11,10.53,6.28,0.0
20231107:1410,89.15,81.02,13.6,13.87,10.56,5.79,0.0
20231107:1510,234.63,70.51,8.6,6.95,10.39,5.38,0.0
20231107:1610,0.0,0.0,0.0,0.0,9.78,5.1,0.0
20231107:1710,0.0,0.0,0.0,0.0,9.33,5.17,0.0
20231107:1810,0.0,0.0,0.0,0.0,9.2,5.24,0.0
20231107:1910,0.0,0.0,0.0,0.0,8.67,5.31,0.0
20231107:2010,0.0,0.0,0.0,0.0,8.21,5.24,0.0
20231107:2110,0.0,0.0,0.0,0.0,8.23,5.17,0.0
20231107:2210,0.0,0.0,0.0,0.0,8.23,5.17,0.0
20231107:2310,0.0,0.0,0.0,0.0,8.04,5.03,0.0
20231108:0010,0.0,0.0,0.0,0.0,7.98,5.03,0.0
20231108:0110,0.0,0.0,0.0,0.0,7.7,5.03,0.0
20231108:0210,0.0,0.0,0.0,0.0,7.3,5.03,0.0
20231108:0310,0.0,0.0,0.0,0.0,7.23,4.9,0.0
20231108:0410,0.0,0.0,0.0,0.0,7.31,4.76,0.0
20231108:0510,0.0,0.0,0.0,0.0,7.16,4.83,0.0
20231108:0610,0.0,0.0,0.0,0.0,6.93,4.83,0.0
20231108:0710,0.0,4.63,1.3,2.64,7.04,4.97,0.0
20231108:0810,142.99,77.4,11.1,10.24,7.45,5.24,0.0
20231108:0910,302.23,134.45,21.6,16.39,8.3,5.17,0.0
20231108:1010,428.62,163.87,29.5,20.63,9.45,6.28,0.0
20231108:1110,4.81,65.93,13.2,22.55,10.39,6.83,0.0
20231108:1210,0.0,45.36,9.1,21.93,10.97,6.97,0.0
20231108:1310,49.83,85.35,16.0,18.84,10.91,7.17,0.0
20231108:1410,15.71,47.41,9.2,13.62,10.73,7.79,0.0
20231108:1510,10.17,21.27,4.0,6.71,10.74,7.93,0.0
20231108:1610,0.0,0.0,0.0,0.0,10.84,7.86,0.0
20231108:1710,0.0,0.0,0.0,0.0,10.6,7.79,0.0
20231108:1810,0.0,0.0,0.0,0.0,10.28,7.72,0.0
20231108:1910,0.0,0.0,0.0,0.0,10.56,7.66,0.0
20231108:2010,0.0,0.0,0.0,0.0,10.56,7.72,0.0
20231108:2110,0.0,0.0,0.0,0.0,10.75,7.86,0.0
20231108:2210,0.0,0.0,0.0,0.0,10.79,7.93,0.0
20231108:2310,0.0,0.0,0.0,0.0,10.7,7.79,0.0
20231109:0010,0.0,0.0,0.0,0.0,10.68,7.45,0.0
20231109:0110,0.0,0.0,0.0,0.0,10.79,6.9,0.0
20231109:0210,0.0,0.0,0.0,0.0,10.77,6.0,0.0
20231109:0310,0.0,0.0,0.0,0.0,10.54,5.1,0.0
20231109:0410,0.0,0.0,0.0,0.0,10.28,4.34,0.0
20231109:0510,0.0,0.0,0.0,0.0,10.03,3.79,0.0
20231109:0610,0.0,0.0,0.0,0.0,9.75,3.59,0.0
20231109:0710,0.0,2.49,0.7,2.39,8.58,3.03,0.0
20231109:0810,244.06,91.64,12.5,9.97,8.52,2.76,0.0
20231109:0910,14.4,56.13,11.0,16.11,9.26,2.9,0.0
20231109:1010,104.38,114.35,20.3,20.34,10.22,4.9,0.0
20231109:1110,97.5,120.32,21.8,22.26,10.71,5.52,0.0
20231109:1210,39.52,91.6,17.6,21.64,11.12,6.14,0.0
20231109:1310,0.0,14.46,2.9,18.57,10.78,5.45,0.0
20231109:1410,0.0,10.47,2.1,13.37,10.11,6.41,0.0
20231109:1510,100.49,48.41,6.2,6.48,9.96,6.28,0.0
20231109:1610,0.0,0.0,0.0,0.0,8.91,6.28,0.0
20231109:1710,0.0,0.0,0.0,0.0,8.35,5.66,0.0
20231109:1810,0.0,0.0,0.0,0.0,8.04,5.52,0.0
20231109:1910,0.0,0.0,0.0,0.0,7.95,5.72,0.0
20231109:2010,0.0,0.0,0.0,0.0,7.69,5.86,0.0
20231109:2110,0.0,0.0,0.0,0.0,7.44,5.79,0.0
20231109:2210,0.0,0.0,0.0,0.0,7.4,5.93,0.0
20231109:2310,0.0,0.0,0.0,0.0,7.39,6.14,0.0
20231110:0010,0.0,0.0,0.0,0.0,7.46,6.28,0.0
20231110:0110,0.0,0.0,0.0,0.0,7.55,6.41,0.0
20231110:0210,0.0,0.0,0.0,0.0,7.45,6.34,0.0
20231110:0310,0.0,0.0,0.0,0.0,7.37,6.0,0.0
20231110:0410,0.0,0.0,0.0,0.0,7.03,5.72,0.0
20231110:0510,0.0,0.0,0.0,0.0,6.75,5.72,0.0
20231110:0610,0.0,0.0,0.0,0.0,6.44,5.86,0.0
20231110:0710,0.0,0.71,0.2,2.14,6.07,6.14,0.0
20231110:0810,0.0,20.44,4.1,9.71,6.67,6.48,0.0
20231110:0910,0.0,21.93,4.4,15.83,7.55,6.28,0.0
20231110:1010,15.51,71.52,14.1,20.06,8.11,6.07,0.0
20231110:1110,0.0,41.87,8.4,21.97,8.76,7.59,0.0
20231110:1210,117.79,124.81,22.0,21.37,9.53,8.28,0.0
20231110:1310,0.0,36.39,7.3,18.31,9.98,6.21,0.0
20231110:1410,3.28,35.6,7.1,13.12,10.06,5.59,0.0
20231110:1510,0.0,12.96,2.6,6.25,9.66,4.48,0.0
20231110:1610,0.0,0.0,0.0,0.0,9.02,3.93,0.0
20231110:1710,0.0,0.0,0.0,0.0,8.43,3.38,0.0
20231110:1810,0.0,0.0,0.0,0.0,8.17,2.83,0.0
20231110:1910,0.0,0.0,0.0,0.0,7.63,3.38,0.0
20231110:2010,0.0,0.0,0.0,0.0,7.57,4.83,0.0
20231110:2110,0.0,0.0,0.0,0.0,7.37,3.86,0.0
20231110:2210,0.0,0.0,0.0,0.0,7.14,4.0,0.0
20231110:2310,0.0,0.0,0.0,0.0,6.98,4.34,0.0
20231111:0010,0.0,0.0,0.0,0.0,6.63,4.34,0.0
20231111:0110,0.0,0.0,0.0,0.0,6.43,4.14,0.0
20231111:0210,0.0,0.0,0.0,0.0,6.1,3.86,0.0
20231111:0310,0.0,0.0,0.0,0.0,5.51,3.79,0.0
20231111:0410,0.0,0.0,0.0,0.0,5.1,4.07,0.0
20231111:0510,0.0,0.0,0.0,0.0,5.04,4.07,0.0
20231111:0610,0.0,0.0,0.0,0.0,4.65,3.86,0.0
20231111:0710,0.0,2.85,0.8,1.89,4.23,3.79,0.0
20231111:0810,238.4,90.56,11.8,9.44,4.83,3.86,0.0
20231111:0910,0.0,14.95,3.0,15.56,5.96,3.72,0.0
20231111:1010,2.63,54.42,10.9,19.78,7.43,4.9,0.0
20231111:1110,22.57,82.18,16.1,21.69,8.38,4.41,0.0
20231111:1210,2.54,58.39,11.7,21.09,9.04,4.07,0.0
20231111:1310,0.0,15.95,3.2,18.05,9.34,4.0,0.0
20231111:1410,0.0,8.47,1.7,12.88,9.46,3.93,0.0
20231111:1510,177.66,62.43,6.8,6.03,8.98,3.52,0.0
20231111:1610,0.0,0.0,0.0,0.0,8.05,2.83,0.0
20231111:1710,0.0,0.0,0.0,0.0,6.84,2.34,0.0
20231111:1810,0.0,0.0,0.0,0.0,6.05,2.21,0.0
20231111:1910,0.0,0.0,0.0,0.0,5.54,2.21,0.0
20231111:2010,0.0,0.0,0.0,0.0,4.99,2.34,0.0
20231111:2110,0.0,0.0,0.0,0.0,4.47,2.55,0.0
20231111:2210,0.0,0.0,0.0,0.0,4.13,2.41,0.0
20231111:2310,0.0,0.0,0.0,0.0,3.98,2.34,0.0
20231112:0010,0.0,0.0,0.0,0.0,3.55,2.48,0.0
20231112:0110,0.0,0.0,0.0,0.0,3.36,2.34,0.0
20231112:0210,0.0,0.0,0.0,0.0,3.21,2.21,0.0
20231112:0310,0.0,0.0,0.0,0.0,3.54,2.21,0.0
20231112:0410,0.0,0.0,0.0,0.0,3.76,2.21,0.0
20231112:0510,0.0,0.0,0.0,0.0,4.01,2.28,0.0
20231112:0610,0.0,0.0,0.0,0.0,4.52,2.28,0.0
20231112:0710,0.0,0.71,0.2,1.64,4.75,2.41,0.0
20231112:0810,0.0,21.93,4.4,9.19,5.55,3.31,0.0
20231112:0910,27.44,61.65,11.7,15.29,6.33,3.38,0.0
20231112:1010,584.02,146.53,30.7,19.5,7.35,2.97,0.0
20231112:1110,139.89,132.67,22.9,21.41,8.22,2.55,0.0
20231112:1210,0.0,32.9,6.6,20.82,8.77,1.93,0.0
20231112:1310,0.0,16.45,3.3,17.8,9.09,1.59,0.0
20231112:1410,0.0,8.47,1.7,12.65,9.16,1.66,0.0
20231112:1510,0.0,2.99,0.6,5.81,8.89,1.31,0.0
20231112:1610,0.0,0.0,0.0,0.0,8.08,1.72,0.0
20231112:1710,0.0,0.0,0.0,0.0,7.3,2.07,0.0
20231112:1810,0.0,0.0,0.0,0.0,6.91,2.41,0.0
20231112:1910,0.0,0.0,0.0,0.0,7.11,2.97,0.0
20231112:2010,0.0,0.0,0.0,0.0,6.94,3.03,0.0
20231112:2110,0.0,0.0,0.0,0.0,6.67,2.62,0.0
20231112:2210,0.0,0.0,0.0,0.0,6.7,2.48,0.0
20231112:2310,0.0,0.0,0.0,0.0,7.3,2.21,0.0
20231113:0010,0.0,0.0,0.0,0.0,8.05,2.34,0.0
20231113:0110,0.0,0.0,0.0,0.0,8.97,2.76,0.0
20231113:0210,0.0,0.0,0.0,0.0,9.95,3.86,0.0
20231113:0310,0.0,0.0,0.0,0.0,10.38,4.55,0.0
20231113:0410,0.0,0.0,0.0,0.0,10.36,4.34,0.0
20231113:0510,0.0,0.0,0.0,0.0,10.25,4.48,0.0
20231113:0610,0.0,0.0,0.0,0.0,10.18,4.28,0.0
20231113:0710,0.0,0.36,0.1,1.4,10.21,4.83,0.0
20231113:0810,0.0,10.47,2.1,8.93,10.8,5.66,0.0
20231113:0910,0.0,18.94,3.8,15.03,12.25,6.55,0.0
20231113:1010,0.0,20.94,4.2,19.23,13.5,7.03,0.0
20231113:1110,0.0,19.94,4.0,21.14,14.22,7.86,0.0
20231113:1210,0.0,28.91,5.8,20.56,14.69,8.62,0.0
20231113:1310,0.0,19.44,3.9,17.55,15.09,8.41,0.0
20231113:1410,0.0,8.47,1.7,12.42,14.87,8.9,0.0
20231113:1510,149.21,53.11,5.8,5.61,13.86,8.41,0.0
20231113:1610,0.0,0.0,0.0,0.0,13.1,7.59,0.0
20231113:1710,0.0,0.0,0.0,0.0,12.06,7.03,0.0
20231113:1810,0.0,0.0,0.0,0.0,11.43,7.03,0.0
20231113:1910,0.0,0.0,0.0,0.0,11.16,7.52,0.0
20231113:2010,0.0,0.0,0.0,0.0,11.01,7.45,0.0
20231113:2110,0.0,0.0,0.0,0.0,10.9,7.52,0.0
20231113:2210,0.0,0.0,0.0,0.0,10.92,7.59,0.0
20231113:2310,0.0,0.0,0.0,0.0,10.94,7.66,0.0
20231114:0010,0.0,0.0,0.0,0.0,10.96,7.66,0.0
20231114:0110,0.0,0.0,0.0,0.0,10.98,7.45,0.0
20231114:0210,0.0,0.0,0.0,0.0,10.99,7.59,0.0
20231114:0310,0.0,0.0,0.0,0.0,10.88,7.52,0.0
20231114:0410,0.0,0.0,0.0,0.0,10.85,7.24,0.0
20231114:0510,0.0,0.0,0.0,0.0,11.08,7.1,0.0
20231114:0610,0.0,0.0,0.0,0.0,10.85,7.1,0.0
20231114:0710,0.0,0.0,0.0,0.0,11.13,6.9,0.0
20231114:0810,27.02,35.57,6.3,8.68,11.32,6.9,0.0
20231114:0910,9.5,46.15,9.1,14.76,11.55,6.76,0.0
20231114:1010,0.0,16.45,3.3,18.96,11.59,6.76,0.0
20231114:1110,0.0,23.93,4.8,20.88,11.44,6.76,0.0
20231114:1210,0.0,21.93,4.4,20.3,11.29,6.34,0.0
20231114:1310,0.0,19.44,3.9,17.31,11.56,5.31,0.0
20231114:1410,0.0,13.96,2.8,12.2,11.47,5.31,0.0
20231114:1510,0.0,2.99,0.6,5.4,11.49,5.93,0.0
20231114:1610,0.0,0.0,0.0,0.0,11.38,8.14,0.0
20231114:1710,0.0,0.0,0.0,0.0,10.52,8.48,0.0
20231114:1810,0.0,0.0,0.0,0.0,9.93,6.41,0.0
20231114:1910,0.0,0.0,0.0,0.0,9.7,6.07,0.0
20231114:2010,0.0,0.0,0.0,0.0,9.82,5.66,0.0
20231114:2110,0.0,0.0,0.0,0.0,9.83,5.38,0.0
20231114:2210,0.0,0.0,0.0,0.0,9.44,5.24,0.0
20231114:2310,0.0,0.0,0.0,0.0,9.44,5.31,0.0
20231115:0010,0.0,0.0,0.0,0.0,9.2,5.03,0.0
20231115:0110,0.0,0.0,0.0,0.0,9.04,4.83,0.0
20231115:0210,0.0,0.0,0.0,0.0,8.81,4.69,0.0
20231115:0310,0.0,0.0,0.0,0.0,8.81,4.76,0.0
20231115:0410,0.0,0.0,0.0,0.0,9.11,4.76,0.0
20231115:0510,0.0,0.0,0.0,0.0,9.26,4.76,0.0
20231115:0610,0.0,0.0,0.0,0.0,9.03,4.62,0.0
20231115:0710,0.0,0.0,0.0,0.0,8.95,4.76,0.0
20231115:0810,329.83,88.51,11.4,8.43,9.15,4.9,0.0
20231115:0910,0.0,36.89,7.4,14.51,9.87,4.62,0.0
20231115:1010,2.79,51.46,10.3,18.7,10.59,5.17,0.0
20231115:1110,220.05,151.26,24.6,20.62,11.41,5.52,0.0
20231115:1210,2.69,55.94,11.2,20.05,11.89,5.52,0.0
20231115:1310,507.69,143.21,25.9,17.07,11.65,5.72,0.0
20231115:1410,32.77,51.12,9.3,11.98,10.91,5.17,0.0
20231115:1510,67.51,33.31,4.4,5.21,10.69,4.69,0.0
20231115:1610,0.0,0.0,0.0,0.0,9.9,4.48,0.0
20231115:1710,0.0,0.0,0.0,0.0,9.18,4.28,0.0
20231115:1810,0.0,0.0,0.0,0.0,8.5,4.21,0.0
20231115:1910,0.0,0.0,0.0,0.0,8.26,4.21,0.0
20231115:2010,0.0,0.0,0.0,0.0,7.77,4.21,0.0
20231115:2110,0.0,0.0,0.0,0.0,7.34,4.07,0.0
20231115:2210,0.0,0.0,0.0,0.0,6.95,3.93,0.0
20231115:2310,0.0,0.0,0.0,0.0,6.65,3.66,0.0
20231116:0010,0.0,0.0,0.0,0.0,6.56,3.38,0.0
20231116:0110,0.0,0.0,0.0,0.0,6.34,3.1,0.0
20231116:0210,0.0,0.0,0.0,0.0,6.21,2.83,0.0
20231116:0310,0.0,0.0,0.0,0.0,5.98,2.69,0.0
20231116:0410,0.0,0.0,0.0,0.0,5.73,2.62,0.0
20231116:0510,0.0,0.0,0.0,0.0,5.5,2.41,0.0
20231116:0610,0.0,0.0,0.0,0.0,5.36,2.07,0.0
20231116:0710,0.0,0.0,0.0,0.0,4.92,1.93,0.0
20231116:0810,0.0,7.98,1.6,8.19,5.43,2.0,0.0
20231116:0910,0.0,25.42,5.1,14.25,6.47,2.14,0.0
20231116:1010,0.0,23.43,4.7,18.44,7.28,1.93,0.0
20231116:1110,0.0,38.88,7.8,20.36,7.61,2.14,0.0
20231116:1210,0.0,13.96,2.8,19.81,7.85,2.83,0.0
20231116:1310,0.0,11.47,2.3,16.85,8.09,2.9,0.0
20231116:1410,0.0,7.48,1.5,11.77,8.08,3.17,0.0
20231116:1510,0.0,6.48,1.3,5.01,7.82,3.45,0.0
20231116:1610,0.0,0.0,0.0,0.0,7.47,3.31,0.0
20231116:1710,0.0,0.0,0.0,0.0,7.23,3.17,0.0
20231116:1810,0.0,0.0,0.0,0.0,6.95,2.9,0.0
20231116:1910,0.0,0.0,0.0,0.0,6.75,2.69,0.0
20231116:2010,0.0,0.0,0.0,0.0,6.48,2.34,0.0
20231116:2110,0.0,0.0,0.0,0.0,6.18,2.07,0.0
20231116:2210,0.0,0.0,0.0,0.0,5.9,1.86,0.0
20231116:2310,0.0,0.0,0.0,0.0,5.61,1.72,0.0
20231117:0010,0.0,0.0,0.0,0.0,5.48,1.79,0.0
20231117:0110,0.0,0.0,0.0,0.0,5.62,2.0,0.0
20231117:0210,0.0,0.0,0.0,0.0,5.81,2.21,0.0
20231117:0310,0.0,0.0,0.0,0.0,5.9,2.34,0.0
20231117:0410,0.0,0.0,0.0,0.0,5.95,2.62,0.0
20231117:0510,0.0,0.0,0.0,0.0,6.18,3.03,0.0
20231117:0610,0.0,0.0,0.0,0.0,6.42,3.17,0.0
20231117:0710,0.0,0.0,0.0,0.0,6.3,2.97,0.0
20231117:0810,0.0,4.49,0.9,7.94,6.41,2.9,0.0
20231117:0910,244.78,119.74,17.3,14.0,6.84,2.76,0.0
20231117:1010,77.64,95.89,17.0,18.19,7.66,3.45,0.0
20231117:1110,70.82,101.87,18.5,20.11,8.41,3.31,0.0
20231117:1210,168.57,132.71,21.8,19.57,9.03,3.31,0.0
20231117:1310,30.26,68.05,12.9,16.62,9.37,3.45,0.0
20231117:1410,41.71,52.77,9.3,11.57,9.37,2.97,0.0
20231117:1510,0.0,2.49,0.5,4.83,8.82,2.55,0.0
20231117:1610,0.0,0.0,0.0,0.0,7.56,2.28,0.0
20231117:1710,0.0,0.0,0.0,0.0,6.46,2.28,0.0
20231117:1810,0.0,0.0,0.0,0.0,5.71,2.21,0.0
20231117:1910,0.0,0.0,0.0,0.0,4.94,2.21,0.0
20231117:2010,0.0,0.0,0.0,0.0,4.48,2.21,0.0
20231117:2110,0.0,0.0,0.0,0.0,4.33,2.14,0.0
20231117:2210,0.0,0.0,0.0,0.0,4.29,2.21,0.0
20231117:2310,0.0,0.0,0.0,0.0,4.37,2.28,0.0
20231118:0010,0.0,0.0,0.0,0.0,4.78,2.41,0.0
20231118:0110,0.0,0.0,0.0,0.0,5.05,2.62,0.0
20231118:0210,0.0,0.0,0.0,0.0,5.37,2.76,0.0
20231118:0310,0.0,0.0,0.0,0.0,5.75,2.9,0.0
20231118:0410,0.0,0.0,0.0,0.0,6.08,3.1,0.0
20231118:0510,0.0,0.0,0.0,0.0,6.37,3.31,0.0
20231118:0610,0.0,0.0,0.0,0.0,6.57,3.59,0.0
20231118:0710,0.0,0.0,0.0,0.0,6.81,4.41,0.0
20231118:0810,0.0,10.47,2.1,7.71,7.25,4.48,0.0
20231118:0910,0.0,24.92,5.0,13.76,7.52,4.83,0.0
20231118:1010,0.0,32.9,6.6,17.94,7.94,5.38,0.0
20231118:1110,0.0,21.44,4.3,19.86,8.32,6.14,0.0
20231118:1210,0.0,28.41,5.7,19.33,8.59,6.9,0.0
20231118:1310,0.0,14.46,2.9,16.4,9.0,7.31,0.0
20231118:1410,0.0,12.46,2.5,11.37,9.42,7.38,0.0
20231118:1510,0.0,4.49,0.9,4.65,9.79,7.1,0.0
20231118:1610,0.0,0.0,0.0,0.0,10.12,6.83,0.0
20231118:1710,0.0,0.0,0.0,0.0,10.71,6.69,0.0
20231118:1810,0.0,0.0,0.0,0.0,11.42,6.48,0.0
20231118:1910,0.0,0.0,0.0,0.0,12.08,5.93,0.0
20231118:2010,0.0,0.0,0.0,0.0,12.6,5.86,0.0
20231118:2110,0.0,0.0,0.0,0.0,12.97,5.93,0.0
20231118:2210,0.0,0.0,0.0,0.0,13.27,6.21,0.0
20231118:2310,0.0,0.0,0.0,0.0,13.43,6.55,0.0
20231119:0010,0.0,0.0,0.0,0.0,13.45,6.76,0.0
20231119:0110,0.0,0.0,0.0,0.0,13.28,6.83,0.0
20231119:0210,0.0,0.0,0.0,0.0,13.13,6.69,0.0
20231119:0310,0.0,0.0,0.0,0.0,12.71,7.17,0.0
20231119:0410,0.0,0.0,0.0,0.0,12.22,6.55,0.0
20231119:0510,0.0,0.0,0.0,0.0,11.68,6.28,0.0
20231119:0610,0.0,0.0,0.0,0.0,11.5,6.34,0.0
20231119:0710,0.0,0.0,0.0,0.0,10.85,6.14,0.0
20231119:0810,200.61,74.14,8.5,7.47,10.8,6.14,0.0
20231119:0910,100.97,82.26,13.2,13.52,11.36,6.55,0.0
20231119:1010,464.89,152.04,25.6,17.69,11.75,6.9,0.0
20231119:1110,72.71,98.49,17.8,19.62,12.23,6.55,0.0
20231119:1210,255.36,148.94,23.4,19.11,12.56,6.34,0.0
20231119:1310,3.12,47.08,9.4,16.19,12.84,6.48,0.0
20231119:1410,0.0,17.45,3.5,11.18,12.81,7.93,0.0
20231119:1510,87.7,30.27,3.8,4.48,12.53,7.38,0.0
20231119:1610,0.0,0.0,0.0,0.0,12.08,7.24,0.0
20231119:1710,0.0,0.0,0.0,0.0,11.92,7.45,0.0
20231119:1810,0.0,0.0,0.0,0.0,11.85,7.59,0.0
20231119:1910,0.0,0.0,0.0,0.0,11.47,7.59,0.0
20231119:2010,0.0,0.0,0.0,0.0,11.44,7.45,0.0
20231119:2110,0.0,0.0,0.0,0.0,11.41,7.24,0.0
20231119:2210,0.0,0.0,0.0,0.0,11.45,7.1,0.0
20231119:2310,0.0,0.0,0.0,0.0,11.38,6.97,0.0
20231120:0010,0.0,0.0,0.0,0.0,11.15,6.83,0.0
20231120:0110,0.0,0.0,0.0,0.0,10.92,6.62,0.0
20231120:0210,0.0,0.0,0.0,0.0,10.68,6.34,0.0
20231120:0310,0.0,0.0,0.0,0.0,10.21,5.93,0.0
20231120:0410,0.0,0.0,0.0,0.0,9.88,5.66,0.0
20231120:0510,0.0,0.0,0.0,0.0,9.62,5.45,0.0
20231120:0610,0.0,0.0,0.0,0.0,9.36,5.38,0.0
20231120:0710,0.0,0.0,0.0,0.0,9.37,5.17,0.0
20231120:0810,16.37,25.36,4.6,7.24,9.41,5.17,0.0
20231120:0910,60.3,67.42,11.6,13.28,9.52,5.24,0.0
20231120:1010,60.08,85.37,15.4,17.46,10.23,4.9,0.0
20231120:1110,130.3,119.22,20.1,19.39,10.7,5.24,0.0
20231120:1210,0.0,32.9,6.6,18.88,10.71,4.97,0.0
20231120:1310,0.0,36.39,7.3,15.99,10.45,4.14,0.0
20231120:1410,0.0,11.96,2.4,10.99,9.89,3.93,0.0
20231120:1510,0.0,2.49,0.5,4.31,9.55,3.52,0.0
20231120:1610,0.0,0.0,0.0,0.0,9.2,2.83,0.0
20231120:1710,0.0,0.0,0.0,0.0,9.05,1.52,0.0
20231120:1810,0.0,0.0,0.0,0.0,8.72,0.9,0.0
20231120:1910,0.0,0.0,0.0,0.0,8.2,2.21,0.0
20231120:2010,0.0,0.0,0.0,0.0,7.71,2.41,0.0
20231120:2110,0.0,0.0,0.0,0.0,7.33,2.28,0.0
20231120:2210,0.0,0.0,0.0,0.0,6.69,2.14,0.0
20231120:2310,0.0,0.0,0.0,0.0,6.11,1.93,0.0
20231121:0010,0.0,0.0,0.0,0.0,5.64,2.0,0.0
20231121:0110,0.0,0.0,0.0,0.0,5.51,2.07,0.0
20231121:0210,0.0,0.0,0.0,0.0,5.99,2.07,0.0
20231121:0310,0.0,0.0,0.0,0.0,6.59,2.07,0.0
20231121:0410,0.0,0.0,0.0,0.0,6.97,2.0,0.0
20231121:0510,0.0,0.0,0.0,0.0,7.25,1.79,0.0
20231121:0610,0.0,0.0,0.0,0.0,7.52,1.45,0.0
20231121:0710,0.0,0.0,0.0,0.0,7.17,1.17,0.0
20231121:0810,0.0,13.46,2.7,7.01,7.23,0.97,0.0
20231121:0910,0.0,23.93,4.8,13.05,8.15,0.69,0.0
20231121:1010,21.33,63.61,12.3,17.22,9.4,1.03,0.0
20231121:1110,0.0,50.85,10.2,19.16,10.49,2.21,0.0
20231121:1210,0.0,25.92,5.2,18.67,11.16,2.76,0.0
20231121:1310,0.0,23.93,4.8,15.79,11.11,3.1,0.0
20231121:1410,0.0,15.95,3.2,10.82,10.87,3.45,0.0
20231121:1510,0.0,4.49,0.9,4.15,10.35,3.1,0.0
20231121:1610,0.0,0.0,0.0,0.0,9.68,2.97,0.0
20231121:1710,0.0,0.0,0.0,0.0,9.28,2.97,0.0
20231121:1810,0.0,0.0,0.0,0.0,9.15,3.24,0.0
20231121:1910,0.0,0.0,0.0,0.0,8.86,4.07,0.0
20231121:2010,0.0,0.0,0.0,0.0,8.38,4.28,0.0
20231121:2110,0.0,0.0,0.0,0.0,7.8,4.07,0.0
20231121:2210,0.0,0.0,0.0,0.0,7.24,3.72,0.0
20231121:2310,0.0,0.0,0.0,0.0,6.6,3.24,0.0
20231122:0010,0.0,0.0,0.0,0.0,6.03,3.17,0.0
20231122:0110,0.0,0.0,0.0,0.0,5.27,2.97,0.0
20231122:0210,0.0,0.0,0.0,0.0,4.93,2.69,0.0
20231122:0310,0.0,0.0,0.0,0.0,4.86,2.55,0.0
20231122:0410,0.0,0.0,0.0,0.0,4.47,2.14,0.0
20231122:0510,0.0,0.0,0.0,0.0,3.98,2.0,0.0
20231122:0610,0.0,0.0,0.0,0.0,3.94,1.66,0.0
20231122:0710,0.0,0.0,0.0,0.0,3.42,1.38,0.0
20231122:0810,11.66,22.14,4.1,6.79,3.19,0.76,0.0
20231122:0910,3.68,36.21,7.2,12.82,4.4,0.69,0.0
20231122:1010,30.9,69.75,13.2,16.99,4.95,0.34,0.0
20231122:1110,418.31,167.78,26.6,18.94,5.48,0.69,0.0
20231122:1210,194.51,134.56,21.2,18.46,5.92,1.24,0.0
20231122:1310,286.19,136.61,19.9,15.6,6.34,1.86,0.0
20231122:1410,183.69,90.46,12.0,10.64,6.44,2.21,0.0
20231122:1510,0.0,3.99,0.8,4.0,6.24,2.07,0.0
20231122:1610,0.0,0.0,0.0,0.0,5.55,2.14,0.0
20231122:1710,0.0,0.0,0.0,0.0,5.44,2.62,0.0
20231122:1810,0.0,0.0,0.0,0.0,5.15,3.03,0.0
20231122:1910,0.0,0.0,0.0,0.0,5.59,3.38,0.0
20231122:2010,0.0,0.0,0.0,0.0,5.49,3.66,0.0
20231122:2110,0.0,0.0,0.0,0.0,5.5,3.86,0.0
20231122:2210,0.0,0.0,0.0,0.0,6.01,3.93,0.0
20231122:2310,0.0,0.0,0.0,0.0,6.8,3.93,0.0
20231123:0010,0.0,0.0,0.0,0.0,7.46,3.86,0.0
20231123:0110,0.0,0.0,0.0,0.0,7.99,3.72,0.0
20231123:0210,0.0,0.0,0.0,0.0,8.33,3.72,0.0
20231123:0310,0.0,0.0,0.0,0.0,8.57,3.79,0.0
20231123:0410,0.0,0.0,0.0,0.0,8.81,3.93,0.0
20231123:0510,0.0,0.0,0.0,0.0,9.02,4.0,0.0
20231123:0610,0.0,0.0,0.0,0.0,9.14,4.07,0.0
20231123:0710,0.0,0.0,0.0,0.0,8.24,3.93,0.0
20231123:0810,6.03,17.67,3.4,6.57,8.55,4.21,0.0
20231123:0910,0.0,22.93,4.6,12.6,9.2,3.79,0.0
20231123:1010,0.0,27.42,5.5,16.77,10.12,5.79,0.0
20231123:1110,0.0,41.38,8.3,18.72,10.88,5.86,0.0
20231123:1210,5.97,53.73,10.7,18.26,11.44,6.28,0.0
20231123:1310,0.0,27.92,5.6,15.41,11.64,5.72,0.0
20231123:1410,119.03,73.5,10.5,10.48,11.7,5.24,0.0
20231123:1510,9.41,9.61,1.8,3.85,11.57,5.31,0.0
20231123:1610,0.0,0.0,0.0,0.0,11.22,5.45,0.0
20231123:1710,0.0,0.0,0.0,0.0,10.93,5.45,0.0
20231123:1810,0.0,0.0,0.0,0.0,10.83,5.45,0.0
20231123:1910,0.0,0.0,0.0,0.0,10.44,5.59,0.0
20231123:2010,0.0,0.0,0.0,0.0,10.55,5.79,0.0
20231123:2110,0.0,0.0,0.0,0.0,10.71,5.93,0.0
20231123:2210,0.0,0.0,0.0,0.0,10.95,6.0,0.0
20231123:2310,0.0,0.0,0.0,0.0,11.08,6.07,0.0
20231124:0010,0.0,0.0,0.0,0.0,10.82,6.21,0.0
20231124:0110,0.0,0.0,0.0,0.0,9.98,6.07,0.0
20231124:0210,0.0,0.0,0.0,0.0,9.16,5.52,0.0
20231124:0310,0.0,0.0,0.0,0.0,8.3,4.83,0.0
20231124:0410,0.0,0.0,0.0,0.0,7.6,4.55,0.0
20231124:0510,0.0,0.0,0.0,0.0,7.26,4.55,0.0
20231124:0610,0.0,0.0,0.0,0.0,7.07,4.69,0.0
20231124:0710,0.0,0.0,0.0,0.0,7.34,4.97,0.0
20231124:0810,49.94,35.06,5.1,6.36,7.15,5.38,0.0
20231124:0910,0.0,16.95,3.4,12.38,6.82,6.14,0.0
20231124:1010,0.0,32.9,6.6,16.56,6.4,6.41,0.0
20231124:1110,0.0,28.91,5.8,18.51,6.18,6.14,0.0
20231124:1210,0.0,46.36,9.3,18.06,6.0,5.45,0.0
20231124:1310,334.07,141.24,20.3,15.24,6.26,5.72,0.0
20231124:1410,17.31,36.22,6.8,10.32,5.46,6.62,0.0
20231124:1510,0.0,2.99,0.6,3.71,5.46,6.07,0.0
20231124:1610,0.0,0.0,0.0,0.0,5.26,6.07,0.0
20231124:1710,0.0,0.0,0.0,0.0,5.31,6.21,0.0
20231124:1810,0.0,0.0,0.0,0.0,5.51,6.41,0.0
20231124:1910,0.0,0.0,0.0,0.0,5.07,5.79,0.0
20231124:2010,0.0,0.0,0.0,0.0,5.06,5.59,0.0
20231124:2110,0.0,0.0,0.0,0.0,5.0,5.24,0.0
20231124:2210,0.0,0.0,0.0,0.0,4.72,4.83,0.0
20231124:2310,0.0,0.0,0.0,0.0,4.75,4.34,0.0
20231125:0010,0.0,0.0,0.0,0.0,4.83,4.0,0.0
20231125:0110,0.0,0.0,0.0,0.0,4.71,3.66,0.0
20231125:0210,0.0,0.0,0.0,0.0,4.19,3.1,0.0
20231125:0310,0.0,0.0,0.0,0.0,4.16,2.83,0.0
20231125:0410,0.0,0.0,0.0,0.0,3.82,3.1,0.0
20231125:0510,0.0,0.0,0.0,0.0,3.68,3.66,0.0
20231125:0610,0.0,0.0,0.0,0.0,3.86,3.86,0.0
20231125:0710,0.0,0.0,0.0,0.0,3.68,3.79,0.0
20231125:0810,6.46,16.77,3.2,6.15,4.11,4.28,0.0
20231125:0910,0.0,7.98,1.6,12.17,4.72,5.24,0.0
20231125:1010,325.15,149.77,21.7,16.34,5.44,5.66,0.0
20231125:1110,749.9,126.44,31.0,18.31,6.19,5.31,0.0
20231125:1210,0.0,17.95,3.6,17.87,6.52,5.1,0.0
20231125:1310,74.45,81.55,13.9,15.06,6.86,5.17,0.0
20231125:1410,427.01,105.89,14.6,10.17,6.59,5.45,0.0
20231125:1510,51.0,18.04,2.6,3.58,6.09,4.83,0.0
20231125:1610,0.0,0.0,0.0,0.0,5.26,4.07,0.0
20231125:1710,0.0,0.0,0.0,0.0,4.67,3.59,0.0
20231125:1810,0.0,0.0,0.0,0.0,4.62,3.38,0.0
20231125:1910,0.0,0.0,0.0,0.0,4.73,3.52,0.0
20231125:2010,0.0,0.0,0.0,0.0,4.58,3.03,0.0
20231125:2110,0.0,0.0,0.0,0.0,4.08,2.83,0.0
20231125:2210,0.0,0.0,0.0,0.0,3.93,2.69,0.0
20231125:2310,0.0,0.0,0.0,0.0,3.77,2.69,0.0
20231126:0010,0.0,0.0,0.0,0.0,3.65,2.83,0.0
20231126:0110,0.0,0.0,0.0,0.0,3.67,2.9,0.0
20231126:0210,0.0,0.0,0.0,0.0,3.57,2.97,0.0
20231126:0310,0.0,0.0,0.0,0.0,3.61,2.97,0.0
20231126:0410,0.0,0.0,0.0,0.0,3.71,2.97,0.0
20231126:0510,0.0,0.0,0.0,0.0,3.67,2.9,0.0
20231126:0610,0.0,0.0,0.0,0.0,3.74,2.83,0.0
20231126:0710,0.0,0.0,0.0,0.0,4.25,2.9,0.0
20231126:0810,0.0,10.97,2.2,5.94,4.4,2.97,0.0
20231126:0910,0.0,22.43,4.5,11.96,4.81,3.24,0.0
20231126:1010,6.52,47.87,9.5,16.14,5.17,3.72,0.0
20231126:1110,30.47,73.04,13.9,18.11,5.51,3.93,0.0
20231126:1210,111.21,105.93,17.7,17.68,5.79,3.66,0.0
20231126:1310,51.41,70.72,12.6,14.9,5.92,3.31,0.0
20231126:1410,53.72,50.68,8.3,10.02,5.83,3.31,0.0
20231126:1510,0.0,5.48,1.1,3.45,5.52,3.03,0.0
20231126:1610,0.0,0.0,0.0,0.0,5.03,2.9,0.0
20231126:1710,0.0,0.0,0.0,0.0,4.71,2.97,0.0
20231126:1810,0.0,0.0,0.0,0.0,4.56,3.24,0.0
20231126:1910,0.0,0.0,0.0,0.0,4.51,3.66,0.0
20231126:2010,0.0,0.0,0.0,0.0,4.51,3.93,0.0
20231126:2110,0.0,0.0,0.0,0.0,4.45,4.14,0.0
20231126:2210,0.0,0.0,0.0,0.0,4.39,4.48,0.0
20231126:2310,0.0,0.0,0.0,0.0,4.13,4.76,0.0
20231127:0010,0.0,0.0,0.0,0.0,3.89,4.83,0.0
20231127:0110,0.0,0.0,0.0,0.0,3.7,5.03,0.0
20231127:0210,0.0,0.0,0.0,0.0,3.51,5.31,0.0
20231127:0310,0.0,0.0,0.0,0.0,3.43,5.66,0.0
20231127:0410,0.0,0.0,0.0,0.0,3.55,6.0,0.0
20231127:0510,0.0,0.0,0.0,0.0,3.82,6.28,0.0
20231127:0610,0.0,0.0,0.0,0.0,4.07,6.62,0.0
20231127:0710,0.0,0.0,0.0,0.0,4.61,6.34,0.0
20231127:0810,0.0,6.48,1.3,5.74,4.91,6.14,0.0
20231127:0910,0.0,17.45,3.5,11.76,5.28,6.07,0.0
20231127:1010,3.3,44.6,8.9,15.94,5.76,5.93,0.0
20231127:1110,0.0,24.43,4.9,17.92,6.3,6.07,0.0
20231127:1210,0.0,32.9,6.6,17.51,6.65,6.07,0.0
20231127:1310,0.0,27.92,5.6,14.74,7.02,5.72,0.0
20231127:1410,0.0,20.44,4.1,9.88,7.37,5.38,0.0
20231127:1510,0.0,3.99,0.8,3.33,7.67,5.1,0.0
20231127:1610,0.0,0.0,0.0,0.0,7.79,4.62,0.0
20231127:1710,0.0,0.0,0.0,0.0,7.79,4.07,0.0
20231127:1810,0.0,0.0,0.0,0.0,7.65,3.79,0.0
20231127:1910,0.0,0.0,0.0,0.0,6.94,3.45,0.0
20231127:2010,0.0,0.0,0.0,0.0,6.03,3.79,0.0
20231127:2110,0.0,0.0,0.0,0.0,4.72,3.79,0.0
20231127:2210,0.0,0.0,0.0,0.0,3.33,4.55,0.0
20231127:2310,0.0,0.0,0.0,0.0,2.62,4.69,0.0
20231128:0010,0.0,0.0,0.0,0.0,2.23,4.76,0.0
20231128:0110,0.0,0.0,0.0,0.0,2.07,4.83,0.0
20231128:0210,0.0,0.0,0.0,0.0,2.07,4.83,0.0
20231128:0310,0.0,0.0,0.0,0.0,2.05,5.17,0.0
20231128:0410,0.0,0.0,0.0,0.0,1.88,5.03,0.0
20231128:0510,0.0,0.0,0.0,0.0,1.7,4.76,0.0
20231128:0610,0.0,0.0,0.0,0.0,1.4,4.34,0.0
20231128:0710,0.0,0.0,0.0,0.0,1.26,3.79,0.0
20231128:0810,78.96,39.22,4.8,5.54,1.03,3.31,0.0
20231128:0910,40.96,53.18,9.3,11.56,1.19,2.9,0.0
20231128:1010,645.86,131.82,25.6,15.75,1.65,2.76,0.0
20231128:1110,750.7,127.62,30.1,17.74,2.19,2.07,0.0
20231128:1210,656.67,141.87,28.0,17.34,2.78,1.52,0.0
20231128:1310,600.28,128.33,23.2,14.59,3.13,1.93,0.0
20231128:1410,46.22,46.85,7.8,9.75,3.28,2.21,0.0
20231128:1510,68.76,18.69,2.5,3.22,2.95,1.66,0.0
20231128:1610,0.0,0.0,0.0,0.0,2.09,1.59,0.0
20231128:1710,0.0,0.0,0.0,0.0,1.06,2.14,0.0
20231128:1810,0.0,0.0,0.0,0.0,0.18,2.55,0.0
20231128:1910,0.0,0.0,0.0,0.0,-0.17,2.97,0.0
20231128:2010,0.0,0.0,0.0,0.0,-0.02,3.31,0.0
20231128:2110,0.0,0.0,0.0,0.0,-0.06,3.59,0.0
20231128:2210,0.0,0.0,0.0,0.0,0.17,3.72,0.0
20231128:2310,0.0,0.0,0.0,0.0,0.58,4.0,0.0
20231129:0010,0.0,0.0,0.0,0.0,0.73,4.21,0.0
20231129:0110,0.0,0.0,0.0,0.0,0.7,4.28,0.0
20231129:0210,0.0,0.0,0.0,0.0,0.97,4.34,0.0
20231129:0310,0.0,0.0,0.0,0.0,0.92,4.34,0.0
20231129:0410,0.0,0.0,0.0,0.0,1.03,4.34,0.0
20231129:0510,0.0,0.0,0.0,0.0,0.9,4.28,0.0
20231129:0610,0.0,0.0,0.0,0.0,0.9,4.21,0.0
20231129:0710,0.0,0.0,0.0,0.0,1.23,4.28,0.0
20231129:0810,230.6,66.09,6.2,5.35,1.41,3.93,0.0
20231129:0910,433.36,122.39,16.5,11.37,2.21,3.38,0.0
20231129:1010,545.47,146.17,23.9,15.56,3.38,3.59,0.0
20231129:1110,0.0,40.88,8.2,17.56,4.11,4.0,0.0
20231129:1210,0.0,24.92,5.0,17.17,4.67,3.66,0.0
20231129:1310,49.71,68.76,12.2,14.44,4.74,3.45,0.0
20231129:1410,389.45,107.35,13.4,9.63,4.38,3.17,0.0
20231129:1510,23.79,10.66,1.8,3.11,3.62,2.62,0.0
20231129:1610,0.0,0.0,0.0,0.0,2.73,1.93,0.0
20231129:1710,0.0,0.0,0.0,0.0,1.76,1.59,0.0
20231129:1810,0.0,0.0,0.0,0.0,0.79,1.17,0.0
20231129:1910,0.0,0.0,0.0,0.0,0.19,1.93,0.0
20231129:2010,0.0,0.0,0.0,0.0,-0.23,2.0,0.0
20231129:2110,0.0,0.0,0.0,0.0,-0.27,1.86,0.0
20231129:2210,0.0,0.0,0.0,0.0,-0.49,1.66,0.0
20231129:2310,0.0,0.0,0.0,0.0,-0.82,1.72,0.0
20231130:0010,0.0,0.0,0.0,0.0,-0.79,1.59,0.0
20231130:0110,0.0,0.0,0.0,0.0,-0.4,1.52,0.0
20231130:0210,0.0,0.0,0.0,0.0,0.34,1.59,0.0
20231130:0310,0.0,0.0,0.0,0.0,0.43,1.86,0.0
20231130:0410,0.0,0.0,0.0,0.0,0.78,1.86,0.0
20231130:0510,0.0,0.0,0.0,0.0,1.1,1.79,0.0
20231130:0610,0.0,0.0,0.0,0.0,1.13,1.59,0.0
20231130:0710,0.0,0.0,0.0,0.0,0.42,1.17,0.0
20231130:0810,154.2,52.54,5.3,5.17,0.58,0.97,0.0
20231130:0910,59.32,58.33,9.6,11.18,1.66,1.1,0.0
20231130:1010,0.0,32.9,6.6,15.38,2.53,1.45,0.0
20231130:1110,0.0,32.9,6.6,17.39,3.16,2.07,0.0
20231130:1210,9.67,56.83,11.2,17.02,3.41,2.28,0.0
20231130:1310,157.96,105.37,15.6,14.31,3.35,2.07,0.0
20231130:1410,138.06,75.66,9.9,9.51,3.2,2.0,0.0
20231130:1510,0.0,5.48,1.1,3.01,2.86,2.14,0.0
20231130:1610,0.0,0.0,0.0,0.0,2.41,2.14,0.0
20231130:1710,0.0,0.0,0.0,0.0,1.71,2.21,0.0
20231130:1810,0.0,0.0,0.0,0.0,1.25,2.28,0.0
20231130:1910,0.0,0.0,0.0,0.0,1.68,2.0,0.0
20231130:2010,0.0,0.0,0.0,0.0,1.31,2.14,0.0
20231130:2110,0.0,0.0,0.0,0.0,1.19,2.21,0.0
20231130:2210,0.0,0.0,0.0,0.0,0.78,1.93,0.0
20231130:2310,0.0,0.0,0.0,0.0,0.59,1.72,0.0
20231201:0010,0.0,0.0,0.0,0.0,0.2,1.72,0.0
20231201:0110,0.0,0.0,0.0,0.0,-0.06,1.72,0.0
20231201:0210,0.0,0.0,0.0,0.0,-0.03,1.72,0.0
20231201:0310,0.0,0.0,0.0,0.0,-0.58,1.72,0.0
20231201:0410,0.0,0.0,0.0,0.0,-1.0,1.93,0.0
20231201:0510,0.0,0.0,0.0,0.0,-1.08,2.0,0.0
20231201:0610,0.0,0.0,0.0,0.0,-0.99,2.0,0.0
20231201:0710,0.0,0.0,0.0,0.0,-0.73,2.9,0.0
20231201:0810,0.0,10.97,2.2,4.98,-0.61,2.97,0.0
20231201:0910,12.92,38.74,7.4,11.0,-0.31,3.03,0.0
20231201:1010,0.0,23.43,4.7,15.2,-0.03,3.17,0.0
20231201:1110,0.0,27.92,5.6,17.22,0.41,3.24,0.0
20231201:1210,0.0,24.92,5.0,16.87,0.72,3.17,0.0
20231201:1310,0.0,21.93,4.4,14.17,0.98,3.52,0.0
20231201:1410,0.0,11.47,2.3,9.4,1.04,3.86,0.0
20231201:1510,0.0,2.49,0.5,2.92,0.73,3.52,0.0
20231201:1610,0.0,0.0,0.0,0.0,-0.08,2.76,0.0
20231201:1710,0.0,0.0,0.0,0.0,-0.32,2.9,0.0
20231201:1810,0.0,0.0,0.0,0.0,-0.59,2.9,0.0
20231201:1910,0.0,0.0,0.0,0.0,-0.48,2.83,0.0
20231201:2010,0.0,0.0,0.0,0.0,-0.74,2.83,0.0
20231201:2110,0.0,0.0,0.0,0.0,-0.99,2.9,0.0
20231201:2210,0.0,0.0,0.0,0.0,-1.39,2.83,0.0
20231201:2310,0.0,0.0,0.0,0.0,-1.73,2.76,0.0
20231202:0010,0.0,0.0,0.0,0.0,-1.94,2.69,0.0
20231202:0110,0.0,0.0,0.0,0.0,-2.18,2.55,0.0
20231202:0210,0.0,0.0,0.0,0.0,-2.38,2.41,0.0
20231202:0310,0.0,0.0,0.0,0.0,-2.54,2.21,0.0
20231202:0410,0.0,0.0,0.0,0.0,-2.69,1.79,0.0
20231202:0510,0.0,0.0,0.0,0.0,-2.77,1.45,0.0
20231202:0610,0.0,0.0,0.0,0.0,-2.72,1.03,0.0
20231202:0710,0.0,0.0,0.0,0.0,-2.67,0.97,0.0
20231202:0810,149.18,48.2,4.9,4.81,-2.62,0.97,0.0
20231202:0910,534.07,114.52,16.9,10.83,-2.0,1.1,0.0
20231202:1010,673.8,129.74,25.0,15.03,-1.34,1.1,0.0
20231202:1110,671.59,145.96,27.9,17.06,-0.6,1.1,0.0
20231202:1210,663.36,142.79,27.2,16.73,0.02,1.1,0.0
20231202:1310,582.75,131.46,22.1,14.05,0.78,1.17,0.0
20231202:1410,410.91,108.12,13.2,9.29,1.01,1.45,0.0
20231202:1510,26.38,10.27,1.7,2.83,0.75,1.72,0.0
20231202:1610,0.0,0.0,0.0,0.0,0.0,2.14,0.0
20231202:1710,0.0,0.0,0.0,0.0,-0.24,2.41,0.0
20231202:1810,0.0,0.0,0.0,0.0,-0.04,2.62,0.0
20231202:1910,0.0,0.0,0.0,0.0,0.44,2.69,0.0
20231202:2010,0.0,0.0,0.0,0.0,0.35,2.83,0.0
20231202:2110,0.0,0.0,0.0,0.0,0.08,2.97,0.0
20231202:2210,0.0,0.0,0.0,0.0,0.06,3.03,0.0
20231202:2310,0.0,0.0,0.0,0.0,-0.42,3.03,0.0
20231203:0010,0.0,0.0,0.0,0.0,-0.67,3.03,0.0
20231203:0110,0.0,0.0,0.0,0.0,-0.92,3.1,0.0
20231203:0210,0.0,0.0,0.0,0.0,-1.14,3.17,0.0
20231203:0310,0.0,0.0,0.0,0.0,-1.24,3.31,0.0
20231203:0410,0.0,0.0,0.0,0.0,-1.14,3.52,0.0
20231203:0510,0.0,0.0,0.0,0.0,-1.26,3.66,0.0
20231203:0610,0.0,0.0,0.0,0.0,-1.34,3.79,0.0
20231203:0710,0.0,0.0,0.0,0.0,-1.06,4.0,0.0
20231203:0810,8.59,12.87,2.4,4.64,-0.92,4.48,0.0
20231203:0910,71.16,60.53,9.5,10.66,-0.12,4.97,0.0
20231203:1010,56.77,74.29,13.0,14.87,0.61,4.9,0.0
20231203:1110,65.5,85.68,15.1,16.91,1.26,5.66,0.0
20231203:1210,0.0,30.91,6.2,16.59,1.31,5.24,0.0
20231203:1310,18.5,51.31,9.8,13.93,1.15,4.9,0.0
20231203:1410,0.0,7.48,1.5,9.2,1.03,6.07,0.0
20231203:1510,0.0,1.0,0.2,2.76,1.04,6.0,0.0
20231203:1610,0.0,0.0,0.0,0.0,1.13,5.86,0.0
20231203:1710,0.0,0.0,0.0,0.0,1.25,5.79,0.0
20231203:1810,0.0,0.0,0.0,0.0,1.4,5.86,0.0
20231203:1910,0.0,0.0,0.0,0.0,1.58,5.66,0.0
20231203:2010,0.0,0.0,0.0,0.0,1.67,5.66,0.0
20231203:2110,0.0,0.0,0.0,0.0,1.77,5.59,0.0
20231203:2210,0.0,0.0,0.0,0.0,2.05,5.45,0.0
20231203:2310,0.0,0.0,0.0,0.0,2.24,5.38,0.0
20231204:0010,0.0,0.0,0.0,0.0,2.2,5.24,0.0
20231204:0110,0.0,0.0,0.0,0.0,2.19,5.1,0.0
20231204:0210,0.0,0.0,0.0,0.0,2.25,5.03,0.0
20231204:0310,0.0,0.0,0.0,0.0,2.41,4.97,0.0
20231204:0410,0.0,0.0,0.0,0.0,2.66,5.1,0.0
20231204:0510,0.0,0.0,0.0,0.0,2.89,5.17,0.0
20231204:0610,0.0,0.0,0.0,0.0,2.97,5.45,0.0
20231204:0710,0.0,0.0,0.0,0.0,2.82,6.14,0.0
20231204:0810,62.39,27.26,3.6,4.47,2.68,6.07,0.0
20231204:0910,18.06,38.03,7.1,10.5,2.67,5.86,0.0
20231204:1010,0.0,18.94,3.8,14.71,2.76,5.66,0.0
20231204:1110,9.91,54.84,10.8,16.77,2.95,5.66,0.0
20231204:1210,0.0,33.9,6.8,16.46,3.03,5.45,0.0
20231204:1310,0.0,17.45,3.5,13.82,3.32,4.97,0.0
20231204:1410,0.0,6.98,1.4,9.11,4.03,4.55,0.0
20231204:1510,0.0,1.5,0.3,2.68,4.72,4.34,0.0
20231204:1610,0.0,0.0,0.0,0.0,5.35,4.28,0.0
20231204:1710,0.0,0.0,0.0,0.0,5.65,4.62,0.0
20231204:1810,0.0,0.0,0.0,0.0,5.79,4.76,0.0
20231204:1910,0.0,0.0,0.0,0.0,5.86,4.62,0.0
20231204:2010,0.0,0.0,0.0,0.0,6.1,4.41,0.0
20231204:2110,0.0,0.0,0.0,0.0,6.15,3.86,0.0
20231204:2210,0.0,0.0,0.0,0.0,6.2,3.24,0.0
20231204:2310,0.0,0.0,0.0,0.0,6.22,2.76,0.0
20231205:0010,0.0,0.0,0.0,0.0,6.35,2.41,0.0
20231205:0110,0.0,0.0,0.0,0.0,6.56,2.28,0.0
20231205:0210,0.0,0.0,0.0,0.0,6.71,2.21,0.0
20231205:0310,0.0,0.0,0.0,0.0,6.68,2.07,0.0
20231205:0410,0.0,0.0,0.0,0.0,6.51,1.86,0.0
20231205:0510,0.0,0.0,0.0,0.0,6.23,1.72,0.0
20231205:0610,0.0,0.0,0.0,0.0,5.73,2.0,0.0
20231205:0710,0.0,0.0,0.0,0.0,5.47,1.79,0.0
20231205:0810,36.97,19.0,2.9,4.31,4.83,2.28,0.0
20231205:0910,18.34,36.46,6.8,10.34,4.23,2.9,0.0
20231205:1010,0.0,20.94,4.2,14.56,3.71,3.45,0.0
20231205:1110,0.0,12.46,2.5,16.63,3.38,3.66,0.0
20231205:1210,0.0,12.96,2.6,16.34,3.36,3.38,0.0
20231205:1310,0.0,21.93,4.4,13.72,3.53,3.38,0.0
20231205:1410,0.0,20.94,4.2,9.02,3.84,3.66,0.0
20231205:1510,0.0,1.99,0.4,2.62,3.96,3.03,0.0
20231205:1610,0.0,0.0,0.0,0.0,4.01,2.76,0.0
20231205:1710,0.0,0.0,0.0,0.0,4.05,2.69,0.0
20231205:1810,0.0,0.0,0.0,0.0,4.12,2.69,0.0
20231205:1910,0.0,0.0,0.0,0.0,3.75,2.41,0.0
20231205:2010,0.0,0.0,0.0,0.0,3.82,2.48,0.0
20231205:2110,0.0,0.0,0.0,0.0,3.69,2.48,0.0
20231205:2210,0.0,0.0,0.0,0.0,3.62,2.55,0.0
20231205:2310,0.0,0.0,0.0,0.0,3.36,2.55,0.0
20231206:0010,0.0,0.0,0.0,0.0,3.33,2.48,0.0
20231206:0110,0.0,0.0,0.0,0.0,3.27,2.55,0.0
20231206:0210,0.0,0.0,0.0,0.0,3.33,2.55,0.0
20231206:0310,0.0,0.0,0.0,0.0,3.16,2.62,0.0
20231206:0410,0.0,0.0,0.0,0.0,3.01,2.62,0.0
20231206:0510,0.0,0.0,0.0,0.0,2.76,2.55,0.0
20231206:0610,0.0,0.0,0.0,0.0,2.21,2.41,0.0
20231206:0710,0.0,0.0,0.0,0.0,1.73,2.34,0.0
20231206:0810,153.36,39.53,4.1,4.16,2.0,2.28,0.0
20231206:0910,283.74,109.42,12.9,10.19,2.91,2.07,0.0
20231206:1010,21.96,55.4,10.5,14.42,4.19,2.21,0.0
20231206:1110,0.0,40.88,8.2,16.5,5.38,2.48,0.0
20231206:1210,3.4,43.59,8.7,16.23,6.08,2.69,0.0
20231206:1310,0.0,35.39,7.1,13.63,6.2,2.69,0.0
20231206:1410,40.97,41.62,6.9,8.95,6.19,2.62,0.0
20231206:1510,0.0,2.49,0.5,2.56,4.86,2.41,0.0
20231206:1610,0.0,0.0,0.0,0.0,3.73,2.28,0.0
20231206:1710,0.0,0.0,0.0,0.0,2.66,2.28,0.0
20231206:1810,0.0,0.0,0.0,0.0,1.94,2.41,0.0
20231206:1910,0.0,0.0,0.0,0.0,1.6,2.14,0.0
20231206:2010,0.0,0.0,0.0,0.0,1.01,2.28,0.0
20231206:2110,0.0,0.0,0.0,0.0,0.74,2.21,0.0
20231206:2210,0.0,0.0,0.0,0.0,0.16,2.07,0.0
20231206:2310,0.0,0.0,0.0,0.0,-0.48,2.14,0.0
20231207:0010,0.0,0.0,0.0,0.0,-1.06,2.14,0.0
20231207:0110,0.0,0.0,0.0,0.0,-1.1,2.21,0.0
20231207:0210,0.0,0.0,0.0,0.0,-0.57,2.21,0.0
20231207:0310,0.0,0.0,0.0,0.0,-0.06,2.21,0.0
20231207:0410,0.0,0.0,0.0,0.0,0.39,2.34,0.0
20231207:0510,0.0,0.0,0.0,0.0,0.62,2.55,0.0
20231207:0610,0.0,0.0,0.0,0.0,0.64,2.83,0.0
20231207:0710,0.0,0.0,0.0,0.0,1.05,3.24,0.0
20231207:0810,9.94,12.51,2.3,4.01,1.24,3.45,0.0
20231207:0910,94.35,65.63,9.5,10.04,1.88,4.0,0.0
20231207:1010,247.53,127.34,17.4,14.28,2.6,4.21,0.0
20231207:1110,226.89,133.64,19.4,16.38,3.64,4.55,0.0
20231207:1210,47.88,74.74,13.5,16.12,4.63,4.28,0.0
20231207:1310,26.79,54.31,10.1,13.54,5.22,3.93,0.0
20231207:1410,56.88,47.6,7.4,8.88,5.41,4.41,0.0
20231207:1510,0.0,1.0,0.2,2.51,5.06,4.48,0.0
20231207:1610,0.0,0.0,0.0,0.0,4.5,4.62,0.0
20231207:1710,0.0,0.0,0.0,0.0,4.19,4.76,0.0
20231207:1810,0.0,0.0,0.0,0.0,4.16,5.03,0.0
20231207:1910,0.0,0.0,0.0,0.0,4.41,5.45,0.0
20231207:2010,0.0,0.0,0.0,0.0,4.9,5.59,0.0
20231207:2110,0.0,0.0,0.0,0.0,5.23,5.24,0.0
20231207:2210,0.0,0.0,0.0,0.0,5.45,4.76,0.0
20231207:2310,0.0,0.0,0.0,0.0,5.13,4.62,0.0
20231208:0010,0.0,0.0,0.0,0.0,4.37,4.55,0.0
20231208:0110,0.0,0.0,0.0,0.0,4.1,4.28,0.0
20231208:0210,0.0,0.0,0.0,0.0,4.39,3.93,0.0
20231208:0310,0.0,0.0,0.0,0.0,4.7,3.79,0.0
20231208:0410,0.0,0.0,0.0,0.0,5.06,3.52,0.0
20231208:0510,0.0,0.0,0.0,0.0,5.51,3.45,0.0
20231208:0610,0.0,0.0,0.0,0.0,6.08,3.59,0.0
20231208:0710,0.0,0.0,0.0,0.0,5.25,3.79,0.0
20231208:0810,0.0,8.47,1.7,3.86,5.52,3.79,0.0
20231208:0910,81.3,60.41,9.0,9.9,6.45,3.79,0.0
20231208:1010,0.0,35.39,7.1,14.15,7.5,3.72,0.0
20231208:1110,0.0,42.37,8.5,16.26,8.37,4.83,0.0
20231208:1210,17.22,56.33,10.9,16.02,8.99,4.0,0.0
20231208:1310,0.0,24.43,4.9,13.46,9.28,3.93,0.0
20231208:1410,0.0,10.47,2.1,8.82,9.23,3.86,0.0
20231208:1510,0.0,1.5,0.3,2.46,9.05,3.93,0.0
20231208:1610,0.0,0.0,0.0,0.0,8.65,3.86,0.0
20231208:1710,0.0,0.0,0.0,0.0,8.51,4.07,0.0
20231208:1810,0.0,0.0,0.0,0.0,8.38,4.21,0.0
20231208:1910,0.0,0.0,0.0,0.0,8.25,4.34,0.0
20231208:2010,0.0,0.0,0.0,0.0,8.12,4.34,0.0
20231208:2110,0.0,0.0,0.0,0.0,7.93,4.48,0.0
20231208:2210,0.0,0.0,0.0,0.0,7.99,4.69,0.0
20231208:2310,0.0,0.0,0.0,0.0,8.03,4.62,0.0
20231209:0010,0.0,0.0,0.0,0.0,7.85,4.76,0.0
20231209:0110,0.0,0.0,0.0,0.0,7.34,4.69,0.0
20231209:0210,0.0,0.0,0.0,0.0,6.6,4.69,0.0
20231209:0310,0.0,0.0,0.0,0.0,6.03,4.9,0.0
20231209:0410,0.0,0.0,0.0,0.0,5.7,4.97,0.0
20231209:0510,0.0,0.0,0.0,0.0,5.71,5.17,0.0
20231209:0610,0.0,0.0,0.0,0.0,6.07,5.38,0.0
20231209:0710,0.0,0.0,0.0,0.0,6.42,5.59,0.0
20231209:0810,0.0,6.98,1.4,3.72,6.81,5.86,0.0
20231209:0910,0.0,23.93,4.8,9.77,7.36,6.28,0.0
20231209:1010,0.0,9.47,1.9,14.03,7.71,6.9,0.0
20231209:1110,0.0,24.92,5.0,16.15,7.77,7.79,0.0
20231209:1210,0.0,10.97,2.2,15.93,7.58,8.97,0.0
20231209:1310,0.0,13.46,2.7,13.39,7.71,9.59,0.0
20231209:1410,5.26,22.47,4.4,8.76,8.06,9.24,0.0
20231209:1510,0.0,1.0,0.2,2.42,8.97,7.93,0.0
20231209:1610,0.0,0.0,0.0,0.0,10.66,6.83,0.0
20231209:1710,0.0,0.0,0.0,0.0,11.28,7.03,0.0
20231209:1810,0.0,0.0,0.0,0.0,10.52,7.03,0.0
20231209:1910,0.0,0.0,0.0,0.0,10.12,7.52,0.0
20231209:2010,0.0,0.0,0.0,0.0,9.41,6.07,0.0
20231209:2110,0.0,0.0,0.0,0.0,8.55,5.72,0.0
20231209:2210,0.0,0.0,0.0,0.0,8.29,6.34,0.0
20231209:2310,0.0,0.0,0.0,0.0,8.49,6.9,0.0
20231210:0010,0.0,0.0,0.0,0.0,8.58,7.1,0.0
20231210:0110,0.0,0.0,0.0,0.0,8.42,7.31,0.0
20231210:0210,0.0,0.0,0.0,0.0,8.5,7.86,0.0
20231210:0310,0.0,0.0,0.0,0.0,8.65,8.28,0.0
20231210:0410,0.0,0.0,0.0,0.0,8.73,8.28,0.0
20231210:0510,0.0,0.0,0.0,0.0,8.79,8.0,0.0
20231210:0610,0.0,0.0,0.0,0.0,8.53,7.45,0.0
20231210:0710,0.0,0.0,0.0,0.0,8.16,6.55,0.0
20231210:0810,55.32,18.66,2.6,3.59,8.1,6.21,0.0
20231210:0910,451.37,110.41,13.9,9.65,8.57,5.52,0.0
20231210:1010,132.68,95.92,14.4,13.92,9.37,5.17,0.0
20231210:1110,0.0,16.45,3.3,16.05,10.14,4.62,0.0
20231210:1210,0.0,23.93,4.8,15.84,10.54,6.41,0.0
20231210:1310,0.0,23.43,4.7,13.32,10.17,6.0,0.0
20231210:1410,0.0,16.95,3.4,8.72,9.78,6.97,0.0
20231210:1510,0.0,2.99,0.6,2.39,9.16,6.55,0.0
20231210:1610,0.0,0.0,0.0,0.0,8.94,7.52,0.0
20231210:1710,0.0,0.0,0.0,0.0,9.26,8.48,0.0
20231210:1810,0.0,0.0,0.0,0.0,9.8,8.21,0.0
20231210:1910,0.0,0.0,0.0,0.0,10.83,8.07,0.0
20231210:2010,0.0,0.0,0.0,0.0,11.01,7.31,0.0
20231210:2110,0.0,0.0,0.0,0.0,10.73,6.62,0.0
20231210:2210,0.0,0.0,0.0,0.0,10.32,6.34,0.0
20231210:2310,0.0,0.0,0.0,0.0,10.24,6.41,0.0
20231211:0010,0.0,0.0,0.0,0.0,10.21,6.69,0.0
20231211:0110,0.0,0.0,0.0,0.0,10.07,7.03,0.0
20231211:0210,0.0,0.0,0.0,0.0,10.02,7.38,0.0
20231211:0310,0.0,0.0,0.0,0.0,10.21,7.66,0.0
20231211:0410,0.0,0.0,0.0,0.0,10.12,7.86,0.0
20231211:0510,0.0,0.0,0.0,0.0,10.28,8.0,0.0
20231211:0610,0.0,0.0,0.0,0.0,10.32,8.07,0.0
20231211:0710,0.0,0.0,0.0,0.0,10.02,7.72,0.0
20231211:0810,0.0,2.99,0.6,3.47,9.96,7.38,0.0
20231211:0910,0.0,14.95,3.0,9.53,10.16,7.1,0.0
20231211:1010,0.0,18.94,3.8,13.81,10.35,6.76,0.0
20231211:1110,0.0,27.42,5.5,15.95,10.41,6.34,0.0
20231211:1210,0.0,36.39,7.3,15.77,10.47,6.14,0.0
20231211:1310,0.0,23.93,4.8,13.26,10.29,5.59,0.0
20231211:1410,0.0,9.47,1.9,8.68,10.12,5.1,0.0
20231211:1510,0.0,1.0,0.2,2.37,9.73,4.69,0.0
20231211:1610,0.0,0.0,0.0,0.0,9.22,4.28,0.0
20231211:1710,0.0,0.0,0.0,0.0,9.15,4.34,0.0
20231211:1810,0.0,0.0,0.0,0.0,9.09,4.07,0.0
20231211:1910,0.0,0.0,0.0,0.0,8.98,3.72,0.0
20231211:2010,0.0,0.0,0.0,0.0,8.89,3.45,0.0
20231211:2110,0.0,0.0,0.0,0.0,8.65,3.17,0.0
20231211:2210,0.0,0.0,0.0,0.0,8.21,2.83,0.0
20231211:2310,0.0,0.0,0.0,0.0,7.49,2.9,0.0
20231212:0010,0.0,0.0,0.0,0.0,7.05,3.03,0.0
20231212:0110,0.0,0.0,0.0,0.0,7.02,2.9,0.0
20231212:0210,0.0,0.0,0.0,0.0,6.91,2.76,0.0
20231212:0310,0.0,0.0,0.0,0.0,6.91,2.76,0.0
20231212:0410,0.0,0.0,0.0,0.0,6.8,3.03,0.0
20231212:0510,0.0,0.0,0.0,0.0,6.86,3.24,0.0
20231212:0610,0.0,0.0,0.0,0.0,7.07,3.1,0.0
20231212:0710,0.0,0.0,0.0,0.0,7.12,3.24,0.0
20231212:0810,11.86,9.31,1.7,3.35,7.54,3.38,0.0
20231212:0910,105.46,65.35,9.0,9.41,8.26,3.45,0.0
20231212:1010,0.0,15.45,3.1,13.7,9.05,3.59,0.0
20231212:1110,17.49,56.98,11.0,15.87,9.64,3.17,0.0
20231212:1210,0.0,21.93,4.4,15.7,10.09,5.03,0.0
20231212:1310,31.55,54.66,10.0,13.21,10.4,4.14,0.0
20231212:1410,0.0,19.94,4.0,8.64,10.64,4.34,0.0
20231212:1510,32.68,8.01,1.3,2.35,10.21,4.28,0.0
20231212:1610,0.0,0.0,0.0,0.0,9.58,3.93,0.0
20231212:1710,0.0,0.0,0.0,0.0,8.95,4.14,0.0
20231212:1810,0.0,0.0,0.0,0.0,8.85,4.41,0.0
20231212:1910,0.0,0.0,0.0,0.0,8.88,4.21,0.0
20231212:2010,0.0,0.0,0.0,0.0,8.5,4.69,0.0
20231212:2110,0.0,0.0,0.0,0.0,8.4,4.69,0.0
20231212:2210,0.0,0.0,0.0,0.0,8.12,4.62,0.0
20231212:2310,0.0,0.0,0.0,0.0,8.08,4.76,0.0
20231213:0010,0.0,0.0,0.0,0.0,8.11,4.83,0.0
20231213:0110,0.0,0.0,0.0,0.0,7.93,4.69,0.0
20231213:0210,0.0,0.0,0.0,0.0,8.04,4.62,0.0
20231213:0310,0.0,0.0,0.0,0.0,7.95,4.48,0.0
20231213:0410,0.0,0.0,0.0,0.0,7.99,4.34,0.0
20231213:0510,0.0,0.0,0.0,0.0,7.9,4.21,0.0
20231213:0610,0.0,0.0,0.0,0.0,7.73,4.0,0.0
20231213:0710,0.0,0.0,0.0,0.0,8.15,4.07,0.0
20231213:0810,12.26,8.77,1.6,3.23,8.08,4.0,0.0
20231213:0910,0.0,20.94,4.2,9.31,8.17,3.86,0.0
20231213:1010,0.0,8.97,1.8,13.61,8.37,3.79,0.0
20231213:1110,0.0,36.89,7.4,15.79,8.33,4.07,0.0
20231213:1210,0.0,17.95,3.6,15.64,8.3,3.86,0.0
20231213:1310,0.0,16.95,3.4,13.17,8.57,3.1,0.0
20231213:1410,0.0,9.47,1.9,8.62,8.44,2.69,0.0
20231213:1510,0.0,1.99,0.4,2.34,8.02,2.0,0.0
20231213:1610,0.0,0.0,0.0,0.0,7.28,2.0,0.0
20231213:1710,0.0,0.0,0.0,0.0,6.79,2.0,0.0
20231213:1810,0.0,0.0,0.0,0.0,6.55,1.86,0.0
20231213:1910,0.0,0.0,0.0,0.0,6.92,2.34,0.0
20231213:2010,0.0,0.0,0.0,0.0,6.8,2.28,0.0
20231213:2110,0.0,0.0,0.0,0.0,6.74,2.41,0.0
20231213:2210,0.0,0.0,0.0,0.0,6.8,2.62,0.0
20231213:2310,0.0,0.0,0.0,0.0,6.88,2.76,0.0
20231214:0010,0.0,0.0,0.0,0.0,6.88,2.9,0.0
20231214:0110,0.0,0.0,0.0,0.0,6.82,3.03,0.0
20231214:0210,0.0,0.0,0.0,0.0,6.73,3.1,0.0
20231214:0310,0.0,0.0,0.0,0.0,6.54,3.03,0.0
20231214:0410,0.0,0.0,0.0,0.0,6.23,2.41,0.0
20231214:0510,0.0,0.0,0.0,0.0,5.89,2.83,0.0
20231214:0610,0.0,0.0,0.0,0.0,5.64,3.45,0.0
20231214:0710,0.0,0.0,0.0,0.0,5.4,2.76,0.0
20231214:0810,12.67,8.23,1.5,3.13,5.1,2.07,0.0
20231214:0910,20.51,33.5,6.1,9.21,5.09,1.79,0.0
20231214:1010,42.87,61.29,10.9,13.52,5.56,2.21,0.0
20231214:1110,3.53,43.65,8.7,15.72,6.2,2.55,0.0
20231214:1210,24.86,60.74,11.5,15.58,6.72,2.69,0.0
20231214:1310,3.97,36.76,7.3,13.13,7.14,2.62,0.0
20231214:1410,0.0,8.97,1.8,8.6,7.09,2.0,0.0
20231214:1510,16.51,6.76,1.2,2.34,6.67,2.0,0.0
20231214:1610,0.0,0.0,0.0,0.0,6.11,2.21,0.0
20231214:1710,0.0,0.0,0.0,0.0,5.73,2.34,0.0
20231214:1810,0.0,0.0,0.0,0.0,5.66,2.34,0.0
20231214:1910,0.0,0.0,0.0,0.0,5.44,2.21,0.0
20231214:2010,0.0,0.0,0.0,0.0,5.39,2.28,0.0
20231214:2110,0.0,0.0,0.0,0.0,5.55,2.48,0.0
20231214:2210,0.0,0.0,0.0,0.0,5.68,2.76,0.0
20231214:2310,0.0,0.0,0.0,0.0,5.95,3.03,0.0
20231215:0010,0.0,0.0,0.0,0.0,6.2,3.17,0.0
20231215:0110,0.0,0.0,0.0,0.0,6.38,3.03,0.0
20231215:0210,0.0,0.0,0.0,0.0,6.5,2.76,0.0
20231215:0310,0.0,0.0,0.0,0.0,6.63,2.48,0.0
20231215:0410,0.0,0.0,0.0,0.0,6.57,2.34,0.0
20231215:0510,0.0,0.0,0.0,0.0,6.49,2.14,0.0
20231215:0610,0.0,0.0,0.0,0.0,5.81,2.21,0.0
20231215:0710,0.0,0.0,0.0,0.0,5.14,2.34,0.0
20231215:0810,0.0,1.07,0.3,3.02,5.28,2.41,0.0
20231215:0910,0.0,15.45,3.1,9.12,5.71,2.28,0.0
20231215:1010,54.86,65.52,11.3,13.44,6.48,2.55,0.0
20231215:1110,0.0,24.92,5.0,15.65,7.21,2.55,0.0
20231215:1210,0.0,27.92,5.6,15.54,7.94,2.83,0.0
20231215:1310,0.0,23.93,4.8,13.11,8.11,2.55,0.0
20231215:1410,0.0,10.97,2.2,8.59,7.93,2.48,0.0
20231215:1510,0.0,1.5,0.3,2.35,7.58,2.62,0.0
20231215:1610,0.0,0.0,0.0,0.0,6.61,2.55,0.0
20231215:1710,0.0,0.0,0.0,0.0,5.91,2.55,0.0
20231215:1810,0.0,0.0,0.0,0.0,5.65,2.62,0.0
20231215:1910,0.0,0.0,0.0,0.0,5.94,2.41,0.0
20231215:2010,0.0,0.0,0.0,0.0,5.5,2.48,0.0
20231215:2110,0.0,0.0,0.0,0.0,5.01,2.62,0.0
20231215:2210,0.0,0.0,0.0,0.0,4.52,2.69,0.0
20231215:2310,0.0,0.0,0.0,0.0,4.19,2.76,0.0
20231216:0010,0.0,0.0,0.0,0.0,3.66,2.83,0.0
20231216:0110,0.0,0.0,0.0,0.0,3.38,2.9,0.0
20231216:0210,0.0,0.0,0.0,0.0,3.14,3.03,0.0
20231216:0310,0.0,0.0,0.0,0.0,2.96,3.17,0.0
20231216:0410,0.0,0.0,0.0,0.0,2.94,3.31,0.0
20231216:0510,0.0,0.0,0.0,0.0,2.95,3.45,0.0
20231216:0610,0.0,0.0,0.0,0.0,2.99,3.52,0.0
20231216:0710,0.0,0.0,0.0,0.0,3.96,3.59,0.0
20231216:0810,0.0,4.63,1.3,2.93,4.33,3.66,0.0
20231216:0910,15.66,30.67,5.7,9.03,5.18,3.66,0.0
20231216:1010,0.0,32.4,6.5,13.37,6.46,3.45,0.0
20231216:1110,3.56,43.66,8.7,15.59,7.62,3.79,0.0
20231216:1210,0.0,37.89,7.6,15.5,8.44,3.93,0.0
20231216:1310,0.0,30.41,6.1,13.09,9.06,3.93,0.0
20231216:1410,0.0,15.45,3.1,8.59,9.39,3.86,0.0
20231216:1510,0.0,1.0,0.2,2.36,9.33,4.14,0.0
20231216:1610,0.0,0.0,0.0,0.0,9.1,4.14,0.0
20231216:1710,0.0,0.0,0.0,0.0,8.95,4.14,0.0
20231216:1810,0.0,0.0,0.0,0.0,8.87,4.0,0.0
20231216:1910,0.0,0.0,0.0,0.0,8.44,4.14,0.0
20231216:2010,0.0,0.0,0.0,0.0,8.31,4.07,0.0
20231216:2110,0.0,0.0,0.0,0.0,8.22,3.86,0.0
20231216:2210,0.0,0.0,0.0,0.0,8.27,3.38,0.0
20231216:2310,0.0,0.0,0.0,0.0,8.26,3.17,0.0
20231217:0010,0.0,0.0,0.0,0.0,8.23,3.31,0.0
20231217:0110,0.0,0.0,0.0,0.0,8.19,3.45,0.0
20231217:0210,0.0,0.0,0.0,0.0,8.01,3.24,0.0
20231217:0310,0.0,0.0,0.0,0.0,7.95,3.1,0.0
20231217:0410,0.0,0.0,0.0,0.0,7.76,3.1,0.0
20231217:0510,0.0,0.0,0.0,0.0,7.51,3.24,0.0
20231217:0610,0.0,0.0,0.0,0.0,7.01,3.38,0.0
20231217:0710,0.0,0.0,0.0,0.0,5.96,3.66,0.0
20231217:0810,0.0,4.63,1.3,2.84,5.65,3.72,0.0
20231217:0910,363.1,105.5,11.9,8.95,5.62,3.86,0.0
20231217:1010,542.01,132.13,20.0,13.3,6.18,3.93,0.0
20231217:1110,599.89,144.52,24.0,15.54,7.09,4.28,0.0
20231217:1210,594.7,144.17,23.8,15.46,7.77,4.28,0.0
20231217:1310,476.43,135.45,18.9,13.07,8.19,4.14,0.0
20231217:1410,369.31,101.51,11.4,8.59,8.13,3.59,0.0
20231217:1510,16.38,6.75,1.2,2.37,7.44,3.79,0.0
20231217:1610,0.0,0.0,0.0,0.0,6.36,3.79,0.0
20231217:1710,0.0,0.0,0.0,0.0,5.67,4.0,0.0
20231217:1810,0.0,0.0,0.0,0.0,5.17,4.07,0.0
20231217:1910,0.0,0.0,0.0,0.0,5.14,4.28,0.0
20231217:2010,0.0,0.0,0.0,0.0,4.71,4.34,0.0
20231217:2110,0.0,0.0,0.0,0.0,4.24,4.28,0.0
20231217:2210,0.0,0.0,0.0,0.0,3.79,4.28,0.0
20231217:2310,0.0,0.0,0.0,0.0,3.48,4.21,0.0
20231218:0010,0.0,0.0,0.0,0.0,3.09,4.14,0.0
20231218:0110,0.0,0.0,0.0,0.0,2.84,3.93,0.0
20231218:0210,0.0,0.0,0.0,0.0,2.74,3.52,0.0
20231218:0310,0.0,0.0,0.0,0.0,2.61,3.31,0.0
20231218:0410,0.0,0.0,0.0,0.0,2.84,3.38,0.0
20231218:0510,0.0,0.0,0.0,0.0,3.07,3.38,0.0
20231218:0610,0.0,0.0,0.0,0.0,3.24,3.52,0.0
20231218:0710,0.0,0.0,0.0,0.0,3.18,3.86,0.0
20231218:0810,0.0,1.07,0.3,2.76,3.1,3.79,0.0
20231218:0910,0.0,16.95,3.4,8.88,3.31,4.14,0.0
20231218:1010,0.0,19.94,4.0,13.25,3.73,4.48,0.0
20231218:1110,0.0,20.94,4.2,15.5,4.39,4.97,0.0
20231218:1210,0.0,16.45,3.3,15.44,4.52,4.55,0.0
20231218:1310,0.0,8.97,1.8,13.07,4.65,4.55,0.0
20231218:1410,0.0,5.98,1.2,8.6,4.69,4.48,0.0
20231218:1510,0.0,1.0,0.2,2.4,4.39,4.48,0.0
20231218:1610,0.0,0.0,0.0,0.0,4.16,4.48,0.0
20231218:1710,0.0,0.0,0.0,0.0,3.91,4.48,0.0
20231218:1810,0.0,0.0,0.0,0.0,3.74,4.76,0.0
20231218:1910,0.0,0.0,0.0,0.0,2.72,4.9,0.0
20231218:2010,0.0,0.0,0.0,0.0,2.74,4.69,0.0
20231218:2110,0.0,0.0,0.0,0.0,2.73,4.9,0.0
20231218:2210,0.0,0.0,0.0,0.0,2.88,4.83,0.0
20231218:2310,0.0,0.0,0.0,0.0,3.17,4.48,0.0
20231219:0010,0.0,0.0,0.0,0.0,3.47,4.97,0.0
20231219:0110,0.0,0.0,0.0,0.0,3.78,5.1,0.0
20231219:0210,0.0,0.0,0.0,0.0,4.05,5.38,0.0
20231219:0310,0.0,0.0,0.0,0.0,4.45,5.66,0.0
20231219:0410,0.0,0.0,0.0,0.0,4.8,5.86,0.0
20231219:0510,0.0,0.0,0.0,0.0,5.15,6.07,0.0
20231219:0610,0.0,0.0,0.0,0.0,5.51,6.14,0.0
20231219:0710,0.0,0.0,0.0,0.0,5.75,6.14,0.0
20231219:0810,0.0,0.71,0.2,2.68,6.05,6.28,0.0
20231219:0910,0.0,11.47,2.3,8.82,6.35,6.41,0.0
20231219:1010,0.0,8.47,1.7,13.19,6.68,6.41,0.0
20231219:1110,50.23,71.02,12.7,15.47,6.81,6.48,0.0
20231219:1210,0.0,20.44,4.1,15.43,6.91,6.69,0.0
20231219:1310,0.0,8.47,1.7,13.07,7.0,6.69,0.0
20231219:1410,0.0,16.95,3.4,8.62,7.21,6.62,0.0
20231219:1510,0.0,1.0,0.2,2.43,7.51,6.69,0.0
20231219:1610,0.0,0.0,0.0,0.0,7.84,6.48,0.0
20231219:1710,0.0,0.0,0.0,0.0,8.23,6.21,0.0
20231219:1810,0.0,0.0,0.0,0.0,8.61,4.9,0.0
20231219:1910,0.0,0.0,0.0,0.0,8.54,2.97,0.0
20231219:2010,0.0,0.0,0.0,0.0,8.32,2.9,0.0
20231219:2110,0.0,0.0,0.0,0.0,7.97,2.76,0.0
20231219:2210,0.0,0.0,0.0,0.0,7.58,3.17,0.0
20231219:2310,0.0,0.0,0.0,0.0,7.13,3.72,0.0
20231220:0010,0.0,0.0,0.0,0.0,6.51,4.14,0.0
20231220:0110,0.0,0.0,0.0,0.0,5.95,4.14,0.0
20231220:0210,0.0,0.0,0.0,0.0,5.65,4.21,0.0
20231220:0310,0.0,0.0,0.0,0.0,5.33,4.34,0.0
20231220:0410,0.0,0.0,0.0,0.0,5.07,4.41,0.0
20231220:0510,0.0,0.0,0.0,0.0,4.91,4.55,0.0
20231220:0610,0.0,0.0,0.0,0.0,4.7,4.55,0.0
20231220:0710,0.0,0.0,0.0,0.0,4.51,4.76,0.0
20231220:0810,0.0,4.98,1.4,2.61,4.21,4.83,0.0
20231220:0910,396.94,103.33,11.9,8.76,4.67,5.17,0.0
20231220:1010,43.96,59.43,10.5,13.15,5.59,5.24,0.0
20231220:1110,0.0,34.4,6.9,15.44,6.54,4.83,0.0
20231220:1210,0.0,25.42,5.1,15.42,7.16,4.76,0.0
20231220:1310,0.0,17.45,3.5,13.08,7.54,4.9,0.0
20231220:1410,162.52,76.26,9.1,8.65,7.85,5.24,0.0
20231220:1510,0.0,1.0,0.2,2.47,7.85,4.9,0.0
20231220:1610,0.0,0.0,0.0,0.0,7.68,4.83,0.0
20231220:1710,0.0,0.0,0.0,0.0,7.65,4.97,0.0
20231220:1810,0.0,0.0,0.0,0.0,7.74,5.24,0.0
20231220:1910,0.0,0.0,0.0,0.0,7.75,5.93,0.0
20231220:2010,0.0,0.0,0.0,0.0,8.16,6.21,0.0
20231220:2110,0.0,0.0,0.0,0.0,8.49,6.21,0.0
20231220:2210,0.0,0.0,0.0,0.0,8.67,5.93,0.0
20231220:2310,0.0,0.0,0.0,0.0,8.76,5.72,0.0
20231221:0010,0.0,0.0,0.0,0.0,8.81,5.59,0.0
20231221:0110,0.0,0.0,0.0,0.0,8.83,5.45,0.0
20231221:0210,0.0,0.0,0.0,0.0,8.85,5.38,0.0
20231221:0310,0.0,0.0,0.0,0.0,8.91,5.45,0.0
20231221:0410,0.0,0.0,0.0,0.0,8.98,5.79,0.0
20231221:0510,0.0,0.0,0.0,0.0,9.13,6.41,0.0
20231221:0610,0.0,0.0,0.0,0.0,9.39,6.69,0.0
20231221:0710,0.0,0.0,0.0,0.0,9.41,6.9,0.0
20231221:0810,0.0,1.42,0.4,2.55,9.57,7.31,0.0
20231221:0910,0.0,11.96,2.4,8.71,9.89,7.38,0.0
20231221:1010,0.0,21.44,4.3,13.11,10.42,7.59,0.0
20231221:1110,0.0,18.44,3.7,15.42,11.07,8.48,0.0
20231221:1210,21.59,57.67,11.0,15.42,11.37,9.17,0.0
20231221:1310,60.13,64.8,11.0,13.1,10.94,9.24,0.0
20231221:1410,0.0,17.95,3.6,8.68,10.69,8.97,0.0
20231221:1510,31.17,9.32,1.5,2.52,10.28,8.48,0.0
20231221:1610,0.0,0.0,0.0,0.0,9.71,8.55,0.0
20231221:1710,0.0,0.0,0.0,0.0,9.36,8.48,0.0
20231221:1810,0.0,0.0,0.0,0.0,8.8,8.41,0.0
20231221:1910,0.0,0.0,0.0,0.0,8.59,7.79,0.0
20231221:2010,0.0,0.0,0.0,0.0,8.38,8.0,0.0
20231221:2110,0.0,0.0,0.0,0.0,7.9,7.86,0.0
20231221:2210,0.0,0.0,0.0,0.0,7.75,7.72,0.0
20231221:2310,0.0,0.0,0.0,0.0,7.39,7.52,0.0
20231222:0010,0.0,0.0,0.0,0.0,7.35,7.52,0.0
20231222:0110,0.0,0.0,0.0,0.0,7.31,7.59,0.0
20231222:0210,0.0,0.0,0.0,0.0,7.24,7.45,0.0
20231222:0310,0.0,0.0,0.0,0.0,7.33,7.38,0.0
20231222:0410,0.0,0.0,0.0,0.0,7.43,7.45,0.0
20231222:0510,0.0,0.0,0.0,0.0,7.41,7.24,0.0
20231222:0610,0.0,0.0,0.0,0.0,7.46,6.9,0.0
20231222:0710,0.0,0.0,0.0,0.0,8.03,6.55,0.0
20231222:0810,0.0,0.71,0.2,2.5,8.31,6.34,0.0
20231222:0910,0.0,11.47,2.3,8.66,8.58,6.55,0.0
20231222:1010,0.0,20.94,4.2,13.09,8.9,7.59,0.0
20231222:1110,0.0,34.89,7.0,15.41,9.47,8.0,0.0
20231222:1210,0.0,22.93,4.6,15.42,9.54,8.48,0.0
20231222:1310,0.0,24.43,4.9,13.12,9.5,8.69,0.0
20231222:1410,0.0,16.95,3.4,8.72,9.47,8.76,0.0
20231222:1510,0.0,3.49,0.7,2.57,9.37,8.76,0.0
20231222:1610,0.0,0.0,0.0,0.0,9.26,8.55,0.0
20231222:1710,0.0,0.0,0.0,0.0,9.22,8.48,0.0
20231222:1810,0.0,0.0,0.0,0.0,9.07,8.28,0.0
20231222:1910,0.0,0.0,0.0,0.0,9.06,7.93,0.0
20231222:2010,0.0,0.0,0.0,0.0,9.18,7.79,0.0
20231222:2110,0.0,0.0,0.0,0.0,9.09,7.31,0.0
20231222:2210,0.0,0.0,0.0,0.0,9.05,6.97,0.0
20231222:2310,0.0,0.0,0.0,0.0,8.95,6.62,0.0
20231223:0010,0.0,0.0,0.0,0.0,8.88,6.41,0.0
20231223:0110,0.0,0.0,0.0,0.0,8.8,6.28,0.0
20231223:0210,0.0,0.0,0.0,0.0,8.75,6.69,0.0
20231223:0310,0.0,0.0,0.0,0.0,8.58,6.9,0.0
20231223:0410,0.0,0.0,0.0,0.0,8.23,6.83,0.0
20231223:0510,0.0,0.0,0.0,0.0,7.98,6.76,0.0
20231223:0610,0.0,0.0,0.0,0.0,7.95,6.83,0.0
20231223:0710,0.0,0.0,0.0,0.0,8.45,7.17,0.0
20231223:0810,0.0,1.07,0.3,2.45,8.71,7.24,0.0
20231223:0910,0.0,6.48,1.3,8.63,8.95,7.17,0.0
20231223:1010,0.0,20.94,4.2,13.06,9.3,7.1,0.0
20231223:1110,0.0,18.94,3.8,15.41,9.67,7.1,0.0
20231223:1210,0.0,23.43,4.7,15.44,10.0,7.03,0.0
20231223:1310,23.98,49.71,9.3,13.15,10.17,7.03,0.0
20231223:1410,10.72,26.28,5.0,8.77,10.13,6.69,0.0
20231223:1510,0.0,1.0,0.2,2.63,9.95,6.28,0.0
20231223:1610,0.0,0.0,0.0,0.0,9.68,5.86,0.0
20231223:1710,0.0,0.0,0.0,0.0,9.39,5.66,0.0
20231223:1810,0.0,0.0,0.0,0.0,9.27,5.66,0.0
20231223:1910,0.0,0.0,0.0,0.0,9.16,5.93,0.0
20231223:2010,0.0,0.0,0.0,0.0,9.08,6.07,0.0
20231223:2110,0.0,0.0,0.0,0.0,9.15,6.21,0.0
20231223:2210,0.0,0.0,0.0,0.0,9.48,6.62,0.0
20231223:2310,0.0,0.0,0.0,0.0,9.82,7.1,0.0
20231224:0010,0.0,0.0,0.0,0.0,10.01,7.38,0.0
20231224:0110,0.0,0.0,0.0,0.0,10.18,7.45,0.0
20231224:0210,0.0,0.0,0.0,0.0,10.25,7.66,0.0
20231224:0310,0.0,0.0,0.0,0.0,10.16,7.86,0.0
20231224:0410,0.0,0.0,0.0,0.0,9.84,7.79,0.0
20231224:0510,0.0,0.0,0.0,0.0,9.87,7.79,0.0
20231224:0610,0.0,0.0,0.0,0.0,10.0,7.72,0.0
20231224:0710,0.0,0.0,0.0,0.0,10.05,7.72,0.0
20231224:0810,0.0,0.71,0.2,2.4,10.32,7.66,0.0
20231224:0910,0.0,15.45,3.1,8.6,10.6,7.24,0.0
20231224:1010,0.0,8.47,1.7,13.05,10.94,7.45,0.0
20231224:1110,0.0,19.44,3.9,15.41,11.23,7.93,0.0
20231224:1210,0.0,18.94,3.8,15.46,11.42,8.21,0.0
20231224:1310,0.0,14.95,3.0,13.19,11.8,8.62,0.0
20231224:1410,0.0,10.97,2.2,8.82,11.91,8.83,0.0
20231224:1510,0.0,1.5,0.3,2.69,11.82,9.1,0.0
20231224:1610,0.0,0.0,0.0,0.0,11.65,9.1,0.0
20231224:1710,0.0,0.0,0.0,0.0,11.46,8.76,0.0
20231224:1810,0.0,0.0,0.0,0.0,11.47,8.55,0.0
20231224:1910,0.0,0.0,0.0,0.0,11.53,8.62,0.0
20231224:2010,0.0,0.0,0.0,0.0,11.62,8.21,0.0
20231224:2110,0.0,0.0,0.0,0.0,11.68,7.86,0.0
20231224:2210,0.0,0.0,0.0,0.0,11.68,7.66,0.0
20231224:2310,0.0,0.0,0.0,0.0,11.71,7.72,0.0
20231225:0010,0.0,0.0,0.0,0.0,11.74,7.66,0.0
20231225:0110,0.0,0.0,0.0,0.0,11.71,7.45,0.0
20231225:0210,0.0,0.0,0.0,0.0,11.73,7.24,0.0
20231225:0310,0.0,0.0,0.0,0.0,11.76,6.97,0.0
20231225:0410,0.0,0.0,0.0,0.0,11.69,6.69,0.0
20231225:0510,0.0,0.0,0.0,0.0,11.6,6.76,0.0
20231225:0610,0.0,0.0,0.0,0.0,11.34,6.76,0.0
20231225:0710,0.0,0.0,0.0,0.0,10.59,6.97,0.0
20231225:0810,0.0,0.71,0.2,2.37,10.65,6.83,0.0
20231225:0910,0.0,6.98,1.4,8.57,10.75,6.55,0.0
20231225:1010,0.0,15.45,3.1,13.04,10.88,6.34,0.0
20231225:1110,0.0,17.95,3.6,15.42,11.08,6.41,0.0
20231225:1210,0.0,16.95,3.4,15.49,11.18,6.41,0.0
20231225:1310,0.0,27.42,5.5,13.24,11.21,6.14,0.0
20231225:1410,0.0,10.97,2.2,8.88,11.2,5.86,0.0
20231225:1510,0.0,1.99,0.4,2.76,11.19,5.79,0.0
20231225:1610,0.0,0.0,0.0,0.0,11.22,6.07,0.0
20231225:1710,0.0,0.0,0.0,0.0,11.28,6.48,0.0
20231225:1810,0.0,0.0,0.0,0.0,11.33,6.97,0.0
20231225:1910,0.0,0.0,0.0,0.0,10.74,7.38,0.0
20231225:2010,0.0,0.0,0.0,0.0,10.86,7.66,0.0
20231225:2110,0.0,0.0,0.0,0.0,10.96,7.86,0.0
20231225:2210,0.0,0.0,0.0,0.0,10.98,7.93,0.0
20231225:2310,0.0,0.0,0.0,0.0,10.84,7.86,0.0
20231226:0010,0.0,0.0,0.0,0.0,10.49,8.0,0.0
20231226:0110,0.0,0.0,0.0,0.0,10.24,7.93,0.0
20231226:0210,0.0,0.0,0.0,0.0,10.22,7.72,0.0
20231226:0310,0.0,0.0,0.0,0.0,10.31,7.1,0.0
20231226:0410,0.0,0.0,0.0,0.0,10.41,6.41,0.0
20231226:0510,0.0,0.0,0.0,0.0,10.13,5.79,0.0
20231226:0610,0.0,0.0,0.0,0.0,9.5,5.24,0.0
20231226:0710,0.0,0.0,0.0,0.0,8.93,4.83,0.0
20231226:0810,0.0,3.2,0.9,2.34,8.43,4.76,0.0
20231226:0910,54.49,44.44,6.9,8.56,8.31,4.83,0.0
20231226:1010,4.01,36.78,7.3,13.05,8.53,5.03,0.0
20231226:1110,681.6,132.62,25.0,15.44,9.12,4.69,0.0
20231226:1210,575.52,148.09,23.7,15.53,9.58,6.07,0.0
20231226:1310,134.64,92.99,13.7,13.3,9.61,5.31,0.0
20231226:1410,52.66,46.24,7.3,8.95,9.37,4.14,0.0
20231226:1510,0.0,5.48,1.1,2.84,8.68,3.24,0.0
20231226:1610,0.0,0.0,0.0,0.0,7.82,2.48,0.0
20231226:1710,0.0,0.0,0.0,0.0,7.33,1.93,0.0
20231226:1810,0.0,0.0,0.0,0.0,7.03,1.72,0.0
20231226:1910,0.0,0.0,0.0,0.0,6.47,1.93,0.0
20231226:2010,0.0,0.0,0.0,0.0,5.89,1.72,0.0
20231226:2110,0.0,0.0,0.0,0.0,5.35,1.72,0.0
20231226:2210,0.0,0.0,0.0,0.0,5.21,1.72,0.0
20231226:2310,0.0,0.0,0.0,0.0,5.18,1.93,0.0
20231227:0010,0.0,0.0,0.0,0.0,5.45,2.14,0.0
20231227:0110,0.0,0.0,0.0,0.0,5.88,2.41,0.0
20231227:0210,0.0,0.0,0.0,0.0,6.5,2.76,0.0
20231227:0310,0.0,0.0,0.0,0.0,7.14,3.17,0.0
20231227:0410,0.0,0.0,0.0,0.0,7.82,3.24,0.0
20231227:0510,0.0,0.0,0.0,0.0,8.37,3.86,0.0
20231227:0610,0.0,0.0,0.0,0.0,8.73,4.69,0.0
20231227:0710,0.0,0.0,0.0,0.0,8.82,4.9,0.0
20231227:0810,0.0,1.42,0.4,2.32,8.59,5.03,0.0
20231227:0910,0.0,20.44,4.1,8.55,8.59,5.1,0.0
20231227:1010,16.02,45.45,8.7,13.06,8.78,5.24,0.0
20231227:1110,60.86,76.07,13.3,15.47,8.99,5.45,0.0
20231227:1210,53.47,73.75,13.1,15.58,9.34,5.79,0.0
20231227:1310,51.26,63.89,11.1,13.36,9.61,5.93,0.0
20231227:1410,41.82,41.03,6.8,9.03,9.86,5.72,0.0
20231227:1510,40.51,11.75,1.8,2.93,9.69,5.79,0.0
20231227:1610,0.0,0.0,0.0,0.0,9.32,6.34,0.0
20231227:1710,0.0,0.0,0.0,0.0,9.29,6.83,0.0
20231227:1810,0.0,0.0,0.0,0.0,9.31,6.9,0.0
20231227:1910,0.0,0.0,0.0,0.0,9.48,7.59,0.0
20231227:2010,0.0,0.0,0.0,0.0,9.81,7.79,0.0
20231227:2110,0.0,0.0,0.0,0.0,9.6,7.79,0.0
20231227:2210,0.0,0.0,0.0,0.0,9.81,7.66,0.0
20231227:2310,0.0,0.0,0.0,0.0,10.43,7.45,0.0
20231228:0010,0.0,0.0,0.0,0.0,10.64,7.17,0.0
20231228:0110,0.0,0.0,0.0,0.0,10.59,7.17,0.0
20231228:0210,0.0,0.0,0.0,0.0,10.62,7.03,0.0
20231228:0310,0.0,0.0,0.0,0.0,10.6,7.03,0.0
20231228:0410,0.0,0.0,0.0,0.0,10.26,7.03,0.0
20231228:0510,0.0,0.0,0.0,0.0,10.14,7.17,0.0
20231228:0610,0.0,0.0,0.0,0.0,9.7,7.17,0.0
20231228:0710,0.0,0.0,0.0,0.0,9.45,7.1,0.0
20231228:0810,0.0,3.56,1.0,2.3,8.95,6.83,0.0
20231228:0910,163.18,76.91,9.1,8.55,9.05,6.97,0.0
20231228:1010,259.78,122.46,16.0,13.07,9.53,7.17,0.0
20231228:1110,60.7,77.29,13.5,15.51,10.06,6.55,0.0
20231228:1210,92.36,90.37,14.9,15.63,10.35,6.83,0.0
20231228:1310,0.0,32.9,6.6,13.43,10.43,7.66,0.0
20231228:1410,51.84,46.47,7.4,9.11,10.51,7.38,0.0
20231228:1510,52.44,13.87,2.0,3.02,10.31,6.97,0.0
20231228:1610,0.0,0.0,0.0,0.0,9.81,6.83,0.0
20231228:1710,0.0,0.0,0.0,0.0,9.65,6.97,0.0
20231228:1810,0.0,0.0,0.0,0.0,9.5,7.17,0.0
20231228:1910,0.0,0.0,0.0,0.0,9.85,7.38,0.0
20231228:2010,0.0,0.0,0.0,0.0,9.87,7.66,0.0
20231228:2110,0.0,0.0,0.0,0.0,9.91,7.93,0.0
20231228:2210,0.0,0.0,0.0,0.0,9.82,8.14,0.0
20231228:2310,0.0,0.0,0.0,0.0,9.86,8.28,0.0
20231229:0010,0.0,0.0,0.0,0.0,9.85,8.34,0.0
20231229:0110,0.0,0.0,0.0,0.0,9.91,8.34,0.0
20231229:0210,0.0,0.0,0.0,0.0,9.84,7.93,0.0
20231229:0310,0.0,0.0,0.0,0.0,9.83,7.45,0.0
20231229:0410,0.0,0.0,0.0,0.0,9.65,7.17,0.0
20231229:0510,0.0,0.0,0.0,0.0,9.28,7.03,0.0
20231229:0610,0.0,0.0,0.0,0.0,9.37,7.17,0.0
20231229:0710,0.0,0.0,0.0,0.0,9.82,7.66,0.0
20231229:0810,0.0,1.42,0.4,2.3,9.83,8.14,0.0
20231229:0910,0.0,4.98,1.0,8.56,9.68,8.0,0.0
20231229:1010,0.0,12.46,2.5,13.1,9.82,7.59,0.0
20231229:1110,0.0,14.95,3.0,15.55,9.82,7.31,0.0
20231229:1210,0.0,34.4,6.9,15.69,10.04,7.45,0.0
20231229:1310,7.81,42.25,8.3,13.5,10.04,7.17,0.0
20231229:1410,0.0,15.45,3.1,9.2,10.13,7.03,0.0
20231229:1510,12.71,8.23,1.5,3.12,10.08,7.66,0.0
20231229:1610,0.0,0.0,0.0,0.0,9.78,7.79,0.0
20231229:1710,0.0,0.0,0.0,0.0,9.35,7.52,0.0
20231229:1810,0.0,0.0,0.0,0.0,8.94,7.52,0.0
20231229:1910,0.0,0.0,0.0,0.0,8.87,6.69,0.0
20231229:2010,0.0,0.0,0.0,0.0,8.67,6.34,0.0
20231229:2110,0.0,0.0,0.0,0.0,8.41,6.34,0.0
20231229:2210,0.0,0.0,0.0,0.0,8.09,6.21,0.0
20231229:2310,0.0,0.0,0.0,0.0,7.89,6.14,0.0
20231230:0010,0.0,0.0,0.0,0.0,7.69,6.07,0.0
20231230:0110,0.0,0.0,0.0,0.0,7.36,5.59,0.0
20231230:0210,0.0,0.0,0.0,0.0,6.95,5.1,0.0
20231230:0310,0.0,0.0,0.0,0.0,6.87,5.03,0.0
20231230:0410,0.0,0.0,0.0,0.0,6.81,4.97,0.0
20231230:0510,0.0,0.0,0.0,0.0,6.95,5.03,0.0
20231230:0610,0.0,0.0,0.0,0.0,6.79,4.83,0.0
20231230:0710,0.0,0.0,0.0,0.0,7.29,4.76,0.0
20231230:0810,0.0,3.92,1.1,2.29,7.49,4.83,0.0
20231230:0910,113.61,63.76,8.3,8.57,7.8,4.97,0.0
20231230:1010,7.94,41.29,8.1,13.13,8.37,5.31,0.0
20231230:1110,0.0,39.38,7.9,15.6,8.63,5.45,0.0
20231230:1210,190.25,120.55,17.7,15.76,8.85,6.0,0.0
20231230:1310,11.64,45.28,8.8,13.59,9.03,6.9,0.0
20231230:1410,111.93,65.65,8.9,9.29,9.18,6.55,0.0
20231230:1510,12.31,8.78,1.6,3.22,9.21,5.79,0.0
20231230:1610,0.0,0.0,0.0,0.0,9.18,5.52,0.0
20231230:1710,0.0,0.0,0.0,0.0,9.51,5.59,0.0
20231230:1810,0.0,0.0,0.0,0.0,9.81,5.72,0.0
20231230:1910,0.0,0.0,0.0,0.0,9.77,5.66,0.0
20231230:2010,0.0,0.0,0.0,0.0,9.87,6.14,0.0
20231230:2110,0.0,0.0,0.0,0.0,9.9,6.48,0.0
20231230:2210,0.0,0.0,0.0,0.0,9.84,6.76,0.0
20231230:2310,0.0,0.0,0.0,0.0,9.67,6.97,0.0
20231231:0010,0.0,0.0,0.0,0.0,9.45,6.9,0.0
20231231:0110,0.0,0.0,0.0,0.0,9.24,6.83,0.0
20231231:0210,0.0,0.0,0.0,0.0,9.16,6.83,0.0
20231231:0310,0.0,0.0,0.0,0.0,9.11,6.97,0.0
20231231:0410,0.0,0.0,0.0,0.0,9.19,7.17,0.0
20231231:0510,0.0,0.0,0.0,0.0,9.37,7.24,0.0
20231231:0610,0.0,0.0,0.0,0.0,9.47,7.24,0.0
20231231:0710,0.0,0.0,0.0,0.0,9.42,7.72,0.0
20231231:0810,0.0,3.2,0.9,2.3,8.7,7.66,0.0
20231231:0910,204.74,84.06,9.6,8.59,8.02,8.07,0.0
20231231:1010,0.0,14.95,3.0,13.17,7.81,7.45,0.0
20231231:1110,84.75,86.5,14.5,15.66,8.17,7.52,0.0
20231231:1210,0.0,22.43,4.5,15.83,8.56,8.28,0.0
20231231:1310,23.14,51.52,9.7,13.68,8.81,8.34,0.0
20231231:1410,0.0,18.44,3.7,9.4,8.93,8.62,0.0
20231231:1510,35.73,12.74,2.0,3.34,8.87,8.41,0.0
20231231:1610,0.0,0.0,0.0,0.0,8.68,8.48,0.0
20231231:1710,0.0,0.0,0.0,0.0,8.68,8.55,0.0
20231231:1810,0.0,0.0,0.0,0.0,8.66,8.69,0.0
20231231:1910,0.0,0.0,0.0,0.0,8.55,8.55,0.0
20231231:2010,0.0,0.0,0.0,0.0,8.05,8.14,0.0
20231231:2110,0.0,0.0,0.0,0.0,7.85,8.07,0.0
20231231:2210,0.0,0.0,0.0,0.0,7.78,8.21,0.0
20231231:2310,0.0,0.0,0.0,0.0,7.85,8.34,0.0

Gb(i): Beam (direct) irradiance on the inclined plane (plane of the array) (W/m2)
Gd(i): Diffuse irradiance on the inclined plane (plane of the array) (W/m2)
Gr(i): Reflected irradiance on the inclined plane (plane of the array) (W/m2)
H_sun: Sun height (degree)
T2m: 2-m air temperature (degree Celsius)
WS10m: 10-m total wind speed (m/s)
Int: 1 means solar radiation values are reconstructed



PVGIS (c) European Union, 2001-2026