timestamp,archetype_id,schedule_state,occupied_probability,T_outdoor_C,T_set_C,T_indoor_prev_C,T_indoor_free_float_C,T_indoor_next_C,Q_occ_W,Q_app_W,Q_lighting_W,Q_cooking_W,Q_internal_gains_W,Q_solar_gains_W,Q_air_W,Q_dhw_demand_W,Q_heating_requested_W,Q_heating_supplied_W,Q_unmet_heating_W,Q_excess_heat_W,comfort_violation_degC,P_el_total_W,P_el_space_heating_W,P_el_dhw_W,P_el_space_heating_technology_W,P_el_dhw_technology_W,P_el_appliances_W,P_el_lighting_W,P_el_cooking_W,P_el_ev_charging_W,P_pv_generation_W,P_el_gross_actual_W,P_el_net_grid_W,P_el_grid_import_W,P_el_grid_export_W,P_gas_space_heating_W,P_gas_dhw_W,P_oil_space_heating_W,P_oil_dhw_W,P_biomass_space_heating_W,P_biomass_dhw_W,P_propane_space_heating_W,P_propane_dhw_W,P_coal_space_heating_W,P_coal_dhw_W,P_district_heat_space_heating_W,P_district_heat_dhw_W,heating_technology_type,dhw_technology_type,heating_on,integration_substeps,Q_total_thermal_W,raw_P_el_appliances_W,raw_P_el_lighting_W,raw_P_el_cooking_W,raw_P_el_dhw_W,raw_P_el_space_heating_W,raw_P_el_total_W,P_gas_total_W,P_oil_total_W,P_biomass_total_W,P_propane_total_W,P_coal_total_W,P_district_heat_total_W
2050-01-01 12:00:00+01:00,BE_RES_APT_AS_IS_HP_V1,occupied_day,0.95,2.461029052734375,21.0,17.0,4.090031220942448,7.398751316329861,132.25,164.9508786495088,27.521793275217934,17.60936874013865,342.3320406648654,196.4104430904,1032.2669372558594,400.3048232545867,1848.0000000000002,1848.0000000000002,0.0,0.0,7.601248683670139,461.7221118938411,78.12587555788042,85.44347585443414,528.0000000000001,114.37280664416764,235.64411235644005,32.378580323785805,30.130067801300633,170.2054794520548,329.419275,1110.731046577749,781.3117715777491,781.3117715777491,0.0,0.0,0.0,0.0,0.0,0.0,0.0,0.0,0.0,0.0,0.0,0.0,0.0,air_water,air_water,True,5,2248.304823254587,235.64411235644116,32.378580323785805,35.2187374802773,114.37280664416764,528.0000000000001,945.614236804672,0.0,0.0,0.0,0.0,0.0,0.0
2050-01-02 12:00:00+01:00,BE_RES_APT_AS_IS_HP_V1,occupied_day,0.95,0.293731689453125,21.0,7.398751316329861,1.5830079577128042,12.83368916821805,132.25,164.9508786495088,27.521793275217934,17.60936874013865,342.3320406648654,196.4104430904,504.45639350824825,400.3048232545867,6283.776891855605,6283.776891855605,0.0,0.0,2.1663108317819493,649.2486018590101,265.6523655230495,85.44347585443414,1795.3648262444585,114.37280664416764,235.64411235644005,32.378580323785805,30.130067801300633,170.2054794520548,329.419275,2378.0958728222076,2048.6765978222074,2048.6765978222074,0.0,0.0,0.0,0.0,0.0,0.0,0.0,0.0,0.0,0.0,0.0,0.0,0.0,air_water,air_water,True,5,6684.081715110192,235.64411235644116,32.378580323785805,35.2187374802773,114.37280664416764,1795.3648262444585,2212.9790630491307,0.0,0.0,0.0,0.0,0.0,0.0
2050-01-03 12:00:00+01:00,BE_RES_APT_AS_IS_HP_V1,away,0.17500000000000004,-0.00921630859375,16.0,12.83368916821805,1.4721763067149471,4.171144604532941,24.000000000000004,164.9508786495088,27.521793275217934,17.60936874013865,234.0820406648654,196.4104430904,654.9881793174019,400.3048232545867,1462.8356042832606,1462.8356042832606,0.0,0.0,10.828855395467059,445.43893784130194,61.842701505341346,85.44347585443414,417.95302979521733,114.37280664416764,235.64411235644005,32.378580323785805,30.130067801300633,170.2054794520548,329.419275,1000.6840763729662,671.2648013729661,671.2648013729661,0.0,0.0,0.0,0.0,0.0,0.0,0.0,0.0,0.0,0.0,0.0,0.0,0.0,air_water,air_water,True,5,1863.1404275378472,235.64411235644116,32.378580323785805,35.2187374802773,114.37280664416764,417.95302979521733,835.5672665998893,0.0,0.0,0.0,0.0,0.0,0.0
2050-01-04 12:00:00+01:00,BE_RES_APT_AS_IS_HP_V1,away,0.17500000000000004,-1.505126953125,16.0,4.171144604532941,-0.4071647468657503,9.675770065277012,24.000000000000004,164.9508786495088,27.521793275217934,17.60936874013865,234.0820406648654,196.4104430904,289.489849440555,400.3048232545867,5464.9311927057815,5464.9311927057815,0.0,0.0,5.324229934722988,614.631157490566,231.03492115460543,85.44347585443414,1561.408912201652,114.37280664416764,235.64411235644005,32.378580323785805,30.130067801300633,170.2054794520548,329.419275,2144.139958779401,1814.7206837794008,1814.7206837794008,0.0,0.0,0.0,0.0,0.0,0.0,0.0,0.0,0.0,0.0,0.0,0.0,0.0,air_water,air_water,True,5,5865.236015960369,235.64411235644116,32.378580323785805,35.2187374802773,114.37280664416764,1561.408912201652,1979.0231490063238,0.0,0.0,0.0,0.0,0.0,0.0
2050-01-05 12:00:00+01:00,BE_RES_APT_AS_IS_HP_V1,away,0.17500000000000004,-1.84942626953125,16.0,9.675770065277012,-0.43853394222753406,4.952249530639154,24.000000000000004,164.9508786495088,27.521793275217934,17.60936874013865,234.0820406648654,196.4104430904,587.7850130752214,400.3048232545867,2921.7942298420207,2921.7942298420207,0.0,0.0,10.047750469360846,507.1177365558582,123.52150021989758,85.44347585443414,834.7983513834345,114.37280664416764,235.64411235644005,32.378580323785805,30.130067801300633,170.2054794520548,329.419275,1417.5293979611833,1088.1101229611834,1088.1101229611834,0.0,0.0,0.0,0.0,0.0,0.0,0.0,0.0,0.0,0.0,0.0,0.0,0.0,air_water,air_water,True,5,3322.0990530966073,235.64411235644116,32.378580323785805,35.2187374802773,114.37280664416764,834.7983513834345,1252.4125881881064,0.0,0.0,0.0,0.0,0.0,0.0
2050-01-06 12:00:00+01:00,BE_RES_APT_AS_IS_HP_V1,away,0.17500000000000004,-2.851165771484375,16.0,4.952249530639154,-1.6393967759781436,7.777722977305194,24.000000000000004,164.9508786495088,27.521793275217934,17.60936874013865,234.0820406648654,196.4104430904,397.9741804083,400.3048232545867,5104.060716844711,5104.060716844711,0.0,0.0,7.222277022694806,599.3750309269108,215.7787945909501,85.44347585443414,1458.3030619556318,114.37280664416764,235.64411235644005,32.378580323785805,30.130067801300633,170.2054794520548,329.419275,2041.0341085333807,1711.6148335333808,1711.6148335333808,0.0,0.0,0.0,0.0,0.0,0.0,0.0,0.0,0.0,0.0,0.0,0.0,0.0,air_water,air_water,True,5,5504.365540099298,235.64411235644116,32.378580323785805,35.2187374802773,114.37280664416764,1458.3030619556318,1875.9172987603038,0.0,0.0,0.0,0.0,0.0,0.0
2050-01-07 12:00:00+01:00,BE_RES_APT_AS_IS_HP_V1,away,0.17500000000000004,-3.875396728515625,16.0,7.777722977305194,-2.4576602242904064,4.551021550531268,24.000000000000004,164.9508786495088,27.521793275217934,17.60936874013865,234.0820406648654,196.4104430904,594.3091049968618,400.3048232545867,3798.691984485001,3798.691984485001,0.0,0.0,10.448978449468733,544.1893842053291,160.59314786936847,85.44347585443414,1085.3405669957144,114.37280664416764,235.64411235644005,32.378580323785805,30.130067801300633,170.2054794520548,329.419275,1668.0716135734633,1338.6523385734633,1338.6523385734633,0.0,0.0,0.0,0.0,0.0,0.0,0.0,0.0,0.0,0.0,0.0,0.0,0.0,air_water,air_water,True,5,4198.996807739588,235.64411235644116,32.378580323785805,35.2187374802773,114.37280664416764,1085.3405669957144,1502.9548038003863,0.0,0.0,0.0,0.0,0.0,0.0
2050-01-08 12:00:00+01:00,BE_RES_APT_AS_IS_HP_V1,occupied_day,0.95,-0.057098388671875,21.0,4.551021550531268,1.1180714701001242,14.724337856188045,132.25,164.9508786495088,27.521793275217934,17.60936874013865,342.3320406648654,196.4104430904,327.17651568342313,400.3048232545867,7599.428043654555,7599.428043654555,0.0,0.0,0.27566214381195486,704.8689471853233,321.2727108493627,85.44347585443414,2171.265155329873,114.37280664416764,235.64411235644005,32.378580323785805,30.130067801300633,170.2054794520548,329.419275,2753.996201907622,2424.576926907622,2424.576926907622,0.0,0.0,0.0,0.0,0.0,0.0,0.0,0.0,0.0,0.0,0.0,0.0,0.0,air_water,air_water,True,5,7999.732866909142,235.64411235644116,32.378580323785805,35.2187374802773,114.37280664416764,2171.265155329873,2588.879392134545,0.0,0.0,0.0,0.0,0.0,0.0
2050-01-09 12:00:00+01:00,BE_RES_APT_AS_IS_HP_V1,occupied_day,0.95,5.33642578125,21.0,14.724337856188045,6.730028491529271,11.921130853302438,132.25,164.9508786495088,27.521793275217934,17.60936874013865,342.3320406648654,196.4104430904,666.5417573206012,400.3048232545867,2899.3559104411233,2899.3559104411233,0.0,0.0,3.0788691466975617,506.169136258649,122.57289992268844,85.44347585443414,828.387402983178,114.37280664416764,235.64411235644005,32.378580323785805,30.130067801300633,170.2054794520548,329.419275,1411.118449560927,1081.699174560927,1081.699174560927,0.0,0.0,0.0,0.0,0.0,0.0,0.0,0.0,0.0,0.0,0.0,0.0,0.0,air_water,air_water,True,5,3299.66073369571,235.64411235644116,32.378580323785805,35.2187374802773,114.37280664416764,828.387402983178,1246.0016397878499,0.0,0.0,0.0,0.0,0.0,0.0
2050-01-10 12:00:00+01:00,BE_RES_APT_AS_IS_HP_V1,away,0.17500000000000004,3.607635498046875,16.0,11.921130853302438,4.84669487919673,8.323529309785185,24.000000000000004,164.9508786495088,27.521793275217934,17.60936874013865,234.0820406648654,196.4104430904,423.9882631180338,400.3048232545867,1884.4375457742738,1884.4375457742738,0.0,0.0,6.676470690214815,463.2625421789035,79.66630584294289,85.44347585443414,538.4107273640782,114.37280664416764,235.64411235644005,32.378580323785805,30.130067801300633,170.2054794520548,329.419275,1121.141773941827,791.7224989418271,791.7224989418271,0.0,0.0,0.0,0.0,0.0,0.0,0.0,0.0,0.0,0.0,0.0,0.0,0.0,air_water,air_water,True,5,2284.7423690288606,235.64411235644116,32.378580323785805,35.2187374802773,114.37280664416764,538.4107273640782,956.0249641687501,0.0,0.0,0.0,0.0,0.0,0.0
2050-01-11 12:00:00+01:00,BE_RES_APT_AS_IS_HP_V1,away,0.17500000000000004,4.018585205078125,16.0,8.323529309785185,5.043178427773084,11.586614032406608,24.000000000000004,164.9508786495088,27.521793275217934,17.60936874013865,234.0820406648654,196.4104430904,219.55214934006008,400.3048232545867,3546.529458879245,3546.529458879245,0.0,0.0,3.413385967593392,533.5289848028203,149.93274846685975,85.44347585443414,1013.2941311083557,114.37280664416764,235.64411235644005,32.378580323785805,30.130067801300633,170.2054794520548,329.419275,1596.0251776861046,1266.6059026861046,1266.6059026861046,0.0,0.0,0.0,0.0,0.0,0.0,0.0,0.0,0.0,0.0,0.0,0.0,0.0,air_water,air_water,True,5,3946.8342821338315,235.64411235644116,32.378580323785805,35.2187374802773,114.37280664416764,1013.2941311083557,1430.9083679130276,0.0,0.0,0.0,0.0,0.0,0.0
2050-01-12 12:00:00+01:00,BE_RES_APT_AS_IS_HP_V1,away,0.17500000000000004,6.4541015625,16.0,11.586614032406608,7.522971481948894,11.284948573081701,24.000000000000004,164.9508786495088,27.521793275217934,17.60936874013865,234.0820406648654,196.4104430904,261.75813596523705,400.3048232545867,2038.9843170281474,2038.9843170281474,0.0,0.0,3.715051426918299,469.79614705923484,86.19991072327426,85.44347585443414,582.5669477223279,114.37280664416764,235.64411235644005,32.378580323785805,30.130067801300633,170.2054794520548,329.419275,1165.2979943000769,835.8787193000769,835.8787193000769,0.0,0.0,0.0,0.0,0.0,0.0,0.0,0.0,0.0,0.0,0.0,0.0,0.0,air_water,air_water,True,5,2439.289140282734,235.64411235644116,32.378580323785805,35.2187374802773,114.37280664416764,582.5669477223279,1000.1811845269998,0.0,0.0,0.0,0.0,0.0,0.0
2050-01-13 12:00:00+01:00,BE_RES_APT_AS_IS_HP_V1,away,0.17500000000000004,3.968048095703125,16.0,11.284948573081701,5.153787496232835,9.172904696003181,24.000000000000004,164.9508786495088,27.521793275217934,17.60936874013865,234.0820406648654,196.4104430904,373.16192434630744,400.3048232545867,2178.3537592362545,2178.3537592362545,0.0,0.0,5.827095303996819,475.688116593067,92.09188025710638,85.44347585443414,622.3867883532156,114.37280664416764,235.64411235644005,32.378580323785805,30.130067801300633,170.2054794520548,329.419275,1205.1178349309646,875.6985599309646,875.6985599309646,0.0,0.0,0.0,0.0,0.0,0.0,0.0,0.0,0.0,0.0,0.0,0.0,0.0,air_water,air_water,True,5,2578.658582490841,235.64411235644116,32.378580323785805,35.2187374802773,114.37280664416764,622.3867883532156,1040.0010251578874,0.0,0.0,0.0,0.0,0.0,0.0
2050-01-14 12:00:00+01:00,BE_RES_APT_AS_IS_HP_V1,away,0.17500000000000004,2.2401123046875,16.0,9.172904696003181,3.4053010921651503,9.224727791122433,24.000000000000004,164.9508786495088,27.521793275217934,17.60936874013865,234.0820406648654,196.4104430904,353.5724119570998,400.3048232545867,3154.1180304465306,3154.1180304465306,0.0,0.0,5.775272208877567,516.9394358714219,133.3431995354613,85.44347585443414,901.1765801275802,114.37280664416764,235.64411235644005,32.378580323785805,30.130067801300633,170.2054794520548,329.419275,1483.9076267053292,1154.4883517053293,1154.4883517053293,0.0,0.0,0.0,0.0,0.0,0.0,0.0,0.0,0.0,0.0,0.0,0.0,0.0,air_water,air_water,True,5,3554.422853701117,235.64411235644116,32.378580323785805,35.2187374802773,114.37280664416764,901.1765801275802,1318.7908169322523,0.0,0.0,0.0,0.0,0.0,0.0
2050-01-15 12:00:00+01:00,BE_RES_APT_AS_IS_HP_V1,occupied_day,0.95,2.537994384765625,21.0,9.224727791122433,3.808155292084965,13.548425238627498,132.25,164.9508786495088,27.521793275217934,17.60936874013865,342.3320406648654,196.4104430904,474.7580718513334,400.3048232545867,5440.175760501436,5440.175760501436,0.0,0.0,1.4515747613725019,613.5845991486947,229.9883628127341,85.44347585443414,1554.335931571839,114.37280664416764,235.64411235644005,32.378580323785805,30.130067801300633,170.2054794520548,329.419275,2137.066978149588,1807.647703149588,1807.647703149588,0.0,0.0,0.0,0.0,0.0,0.0,0.0,0.0,0.0,0.0,0.0,0.0,0.0,air_water,air_water,True,5,5840.480583756023,235.64411235644116,32.378580323785805,35.2187374802773,114.37280664416764,1554.335931571839,1971.9501683765109,0.0,0.0,0.0,0.0,0.0,0.0
2050-01-16 12:00:00+01:00,BE_RES_APT_AS_IS_HP_V1,occupied_day,0.95,0.313507080078125,21.0,13.548425238627498,1.8829150314110104,8.046708820219726,132.25,164.9508786495088,27.521793275217934,17.60936874013865,342.3320406648654,196.4104430904,939.6791892570055,400.3048232545867,3442.6275397540962,3442.6275397540962,0.0,0.0,6.953291179780274,529.1364369652682,145.54020062930763,85.44347585443414,983.6078685011704,114.37280664416764,235.64411235644005,32.378580323785805,30.130067801300633,170.2054794520548,329.419275,1566.3389150789192,1236.9196400789192,1236.9196400789192,0.0,0.0,0.0,0.0,0.0,0.0,0.0,0.0,0.0,0.0,0.0,0.0,0.0,air_water,air_water,True,5,3842.932363008683,235.64411235644116,32.378580323785805,35.2187374802773,114.37280664416764,983.6078685011704,1401.2221053058424,0.0,0.0,0.0,0.0,0.0,0.0
2050-01-17 12:00:00+01:00,BE_RES_APT_AS_IS_HP_V1,away,0.17500000000000004,1.964935302734375,16.0,8.046708820219726,3.084592740545976,9.86399056279386,24.000000000000004,164.9508786495088,27.521793275217934,17.60936874013865,234.0820406648654,196.4104430904,310.1704493917529,400.3048232545867,3674.4205250584873,3674.4205250584873,0.0,0.0,5.136009437206139,538.935695582736,155.3394592467754,85.44347585443414,1049.8344357309963,114.37280664416764,235.64411235644005,32.378580323785805,30.130067801300633,170.2054794520548,329.419275,1632.5654823087452,1303.1462073087453,1303.1462073087453,0.0,0.0,0.0,0.0,0.0,0.0,0.0,0.0,0.0,0.0,0.0,0.0,0.0,air_water,air_water,True,5,4074.725348313074,235.64411235644116,32.378580323785805,35.2187374802773,114.37280664416764,1049.8344357309963,1467.4486725356683,0.0,0.0,0.0,0.0,0.0,0.0
2050-01-18 12:00:00+01:00,BE_RES_APT_AS_IS_HP_V1,away,0.17500000000000004,4.168243408203125,16.0,9.86399056279386,5.267247601004825,10.497591627845424,24.000000000000004,164.9508786495088,27.521793275217934,17.60936874013865,234.0820406648654,196.4104430904,290.48310488412756,400.3048232545867,2834.836359989237,2834.836359989237,0.0,0.0,4.5024083721545765,503.4415137642473,119.84527742828668,85.44347585443414,809.9532457112106,114.37280664416764,235.64411235644005,32.378580323785805,30.130067801300633,170.2054794520548,329.419275,1392.6842922889596,1063.2650172889596,1063.2650172889596,0.0,0.0,0.0,0.0,0.0,0.0,0.0,0.0,0.0,0.0,0.0,0.0,0.0,air_water,air_water,True,5,3235.1411832438234,235.64411235644116,32.378580323785805,35.2187374802773,114.37280664416764,809.9532457112106,1227.5674825158826,0.0,0.0,0.0,0.0,0.0,0.0
2050-01-19 12:00:00+01:00,BE_RES_APT_AS_IS_HP_V1,away,0.17500000000000004,7.30224609375,16.0,10.497591627845424,8.267473393947757,12.957734883447735,24.000000000000004,164.9508786495088,27.521793275217934,17.60936874013865,234.0820406648654,196.4104430904,162.96262223886663,400.3048232545867,2542.1126679354147,2542.1126679354147,0.0,0.0,2.042265116552265,491.06635427385754,107.47011793789694,85.44347585443414,726.3179051244042,114.37280664416764,235.64411235644005,32.378580323785805,30.130067801300633,170.2054794520548,329.419275,1309.048951702153,979.6296767021531,979.6296767021531,0.0,0.0,0.0,0.0,0.0,0.0,0.0,0.0,0.0,0.0,0.0,0.0,0.0,air_water,air_water,True,5,2942.4174911900013,235.64411235644116,32.378580323785805,35.2187374802773,114.37280664416764,726.3179051244042,1143.9321419290761,0.0,0.0,0.0,0.0,0.0,0.0
2050-01-20 12:00:00+01:00,BE_RES_APT_AS_IS_HP_V1,away,0.17500000000000004,6.64398193359375,16.0,12.957734883447735,7.776050772580237,10.36928230901506,24.000000000000004,164.9508786495088,27.521793275217934,17.60936874013865,234.0820406648654,196.4104430904,322.0014004425533,400.3048232545867,1405.5264838471467,1405.5264838471467,0.0,0.0,4.630717690984939,443.0161428134213,59.4199064774607,85.44347585443414,401.57899538489903,114.37280664416764,235.64411235644005,32.378580323785805,30.130067801300633,170.2054794520548,329.419275,984.3100419626479,654.8907669626478,654.8907669626478,0.0,0.0,0.0,0.0,0.0,0.0,0.0,0.0,0.0,0.0,0.0,0.0,0.0,air_water,air_water,True,5,1805.8313071017333,235.64411235644116,32.378580323785805,35.2187374802773,114.37280664416764,401.57899538489903,819.193232189571,0.0,0.0,0.0,0.0,0.0,0.0
2050-01-21 12:00:00+01:00,BE_RES_APT_AS_IS_HP_V1,away,0.17500000000000004,3.700958251953125,16.0,10.36928230901506,4.851997411763521,9.65162996501433,24.000000000000004,164.9508786495088,27.521793275217934,17.60936874013865,234.0820406648654,196.4104430904,340.0845269101588,400.3048232545867,2601.3915732350424,2601.3915732350424,0.0,0.0,5.34837003498567,493.5724237428219,109.97618740686127,85.44347585443414,743.2547352100121,114.37280664416764,235.64411235644005,32.378580323785805,30.130067801300633,170.2054794520548,329.419275,1325.985781787761,996.566506787761,996.566506787761,0.0,0.0,0.0,0.0,0.0,0.0,0.0,0.0,0.0,0.0,0.0,0.0,0.0,air_water,air_water,True,5,3001.696396489629,235.64411235644116,32.378580323785805,35.2187374802773,114.37280664416764,743.2547352100121,1160.868972014684,0.0,0.0,0.0,0.0,0.0,0.0
2050-01-22 12:00:00+01:00,BE_RES_APT_AS_IS_HP_V1,occupied_day,0.95,6.245941162109375,21.0,9.65162996501433,7.366160835939418,16.75330583210178,132.25,164.9508786495088,27.521793275217934,17.60936874013865,342.3320406648654,196.4104430904,241.80390500625177,400.3048232545867,5242.9469561633805,5242.9469561633805,0.0,0.0,0.0,605.246572620478,221.65033628451738,85.44347585443414,1497.9848446181088,114.37280664416764,235.64411235644005,32.378580323785805,30.130067801300633,170.2054794520548,329.419275,2080.7158911958577,1751.2966161958577,1751.2966161958577,0.0,0.0,0.0,0.0,0.0,0.0,0.0,0.0,0.0,0.0,0.0,0.0,0.0,air_water,air_water,True,5,5643.251779417968,235.64411235644116,32.378580323785805,35.2187374802773,114.37280664416764,1497.9848446181088,1915.5990814227807,0.0,0.0,0.0,0.0,0.0,0.0
2050-01-23 12:00:00+01:00,BE_RES_APT_AS_IS_HP_V1,occupied_day,0.95,8.74456787109375,21.0,16.75330583210178,10.075143377286366,13.58792396035871,132.25,164.9508786495088,27.521793275217934,17.60936874013865,342.3320406648654,196.4104430904,568.6203952315701,400.3048232545867,1961.9727055689777,1961.9727055689777,0.0,0.0,1.4120760396412901,466.5404113593588,82.94417502339822,85.44347585443414,560.5636301625651,114.37280664416764,235.64411235644005,32.378580323785805,30.130067801300633,170.2054794520548,329.419275,1143.2946767403141,813.8754017403141,813.8754017403141,0.0,0.0,0.0,0.0,0.0,0.0,0.0,0.0,0.0,0.0,0.0,0.0,0.0,air_water,air_water,True,5,2362.2775288235644,235.64411235644116,32.378580323785805,35.2187374802773,114.37280664416764,560.5636301625651,978.177866967237,0.0,0.0,0.0,0.0,0.0,0.0
2050-01-24 12:00:00+01:00,BE_RES_APT_AS_IS_HP_V1,away,0.17500000000000004,5.799835205078125,16.0,13.58792396035871,7.010784197192025,9.066841580305745,24.000000000000004,164.9508786495088,27.521793275217934,17.60936874013865,234.0820406648654,196.4104430904,397.19252651930987,400.3048232545867,1114.3791303142762,1114.3791303142762,0.0,0.0,5.933158419694255,430.70762446325074,47.111388127290105,85.44347585443414,318.3940372326503,114.37280664416764,235.64411235644005,32.378580323785805,30.130067801300633,170.2054794520548,329.419275,901.1250838103991,571.705808810399,571.705808810399,0.0,0.0,0.0,0.0,0.0,0.0,0.0,0.0,0.0,0.0,0.0,0.0,0.0,air_water,air_water,True,5,1514.6839535688628,235.64411235644116,32.378580323785805,35.2187374802773,114.37280664416764,318.3940372326503,736.0082740373223,0.0,0.0,0.0,0.0,0.0,0.0
2050-01-25 12:00:00+01:00,BE_RES_APT_AS_IS_HP_V1,away,0.17500000000000004,8.2276611328125,16.0,9.066841580305745,9.066828506811241,14.976663571227098,24.000000000000004,164.9508786495088,27.521793275217934,17.60936874013865,234.0820406648654,196.4104430904,42.798202822155496,400.3048232545867,3203.1191898987463,3203.1191898987463,0.0,0.0,0.023336428772902096,519.0110043159867,135.41476798002606,85.44347585443414,915.1769113996418,114.37280664416764,235.64411235644005,32.378580323785805,30.130067801300633,170.2054794520548,329.419275,1497.9079579773907,1168.4886829773907,1168.4886829773907,0.0,0.0,0.0,0.0,0.0,0.0,0.0,0.0,0.0,0.0,0.0,0.0,0.0,air_water,air_water,True,5,3603.424013153333,235.64411235644116,32.378580323785805,35.2187374802773,114.37280664416764,915.1769113996418,1332.7911482043137,0.0,0.0,0.0,0.0,0.0,0.0
2050-01-26 12:00:00+01:00,BE_RES_APT_AS_IS_HP_V1,away,0.17500000000000004,8.3787841796875,16.0,14.976663571227098,9.52605439758998,10.398347967613859,24.000000000000004,164.9508786495088,27.521793275217934,17.60936874013865,234.0820406648654,196.4104430904,336.49184896851955,400.3048232545867,472.7814300930808,472.7814300930808,0.0,0.0,4.601652032386141,403.583499958,19.987263622039375,85.44347585443414,135.0804085980231,114.37280664416764,235.64411235644005,32.378580323785805,30.130067801300633,170.2054794520548,329.419275,717.8114551757719,388.3921801757719,388.3921801757719,0.0,0.0,0.0,0.0,0.0,0.0,0.0,0.0,0.0,0.0,0.0,0.0,0.0,air_water,air_water,True,5,873.0862533476675,235.64411235644116,32.378580323785805,35.2187374802773,114.37280664416764,135.0804085980231,552.694645402695,0.0,0.0,0.0,0.0,0.0,0.0
2050-01-27 12:00:00+01:00,BE_RES_APT_AS_IS_HP_V1,away,0.17500000000000004,10.744293212890623,16.0,10.398347967613859,11.52005380006587,16.29491074053541,24.000000000000004,164.9508786495088,27.521793275217934,17.60936874013865,234.0820406648654,196.4104430904,-17.643207509114998,400.3048232545867,2587.9632389623976,2587.9632389623976,0.0,0.0,0.0,493.0047287361475,109.4084924001869,85.44347585443414,739.4180682749708,114.37280664416764,235.64411235644005,32.378580323785805,30.130067801300633,170.2054794520548,329.419275,1322.1491148527198,992.7298398527198,992.7298398527198,0.0,0.0,0.0,0.0,0.0,0.0,0.0,0.0,0.0,0.0,0.0,0.0,0.0,air_water,air_water,True,5,2988.268062216984,235.64411235644116,32.378580323785805,35.2187374802773,114.37280664416764,739.4180682749708,1157.0323050796428,0.0,0.0,0.0,0.0,0.0,0.0
2050-01-28 12:00:00+01:00,BE_RES_APT_AS_IS_HP_V1,away,0.17500000000000004,6.88775634765625,16.0,16.29491074053541,8.185328851826926,8.185328851826926,24.000000000000004,164.9508786495088,27.521793275217934,17.60936874013865,234.0820406648654,196.4104430904,479.7648740368372,400.3048232545867,0.0,0.0,0.0,0.0,6.814671148173074,383.5962363359606,0.0,85.44347585443414,0.0,114.37280664416764,235.64411235644005,32.378580323785805,30.130067801300633,170.2054794520548,329.419275,582.7310465777489,253.31177157774886,253.31177157774886,0.0,0.0,0.0,0.0,0.0,0.0,0.0,0.0,0.0,0.0,0.0,0.0,0.0,air_water,air_water,True,5,400.3048232545867,235.64411235644116,32.378580323785805,35.2187374802773,114.37280664416764,0.0,417.6142368046719,0.0,0.0,0.0,0.0,0.0,0.0
2050-01-29 12:00:00+01:00,BE_RES_APT_AS_IS_HP_V1,occupied_day,0.95,5.13690185546875,21.0,8.185328851826926,6.2407949374884035,16.840834923423788,132.25,164.9508786495088,27.521793275217934,17.60936874013865,342.3320406648654,196.4104430904,216.43831674143047,400.3048232545867,5920.378070455961,5920.378070455961,0.0,0.0,0.0,633.8855871952932,250.28935085933253,85.44347585443414,1691.536591558846,114.37280664416764,235.64411235644005,32.378580323785805,30.130067801300633,170.2054794520548,329.419275,2274.2676381365955,1944.8483631365955,1944.8483631365955,0.0,0.0,0.0,0.0,0.0,0.0,0.0,0.0,0.0,0.0,0.0,0.0,0.0,air_water,air_water,True,5,6320.682893710548,235.64411235644116,32.378580323785805,35.2187374802773,114.37280664416764,1691.536591558846,2109.150828363518,0.0,0.0,0.0,0.0,0.0,0.0
2050-01-30 12:00:00+01:00,BE_RES_APT_AS_IS_HP_V1,occupied_day,0.95,4.345733642578125,21.0,16.840834923423788,5.881332527407498,9.321710794632809,132.25,164.9508786495088,27.521793275217934,17.60936874013865,342.3320406648654,196.4104430904,887.152190940042,400.3048232545867,1921.5342653782102,1921.5342653782102,0.0,0.0,5.678289205367191,464.83083963527946,81.23460329931883,85.44347585443414,549.0097901080601,114.37280664416764,235.64411235644005,32.378580323785805,30.130067801300633,170.2054794520548,329.419275,1131.740836685809,802.321561685809,802.321561685809,0.0,0.0,0.0,0.0,0.0,0.0,0.0,0.0,0.0,0.0,0.0,0.0,0.0,air_water,air_water,True,5,2321.839088632797,235.64411235644116,32.378580323785805,35.2187374802773,114.37280664416764,549.0097901080601,966.624026912732,0.0,0.0,0.0,0.0,0.0,0.0
2050-01-31 12:00:00+01:00,BE_RES_APT_AS_IS_HP_V1,away,0.17500000000000004,6.251983642578125,16.0,9.321710794632809,7.210490087747794,12.903074235843663,24.000000000000004,164.9508786495088,27.521793275217934,17.60936874013865,234.0820406648654,196.4104430904,156.55608475478888,400.3048232545867,3085.369612879643,3085.369612879643,0.0,0.0,2.096925764156337,514.033034185474,130.4367978495133,85.44347585443414,881.5341751084694,114.37280664416764,235.64411235644005,32.378580323785805,30.130067801300633,170.2054794520548,329.419275,1464.2652216862184,1134.8459466862184,1134.8459466862184,0.0,0.0,0.0,0.0,0.0,0.0,0.0,0.0,0.0,0.0,0.0,0.0,0.0,air_water,air_water,True,5,3485.6744361342294,235.64411235644116,32.378580323785805,35.2187374802773,114.37280664416764,881.5341751084694,1299.1484119131414,0.0,0.0,0.0,0.0,0.0,0.0
2050-02-01 12:00:00+01:00,BE_RES_APT_AS_IS_HP_V1,away,0.17500000000000004,5.316650390625,16.0,12.903074235843663,6.516809874047895,9.156634231863608,24.000000000000004,164.9508786495088,27.521793275217934,17.60936874013865,234.0820406648654,196.4104430904,386.90761610615186,400.3048232545867,1430.7797030402278,1430.7797030402278,0.0,0.0,5.843365768136392,444.08374555157855,60.48750921561791,85.44347585443414,408.7942008686365,114.37280664416764,235.64411235644005,32.378580323785805,30.130067801300633,170.2054794520548,329.419275,991.5252474463854,662.1059724463853,662.1059724463853,0.0,0.0,0.0,0.0,0.0,0.0,0.0,0.0,0.0,0.0,0.0,0.0,0.0,air_water,air_water,True,5,1831.0845262948146,235.64411235644116,32.378580323785805,35.2187374802773,114.37280664416764,408.7942008686365,826.4084376733084,0.0,0.0,0.0,0.0,0.0,0.0
2050-02-02 12:00:00+01:00,BE_RES_APT_AS_IS_HP_V1,away,0.17500000000000004,4.362091064453125,16.0,9.156634231863608,5.412878895523554,11.246174563522887,24.000000000000004,164.9508786495088,27.521793275217934,17.60936874013865,234.0820406648654,196.4104430904,244.52170153793466,400.3048232545867,3161.6349848790137,3161.6349848790137,0.0,0.0,3.753825436477113,517.2572219355812,133.66098559962063,85.44347585443414,903.324281394004,114.37280664416764,235.64411235644005,32.378580323785805,30.130067801300633,170.2054794520548,329.419275,1486.0553279717528,1156.6360529717529,1156.6360529717529,0.0,0.0,0.0,0.0,0.0,0.0,0.0,0.0,0.0,0.0,0.0,0.0,0.0,air_water,air_water,True,5,3561.9398081336003,235.64411235644116,32.378580323785805,35.2187374802773,114.37280664416764,903.324281394004,1320.9385181986759,0.0,0.0,0.0,0.0,0.0,0.0
2050-02-03 12:00:00+01:00,BE_RES_APT_AS_IS_HP_V1,away,0.17500000000000004,2.949859619140625,16.0,11.246174563522887,4.187999811164441,8.24016803723584,24.000000000000004,164.9508786495088,27.521793275217934,17.60936874013865,234.0820406648654,196.4104430904,423.1120621634954,400.3048232545867,2196.2673516524264,2196.2673516524264,0.0,0.0,6.75983196276416,476.445429954485,92.84919361852435,85.44347585443414,627.5049576149789,114.37280664416764,235.64411235644005,32.378580323785805,30.130067801300633,170.2054794520548,329.419275,1210.236004192728,880.816729192728,880.816729192728,0.0,0.0,0.0,0.0,0.0,0.0,0.0,0.0,0.0,0.0,0.0,0.0,0.0,air_water,air_water,True,5,2596.572174907013,235.64411235644116,32.378580323785805,35.2187374802773,114.37280664416764,627.5049576149789,1045.1191944196507,0.0,0.0,0.0,0.0,0.0,0.0
2050-02-04 12:00:00+01:00,BE_RES_APT_AS_IS_HP_V1,away,0.17500000000000004,3.441192626953125,16.0,8.24016803723584,4.492217592599797,11.106710476139144,24.000000000000004,164.9508786495088,27.521793275217934,17.60936874013865,234.0820406648654,196.4104430904,244.7477459244185,400.3048232545867,3585.0423667970426,3585.0423667970426,0.0,0.0,3.8932895238608562,535.1571529042045,151.56091656824393,85.44347585443414,1024.2978190848694,114.37280664416764,235.64411235644005,32.378580323785805,30.130067801300633,170.2054794520548,329.419275,1607.0288656626183,1277.6095906626183,1277.6095906626183,0.0,0.0,0.0,0.0,0.0,0.0,0.0,0.0,0.0,0.0,0.0,0.0,0.0,air_water,air_water,True,5,3985.3471900516292,235.64411235644116,32.378580323785805,35.2187374802773,114.37280664416764,1024.2978190848694,1441.9120558895413,0.0,0.0,0.0,0.0,0.0,0.0
2050-02-05 12:00:00+01:00,BE_RES_APT_AS_IS_HP_V1,occupied_day,0.95,1.47119140625,21.0,11.106710476139144,2.8761095671648658,11.059641031435913,132.25,164.9508786495088,27.521793275217934,17.60936874013865,342.3320406648654,196.4104430904,684.1218539621292,400.3048232545867,4570.699760023716,4570.699760023716,0.0,0.0,3.9403589685640874,576.8267128857694,193.23047654980883,85.44347585443414,1305.9142171496333,114.37280664416764,235.64411235644005,32.378580323785805,30.130067801300633,170.2054794520548,329.419275,1888.6452637273821,1559.2259887273822,1559.2259887273822,0.0,0.0,0.0,0.0,0.0,0.0,0.0,0.0,0.0,0.0,0.0,0.0,0.0,air_water,air_water,True,5,4971.0045832783035,235.64411235644116,32.378580323785805,35.2187374802773,114.37280664416764,1305.9142171496333,1723.5284539543052,0.0,0.0,0.0,0.0,0.0,0.0
2050-02-06 12:00:00+01:00,BE_RES_APT_AS_IS_HP_V1,occupied_day,0.95,1.13824462890625,21.0,11.059641031435913,2.556227165671921,10.778693534335044,132.25,164.9508786495088,27.521793275217934,17.60936874013865,342.3320406648654,196.4104430904,704.419144579606,400.3048232545867,4592.445843476609,4592.445843476609,0.0,0.0,4.221306465664956,577.7460482806353,194.1498119446746,85.44347585443414,1312.1273838504599,114.37280664416764,235.64411235644005,32.378580323785805,30.130067801300633,170.2054794520548,329.419275,1894.8584304282087,1565.4391554282088,1565.4391554282088,0.0,0.0,0.0,0.0,0.0,0.0,0.0,0.0,0.0,0.0,0.0,0.0,0.0,air_water,air_water,True,5,4992.750666731196,235.64411235644116,32.378580323785805,35.2187374802773,114.37280664416764,1312.1273838504599,1729.7416206551318,0.0,0.0,0.0,0.0,0.0,0.0
2050-02-07 12:00:00+01:00,BE_RES_APT_AS_IS_HP_V1,away,0.17500000000000004,7.40234375,16.0,10.778693534335044,8.3772551689196,12.827904954332803,24.000000000000004,164.9508786495088,27.521793275217934,17.60936874013865,234.0820406648654,196.4104430904,172.19383900108727,400.3048232545867,2412.24358713721,2412.24358713721,0.0,0.0,2.172095045667197,485.5760211324848,101.97978479652419,85.44347585443414,689.2124534677743,114.37280664416764,235.64411235644005,32.378580323785805,30.130067801300633,170.2054794520548,329.419275,1271.9435000455233,942.5242250455233,942.5242250455233,0.0,0.0,0.0,0.0,0.0,0.0,0.0,0.0,0.0,0.0,0.0,0.0,0.0,air_water,air_water,True,5,2812.5484103917966,235.64411235644116,32.378580323785805,35.2187374802773,114.37280664416764,689.2124534677743,1106.8266902724463,0.0,0.0,0.0,0.0,0.0,0.0
2050-02-08 12:00:00+01:00,BE_RES_APT_AS_IS_HP_V1,away,0.17500000000000004,7.050933837890625,16.0,12.827904954332803,8.154283688258854,10.858182459025802,24.000000000000004,164.9508786495088,27.521793275217934,17.60936874013865,234.0820406648654,196.4104430904,294.6255269385511,400.3048232545867,1465.5079110982451,1465.5079110982451,0.0,0.0,4.141817540974198,445.55191203485174,61.9556756988911,85.44347585443414,418.71654602807,114.37280664416764,235.64411235644005,32.378580323785805,30.130067801300633,170.2054794520548,329.419275,1001.4475926058188,672.0283176058188,672.0283176058188,0.0,0.0,0.0,0.0,0.0,0.0,0.0,0.0,0.0,0.0,0.0,0.0,0.0,air_water,air_water,True,5,1865.8127343528317,235.64411235644116,32.378580323785805,35.2187374802773,114.37280664416764,418.71654602807,836.330782832742,0.0,0.0,0.0,0.0,0.0,0.0
2050-02-09 12:00:00+01:00,BE_RES_APT_AS_IS_HP_V1,away,0.17500000000000004,5.091278076171875,16.0,10.858182459025802,6.194089334528697,10.57698263639816,24.000000000000004,164.9508786495088,27.521793275217934,17.60936874013865,234.0820406648654,196.4104430904,294.1121235255503,400.3048232545867,2375.51970393008,2375.51970393008,0.0,0.0,4.42301736360184,484.0234856728299,100.42724933686924,85.44347585443414,678.7199154085944,114.37280664416764,235.64411235644005,32.378580323785805,30.130067801300633,170.2054794520548,329.419275,1261.4509619863434,932.0316869863434,932.0316869863434,0.0,0.0,0.0,0.0,0.0,0.0,0.0,0.0,0.0,0.0,0.0,0.0,0.0,air_water,air_water,True,5,2775.8245271846667,235.64411235644116,32.378580323785805,35.2187374802773,114.37280664416764,678.7199154085944,1096.3341522132664,0.0,0.0,0.0,0.0,0.0,0.0
2050-02-10 12:00:00+01:00,BE_RES_APT_AS_IS_HP_V1,away,0.17500000000000004,5.0218505859375,16.0,10.57698263639816,6.113331566656184,10.735920036481387,24.000000000000004,164.9508786495088,27.521793275217934,17.60936874013865,234.0820406648654,196.4104430904,283.3117345734937,400.3048232545867,2505.4340219840506,2505.4340219840506,0.0,0.0,4.264079963518613,489.51573126020617,105.91949492424553,85.44347585443414,715.838291995443,114.37280664416764,235.64411235644005,32.378580323785805,30.130067801300633,170.2054794520548,329.419275,1298.569338573192,969.150063573192,969.150063573192,0.0,0.0,0.0,0.0,0.0,0.0,0.0,0.0,0.0,0.0,0.0,0.0,0.0,air_water,air_water,True,5,2905.738845238637,235.64411235644116,32.378580323785805,35.2187374802773,114.37280664416764,715.838291995443,1133.452528800115,0.0,0.0,0.0,0.0,0.0,0.0
2050-02-11 12:00:00+01:00,BE_RES_APT_AS_IS_HP_V1,away,0.17500000000000004,3.93695068359375,16.0,10.735920036481387,5.094979649187996,9.582089630970751,24.000000000000004,164.9508786495088,27.521793275217934,17.60936874013865,234.0820406648654,196.4104430904,346.7474369972695,400.3048232545867,2432.0049431455996,2432.0049431455996,0.0,0.0,5.417910369029249,486.41145037510734,102.81521403914671,85.44347585443414,694.858555184457,114.37280664416764,235.64411235644005,32.378580323785805,30.130067801300633,170.2054794520548,329.419275,1277.589601762206,948.1703267622061,948.1703267622061,0.0,0.0,0.0,0.0,0.0,0.0,0.0,0.0,0.0,0.0,0.0,0.0,0.0,air_water,air_water,True,5,2832.309766400186,235.64411235644116,32.378580323785805,35.2187374802773,114.37280664416764,694.858555184457,1112.4727919891288,0.0,0.0,0.0,0.0,0.0,0.0
2050-02-12 12:00:00+01:00,BE_RES_APT_AS_IS_HP_V1,occupied_day,0.95,4.474090576171875,21.0,9.582089630970751,5.672104528897704,15.116771900232552,132.25,164.9508786495088,27.521793275217934,17.60936874013865,342.3320406648654,196.4104430904,362.6679328907202,400.3048232545867,5275.074590491514,5275.074590491514,0.0,0.0,0.0,606.6047974914135,223.0085611554529,85.44347585443414,1507.164168711861,114.37280664416764,235.64411235644005,32.378580323785805,30.130067801300633,170.2054794520548,329.419275,2089.89521528961,1760.47594028961,1760.47594028961,0.0,0.0,0.0,0.0,0.0,0.0,0.0,0.0,0.0,0.0,0.0,0.0,0.0,air_water,air_water,True,5,5675.379413746101,235.64411235644116,32.378580323785805,35.2187374802773,114.37280664416764,1507.164168711861,1924.778405516533,0.0,0.0,0.0,0.0,0.0,0.0
2050-02-13 12:00:00+01:00,BE_RES_APT_AS_IS_HP_V1,occupied_day,0.95,5.836181640625,21.0,15.116771900232552,7.224879825877688,12.091368585739803,132.25,164.9508786495088,27.521793275217934,17.60936874013865,342.3320406648654,196.4104430904,658.9219084321362,400.3048232545867,2718.0513820925617,2718.0513820925617,0.0,0.0,2.9086314142601974,498.50432293622487,114.90808660026424,85.44347585443414,776.5861091693033,114.37280664416764,235.64411235644005,32.378580323785805,30.130067801300633,170.2054794520548,329.419275,1359.3171557470523,1029.8978807470523,1029.8978807470523,0.0,0.0,0.0,0.0,0.0,0.0,0.0,0.0,0.0,0.0,0.0,0.0,0.0,air_water,air_water,True,5,3118.3562053471483,235.64411235644116,32.378580323785805,35.2187374802773,114.37280664416764,776.5861091693033,1194.2003459739753,0.0,0.0,0.0,0.0,0.0,0.0
2050-02-14 12:00:00+01:00,BE_RES_APT_AS_IS_HP_V1,away,0.17500000000000004,5.460968017578125,16.0,12.091368585739803,6.609978188741181,9.941701710340865,24.000000000000004,164.9508786495088,27.521793275217934,17.60936874013865,234.0820406648654,196.4104430904,338.1504289762456,400.3048232545867,1805.7877133882114,1805.7877133882114,0.0,0.0,5.058298289659135,459.9375492039892,76.34131286802858,85.44347585443414,515.9393466823461,114.37280664416764,235.64411235644005,32.378580323785805,30.130067801300633,170.2054794520548,329.419275,1098.6703932600951,769.2511182600952,769.2511182600952,0.0,0.0,0.0,0.0,0.0,0.0,0.0,0.0,0.0,0.0,0.0,0.0,0.0,air_water,air_water,True,5,2206.092536642798,235.64411235644116,32.378580323785805,35.2187374802773,114.37280664416764,515.9393466823461,933.553583487018,0.0,0.0,0.0,0.0,0.0,0.0
2050-02-15 12:00:00+01:00,BE_RES_APT_AS_IS_HP_V1,away,0.17500000000000004,7.849273681640625,16.0,9.941701710340865,8.755492510774829,13.919595434085364,24.000000000000004,164.9508786495088,27.521793275217934,17.60936874013865,234.0820406648654,196.4104430904,106.71382946371227,400.3048232545867,2798.9338098225207,2798.9338098225207,0.0,0.0,1.0804045659146357,501.9237009035679,118.32746456760734,85.44347585443414,799.6953742350059,114.37280664416764,235.64411235644005,32.378580323785805,30.130067801300633,170.2054794520548,329.419275,1382.426420812755,1053.007145812755,1053.007145812755,0.0,0.0,0.0,0.0,0.0,0.0,0.0,0.0,0.0,0.0,0.0,0.0,0.0,air_water,air_water,True,5,3199.2386330771074,235.64411235644116,32.378580323785805,35.2187374802773,114.37280664416764,799.6953742350059,1217.3096110396777,0.0,0.0,0.0,0.0,0.0,0.0
2050-02-16 12:00:00+01:00,BE_RES_APT_AS_IS_HP_V1,away,0.17500000000000004,4.115692138671875,16.0,13.919595434085364,5.434491566905475,7.20783166784541,24.000000000000004,164.9508786495088,27.521793275217934,17.60936874013865,234.0820406648654,196.4104430904,499.999068066088,400.3048232545867,961.1469094525619,961.1469094525619,0.0,0.0,7.79216833215459,424.2295933926339,40.63335705667326,85.44347585443414,274.61340270073197,114.37280664416764,235.64411235644005,32.378580323785805,30.130067801300633,170.2054794520548,329.419275,857.3444492784809,527.9251742784809,527.9251742784809,0.0,0.0,0.0,0.0,0.0,0.0,0.0,0.0,0.0,0.0,0.0,0.0,0.0,air_water,air_water,True,5,1361.4517327071485,235.64411235644116,32.378580323785805,35.2187374802773,114.37280664416764,274.61340270073197,692.2276395054039,0.0,0.0,0.0,0.0,0.0,0.0
2050-02-17 12:00:00+01:00,BE_RES_APT_AS_IS_HP_V1,away,0.17500000000000004,4.037261962890625,16.0,7.20783166784541,5.001163702663627,12.49562171966438,24.000000000000004,164.9508786495088,27.521793275217934,17.60936874013865,234.0820406648654,196.4104430904,161.69905495269404,400.3048232545867,4061.9817694554213,4061.9817694554213,0.0,0.0,2.5043782803356205,555.3201985864223,171.72396225046162,85.44347585443414,1160.566219844406,114.37280664416764,235.64411235644005,32.378580323785805,30.130067801300633,170.2054794520548,329.419275,1743.297266422155,1413.877991422155,1413.877991422155,0.0,0.0,0.0,0.0,0.0,0.0,0.0,0.0,0.0,0.0,0.0,0.0,0.0,air_water,air_water,True,5,4462.286592710008,235.64411235644116,32.378580323785805,35.2187374802773,114.37280664416764,1160.566219844406,1578.180456649078,0.0,0.0,0.0,0.0,0.0,0.0
2050-02-18 12:00:00+01:00,BE_RES_APT_AS_IS_HP_V1,away,0.17500000000000004,6.66925048828125,16.0,12.49562171966438,7.775243351602642,10.762380870525524,24.000000000000004,164.9508786495088,27.521793275217934,17.60936874013865,234.0820406648654,196.4104430904,297.14493280053966,400.3048232545867,1619.0227655150568,1619.0227655150568,0.0,0.0,4.237619129474476,452.0418916952706,68.44565535930991,85.44347585443414,462.57793300430194,114.37280664416764,235.64411235644005,32.378580323785805,30.130067801300633,170.2054794520548,329.419275,1045.3089795820508,715.8897045820509,715.8897045820509,0.0,0.0,0.0,0.0,0.0,0.0,0.0,0.0,0.0,0.0,0.0,0.0,0.0,air_water,air_water,True,5,2019.3275887696436,235.64411235644116,32.378580323785805,35.2187374802773,114.37280664416764,462.57793300430194,880.1921698089739,0.0,0.0,0.0,0.0,0.0,0.0
2050-02-19 12:00:00+01:00,BE_RES_APT_AS_IS_HP_V1,occupied_day,0.95,7.427459716796875,21.0,10.762380870525524,8.544445363086583,17.01279939874028,132.25,164.9508786495088,27.521793275217934,17.60936874013865,342.3320406648654,196.4104430904,236.77940191473408,400.3048232545867,4729.780037817209,4729.780037817209,0.0,0.0,0.0,583.5519758655354,199.95573952957474,85.44347585443414,1351.365725090631,114.37280664416764,235.64411235644005,32.378580323785805,30.130067801300633,170.2054794520548,329.419275,1934.09677166838,1604.67749666838,1604.67749666838,0.0,0.0,0.0,0.0,0.0,0.0,0.0,0.0,0.0,0.0,0.0,0.0,0.0,air_water,air_water,True,5,5130.084861071796,235.64411235644116,32.378580323785805,35.2187374802773,114.37280664416764,1351.365725090631,1768.979961895303,0.0,0.0,0.0,0.0,0.0,0.0
2050-02-20 12:00:00+01:00,BE_RES_APT_AS_IS_HP_V1,occupied_day,0.95,8.76751708984375,21.0,17.01279939874028,10.108902492146894,13.407035180579097,132.25,164.9508786495088,27.521793275217934,17.60936874013865,342.3320406648654,196.4104430904,585.4150439316537,400.3048232545867,1842.0866777819904,1842.0866777819904,0.0,0.0,1.592964819420903,461.4721208355413,77.87588449958069,85.44347585443414,526.310479366283,114.37280664416764,235.64411235644005,32.378580323785805,30.130067801300633,170.2054794520548,329.419275,1109.041525944032,779.622250944032,779.622250944032,0.0,0.0,0.0,0.0,0.0,0.0,0.0,0.0,0.0,0.0,0.0,0.0,0.0,air_water,air_water,True,5,2242.391501036577,235.64411235644116,32.378580323785805,35.2187374802773,114.37280664416764,526.310479366283,943.9247161709549,0.0,0.0,0.0,0.0,0.0,0.0
2050-02-21 12:00:00+01:00,BE_RES_APT_AS_IS_HP_V1,away,0.17500000000000004,4.10418701171875,16.0,13.407035180579097,5.396178907392731,7.606426168883425,24.000000000000004,164.9508786495088,27.521793275217934,17.60936874013865,234.0820406648654,196.4104430904,474.44525661187777,400.3048232545867,1197.9497465724573,1197.9497465724573,0.0,0.0,7.393573831116575,434.24064803797046,50.64441170200983,85.44347585443414,342.27135616355923,114.37280664416764,235.64411235644005,32.378580323785805,30.130067801300633,170.2054794520548,329.419275,925.0024027413081,595.5831277413081,595.5831277413081,0.0,0.0,0.0,0.0,0.0,0.0,0.0,0.0,0.0,0.0,0.0,0.0,0.0,air_water,air_water,True,5,1598.2545698270442,235.64411235644116,32.378580323785805,35.2187374802773,114.37280664416764,342.27135616355923,759.8855929682311,0.0,0.0,0.0,0.0,0.0,0.0
2050-02-22 12:00:00+01:00,BE_RES_APT_AS_IS_HP_V1,away,0.17500000000000004,5.1187744140625,16.0,7.606426168883425,6.046138567024043,13.200834008857546,24.000000000000004,164.9508786495088,27.521793275217934,17.60936874013865,234.0820406648654,196.4104430904,126.87023949586721,400.3048232545867,3877.831109975858,3877.831109975858,0.0,0.0,1.7991659911424538,547.5350624898844,163.93882615392377,85.44347585443414,1107.951745707388,114.37280664416764,235.64411235644005,32.378580323785805,30.130067801300633,170.2054794520548,329.419275,1690.6827922851369,1361.263517285137,1361.263517285137,0.0,0.0,0.0,0.0,0.0,0.0,0.0,0.0,0.0,0.0,0.0,0.0,0.0,air_water,air_water,True,5,4278.135933230445,235.64411235644116,32.378580323785805,35.2187374802773,114.37280664416764,1107.951745707388,1525.56598251206,0.0,0.0,0.0,0.0,0.0,0.0
2050-02-23 12:00:00+01:00,BE_RES_APT_AS_IS_HP_V1,away,0.17500000000000004,5.2816162109375,16.0,13.200834008857546,6.499580890335654,8.88559435262483,24.000000000000004,164.9508786495088,27.521793275217934,17.60936874013865,234.0820406648654,196.4104430904,403.8801076939224,400.3048232545867,1293.2146879078139,1293.2146879078139,0.0,0.0,6.11440564737517,438.2680598084222,54.67182347246159,85.44347585443414,369.489910830804,114.37280664416764,235.64411235644005,32.378580323785805,30.130067801300633,170.2054794520548,329.419275,952.2209574085529,622.8016824085528,622.8016824085528,0.0,0.0,0.0,0.0,0.0,0.0,0.0,0.0,0.0,0.0,0.0,0.0,0.0,air_water,air_water,True,5,1693.5195111624007,235.64411235644116,32.378580323785805,35.2187374802773,114.37280664416764,369.489910830804,787.1041476354759,0.0,0.0,0.0,0.0,0.0,0.0
2050-02-24 12:00:00+01:00,BE_RES_APT_AS_IS_HP_V1,away,0.17500000000000004,7.380401611328125,16.0,8.88559435262483,8.255202082974355,14.319532567318042,24.000000000000004,164.9508786495088,27.521793275217934,17.60936874013865,234.0820406648654,196.4104430904,76.76482980613197,400.3048232545867,3286.855409087329,3286.855409087329,0.0,0.0,0.680467432681958,522.5510289047392,138.95479256877854,85.44347585443414,939.1015454535226,114.37280664416764,235.64411235644005,32.378580323785805,30.130067801300633,170.2054794520548,329.419275,1521.8325920312714,1192.4133170312714,1192.4133170312714,0.0,0.0,0.0,0.0,0.0,0.0,0.0,0.0,0.0,0.0,0.0,0.0,0.0,air_water,air_water,True,5,3687.1602323419156,235.64411235644116,32.378580323785805,35.2187374802773,114.37280664416764,939.1015454535226,1356.7157822581944,0.0,0.0,0.0,0.0,0.0,0.0
2050-02-25 12:00:00+01:00,BE_RES_APT_AS_IS_HP_V1,away,0.17500000000000004,8.9346923828125,16.0,14.319532567318042,10.017062380528905,11.449495444522082,24.000000000000004,164.9508786495088,27.521793275217934,17.60936874013865,234.0820406648654,196.4104430904,274.62684940978266,400.3048232545867,776.3759538990647,776.3759538990647,0.0,0.0,3.550504555477918,416.418233717156,32.82199738119536,85.44347585443414,221.82170111401848,114.37280664416764,235.64411235644005,32.378580323785805,30.130067801300633,170.2054794520548,329.419275,804.5527476917673,475.1334726917673,475.1334726917673,0.0,0.0,0.0,0.0,0.0,0.0,0.0,0.0,0.0,0.0,0.0,0.0,0.0,air_water,air_water,True,5,1176.6807771536514,235.64411235644116,32.378580323785805,35.2187374802773,114.37280664416764,221.82170111401848,639.4359379186903,0.0,0.0,0.0,0.0,0.0,0.0
2050-02-26 12:00:00+01:00,BE_RES_APT_AS_IS_HP_V1,occupied_day,0.95,8.141815185546875,21.0,11.449495444522082,9.257555943743203,17.157542529692908,132.25,164.9508786495088,27.521793275217934,17.60936874013865,342.3320406648654,196.4104430904,234.8452983872397,400.3048232545867,4412.3331046307985,4412.3331046307985,0.0,0.0,0.0,570.1316189400201,186.53538260405946,85.44347585443414,1260.6666013230854,114.37280664416764,235.64411235644005,32.378580323785805,30.130067801300633,170.2054794520548,329.419275,1843.3976479008343,1513.9783729008343,1513.9783729008343,0.0,0.0,0.0,0.0,0.0,0.0,0.0,0.0,0.0,0.0,0.0,0.0,0.0,air_water,air_water,True,5,4812.637927885386,235.64411235644116,32.378580323785805,35.2187374802773,114.37280664416764,1260.6666013230854,1678.2808381277573,0.0,0.0,0.0,0.0,0.0,0.0
2050-02-27 12:00:00+01:00,BE_RES_APT_AS_IS_HP_V1,occupied_day,0.95,8.180908203125,21.0,17.157542529692908,9.555715834290613,12.734119896209753,132.25,164.9508786495088,27.521793275217934,17.60936874013865,342.3320406648654,196.4104430904,637.3410371863214,400.3048232545867,1775.2153512818768,1775.2153512818768,0.0,0.0,2.2658801037902467,458.6450748763756,75.04883854041496,85.44347585443414,507.2043860805362,114.37280664416764,235.64411235644005,32.378580323785805,30.130067801300633,170.2054794520548,329.419275,1089.9354326582852,760.5161576582852,760.5161576582852,0.0,0.0,0.0,0.0,0.0,0.0,0.0,0.0,0.0,0.0,0.0,0.0,0.0,air_water,air_water,True,5,2175.5201745364634,235.64411235644116,32.378580323785805,35.2187374802773,114.37280664416764,507.2043860805362,924.8186228852081,0.0,0.0,0.0,0.0,0.0,0.0
2050-02-28 12:00:00+01:00,BE_RES_APT_AS_IS_HP_V1,away,0.17500000000000004,5.599761962890625,16.0,12.734119896209753,6.775734942653316,9.55957624342787,24.000000000000004,164.9508786495088,27.521793275217934,17.60936874013865,234.0820406648654,196.4104430904,363.85225459927557,400.3048232545867,1508.8366079510943,1508.8366079510943,0.0,0.0,5.44042375657213,447.3836719798792,63.7874356439186,85.44347585443414,431.09617370031265,114.37280664416764,235.64411235644005,32.378580323785805,30.130067801300633,170.2054794520548,329.419275,1013.8272202780615,684.4079452780616,684.4079452780616,0.0,0.0,0.0,0.0,0.0,0.0,0.0,0.0,0.0,0.0,0.0,0.0,0.0,air_water,air_water,True,5,1909.1414312056809,235.64411235644116,32.378580323785805,35.2187374802773,114.37280664416764,431.09617370031265,848.7104105049846,0.0,0.0,0.0,0.0,0.0,0.0
2050-03-01 12:00:00+01:00,BE_RES_APT_AS_IS_HP_V1,away,0.17500000000000004,5.33282470703125,16.0,9.55957624342787,6.353234458268044,11.843061726338076,24.000000000000004,164.9508786495088,27.521793275217934,17.60936874013865,234.0820406648654,196.4104430904,215.56432835622763,400.3048232545867,2975.4757755363244,2975.4757755363244,0.0,0.0,3.1569382736619236,509.3871725724533,125.79093623649273,85.44347585443414,850.1359358675212,114.37280664416764,235.64411235644005,32.378580323785805,30.130067801300633,170.2054794520548,329.419275,1432.8669824452702,1103.4477074452702,1103.4477074452702,0.0,0.0,0.0,0.0,0.0,0.0,0.0,0.0,0.0,0.0,0.0,0.0,0.0,air_water,air_water,True,5,3375.780598790911,235.64411235644116,32.378580323785805,35.2187374802773,114.37280664416764,850.1359358675212,1267.750172672193,0.0,0.0,0.0,0.0,0.0,0.0
2050-03-02 12:00:00+01:00,BE_RES_APT_AS_IS_HP_V1,away,0.17500000000000004,5.323883056640625,16.0,11.843061726338076,6.466942615772359,10.010323292105285,24.000000000000004,164.9508786495088,27.521793275217934,17.60936874013865,234.0820406648654,196.4104430904,332.47811215457006,400.3048232545867,1920.505482431809,1920.505482431809,0.0,0.0,4.989676707894715,464.78734690343606,81.19111056747542,85.44347585443414,548.715852123374,114.37280664416764,235.64411235644005,32.378580323785805,30.130067801300633,170.2054794520548,329.419275,1131.446898701123,802.027623701123,802.027623701123,0.0,0.0,0.0,0.0,0.0,0.0,0.0,0.0,0.0,0.0,0.0,0.0,0.0,air_water,air_water,True,5,2320.8103056863956,235.64411235644116,32.378580323785805,35.2187374802773,114.37280664416764,548.715852123374,966.3300889280459,0.0,0.0,0.0,0.0,0.0,0.0
2050-03-03 12:00:00+01:00,BE_RES_APT_AS_IS_HP_V1,away,0.17500000000000004,8.087066650390625,16.0,10.010323292105285,8.984234444569912,14.089844224418579,24.000000000000004,164.9508786495088,27.521793275217934,17.60936874013865,234.0820406648654,196.4104430904,98.08608872744769,400.3048232545867,2767.2306390473586,2767.2306390473586,0.0,0.0,0.9101557755814209,500.58342061418995,116.98718427822932,85.44347585443414,790.6373254421025,114.37280664416764,235.64411235644005,32.378580323785805,30.130067801300633,170.2054794520548,329.419275,1373.3683720198514,1043.9490970198515,1043.9490970198515,0.0,0.0,0.0,0.0,0.0,0.0,0.0,0.0,0.0,0.0,0.0,0.0,0.0,air_water,air_water,True,5,3167.5354623019452,235.64411235644116,32.378580323785805,35.2187374802773,114.37280664416764,790.6373254421025,1208.2515622467745,0.0,0.0,0.0,0.0,0.0,0.0
2050-03-04 12:00:00+01:00,BE_RES_APT_AS_IS_HP_V1,away,0.17500000000000004,7.297271728515625,16.0,14.089844224418579,8.454958448431086,10.083178214614556,24.000000000000004,164.9508786495088,27.521793275217934,17.60936874013865,234.0820406648654,196.4104430904,346.4211972910507,400.3048232545867,882.4919683186166,882.4919683186166,0.0,0.0,4.916821785385444,420.9043844407708,37.30814810481016,85.44347585443414,252.1405623767476,114.37280664416764,235.64411235644005,32.378580323785805,30.130067801300633,170.2054794520548,329.419275,834.8716089544964,505.4523339544964,505.4523339544964,0.0,0.0,0.0,0.0,0.0,0.0,0.0,0.0,0.0,0.0,0.0,0.0,0.0,air_water,air_water,True,5,1282.7967915732033,235.64411235644116,32.378580323785805,35.2187374802773,114.37280664416764,252.1405623767476,669.7547991814195,0.0,0.0,0.0,0.0,0.0,0.0
2050-03-05 12:00:00+01:00,BE_RES_APT_AS_IS_HP_V1,occupied_day,0.95,7.163360595703125,21.0,10.083178214614556,8.26137632735931,17.291553232126287,132.25,164.9508786495088,27.521793275217934,17.60936874013865,342.3320406648654,196.4104430904,207.30705094271158,400.3048232545867,5043.571664848076,5043.571664848076,0.0,0.0,0.0,596.8178014091059,213.22156507314526,85.44347585443414,1441.0204756708788,114.37280664416764,235.64411235644005,32.378580323785805,30.130067801300633,170.2054794520548,329.419275,2023.7515222486277,1694.3322472486277,1694.3322472486277,0.0,0.0,0.0,0.0,0.0,0.0,0.0,0.0,0.0,0.0,0.0,0.0,0.0,air_water,air_water,True,5,5443.876488102663,235.64411235644116,32.378580323785805,35.2187374802773,114.37280664416764,1441.0204756708788,1858.6347124755507,0.0,0.0,0.0,0.0,0.0,0.0
2050-03-06 12:00:00+01:00,BE_RES_APT_AS_IS_HP_V1,occupied_day,0.95,8.06207275390625,21.0,17.291553232126287,9.448435261168902,12.515988347053465,132.25,164.9508786495088,27.521793275217934,17.60936874013865,342.3320406648654,196.4104430904,655.2931139536227,400.3048232545867,1713.3024067576557,1713.3024067576557,0.0,0.0,2.484011652946535,456.027649010942,72.43141267498139,85.44347585443414,489.5149733593302,114.37280664416764,235.64411235644005,32.378580323785805,30.130067801300633,170.2054794520548,329.419275,1072.2460199370792,742.8267449370792,742.8267449370792,0.0,0.0,0.0,0.0,0.0,0.0,0.0,0.0,0.0,0.0,0.0,0.0,0.0,air_water,air_water,True,5,2113.6072300122423,235.64411235644116,32.378580323785805,35.2187374802773,114.37280664416764,489.5149733593302,907.1292101640022,0.0,0.0,0.0,0.0,0.0,0.0
2050-03-07 12:00:00+01:00,BE_RES_APT_AS_IS_HP_V1,away,0.17500000000000004,8.999481201171875,16.0,12.515988347053465,9.981891341956624,12.95166831588662,24.000000000000004,164.9508786495088,27.521793275217934,17.60936874013865,234.0820406648654,196.4104430904,179.3418644399611,400.3048232545867,1609.6133836612992,1609.6133836612992,0.0,0.0,2.0483316841133803,451.6441015460372,68.04786521007655,85.44347585443414,459.8895381889426,114.37280664416764,235.64411235644005,32.378580323785805,30.130067801300633,170.2054794520548,329.419275,1042.6205847666915,713.2013097666916,713.2013097666916,0.0,0.0,0.0,0.0,0.0,0.0,0.0,0.0,0.0,0.0,0.0,0.0,0.0,air_water,air_water,True,5,2009.918206915886,235.64411235644116,32.378580323785805,35.2187374802773,114.37280664416764,459.8895381889426,877.5037749936146,0.0,0.0,0.0,0.0,0.0,0.0
2050-03-08 12:00:00+01:00,BE_RES_APT_AS_IS_HP_V1,away,0.17500000000000004,11.08404541015625,16.0,12.95166831588662,11.978236679179371,14.576639367277409,24.000000000000004,164.9508786495088,27.521793275217934,17.60936874013865,234.0820406648654,196.4104430904,95.24876819224887,400.3048232545867,1408.3292380603818,1408.3292380603818,0.0,0.0,0.4233606327225914,443.13463178900713,59.53839545304649,85.44347585443414,402.37978230296625,114.37280664416764,235.64411235644005,32.378580323785805,30.130067801300633,170.2054794520548,329.419275,985.1108288807151,655.691553880715,655.691553880715,0.0,0.0,0.0,0.0,0.0,0.0,0.0,0.0,0.0,0.0,0.0,0.0,0.0,air_water,air_water,True,5,1808.6340613149687,235.64411235644116,32.378580323785805,35.2187374802773,114.37280664416764,402.37978230296625,819.9940191076382,0.0,0.0,0.0,0.0,0.0,0.0
2050-03-09 12:00:00+01:00,BE_RES_APT_AS_IS_HP_V1,away,0.17500000000000004,10.75067138671875,16.0,14.576639367277409,11.749638351217891,12.962913177403683,24.000000000000004,164.9508786495088,27.521793275217934,17.60936874013865,234.0820406648654,196.4104430904,195.12436700849162,400.3048232545867,657.5926123178373,657.5926123178373,0.0,0.0,2.037086822596317,411.39656025247837,27.800323916517776,85.44347585443414,187.8836035193821,114.37280664416764,235.64411235644005,32.378580323785805,30.130067801300633,170.2054794520548,329.419275,770.614650097131,441.1953750971309,441.1953750971309,0.0,0.0,0.0,0.0,0.0,0.0,0.0,0.0,0.0,0.0,0.0,0.0,0.0,air_water,air_water,True,5,1057.897435572424,235.64411235644116,32.378580323785805,35.2187374802773,114.37280664416764,187.8836035193821,605.497840324054,0.0,0.0,0.0,0.0,0.0,0.0
2050-03-10 12:00:00+01:00,BE_RES_APT_AS_IS_HP_V1,away,0.17500000000000004,11.38751220703125,16.0,12.962913177403683,12.266068970724323,14.854886521304188,24.000000000000004,164.9508786495088,27.521793275217934,17.60936874013865,234.0820406648654,196.4104430904,80.3454494889941,400.3048232545867,1403.1341120394986,1403.1341120394986,0.0,0.0,0.14511347869581215,442.91500312612015,59.31876679015957,85.44347585443414,400.8954605827139,114.37280664416764,235.64411235644005,32.378580323785805,30.130067801300633,170.2054794520548,329.419275,983.6265071604628,654.2072321604628,654.2072321604628,0.0,0.0,0.0,0.0,0.0,0.0,0.0,0.0,0.0,0.0,0.0,0.0,0.0,air_water,air_water,True,5,1803.4389352940852,235.64411235644116,32.378580323785805,35.2187374802773,114.37280664416764,400.8954605827139,818.5096973873858,0.0,0.0,0.0,0.0,0.0,0.0
2050-03-11 12:00:00+01:00,BE_RES_APT_AS_IS_HP_V1,away,0.17500000000000004,7.518341064453125,16.0,14.854886521304188,8.705131513857365,9.681228031413958,24.000000000000004,164.9508786495088,27.521793275217934,17.60936874013865,234.0820406648654,196.4104430904,374.1638182994043,400.3048232545867,529.0424271574652,529.0424271574652,0.0,0.0,5.3187719685860415,405.96198462002076,22.36574828406014,85.44347585443414,151.1549791878472,114.37280664416764,235.64411235644005,32.378580323785805,30.130067801300633,170.2054794520548,329.419275,733.8860257655961,404.46675076559603,404.46675076559603,0.0,0.0,0.0,0.0,0.0,0.0,0.0,0.0,0.0,0.0,0.0,0.0,0.0,air_water,air_water,True,5,929.347250412052,235.64411235644116,32.378580323785805,35.2187374802773,114.37280664416764,151.1549791878472,568.7692159925191,0.0,0.0,0.0,0.0,0.0,0.0
2050-03-12 12:00:00+01:00,BE_RES_APT_AS_IS_HP_V1,occupied_day,0.95,3.226837158203125,21.0,9.681228031413958,4.486380189137827,13.849042256029923,132.25,164.9508786495088,27.521793275217934,17.60936874013865,342.3320406648654,196.4104430904,458.26175199796916,400.3048232545867,5229.272649486752,5229.272649486752,0.0,0.0,1.1509577439700767,604.6684789074052,221.07224257144455,85.44347585443414,1494.0778998533576,114.37280664416764,235.64411235644005,32.378580323785805,30.130067801300633,170.2054794520548,329.419275,2076.8089464311065,1747.3896714311065,1747.3896714311065,0.0,0.0,0.0,0.0,0.0,0.0,0.0,0.0,0.0,0.0,0.0,0.0,0.0,air_water,air_water,True,5,5629.577472741339,235.64411235644116,32.378580323785805,35.2187374802773,114.37280664416764,1494.0778998533576,1911.6921366580295,0.0,0.0,0.0,0.0,0.0,0.0
2050-03-13 12:00:00+01:00,BE_RES_APT_AS_IS_HP_V1,occupied_day,0.95,2.15374755859375,21.0,13.849042256029923,3.652795893167539,9.567925290352546,132.25,164.9508786495088,27.521793275217934,17.60936874013865,342.3320406648654,196.4104430904,830.3659235179683,400.3048232545867,3303.742477714176,3303.742477714176,0.0,0.0,5.432074709647454,523.2649450422275,139.66870870626687,85.44347585443414,943.9264222040503,114.37280664416764,235.64411235644005,32.378580323785805,30.130067801300633,170.2054794520548,329.419275,1526.657468781799,1197.238193781799,1197.238193781799,0.0,0.0,0.0,0.0,0.0,0.0,0.0,0.0,0.0,0.0,0.0,0.0,0.0,air_water,air_water,True,5,3704.0473009687626,235.64411235644116,32.378580323785805,35.2187374802773,114.37280664416764,943.9264222040503,1361.5406590087223,0.0,0.0,0.0,0.0,0.0,0.0
2050-03-14 12:00:00+01:00,BE_RES_APT_AS_IS_HP_V1,away,0.17500000000000004,3.337646484375,16.0,9.567925290352546,4.465249276191692,9.947959803624478,24.000000000000004,164.9508786495088,27.521793275217934,17.60936874013865,234.0820406648654,196.4104430904,317.7442191048549,400.3048232545867,2971.618515857124,2971.618515857124,0.0,0.0,5.052040196375522,509.22410342218734,125.62786708622669,85.44347585443414,849.033861673464,114.37280664416764,235.64411235644005,32.378580323785805,30.130067801300633,170.2054794520548,329.419275,1431.764908251213,1102.345633251213,1102.345633251213,0.0,0.0,0.0,0.0,0.0,0.0,0.0,0.0,0.0,0.0,0.0,0.0,0.0,air_water,air_water,True,5,3371.9233391117104,235.64411235644116,32.378580323785805,35.2187374802773,114.37280664416764,849.033861673464,1266.648098478136,0.0,0.0,0.0,0.0,0.0,0.0
2050-03-15 12:00:00+01:00,BE_RES_APT_AS_IS_HP_V1,away,0.17500000000000004,2.819061279296875,16.0,9.947959803624478,3.994742168875192,9.153510683697553,24.000000000000004,164.9508786495088,27.521793275217934,17.60936874013865,234.0820406648654,196.4104430904,363.57382474070783,400.3048232545867,2796.0425707254913,2796.0425707254913,0.0,0.0,5.846489316302447,501.8014711492916,118.20523481333103,85.44347585443414,798.869305921569,114.37280664416764,235.64411235644005,32.378580323785805,30.130067801300633,170.2054794520548,329.419275,1381.600352499318,1052.181077499318,1052.181077499318,0.0,0.0,0.0,0.0,0.0,0.0,0.0,0.0,0.0,0.0,0.0,0.0,0.0,air_water,air_water,True,5,3196.347393980078,235.64411235644116,32.378580323785805,35.2187374802773,114.37280664416764,798.869305921569,1216.483542726241,0.0,0.0,0.0,0.0,0.0,0.0
2050-03-16 12:00:00+01:00,BE_RES_APT_AS_IS_HP_V1,away,0.17500000000000004,4.569671630859375,16.0,9.153510683697553,5.6091863362545915,11.445144521588695,24.000000000000004,164.9508786495088,27.521793275217934,17.60936874013865,234.0820406648654,196.4104430904,233.77579169474708,400.3048232545867,3163.078064131731,3163.078064131731,0.0,0.0,3.554855478411305,517.3182294194113,133.72199308345068,85.44347585443414,903.7365897519231,114.37280664416764,235.64411235644005,32.378580323785805,30.130067801300633,170.2054794520548,329.419275,1486.4676363296721,1157.0483613296722,1157.0483613296722,0.0,0.0,0.0,0.0,0.0,0.0,0.0,0.0,0.0,0.0,0.0,0.0,0.0,air_water,air_water,True,5,3563.3828873863176,235.64411235644116,32.378580323785805,35.2187374802773,114.37280664416764,903.7365897519231,1321.3508265565952,0.0,0.0,0.0,0.0,0.0,0.0
2050-03-17 12:00:00+01:00,BE_RES_APT_AS_IS_HP_V1,away,0.17500000000000004,5.7884521484375,16.0,11.445144521588695,6.885366825995136,10.76793274908115,24.000000000000004,164.9508786495088,27.521793275217934,17.60936874013865,234.0820406648654,196.4104430904,288.49131103071096,400.3048232545867,2104.343231026023,2104.343231026023,0.0,0.0,4.232067250918851,472.55925440858346,88.96301807262287,85.44347585443414,601.2409231502924,114.37280664416764,235.64411235644005,32.378580323785805,30.130067801300633,170.2054794520548,329.419275,1183.9719697280414,854.5526947280414,854.5526947280414,0.0,0.0,0.0,0.0,0.0,0.0,0.0,0.0,0.0,0.0,0.0,0.0,0.0,air_water,air_water,True,5,2504.64805428061,235.64411235644116,32.378580323785805,35.2187374802773,114.37280664416764,601.2409231502924,1018.8551599549643,0.0,0.0,0.0,0.0,0.0,0.0
2050-03-18 12:00:00+01:00,BE_RES_APT_AS_IS_HP_V1,away,0.17500000000000004,6.5347900390625,16.0,10.76793274908115,7.5555417319058895,12.015364027474561,24.000000000000004,164.9508786495088,27.521793275217934,17.60936874013865,234.0820406648654,196.4104430904,215.89027821095112,400.3048232545867,2417.2150699245094,2417.2150699245094,0.0,0.0,2.9846359725254388,485.78619507489753,102.18995873893691,85.44347585443414,690.6328771212884,114.37280664416764,235.64411235644005,32.378580323785805,30.130067801300633,170.2054794520548,329.419275,1273.3639236990373,943.9446486990373,943.9446486990373,0.0,0.0,0.0,0.0,0.0,0.0,0.0,0.0,0.0,0.0,0.0,0.0,0.0,air_water,air_water,True,5,2817.519893179096,235.64411235644116,32.378580323785805,35.2187374802773,114.37280664416764,690.6328771212884,1108.2471139259603,0.0,0.0,0.0,0.0,0.0,0.0
2050-03-19 12:00:00+01:00,BE_RES_APT_AS_IS_HP_V1,occupied_day,0.95,7.789154052734375,21.0,12.015364027474561,8.946870917696664,16.37878231570555,132.25,164.9508786495088,27.521793275217934,17.60936874013865,342.3320406648654,196.4104430904,300.0609082065532,400.3048232545867,4150.901819306753,4150.901819306753,0.0,0.0,0.0,559.0793743165552,175.4831379805946,85.44347585443414,1185.9719483733581,114.37280664416764,235.64411235644005,32.378580323785805,30.130067801300633,170.2054794520548,329.419275,1768.702994951107,1439.283719951107,1439.283719951107,0.0,0.0,0.0,0.0,0.0,0.0,0.0,0.0,0.0,0.0,0.0,0.0,0.0,air_water,air_water,True,5,4551.20664256134,235.64411235644116,32.378580323785805,35.2187374802773,114.37280664416764,1185.9719483733581,1603.58618517803,0.0,0.0,0.0,0.0,0.0,0.0
2050-03-20 12:00:00+01:00,BE_RES_APT_AS_IS_HP_V1,occupied_day,0.95,4.1114501953125,21.0,16.37878231570555,5.636640203397815,9.459219157693997,132.25,164.9508786495088,27.521793275217934,17.60936874013865,342.3320406648654,196.4104430904,870.9805805479066,400.3048232545867,2135.0025701440363,2135.0025701440363,0.0,0.0,5.5407808423060025,473.8554057682268,90.25916943226612,85.44347585443414,610.0007343268675,114.37280664416764,235.64411235644005,32.378580323785805,30.130067801300633,170.2054794520548,329.419275,1192.7317809046165,863.3125059046165,863.3125059046165,0.0,0.0,0.0,0.0,0.0,0.0,0.0,0.0,0.0,0.0,0.0,0.0,0.0,air_water,air_water,True,5,2535.307393398623,235.64411235644116,32.378580323785805,35.2187374802773,114.37280664416764,610.0007343268675,1027.6149711315393,0.0,0.0,0.0,0.0,0.0,0.0
2050-03-21 12:00:00+01:00,BE_RES_APT_AS_IS_HP_V1,away,0.17500000000000004,1.76312255859375,16.0,9.459219157693997,2.96914977146352,8.544521576140115,24.000000000000004,164.9508786495088,27.521793275217934,17.60936874013865,234.0820406648654,196.4104430904,392.50092655411265,400.3048232545867,3021.8407491453736,3021.8407491453736,0.0,0.0,6.455478423859885,511.34729387030234,127.75105753434174,85.44347585443414,863.3830711843924,114.37280664416764,235.64411235644005,32.378580323785805,30.130067801300633,170.2054794520548,329.419275,1446.1141177621414,1116.6948427621414,1116.6948427621414,0.0,0.0,0.0,0.0,0.0,0.0,0.0,0.0,0.0,0.0,0.0,0.0,0.0,air_water,air_water,True,5,3422.14557239996,235.64411235644116,32.378580323785805,35.2187374802773,114.37280664416764,863.3830711843924,1280.9973079890642,0.0,0.0,0.0,0.0,0.0,0.0
2050-03-22 12:00:00+01:00,BE_RES_APT_AS_IS_HP_V1,away,0.17500000000000004,1.098724365234375,16.0,8.544521576140115,2.2913600196845434,8.646421471354941,24.000000000000004,164.9508786495088,27.521793275217934,17.60936874013865,234.0820406648654,196.4104430904,379.7356577561928,400.3048232545867,3444.4310318232674,3444.4310318232674,0.0,0.0,6.353578528645059,529.2126812276956,145.61644489173494,85.44347585443414,984.123151949505,114.37280664416764,235.64411235644005,32.378580323785805,30.130067801300633,170.2054794520548,329.419275,1566.8541985272539,1237.4349235272539,1237.4349235272539,0.0,0.0,0.0,0.0,0.0,0.0,0.0,0.0,0.0,0.0,0.0,0.0,0.0,air_water,air_water,True,5,3844.735855077854,235.64411235644116,32.378580323785805,35.2187374802773,114.37280664416764,984.123151949505,1401.737388754177,0.0,0.0,0.0,0.0,0.0,0.0
2050-03-23 12:00:00+01:00,BE_RES_APT_AS_IS_HP_V1,away,0.17500000000000004,1.8594970703125,16.0,8.646421471354941,3.0168816049416534,9.285083426794529,24.000000000000004,164.9508786495088,27.521793275217934,17.60936874013865,234.0820406648654,196.4104430904,346.13314445316456,400.3048232545867,3397.353280234018,3397.353280234018,0.0,0.0,5.714916573205471,527.2224265944669,143.6261902585063,85.44347585443414,970.672365781148,114.37280664416764,235.64411235644005,32.378580323785805,30.130067801300633,170.2054794520548,329.419275,1553.4034123588967,1223.9841373588968,1223.9841373588968,0.0,0.0,0.0,0.0,0.0,0.0,0.0,0.0,0.0,0.0,0.0,0.0,0.0,air_water,air_water,True,5,3797.6581034886044,235.64411235644116,32.378580323785805,35.2187374802773,114.37280664416764,970.672365781148,1388.2866025858198,0.0,0.0,0.0,0.0,0.0,0.0
2050-03-24 12:00:00+01:00,BE_RES_APT_AS_IS_HP_V1,away,0.17500000000000004,4.592742919921875,16.0,9.285083426794529,5.638062687689779,11.36186806133172,24.000000000000004,164.9508786495088,27.521793275217934,17.60936874013865,234.0820406648654,196.4104430904,239.30936585050537,400.3048232545867,3102.291456820928,3102.291456820928,0.0,0.0,3.6381319386682804,514.7484204809105,131.15218414494984,85.44347585443414,886.3689876631223,114.37280664416764,235.64411235644005,32.378580323785805,30.130067801300633,170.2054794520548,329.419275,1469.1000342408713,1139.6807592408713,1139.6807592408713,0.0,0.0,0.0,0.0,0.0,0.0,0.0,0.0,0.0,0.0,0.0,0.0,0.0,air_water,air_water,True,5,3502.5962800755146,235.64411235644116,32.378580323785805,35.2187374802773,114.37280664416764,886.3689876631223,1303.9832244677941,0.0,0.0,0.0,0.0,0.0,0.0
2050-03-25 12:00:00+01:00,BE_RES_APT_AS_IS_HP_V1,away,0.17500000000000004,6.71514892578125,16.0,11.36186806133172,7.758027851549297,11.711578759410664,24.000000000000004,164.9508786495088,27.521793275217934,17.60936874013865,234.0820406648654,196.4104430904,236.982675913074,400.3048232545867,2142.816955664746,2142.816955664746,0.0,0.0,3.2884212405893365,474.1857660013178,90.58952966535718,85.44347585443414,612.2334159042131,114.37280664416764,235.64411235644005,32.378580323785805,30.130067801300633,170.2054794520548,329.419275,1194.964462481962,865.5451874819621,865.5451874819621,0.0,0.0,0.0,0.0,0.0,0.0,0.0,0.0,0.0,0.0,0.0,0.0,0.0,air_water,air_water,True,5,2543.1217789193324,235.64411235644116,32.378580323785805,35.2187374802773,114.37280664416764,612.2334159042131,1029.847652708885,0.0,0.0,0.0,0.0,0.0,0.0
2050-03-26 12:00:00+01:00,BE_RES_APT_AS_IS_HP_V1,occupied_day,0.95,7.589447021484375,21.0,11.711578759410664,8.742407590482003,16.42560409377231,132.25,164.9508786495088,27.521793275217934,17.60936874013865,342.3320406648654,196.4104430904,292.6713533927665,400.3048232545867,4291.250613152274,4291.250613152274,0.0,0.0,0.0,565.0127468288246,181.41651049286395,85.44347585443414,1226.0716037577927,114.37280664416764,235.64411235644005,32.378580323785805,30.130067801300633,170.2054794520548,329.419275,1808.8026503355416,1479.3833753355416,1479.3833753355416,0.0,0.0,0.0,0.0,0.0,0.0,0.0,0.0,0.0,0.0,0.0,0.0,0.0,air_water,air_water,True,5,4691.555436406861,235.64411235644116,32.378580323785805,35.2187374802773,114.37280664416764,1226.0716037577927,1643.6858405624646,0.0,0.0,0.0,0.0,0.0,0.0
2050-03-27 12:00:00+01:00,BE_RES_APT_AS_IS_HP_V1,occupied_day,0.95,8.461639404296875,21.0,16.42560409377231,9.790168806162264,13.574017720960633,132.25,164.9508786495088,27.521793275217934,17.60936874013865,342.3320406648654,196.4104430904,565.4414929527559,400.3048232545867,2113.370908677193,2113.370908677193,0.0,0.0,1.425982279039367,472.94090766656615,89.34467133060552,85.44347585443414,603.8202596220551,114.37280664416764,235.64411235644005,32.378580323785805,30.130067801300633,170.2054794520548,329.419275,1186.551306199804,857.132031199804,857.132031199804,0.0,0.0,0.0,0.0,0.0,0.0,0.0,0.0,0.0,0.0,0.0,0.0,0.0,air_water,air_water,True,5,2513.6757319317794,235.64411235644116,32.378580323785805,35.2187374802773,114.37280664416764,603.8202596220551,1021.434496426727,0.0,0.0,0.0,0.0,0.0,0.0
2050-03-28 12:00:00+01:00,BE_RES_APT_AS_IS_HP_V1,away,0.17500000000000004,6.991241455078125,16.0,13.574017720960633,8.137703623104759,10.205614706398682,24.000000000000004,164.9508786495088,27.521793275217934,17.60936874013865,234.0820406648654,196.4104430904,335.72158956000794,400.3048232545867,1120.8038129161878,1120.8038129161878,0.0,0.0,4.794385293601318,430.9792337454238,47.38299740946318,85.44347585443414,320.22966083319653,114.37280664416764,235.64411235644005,32.378580323785805,30.130067801300633,170.2054794520548,329.419275,902.9607074109454,573.5414324109454,573.5414324109454,0.0,0.0,0.0,0.0,0.0,0.0,0.0,0.0,0.0,0.0,0.0,0.0,0.0,air_water,air_water,True,5,1521.1086361707744,235.64411235644116,32.378580323785805,35.2187374802773,114.37280664416764,320.22966083319653,737.8438976378684,0.0,0.0,0.0,0.0,0.0,0.0
2050-03-29 12:00:00+01:00,BE_RES_APT_AS_IS_HP_V1,away,0.17500000000000004,5.255096435546875,16.0,10.205614706398682,6.31422927187203,11.253372345191671,24.000000000000004,164.9508786495088,27.521793275217934,17.60936874013865,234.0820406648654,196.4104430904,252.47643181344222,400.3048232545867,2677.006005643809,2677.006005643809,0.0,0.0,3.7466276548083286,496.76909243153784,113.17285609557723,85.44347585443414,764.8588587553741,114.37280664416764,235.64411235644005,32.378580323785805,30.130067801300633,170.2054794520548,329.419275,1347.589905333123,1018.170630333123,1018.170630333123,0.0,0.0,0.0,0.0,0.0,0.0,0.0,0.0,0.0,0.0,0.0,0.0,0.0,air_water,air_water,True,5,3077.310828898396,235.64411235644116,32.378580323785805,35.2187374802773,114.37280664416764,764.8588587553741,1182.473095560046,0.0,0.0,0.0,0.0,0.0,0.0
2050-03-30 12:00:00+01:00,BE_RES_APT_AS_IS_HP_V1,away,0.17500000000000004,7.021575927734375,16.0,11.253372345191671,8.042255591015026,12.088288416751224,24.000000000000004,164.9508786495088,27.521793275217934,17.60936874013865,234.0820406648654,196.4104430904,215.82161729032214,400.3048232545867,2192.941976521448,2192.941976521448,0.0,0.0,2.911711583248776,476.30484670574793,92.70861036978731,85.44347585443414,626.5548504346995,114.37280664416764,235.64411235644005,32.378580323785805,30.130067801300633,170.2054794520548,329.419275,1209.2858970124485,879.8666220124485,879.8666220124485,0.0,0.0,0.0,0.0,0.0,0.0,0.0,0.0,0.0,0.0,0.0,0.0,0.0,air_water,air_water,True,5,2593.2467997760345,235.64411235644116,32.378580323785805,35.2187374802773,114.37280664416764,626.5548504346995,1044.1690872393715,0.0,0.0,0.0,0.0,0.0,0.0
2050-03-31 12:00:00+01:00,BE_RES_APT_AS_IS_HP_V1,away,0.17500000000000004,6.706085205078125,16.0,12.088288416751224,7.788314119046818,11.122663181502649,24.000000000000004,164.9508786495088,27.521793275217934,17.60936874013865,234.0820406648654,196.4104430904,274.4923637953281,400.3048232545867,1807.2107514609347,1807.2107514609347,0.0,0.0,3.8773368184973513,459.997709428764,76.40147309280331,85.44347585443414,516.3459289888385,114.37280664416764,235.64411235644005,32.378580323785805,30.130067801300633,170.2054794520548,329.419275,1099.0769755665874,769.6577005665874,769.6577005665874,0.0,0.0,0.0,0.0,0.0,0.0,0.0,0.0,0.0,0.0,0.0,0.0,0.0,air_water,air_water,True,5,2207.5155747155213,235.64411235644116,32.378580323785805,35.2187374802773,114.37280664416764,516.3459289888385,933.9601657935104,0.0,0.0,0.0,0.0,0.0,0.0
2050-04-01 12:00:00+01:00,BE_RES_APT_AS_IS_HP_V1,away,0.17500000000000004,5.623321533203125,16.0,11.122663181502649,6.711817606786465,10.869267127778839,24.000000000000004,164.9508786495088,27.521793275217934,17.60936874013865,234.0820406648654,196.4104430904,280.4664240632757,400.3048232545867,2253.3296101457768,2253.3296101457768,0.0,0.0,4.130732872221161,478.8577886699087,95.26155233394812,85.44347585443414,643.8084600416505,114.37280664416764,235.64411235644005,32.378580323785805,30.130067801300633,170.2054794520548,329.419275,1226.5395066193994,897.1202316193994,897.1202316193994,0.0,0.0,0.0,0.0,0.0,0.0,0.0,0.0,0.0,0.0,0.0,0.0,0.0,air_water,air_water,True,5,2653.6344334003634,235.64411235644116,32.378580323785805,35.2187374802773,114.37280664416764,643.8084600416505,1061.4226968463224,0.0,0.0,0.0,0.0,0.0,0.0
2050-04-02 12:00:00+01:00,BE_RES_APT_AS_IS_HP_V1,occupied_day,0.95,6.201080322265625,21.0,10.869267127778839,7.378995190970405,15.758935049800405,132.25,164.9508786495088,27.521793275217934,17.60936874013865,342.3320406648654,196.4104430904,331.44126319143817,400.3048232545867,4680.398586966177,4680.398586966177,0.0,0.0,0.0,581.4643302572804,197.86809392131974,85.44347585443414,1337.2567391331936,114.37280664416764,235.64411235644005,32.378580323785805,30.130067801300633,170.2054794520548,329.419275,1919.9877857109425,1590.5685107109425,1590.5685107109425,0.0,0.0,0.0,0.0,0.0,0.0,0.0,0.0,0.0,0.0,0.0,0.0,0.0,air_water,air_water,True,5,5080.703410220764,235.64411235644116,32.378580323785805,35.2187374802773,114.37280664416764,1337.2567391331936,1754.8709759378655,0.0,0.0,0.0,0.0,0.0,0.0
2050-04-03 12:00:00+01:00,BE_RES_APT_AS_IS_HP_V1,occupied_day,0.95,6.572357177734375,21.0,15.758935049800405,7.956759068649455,12.292063299138462,132.25,164.9508786495088,27.521793275217934,17.60936874013865,342.3320406648654,196.4104430904,652.2470289166881,400.3048232545867,2421.3720069922133,2421.3720069922133,0.0,0.0,2.707936700861538,485.9619333584762,102.36569702251556,85.44347585443414,691.8205734263466,114.37280664416764,235.64411235644005,32.378580323785805,30.130067801300633,170.2054794520548,329.419275,1274.5516200040956,945.1323450040957,945.1323450040957,0.0,0.0,0.0,0.0,0.0,0.0,0.0,0.0,0.0,0.0,0.0,0.0,0.0,air_water,air_water,True,5,2821.6768302468,235.64411235644116,32.378580323785805,35.2187374802773,114.37280664416764,691.8205734263466,1109.4348102310187,0.0,0.0,0.0,0.0,0.0,0.0
2050-04-04 12:00:00+01:00,BE_RES_APT_AS_IS_HP_V1,away,0.17500000000000004,9.866943359375,16.0,12.292063299138462,10.790961925036205,13.951612959511243,24.000000000000004,164.9508786495088,27.521793275217934,17.60936874013865,234.0820406648654,196.4104430904,123.68111692793659,400.3048232545867,1713.0667557980307,1713.0667557980307,0.0,0.0,1.0483870404887572,456.0176866529622,72.42145031700154,85.44347585443414,489.44764451372305,114.37280664416764,235.64411235644005,32.378580323785805,30.130067801300633,170.2054794520548,329.419275,1072.178691091472,742.7594160914721,742.7594160914721,0.0,0.0,0.0,0.0,0.0,0.0,0.0,0.0,0.0,0.0,0.0,0.0,0.0,air_water,air_water,True,5,2113.3715790526176,235.64411235644116,32.378580323785805,35.2187374802773,114.37280664416764,489.44764451372305,907.061881318395,0.0,0.0,0.0,0.0,0.0,0.0
2050-04-05 12:00:00+01:00,BE_RES_APT_AS_IS_HP_V1,away,0.17500000000000004,11.845550537109377,16.0,13.951612959511243,12.75249883578439,14.498547148049743,24.000000000000004,164.9508786495088,27.521793275217934,17.60936874013865,234.0820406648654,196.4104430904,107.40918354249519,400.3048232545867,946.3548127058059,946.3548127058059,0.0,0.0,0.5014528519502566,423.6042440908605,40.00800775489989,85.44347585443414,270.38708934451597,114.37280664416764,235.64411235644005,32.378580323785805,30.130067801300633,170.2054794520548,329.419275,853.1181359222649,523.6988609222649,523.6988609222649,0.0,0.0,0.0,0.0,0.0,0.0,0.0,0.0,0.0,0.0,0.0,0.0,0.0,air_water,air_water,True,5,1346.6596359603927,235.64411235644116,32.378580323785805,35.2187374802773,114.37280664416764,270.38708934451597,688.0013261491879,0.0,0.0,0.0,0.0,0.0,0.0
2050-04-06 12:00:00+01:00,BE_RES_APT_AS_IS_HP_V1,away,0.17500000000000004,14.136260986328123,16.0,14.498547148049743,14.94991348498517,16.229754240796737,24.000000000000004,164.9508786495088,27.521793275217934,17.60936874013865,234.0820406648654,196.4104430904,18.476594247802634,400.3048232545867,693.6712176010186,693.6712176010186,0.0,0.0,0.0,412.9218160028332,29.325579666872596,85.44347585443414,198.1917764574339,114.37280664416764,235.64411235644005,32.378580323785805,30.130067801300633,170.2054794520548,329.419275,780.9228230351828,451.50354803518275,451.50354803518275,0.0,0.0,0.0,0.0,0.0,0.0,0.0,0.0,0.0,0.0,0.0,0.0,0.0,air_water,air_water,True,5,1093.9760408556053,235.64411235644116,32.378580323785805,35.2187374802773,114.37280664416764,198.1917764574339,615.8060132621058,0.0,0.0,0.0,0.0,0.0,0.0
2050-04-07 12:00:00+01:00,BE_RES_APT_AS_IS_HP_V1,away,0.17500000000000004,15.06024169921875,16.0,16.229754240796737,15.917082554434185,15.917082554434185,24.000000000000004,164.9508786495088,27.521793275217934,17.60936874013865,234.0820406648654,196.4104430904,59.645139620477345,400.3048232545867,0.0,0.0,0.0,0.0,0.0,383.5962363359606,0.0,85.44347585443414,0.0,114.37280664416764,235.64411235644005,32.378580323785805,30.130067801300633,170.2054794520548,329.419275,582.7310465777489,253.31177157774886,253.31177157774886,0.0,0.0,0.0,0.0,0.0,0.0,0.0,0.0,0.0,0.0,0.0,0.0,0.0,air_water,air_water,True,5,400.3048232545867,235.64411235644116,32.378580323785805,35.2187374802773,114.37280664416764,0.0,417.6142368046719,0.0,0.0,0.0,0.0,0.0,0.0
2050-04-08 12:00:00+01:00,BE_RES_APT_AS_IS_HP_V1,away,0.17500000000000004,15.5145263671875,16.0,15.917082554434185,16.330333399274565,16.4010123593665,24.000000000000004,164.9508786495088,27.521793275217934,17.60936874013865,234.0820406648654,196.4104430904,20.530365549580914,400.3048232545867,38.30785985140676,38.30785985140676,0.0,0.0,0.0,385.21573584442365,1.619499508463056,85.44347585443414,10.945102814687646,114.37280664416764,235.64411235644005,32.378580323785805,30.130067801300633,170.2054794520548,329.419275,593.6761493924365,264.2568743924365,264.2568743924365,0.0,0.0,0.0,0.0,0.0,0.0,0.0,0.0,0.0,0.0,0.0,0.0,0.0,air_water,air_water,True,5,438.6126831059935,235.64411235644116,32.378580323785805,35.2187374802773,114.37280664416764,10.945102814687646,428.55933961935955,0.0,0.0,0.0,0.0,0.0,0.0
2050-04-09 12:00:00+01:00,BE_RES_APT_AS_IS_HP_V1,occupied_day,0.95,15.744293212890623,21.0,16.4010123593665,16.738887072101754,20.543077778352355,132.25,164.9508786495088,27.521793275217934,17.60936874013865,342.3320406648654,196.4104430904,46.6270593997873,400.3048232545867,2124.732289972677,2124.732289972677,0.0,0.0,0.0,473.4212203620514,89.8249840260907,85.44347585443414,607.066368563622,114.37280664416764,235.64411235644005,32.378580323785805,30.130067801300633,170.2054794520548,329.419275,1189.797415141371,860.378140141371,860.378140141371,0.0,0.0,0.0,0.0,0.0,0.0,0.0,0.0,0.0,0.0,0.0,0.0,0.0,air_water,air_water,True,5,2525.0371132272635,235.64411235644116,32.378580323785805,35.2187374802773,114.37280664416764,607.066368563622,1024.680605368294,0.0,0.0,0.0,0.0,0.0,0.0
2050-04-10 12:00:00+01:00,BE_RES_APT_AS_IS_HP_V1,occupied_day,0.95,14.070159912109377,21.0,20.543077778352355,15.330549612481356,15.708506546680011,132.25,164.9508786495088,27.521793275217934,17.60936874013865,342.3320406648654,196.4104430904,459.57716850325147,400.3048232545867,211.0980664012119,211.0980664012119,0.0,0.0,0.0,392.52059849297916,8.924362157018535,85.44347585443414,60.31373325748911,114.37280664416764,235.64411235644005,32.378580323785805,30.130067801300633,170.2054794520548,329.419275,643.044779835238,313.625504835238,313.625504835238,0.0,0.0,0.0,0.0,0.0,0.0,0.0,0.0,0.0,0.0,0.0,0.0,0.0,air_water,air_water,True,5,611.4028896557986,235.64411235644116,32.378580323785805,35.2187374802773,114.37280664416764,60.31373325748911,477.927970062161,0.0,0.0,0.0,0.0,0.0,0.0
2050-04-11 12:00:00+01:00,BE_RES_APT_AS_IS_HP_V1,away,0.17500000000000004,9.01800537109375,16.0,15.708506546680011,10.170231054692476,10.418700529525866,24.000000000000004,164.9508786495088,27.521793275217934,17.60936874013865,234.0820406648654,196.4104430904,341.2155599548994,400.3048232545867,134.66997543383476,134.66997543383476,0.0,0.0,4.581299470474134,389.2895316509642,5.693295315003564,85.44347585443414,38.4771358382385,114.37280664416764,235.64411235644005,32.378580323785805,30.130067801300633,170.2054794520548,329.419275,621.2081824159874,291.78890741598735,291.78890741598735,0.0,0.0,0.0,0.0,0.0,0.0,0.0,0.0,0.0,0.0,0.0,0.0,0.0,air_water,air_water,True,5,534.9747986884215,235.64411235644116,32.378580323785805,35.2187374802773,114.37280664416764,38.4771358382385,456.0913726429104,0.0,0.0,0.0,0.0,0.0,0.0
2050-04-12 12:00:00+01:00,BE_RES_APT_AS_IS_HP_V1,away,0.17500000000000004,5.098663330078125,16.0,10.418700529525866,6.17756622798887,10.935074612900154,24.000000000000004,164.9508786495088,27.521793275217934,17.60936874013865,234.0820406648654,196.4104430904,271.32189717183485,400.3048232545867,2578.5603553590504,2578.5603553590504,0.0,0.0,4.064925387099846,492.60721330634215,109.0109769703815,85.44347585443414,736.7315301025858,114.37280664416764,235.64411235644005,32.378580323785805,30.130067801300633,170.2054794520548,329.419275,1319.4625766803347,990.0433016803347,990.0433016803347,0.0,0.0,0.0,0.0,0.0,0.0,0.0,0.0,0.0,0.0,0.0,0.0,0.0,air_water,air_water,True,5,2978.865178613637,235.64411235644116,32.378580323785805,35.2187374802773,114.37280664416764,736.7315301025858,1154.3457669072577,0.0,0.0,0.0,0.0,0.0,0.0
2050-04-13 12:00:00+01:00,BE_RES_APT_AS_IS_HP_V1,away,0.17500000000000004,5.82281494140625,16.0,10.935074612900154,6.890601292353198,11.207951602178186,24.000000000000004,164.9508786495088,27.521793275217934,17.60936874013865,234.0820406648654,196.4104430904,260.7252432461891,400.3048232545867,2339.9955288401293,2339.9955288401293,0.0,0.0,3.792048397821814,482.5216689615886,98.92543262562796,85.44347585443414,668.5701510971797,114.37280664416764,235.64411235644005,32.378580323785805,30.130067801300633,170.2054794520548,329.419275,1251.3011976749285,921.8819226749285,921.8819226749285,0.0,0.0,0.0,0.0,0.0,0.0,0.0,0.0,0.0,0.0,0.0,0.0,0.0,air_water,air_water,True,5,2740.300352094716,235.64411235644116,32.378580323785805,35.2187374802773,114.37280664416764,668.5701510971797,1086.1843879018516,0.0,0.0,0.0,0.0,0.0,0.0
2050-04-14 12:00:00+01:00,BE_RES_APT_AS_IS_HP_V1,away,0.17500000000000004,6.663543701171875,16.0,11.207951602178186,7.700948754693319,11.785698292707492,24.000000000000004,164.9508786495088,27.521793275217934,17.60936874013865,234.0820406648654,196.4104430904,231.76480295132188,400.3048232545867,2213.9263597936783,2213.9263597936783,0.0,0.0,3.214301707292508,477.1919805348524,93.59574419889182,85.44347585443414,632.5503885124796,114.37280664416764,235.64411235644005,32.378580323785805,30.130067801300633,170.2054794520548,329.419275,1215.2814350902286,885.8621600902286,885.8621600902286,0.0,0.0,0.0,0.0,0.0,0.0,0.0,0.0,0.0,0.0,0.0,0.0,0.0,air_water,air_water,True,5,2614.231183048265,235.64411235644116,32.378580323785805,35.2187374802773,114.37280664416764,632.5503885124796,1050.1646253171516,0.0,0.0,0.0,0.0,0.0,0.0
2050-04-15 12:00:00+01:00,BE_RES_APT_AS_IS_HP_V1,away,0.17500000000000004,6.734649658203125,16.0,11.785698292707492,7.799161086331912,11.39143844307565,24.000000000000004,164.9508786495088,27.521793275217934,17.60936874013865,234.0820406648654,196.4104430904,257.60348035972277,400.3048232545867,1947.007388769139,1947.007388769139,0.0,0.0,3.60856155692435,465.907739022785,82.31150268682435,85.44347585443414,556.2878253626111,114.37280664416764,235.64411235644005,32.378580323785805,30.130067801300633,170.2054794520548,329.419275,1139.01887194036,809.59959694036,809.59959694036,0.0,0.0,0.0,0.0,0.0,0.0,0.0,0.0,0.0,0.0,0.0,0.0,0.0,air_water,air_water,True,5,2347.312212023726,235.64411235644116,32.378580323785805,35.2187374802773,114.37280664416764,556.2878253626111,973.902062167283,0.0,0.0,0.0,0.0,0.0,0.0
2050-04-16 12:00:00+01:00,BE_RES_APT_AS_IS_HP_V1,occupied_day,0.95,4.397613525390625,21.0,11.39143844307565,5.681808280330994,13.629818458121635,132.25,164.9508786495088,27.521793275217934,17.60936874013865,342.3320406648654,196.4104430904,496.5615691556368,400.3048232545867,4439.15543929905,4439.15543929905,0.0,0.0,1.370181541878365,571.265557457587,187.66932112162635,85.44347585443414,1268.3301255140143,114.37280664416764,235.64411235644005,32.378580323785805,30.130067801300633,170.2054794520548,329.419275,1851.0611720917632,1521.6418970917632,1521.6418970917632,0.0,0.0,0.0,0.0,0.0,0.0,0.0,0.0,0.0,0.0,0.0,0.0,0.0,air_water,air_water,True,5,4839.460262553637,235.64411235644116,32.378580323785805,35.2187374802773,114.37280664416764,1268.3301255140143,1685.9443623186862,0.0,0.0,0.0,0.0,0.0,0.0
2050-04-17 12:00:00+01:00,BE_RES_APT_AS_IS_HP_V1,occupied_day,0.95,2.252471923828125,21.0,13.629818458121635,3.7369902700813915,9.833457213647977,132.25,164.9508786495088,27.521793275217934,17.60936874013865,342.3320406648654,196.4104430904,807.7916039348393,400.3048232545867,3405.023872347805,3405.023872347805,0.0,0.0,5.166542786352023,527.5467078309047,143.95047149494408,85.44347585443414,972.8639635279443,114.37280664416764,235.64411235644005,32.378580323785805,30.130067801300633,170.2054794520548,329.419275,1555.595010105693,1226.175735105693,1226.175735105693,0.0,0.0,0.0,0.0,0.0,0.0,0.0,0.0,0.0,0.0,0.0,0.0,0.0,air_water,air_water,True,5,3805.3286956023917,235.64411235644116,32.378580323785805,35.2187374802773,114.37280664416764,972.8639635279443,1390.4782003326163,0.0,0.0,0.0,0.0,0.0,0.0
2050-04-18 12:00:00+01:00,BE_RES_APT_AS_IS_HP_V1,away,0.17500000000000004,2.614990234375,16.0,9.833457213647977,3.7954632299412965,9.051833931277578,24.000000000000004,164.9508786495088,27.521793275217934,17.60936874013865,234.0820406648654,196.4104430904,368.1418159429219,400.3048232545867,2848.942767294635,2848.942767294635,0.0,0.0,5.948166068722422,504.03787492318145,120.44163858722082,85.44347585443414,813.9836477984671,114.37280664416764,235.64411235644005,32.378580323785805,30.130067801300633,170.2054794520548,329.419275,1396.7146943762161,1067.2954193762162,1067.2954193762162,0.0,0.0,0.0,0.0,0.0,0.0,0.0,0.0,0.0,0.0,0.0,0.0,0.0,air_water,air_water,True,5,3249.2475905492215,235.64411235644116,32.378580323785805,35.2187374802773,114.37280664416764,813.9836477984671,1231.597884603139,0.0,0.0,0.0,0.0,0.0,0.0
2050-04-19 12:00:00+01:00,BE_RES_APT_AS_IS_HP_V1,away,0.17500000000000004,1.71673583984375,16.0,9.051833931277578,2.9034488520689417,8.826076459953756,24.000000000000004,164.9508786495088,27.521793275217934,17.60936874013865,234.0820406648654,196.4104430904,374.0900026631253,400.3048232545867,3210.0527237497595,3210.0527237497595,0.0,0.0,6.173923540046244,519.3041257460844,135.70788941012378,85.44347585443414,917.1579210713599,114.37280664416764,235.64411235644005,32.378580323785805,30.130067801300633,170.2054794520548,329.419275,1499.8889676491087,1170.4696926491088,1170.4696926491088,0.0,0.0,0.0,0.0,0.0,0.0,0.0,0.0,0.0,0.0,0.0,0.0,0.0,air_water,air_water,True,5,3610.357547004346,235.64411235644116,32.378580323785805,35.2187374802773,114.37280664416764,917.1579210713599,1334.7721578760318,0.0,0.0,0.0,0.0,0.0,0.0
2050-04-20 12:00:00+01:00,BE_RES_APT_AS_IS_HP_V1,away,0.17500000000000004,1.70684814453125,16.0,8.826076459953756,2.8820116570260015,8.997075286031219,24.000000000000004,164.9508786495088,27.521793275217934,17.60936874013865,234.0820406648654,196.4104430904,363.0806440865478,400.3048232545867,3314.3526755013654,3314.3526755013654,0.0,0.0,6.002924713968781,523.7135007738111,140.11726443785045,85.44347585443414,946.9579072861044,114.37280664416764,235.64411235644005,32.378580323785805,30.130067801300633,170.2054794520548,329.419275,1529.6889538638532,1200.2696788638532,1200.2696788638532,0.0,0.0,0.0,0.0,0.0,0.0,0.0,0.0,0.0,0.0,0.0,0.0,0.0,air_water,air_water,True,5,3714.657498755952,235.64411235644116,32.378580323785805,35.2187374802773,114.37280664416764,946.9579072861044,1364.5721440907764,0.0,0.0,0.0,0.0,0.0,0.0
2050-04-21 12:00:00+01:00,BE_RES_APT_AS_IS_HP_V1,away,0.17500000000000004,2.764556884765625,16.0,8.997075286031219,3.8922794997722674,9.861583462381297,24.000000000000004,164.9508786495088,27.521793275217934,17.60936874013865,234.0820406648654,196.4104430904,317.8584384645453,400.3048232545867,3235.3512178535775,3235.3512178535775,0.0,0.0,5.138416537618703,520.3736425221432,136.7774061861826,85.44347585443414,924.3860622438793,114.37280664416764,235.64411235644005,32.378580323785805,30.130067801300633,170.2054794520548,329.419275,1507.117108821628,1177.6978338216281,1177.6978338216281,0.0,0.0,0.0,0.0,0.0,0.0,0.0,0.0,0.0,0.0,0.0,0.0,0.0,air_water,air_water,True,5,3635.656041108164,235.64411235644116,32.378580323785805,35.2187374802773,114.37280664416764,924.3860622438793,1342.0002990485514,0.0,0.0,0.0,0.0,0.0,0.0
2050-04-22 12:00:00+01:00,BE_RES_APT_AS_IS_HP_V1,away,0.17500000000000004,3.684173583984375,16.0,9.861583462381297,4.808947773872054,10.041343616863474,24.000000000000004,164.9508786495088,27.521793275217934,17.60936874013865,234.0820406648654,196.4104430904,315.04790379824306,400.3048232545867,2835.948440379841,2835.948440379841,0.0,0.0,4.9586563831365265,503.48852797106906,119.89229163510848,85.44347585443414,810.2709829656688,114.37280664416764,235.64411235644005,32.378580323785805,30.130067801300633,170.2054794520548,329.419275,1393.0020295434178,1063.5827545434179,1063.5827545434179,0.0,0.0,0.0,0.0,0.0,0.0,0.0,0.0,0.0,0.0,0.0,0.0,0.0,air_water,air_water,True,5,3236.2532636344276,235.64411235644116,32.378580323785805,35.2187374802773,114.37280664416764,810.2709829656688,1227.8852197703409,0.0,0.0,0.0,0.0,0.0,0.0
2050-04-23 12:00:00+01:00,BE_RES_APT_AS_IS_HP_V1,occupied_day,0.95,5.862396240234375,21.0,10.041343616863474,7.017953240545257,16.0827348888776,132.25,164.9508786495088,27.521793275217934,17.60936874013865,342.3320406648654,196.4104430904,296.705263740666,400.3048232545867,5062.899249009076,5062.899249009076,0.0,0.0,0.0,597.6348925535847,214.03865621762404,85.44347585443414,1446.5426425740218,114.37280664416764,235.64411235644005,32.378580323785805,30.130067801300633,170.2054794520548,329.419275,2029.2736891517707,1699.8544141517707,1699.8544141517707,0.0,0.0,0.0,0.0,0.0,0.0,0.0,0.0,0.0,0.0,0.0,0.0,0.0,air_water,air_water,True,5,5463.204072263663,235.64411235644116,32.378580323785805,35.2187374802773,114.37280664416764,1446.5426425740218,1864.1568793786937,0.0,0.0,0.0,0.0,0.0,0.0
2050-04-24 12:00:00+01:00,BE_RES_APT_AS_IS_HP_V1,occupied_day,0.95,7.36212158203125,21.0,16.0827348888776,8.72522924805288,12.792692719932406,132.25,164.9508786495088,27.521793275217934,17.60936874013865,342.3320406648654,196.4104430904,619.1635447860908,400.3048232545867,2271.7764813385493,2271.7764813385493,0.0,0.0,2.207307280067594,479.6376468751246,96.04141053916392,85.44347585443414,649.078994668157,114.37280664416764,235.64411235644005,32.378580323785805,30.130067801300633,170.2054794520548,329.419275,1231.8100412459057,902.3907662459058,902.3907662459058,0.0,0.0,0.0,0.0,0.0,0.0,0.0,0.0,0.0,0.0,0.0,0.0,0.0,air_water,air_water,True,5,2672.081304593136,235.64411235644116,32.378580323785805,35.2187374802773,114.37280664416764,649.078994668157,1066.6932314728288,0.0,0.0,0.0,0.0,0.0,0.0
2050-04-25 12:00:00+01:00,BE_RES_APT_AS_IS_HP_V1,away,0.17500000000000004,7.5648193359375,16.0,12.792692719932406,8.638791270461907,11.372705004822471,24.000000000000004,164.9508786495088,27.521793275217934,17.60936874013865,234.0820406648654,196.4104430904,266.6215425837402,400.3048232545867,1481.7759633912287,1481.7759633912287,0.0,0.0,3.627294995177529,446.23965869557185,62.64342235961119,85.44347585443414,423.3645609689225,114.37280664416764,235.64411235644005,32.378580323785805,30.130067801300633,170.2054794520548,329.419275,1006.0956075466713,676.6763325466713,676.6763325466713,0.0,0.0,0.0,0.0,0.0,0.0,0.0,0.0,0.0,0.0,0.0,0.0,0.0,air_water,air_water,True,5,1882.0807866458154,235.64411235644116,32.378580323785805,35.2187374802773,114.37280664416764,423.3645609689225,840.9787977735944,0.0,0.0,0.0,0.0,0.0,0.0
2050-04-26 12:00:00+01:00,BE_RES_APT_AS_IS_HP_V1,away,0.17500000000000004,9.27716064453125,16.0,11.372705004822471,10.183546204143129,14.127859684448993,24.000000000000004,164.9508786495088,27.521793275217934,17.60936874013865,234.0820406648654,196.4104430904,106.8727623748523,400.3048232545867,2137.8102877720185,2137.8102877720185,0.0,0.0,0.8721403155510075,473.97410457667127,90.37786824071061,85.44347585443414,610.8029393634339,114.37280664416764,235.64411235644005,32.378580323785805,30.130067801300633,170.2054794520548,329.419275,1193.533985941183,864.1147109411829,864.1147109411829,0.0,0.0,0.0,0.0,0.0,0.0,0.0,0.0,0.0,0.0,0.0,0.0,0.0,air_water,air_water,True,5,2538.115111026605,235.64411235644116,32.378580323785805,35.2187374802773,114.37280664416764,610.8029393634339,1028.417176168106,0.0,0.0,0.0,0.0,0.0,0.0
2050-04-27 12:00:00+01:00,BE_RES_APT_AS_IS_HP_V1,away,0.17500000000000004,9.37420654296875,16.0,14.127859684448993,10.422806669247034,12.018621997932085,24.000000000000004,164.9508786495088,27.521793275217934,17.60936874013865,234.0820406648654,196.4104430904,242.4363102154924,400.3048232545867,864.9288257845656,864.9288257845656,0.0,0.0,2.981378002067915,420.1618866658679,36.56565032990724,85.44347585443414,247.122521652733,114.37280664416764,235.64411235644005,32.378580323785805,30.130067801300633,170.2054794520548,329.419275,829.8535682304819,500.43429323048184,500.43429323048184,0.0,0.0,0.0,0.0,0.0,0.0,0.0,0.0,0.0,0.0,0.0,0.0,0.0,air_water,air_water,True,5,1265.2336490391522,235.64411235644116,32.378580323785805,35.2187374802773,114.37280664416764,247.122521652733,664.7367584574049,0.0,0.0,0.0,0.0,0.0,0.0
2050-04-28 12:00:00+01:00,BE_RES_APT_AS_IS_HP_V1,away,0.17500000000000004,8.210540771484375,16.0,12.018621997932085,9.208550755967138,12.602283582621995,24.000000000000004,164.9508786495088,27.521793275217934,17.60936874013865,234.0820406648654,196.4104430904,194.21214254883324,400.3048232545867,1839.396636955377,1839.396636955377,0.0,0.0,2.397716417378005,461.3583969205707,77.76216058461013,85.44347585443414,525.5418962729649,114.37280664416764,235.64411235644005,32.378580323785805,30.130067801300633,170.2054794520548,329.419275,1108.272942850714,778.8536678507139,778.8536678507139,0.0,0.0,0.0,0.0,0.0,0.0,0.0,0.0,0.0,0.0,0.0,0.0,0.0,air_water,air_water,True,5,2239.701460209964,235.64411235644116,32.378580323785805,35.2187374802773,114.37280664416764,525.5418962729649,943.1561330776368,0.0,0.0,0.0,0.0,0.0,0.0
2050-04-29 12:00:00+01:00,BE_RES_APT_AS_IS_HP_V1,away,0.17500000000000004,10.867218017578123,16.0,12.602283582621995,11.75431718228347,14.650535962648142,24.000000000000004,164.9508786495088,27.521793275217934,17.60936874013865,234.0820406648654,196.4104430904,88.48834381723748,400.3048232545867,1569.7449848286385,1569.7449848286385,0.0,0.0,0.3494640373518578,449.95862883722094,66.36239250126032,85.44347585443414,448.4985670938967,114.37280664416764,235.64411235644005,32.378580323785805,30.130067801300633,170.2054794520548,329.419275,1031.2296136716457,701.8103386716457,701.8103386716457,0.0,0.0,0.0,0.0,0.0,0.0,0.0,0.0,0.0,0.0,0.0,0.0,0.0,air_water,air_water,True,5,1970.0498080832253,235.64411235644116,32.378580323785805,35.2187374802773,114.37280664416764,448.4985670938967,866.1128038985687,0.0,0.0,0.0,0.0,0.0,0.0
2050-04-30 12:00:00+01:00,BE_RES_APT_AS_IS_HP_V1,occupied_day,0.95,10.718841552734377,21.0,14.650535962648142,11.863099281229756,17.115249095061206,132.25,164.9508786495088,27.521793275217934,17.60936874013865,342.3320406648654,196.4104430904,279.1503031038773,400.3048232545867,2933.4523852565585,2933.4523852565585,0.0,0.0,0.0,507.6105956463077,124.01435931034705,85.44347585443414,838.1292529304453,114.37280664416764,235.64411235644005,32.378580323785805,30.130067801300633,170.2054794520548,329.419275,1420.8602995081942,1091.4410245081942,1091.4410245081942,0.0,0.0,0.0,0.0,0.0,0.0,0.0,0.0,0.0,0.0,0.0,0.0,0.0,air_water,air_water,True,5,3333.757208511145,235.64411235644116,32.378580323785805,35.2187374802773,114.37280664416764,838.1292529304453,1255.7434897351172,0.0,0.0,0.0,0.0,0.0,0.0
2050-05-01 12:00:00+01:00,BE_RES_APT_AS_IS_HP_V1,occupied_day,0.95,10.663177490234377,21.0,17.115249095061206,11.922614532374556,15.136002878560912,132.25,164.9508786495088,27.521793275217934,17.60936874013865,342.3320406648654,196.4104430904,458.09708394270484,400.3048232545867,1794.7549180817232,1794.7549180817232,0.0,0.0,0.0,459.47112777911354,75.87489144315289,85.44347585443414,512.787119451921,114.37280664416764,235.64411235644005,32.378580323785805,30.130067801300633,170.2054794520548,329.419275,1095.5181660296698,766.0988910296699,766.0988910296699,0.0,0.0,0.0,0.0,0.0,0.0,0.0,0.0,0.0,0.0,0.0,0.0,0.0,air_water,air_water,True,5,2195.05974133631,235.64411235644116,32.378580323785805,35.2187374802773,114.37280664416764,512.787119451921,930.4013562565929,0.0,0.0,0.0,0.0,0.0,0.0
2050-05-02 12:00:00+01:00,BE_RES_APT_AS_IS_HP_V1,away,0.17500000000000004,13.456573486328123,16.0,15.136002878560912,14.3406959955018,15.077168491115172,24.000000000000004,164.9508786495088,27.521793275217934,17.60936874013865,234.0820406648654,196.4104430904,85.65089900387225,400.3048232545867,399.1666701048585,399.1666701048585,0.0,0.0,0.0,400.47136923393987,16.875132897979263,85.44347585443414,114.04762002995957,114.37280664416764,235.64411235644005,32.378580323785805,30.130067801300633,170.2054794520548,329.419275,696.7786666077085,367.35939160770846,367.35939160770846,0.0,0.0,0.0,0.0,0.0,0.0,0.0,0.0,0.0,0.0,0.0,0.0,0.0,air_water,air_water,True,5,799.4714933594453,235.64411235644116,32.378580323785805,35.2187374802773,114.37280664416764,114.04762002995957,531.6618568346315,0.0,0.0,0.0,0.0,0.0,0.0
2050-05-03 12:00:00+01:00,BE_RES_APT_AS_IS_HP_V1,away,0.17500000000000004,16.131103515625,16.0,15.077168491115172,16.868985118926293,17.655608138279693,24.000000000000004,164.9508786495088,27.521793275217934,17.60936874013865,234.0820406648654,196.4104430904,-53.75068625000124,400.3048232545867,426.3481571047906,426.3481571047906,0.0,0.0,0.0,401.6204912419674,18.02425490600677,85.44347585443414,121.8137591727973,114.37280664416764,235.64411235644005,32.378580323785805,30.130067801300633,170.2054794520548,329.419275,704.5448057505462,375.12553075054615,375.12553075054615,0.0,0.0,0.0,0.0,0.0,0.0,0.0,0.0,0.0,0.0,0.0,0.0,0.0,air_water,air_water,True,5,826.6529803593774,235.64411235644116,32.378580323785805,35.2187374802773,114.37280664416764,121.8137591727973,539.4279959774692,0.0,0.0,0.0,0.0,0.0,0.0
2050-05-04 12:00:00+01:00,BE_RES_APT_AS_IS_HP_V1,away,0.17500000000000004,15.369415283203123,16.0,17.655608138279693,16.28600094947105,16.28600094947105,24.000000000000004,164.9508786495088,27.521793275217934,17.60936874013865,234.0820406648654,196.4104430904,116.59583560890505,400.3048232545867,0.0,0.0,0.0,0.0,0.0,383.5962363359606,0.0,85.44347585443414,0.0,114.37280664416764,235.64411235644005,32.378580323785805,30.130067801300633,170.2054794520548,329.419275,582.7310465777489,253.31177157774886,253.31177157774886,0.0,0.0,0.0,0.0,0.0,0.0,0.0,0.0,0.0,0.0,0.0,0.0,0.0,air_water,air_water,False,5,400.3048232545867,235.64411235644116,32.378580323785805,35.2187374802773,114.37280664416764,0.0,417.6142368046719,0.0,0.0,0.0,0.0,0.0,0.0
2050-05-05 12:00:00+01:00,BE_RES_APT_AS_IS_HP_V1,away,0.17500000000000004,13.219024658203123,16.0,16.28600094947105,14.177383926373297,14.177383926373297,24.000000000000004,164.9508786495088,27.521793275217934,17.60936874013865,234.0820406648654,196.4104430904,156.41579085466424,400.3048232545867,0.0,0.0,0.0,0.0,0.822616073626703,383.5962363359606,0.0,85.44347585443414,0.0,114.37280664416764,235.64411235644005,32.378580323785805,30.130067801300633,170.2054794520548,329.419275,582.7310465777489,253.31177157774886,253.31177157774886,0.0,0.0,0.0,0.0,0.0,0.0,0.0,0.0,0.0,0.0,0.0,0.0,0.0,air_water,air_water,False,5,400.3048232545867,235.64411235644116,32.378580323785805,35.2187374802773,114.37280664416764,0.0,417.6142368046719,0.0,0.0,0.0,0.0,0.0,0.0
2050-05-06 12:00:00+01:00,BE_RES_APT_AS_IS_HP_V1,away,0.17500000000000004,11.614593505859377,16.0,14.177383926373297,12.545977739886466,14.099578527413552,24.000000000000004,164.9508786495088,27.521793275217934,17.60936874013865,234.0820406648654,196.4104430904,130.70231144620996,400.3048232545867,842.0486260155369,842.0486260155369,0.0,0.0,0.9004214725864479,419.1946054754487,35.5983691394881,85.44347585443414,240.58532171872483,114.37280664416764,235.64411235644005,32.378580323785805,30.130067801300633,170.2054794520548,329.419275,823.3163682964737,493.89709329647366,493.89709329647366,0.0,0.0,0.0,0.0,0.0,0.0,0.0,0.0,0.0,0.0,0.0,0.0,0.0,air_water,air_water,True,5,1242.3534492701237,235.64411235644116,32.378580323785805,35.2187374802773,114.37280664416764,240.58532171872483,658.1995585233967,0.0,0.0,0.0,0.0,0.0,0.0
2050-05-07 12:00:00+01:00,BE_RES_APT_AS_IS_HP_V1,occupied_day,0.95,12.106109619140623,21.0,14.099578527413552,13.16179192193448,18.869682720181878,132.25,164.9508786495088,27.521793275217934,17.60936874013865,342.3320406648654,196.4104430904,141.53629248737795,400.3048232545867,3187.9947203349393,3187.9947203349393,0.0,0.0,0.0,518.3716036520143,134.7753673160537,85.44347585443414,910.8556343814113,114.37280664416764,235.64411235644005,32.378580323785805,30.130067801300633,170.2054794520548,329.419275,1493.58668095916,1164.16740595916,1164.16740595916,0.0,0.0,0.0,0.0,0.0,0.0,0.0,0.0,0.0,0.0,0.0,0.0,0.0,air_water,air_water,True,5,3588.299543589526,235.64411235644116,32.378580323785805,35.2187374802773,114.37280664416764,910.8556343814113,1328.4698711860833,0.0,0.0,0.0,0.0,0.0,0.0
2050-05-08 12:00:00+01:00,BE_RES_APT_AS_IS_HP_V1,occupied_day,0.95,11.686676025390623,21.0,18.869682720181878,12.979516243115365,14.741672141436682,132.25,164.9508786495088,27.521793275217934,17.60936874013865,342.3320406648654,196.4104430904,509.9934753301791,400.3048232545867,984.2065832759725,984.2065832759725,0.0,0.0,0.25832785856331775,425.20446201142886,41.60822567546823,85.44347585443414,281.20188093599216,114.37280664416764,235.64411235644005,32.378580323785805,30.130067801300633,170.2054794520548,329.419275,863.932927513741,534.5136525137409,534.5136525137409,0.0,0.0,0.0,0.0,0.0,0.0,0.0,0.0,0.0,0.0,0.0,0.0,0.0,air_water,air_water,True,5,1384.5114065305593,235.64411235644116,32.378580323785805,35.2187374802773,114.37280664416764,281.20188093599216,698.8161177406641,0.0,0.0,0.0,0.0,0.0,0.0
2050-05-09 12:00:00+01:00,BE_RES_APT_AS_IS_HP_V1,away,0.17500000000000004,10.583221435546877,16.0,14.741672141436682,11.59997694468409,12.672577576445907,24.000000000000004,164.9508786495088,27.521793275217934,17.60936874013865,234.0820406648654,196.4104430904,212.0809860003801,400.3048232545867,581.3474706562529,581.3474706562529,0.0,0.0,2.3274224235540935,408.17322775824357,24.57699142228298,85.44347585443414,166.09927733035798,114.37280664416764,235.64411235644005,32.378580323785805,30.130067801300633,170.2054794520548,329.419275,748.8303239081068,419.4110489081068,419.4110489081068,0.0,0.0,0.0,0.0,0.0,0.0,0.0,0.0,0.0,0.0,0.0,0.0,0.0,air_water,air_water,True,5,981.6522939108396,235.64411235644116,32.378580323785805,35.2187374802773,114.37280664416764,166.09927733035798,583.7135141350299,0.0,0.0,0.0,0.0,0.0,0.0
2050-05-10 12:00:00+01:00,BE_RES_APT_AS_IS_HP_V1,away,0.17500000000000004,10.056243896484377,16.0,12.672577576445907,10.99049281065328,13.826792880904774,24.000000000000004,164.9508786495088,27.521793275217934,17.60936874013865,234.0820406648654,196.4104430904,133.43301767803803,400.3048232545867,1537.2691596819914,1537.2691596819914,0.0,0.0,1.1732071190952258,448.5856838837326,64.98944754777199,85.44347585443414,439.2197599091404,114.37280664416764,235.64411235644005,32.378580323785805,30.130067801300633,170.2054794520548,329.419275,1021.9508064868893,692.5315314868892,692.5315314868892,0.0,0.0,0.0,0.0,0.0,0.0,0.0,0.0,0.0,0.0,0.0,0.0,0.0,air_water,air_water,True,5,1937.573982936578,235.64411235644116,32.378580323785805,35.2187374802773,114.37280664416764,439.2197599091404,856.8339967138123,0.0,0.0,0.0,0.0,0.0,0.0
2050-05-11 12:00:00+01:00,BE_RES_APT_AS_IS_HP_V1,away,0.17500000000000004,12.061431884765623,16.0,13.826792880904774,12.950151920533765,14.802597062733978,24.000000000000004,164.9508786495088,27.521793275217934,17.60936874013865,234.0820406648654,196.4104430904,90.03341080309671,400.3048232545867,1004.0216890219945,1004.0216890219945,0.0,0.0,0.19740293726602154,426.042163572944,42.44592723698335,85.44347585443414,286.86333972056985,114.37280664416764,235.64411235644005,32.378580323785805,30.130067801300633,170.2054794520548,329.419275,869.5943862983187,540.1751112983186,540.1751112983186,0.0,0.0,0.0,0.0,0.0,0.0,0.0,0.0,0.0,0.0,0.0,0.0,0.0,air_water,air_water,True,5,1404.326512276581,235.64411235644116,32.378580323785805,35.2187374802773,114.37280664416764,286.86333972056985,704.4775765252418,0.0,0.0,0.0,0.0,0.0,0.0
2050-05-12 12:00:00+01:00,BE_RES_APT_AS_IS_HP_V1,away,0.17500000000000004,12.47314453125,16.0,14.802597062733978,13.392044683733818,14.412712817435766,24.000000000000004,164.9508786495088,27.521793275217934,17.60936874013865,234.0820406648654,196.4104430904,118.80207910568292,400.3048232545867,553.200157016902,553.200157016902,0.0,0.0,0.5872871825642338,406.9832745533321,23.387038217371423,85.44347585443414,158.05718771911486,114.37280664416764,235.64411235644005,32.378580323785805,30.130067801300633,170.2054794520548,329.419275,740.7882342968637,411.3689592968637,411.3689592968637,0.0,0.0,0.0,0.0,0.0,0.0,0.0,0.0,0.0,0.0,0.0,0.0,0.0,air_water,air_water,True,5,953.5049802714888,235.64411235644116,32.378580323785805,35.2187374802773,114.37280664416764,158.05718771911486,575.6714245237868,0.0,0.0,0.0,0.0,0.0,0.0
2050-05-13 12:00:00+01:00,BE_RES_APT_AS_IS_HP_V1,away,0.17500000000000004,12.994873046875,16.0,14.412712817435766,13.864999945728368,15.218006019002203,24.000000000000004,164.9508786495088,27.521793275217934,17.60936874013865,234.0820406648654,196.4104430904,72.30982829859909,400.3048232545867,733.3266783446761,733.3266783446761,0.0,0.0,0.0,414.5982865608686,31.002050224907986,85.44347585443414,209.5219080984789,114.37280664416764,235.64411235644005,32.378580323785805,30.130067801300633,170.2054794520548,329.419275,792.2529546762278,462.83367967622775,462.83367967622775,0.0,0.0,0.0,0.0,0.0,0.0,0.0,0.0,0.0,0.0,0.0,0.0,0.0,air_water,air_water,True,5,1133.6315015992627,235.64411235644116,32.378580323785805,35.2187374802773,114.37280664416764,209.5219080984789,627.1361449031508,0.0,0.0,0.0,0.0,0.0,0.0
2050-05-14 12:00:00+01:00,BE_RES_APT_AS_IS_HP_V1,occupied_day,0.95,10.199371337890623,21.0,15.218006019002203,11.393301406963491,16.17605132604761,132.25,164.9508786495088,27.521793275217934,17.60936874013865,342.3320406648654,196.4104430904,356.3230623589222,400.3048232545867,2671.2812192209826,2671.2812192209826,0.0,0.0,0.0,496.5270718949225,112.93083555896187,85.44347585443414,763.2232054917093,114.37280664416764,235.64411235644005,32.378580323785805,30.130067801300633,170.2054794520548,329.419275,1345.9542520694583,1016.5349770694584,1016.5349770694584,0.0,0.0,0.0,0.0,0.0,0.0,0.0,0.0,0.0,0.0,0.0,0.0,0.0,air_water,air_water,True,5,3071.5860424755692,235.64411235644116,32.378580323785805,35.2187374802773,114.37280664416764,763.2232054917093,1180.8374422963811,0.0,0.0,0.0,0.0,0.0,0.0
2050-05-15 12:00:00+01:00,BE_RES_APT_AS_IS_HP_V1,occupied_day,0.95,11.286895751953123,21.0,16.17605132604761,12.474908724685147,16.465182703841084,132.25,164.9508786495088,27.521793275217934,17.60936874013865,342.3320406648654,196.4104430904,347.1300457607085,400.3048232545867,2228.664287366005,2228.664287366005,0.0,0.0,0.0,477.8150397856623,94.21880344970168,85.44347585443414,636.7612249617157,114.37280664416764,235.64411235644005,32.378580323785805,30.130067801300633,170.2054794520548,329.419275,1219.4922715394646,890.0729965394646,890.0729965394646,0.0,0.0,0.0,0.0,0.0,0.0,0.0,0.0,0.0,0.0,0.0,0.0,0.0,air_water,air_water,True,5,2628.9691106205914,235.64411235644116,32.378580323785805,35.2187374802773,114.37280664416764,636.7612249617157,1054.3754617663876,0.0,0.0,0.0,0.0,0.0,0.0
2050-05-16 12:00:00+01:00,BE_RES_APT_AS_IS_HP_V1,away,0.17500000000000004,12.8878173828125,16.0,16.465182703841084,13.873483567543941,13.873483567543941,24.000000000000004,164.9508786495088,27.521793275217934,17.60936874013865,234.0820406648654,196.4104430904,182.4456313724578,400.3048232545867,0.0,0.0,0.0,0.0,1.126516432456059,383.5962363359606,0.0,85.44347585443414,0.0,114.37280664416764,235.64411235644005,32.378580323785805,30.130067801300633,170.2054794520548,329.419275,582.7310465777489,253.31177157774886,253.31177157774886,0.0,0.0,0.0,0.0,0.0,0.0,0.0,0.0,0.0,0.0,0.0,0.0,0.0,air_water,air_water,True,5,400.3048232545867,235.64411235644116,32.378580323785805,35.2187374802773,114.37280664416764,0.0,417.6142368046719,0.0,0.0,0.0,0.0,0.0,0.0
2050-05-17 12:00:00+01:00,BE_RES_APT_AS_IS_HP_V1,away,0.17500000000000004,16.322113037109375,16.0,13.873483567543941,16.98537547224897,18.798021400241417,24.000000000000004,164.9508786495088,27.521793275217934,17.60936874013865,234.0820406648654,196.4104430904,-124.88010294783716,400.3048232545867,982.4505917946994,982.4505917946994,0.0,0.0,0.0,425.1302258794231,41.53398954346247,85.44347585443414,280.70016908419984,114.37280664416764,235.64411235644005,32.378580323785805,30.130067801300633,170.2054794520548,329.419275,863.4312156619487,534.0119406619488,534.0119406619488,0.0,0.0,0.0,0.0,0.0,0.0,0.0,0.0,0.0,0.0,0.0,0.0,0.0,air_water,air_water,True,5,1382.755415049286,235.64411235644116,32.378580323785805,35.2187374802773,114.37280664416764,280.70016908419984,698.3144058888718,0.0,0.0,0.0,0.0,0.0,0.0
2050-05-18 12:00:00+01:00,BE_RES_APT_AS_IS_HP_V1,away,0.17500000000000004,18.691864013671875,16.0,18.798021400241417,19.491813069103866,19.491813069103866,24.000000000000004,164.9508786495088,27.521793275217934,17.60936874013865,234.0820406648654,196.4104430904,5.414026715046654,400.3048232545867,0.0,0.0,0.0,0.0,0.0,383.5962363359606,0.0,85.44347585443414,0.0,114.37280664416764,235.64411235644005,32.378580323785805,30.130067801300633,170.2054794520548,329.419275,582.7310465777489,253.31177157774886,253.31177157774886,0.0,0.0,0.0,0.0,0.0,0.0,0.0,0.0,0.0,0.0,0.0,0.0,0.0,air_water,air_water,False,5,400.3048232545867,235.64411235644116,32.378580323785805,35.2187374802773,114.37280664416764,0.0,417.6142368046719,0.0,0.0,0.0,0.0,0.0,0.0
2050-05-19 12:00:00+01:00,BE_RES_APT_AS_IS_HP_V1,away,0.17500000000000004,16.56170654296875,16.0,19.491813069103866,17.512742982789742,17.512742982789742,24.000000000000004,164.9508786495088,27.521793275217934,17.60936874013865,234.0820406648654,196.4104430904,149.43543283289094,400.3048232545867,0.0,0.0,0.0,0.0,0.0,383.5962363359606,0.0,85.44347585443414,0.0,114.37280664416764,235.64411235644005,32.378580323785805,30.130067801300633,170.2054794520548,329.419275,582.7310465777489,253.31177157774886,253.31177157774886,0.0,0.0,0.0,0.0,0.0,0.0,0.0,0.0,0.0,0.0,0.0,0.0,0.0,air_water,air_water,False,5,400.3048232545867,235.64411235644116,32.378580323785805,35.2187374802773,114.37280664416764,0.0,417.6142368046719,0.0,0.0,0.0,0.0,0.0,0.0
2050-05-20 12:00:00+01:00,BE_RES_APT_AS_IS_HP_V1,away,0.17500000000000004,13.07049560546875,16.0,17.512742982789742,14.102434850100378,14.102434850100378,24.000000000000004,164.9508786495088,27.521793275217934,17.60936874013865,234.0820406648654,196.4104430904,226.55461624337065,400.3048232545867,0.0,0.0,0.0,0.0,0.8975651498996218,383.5962363359606,0.0,85.44347585443414,0.0,114.37280664416764,235.64411235644005,32.378580323785805,30.130067801300633,170.2054794520548,329.419275,582.7310465777489,253.31177157774886,253.31177157774886,0.0,0.0,0.0,0.0,0.0,0.0,0.0,0.0,0.0,0.0,0.0,0.0,0.0,air_water,air_water,False,5,400.3048232545867,235.64411235644116,32.378580323785805,35.2187374802773,114.37280664416764,0.0,417.6142368046719,0.0,0.0,0.0,0.0,0.0,0.0
2050-05-21 12:00:00+01:00,BE_RES_APT_AS_IS_HP_V1,occupied_day,0.95,11.079254150390623,21.0,14.102434850100378,12.181993495927536,17.88752160110673,132.25,164.9508786495088,27.521793275217934,17.60936874013865,342.3320406648654,196.4104430904,214.6458296793926,400.3048232545867,3186.675099253626,3186.675099253626,0.0,0.0,0.0,518.3158154743182,134.71957913835766,85.44347585443414,910.4785997867502,114.37280664416764,235.64411235644005,32.378580323785805,30.130067801300633,170.2054794520548,329.419275,1493.2096463644991,1163.7903713644992,1163.7903713644992,0.0,0.0,0.0,0.0,0.0,0.0,0.0,0.0,0.0,0.0,0.0,0.0,0.0,air_water,air_water,True,5,3586.9799225082124,235.64411235644116,32.378580323785805,35.2187374802773,114.37280664416764,910.4785997867502,1328.0928365914222,0.0,0.0,0.0,0.0,0.0,0.0
2050-05-22 12:00:00+01:00,BE_RES_APT_AS_IS_HP_V1,occupied_day,0.95,11.554840087890623,21.0,17.88752160110673,12.808821093991648,15.383401050210997,132.25,164.9508786495088,27.521793275217934,17.60936874013865,342.3320406648654,196.4104430904,449.6203874383436,400.3048232545867,1437.9650202886908,1437.9650202886908,0.0,0.0,0.0,444.38751135309224,60.79127501713161,85.44347585443414,410.84714865391163,114.37280664416764,235.64411235644005,32.378580323785805,30.130067801300633,170.2054794520548,329.419275,993.5781952316605,664.1589202316604,664.1589202316604,0.0,0.0,0.0,0.0,0.0,0.0,0.0,0.0,0.0,0.0,0.0,0.0,0.0,air_water,air_water,True,5,1838.2698435432776,235.64411235644116,32.378580323785805,35.2187374802773,114.37280664416764,410.84714865391163,828.4613854585835,0.0,0.0,0.0,0.0,0.0,0.0
2050-05-23 12:00:00+01:00,BE_RES_APT_AS_IS_HP_V1,away,0.17500000000000004,13.11541748046875,16.0,15.383401050210997,14.031028910602528,14.55661881834125,24.000000000000004,164.9508786495088,27.521793275217934,17.60936874013865,234.0820406648654,196.4104430904,115.66716205685462,400.3048232545867,284.8687148025193,284.8687148025193,0.0,0.0,0.44338118165875073,395.6393195410445,12.043083205083844,85.44347585443414,81.39106137214837,114.37280664416764,235.64411235644005,32.378580323785805,30.130067801300633,170.2054794520548,329.419275,664.1221079498972,334.7028329498972,334.7028329498972,0.0,0.0,0.0,0.0,0.0,0.0,0.0,0.0,0.0,0.0,0.0,0.0,0.0,air_water,air_water,True,5,685.173538057106,235.64411235644116,32.378580323785805,35.2187374802773,114.37280664416764,81.39106137214837,499.0052981768203,0.0,0.0,0.0,0.0,0.0,0.0
2050-05-24 12:00:00+01:00,BE_RES_APT_AS_IS_HP_V1,away,0.17500000000000004,13.455718994140623,16.0,14.55661881834125,14.308888920634597,15.539229293999535,24.000000000000004,164.9508786495088,27.521793275217934,17.60936874013865,234.0820406648654,196.4104430904,56.14589103423194,400.3048232545867,666.8421059263429,666.8421059263429,0.0,0.0,0.0,411.78759098117513,28.191354645214485,85.44347585443414,190.52631597895513,114.37280664416764,235.64411235644005,32.378580323785805,30.130067801300633,170.2054794520548,329.419275,773.257362556704,443.838087556704,443.838087556704,0.0,0.0,0.0,0.0,0.0,0.0,0.0,0.0,0.0,0.0,0.0,0.0,0.0,air_water,air_water,True,5,1067.1469291809296,235.64411235644116,32.378580323785805,35.2187374802773,114.37280664416764,190.52631597895513,608.1405527836271,0.0,0.0,0.0,0.0,0.0,0.0
2050-05-25 12:00:00+01:00,BE_RES_APT_AS_IS_HP_V1,away,0.17500000000000004,14.693084716796877,16.0,15.539229293999535,15.532624686791628,15.925386356169044,24.000000000000004,164.9508786495088,27.521793275217934,17.60936874013865,234.0820406648654,196.4104430904,43.15337343733556,400.3048232545867,212.87606617221502,212.87606617221502,0.0,0.0,0.0,392.5957650453879,8.999528709427265,85.44347585443414,60.82173319206144,114.37280664416764,235.64411235644005,32.378580323785805,30.130067801300633,170.2054794520548,329.419275,643.5527797698103,314.13350476981026,314.13350476981026,0.0,0.0,0.0,0.0,0.0,0.0,0.0,0.0,0.0,0.0,0.0,0.0,0.0,air_water,air_water,True,5,613.1808894268017,235.64411235644116,32.378580323785805,35.2187374802773,114.37280664416764,60.82173319206144,478.4359699967334,0.0,0.0,0.0,0.0,0.0,0.0
2050-05-26 12:00:00+01:00,BE_RES_APT_AS_IS_HP_V1,away,0.17500000000000004,14.858154296875,16.0,15.925386356169044,15.709522925156238,15.773123711681388,24.000000000000004,164.9508786495088,27.521793275217934,17.60936874013865,234.0820406648654,196.4104430904,54.42883502399626,400.3048232545867,34.47150344990164,34.47150344990164,0.0,0.0,0.0,385.0535503991749,1.4573140632143187,85.44347585443414,9.849000985686184,114.37280664416764,235.64411235644005,32.378580323785805,30.130067801300633,170.2054794520548,329.419275,592.5800475634351,263.16077256343505,263.16077256343505,0.0,0.0,0.0,0.0,0.0,0.0,0.0,0.0,0.0,0.0,0.0,0.0,0.0,air_water,air_water,True,5,434.7763267044884,235.64411235644116,32.378580323785805,35.2187374802773,114.37280664416764,9.849000985686184,427.4632377903581,0.0,0.0,0.0,0.0,0.0,0.0
2050-05-27 12:00:00+01:00,BE_RES_APT_AS_IS_HP_V1,away,0.17500000000000004,13.54083251953125,16.0,15.773123711681388,14.454534330296372,14.647924032770383,24.000000000000004,164.9508786495088,27.521793275217934,17.60936874013865,234.0820406648654,196.4104430904,113.84685079965703,400.3048232545867,104.81684520319894,104.81684520319894,0.0,0.0,0.35207596722961654,388.027463503014,4.431227167053427,85.44347585443414,29.94767005805684,114.37280664416764,235.64411235644005,32.378580323785805,30.130067801300633,170.2054794520548,329.419275,612.6787166358057,283.2594416358057,283.2594416358057,0.0,0.0,0.0,0.0,0.0,0.0,0.0,0.0,0.0,0.0,0.0,0.0,0.0,air_water,air_water,True,5,505.12166845778563,235.64411235644116,32.378580323785805,35.2187374802773,114.37280664416764,29.94767005805684,447.56190686272873,0.0,0.0,0.0,0.0,0.0,0.0
2050-05-28 12:00:00+01:00,BE_RES_APT_AS_IS_HP_V1,occupied_day,0.95,10.90069580078125,21.0,14.647924032770383,12.03652356577477,17.290833915824788,132.25,164.9508786495088,27.521793275217934,17.60936874013865,342.3320406648654,196.4104430904,266.05320447122847,400.3048232545867,2934.659096860083,2934.659096860083,0.0,0.0,0.0,507.66161047345656,124.06537413749597,85.44347585443414,838.4740276743095,114.37280664416764,235.64411235644005,32.378580323785805,30.130067801300633,170.2054794520548,329.419275,1421.2050742520585,1091.7857992520585,1091.7857992520585,0.0,0.0,0.0,0.0,0.0,0.0,0.0,0.0,0.0,0.0,0.0,0.0,0.0,air_water,air_water,True,5,3334.9639201146697,235.64411235644116,32.378580323785805,35.2187374802773,114.37280664416764,838.4740276743095,1256.0882644789813,0.0,0.0,0.0,0.0,0.0,0.0
2050-05-29 12:00:00+01:00,BE_RES_APT_AS_IS_HP_V1,occupied_day,0.95,11.452239990234377,21.0,17.290833915824788,12.683641570788303,15.751789660748296,132.25,164.9508786495088,27.521793275217934,17.60936874013865,342.3320406648654,196.4104430904,414.5401687169192,400.3048232545867,1713.6347308889483,1713.6347308889483,0.0,0.0,0.0,456.0416983149064,72.4454619789458,85.44347585443414,489.60992311112807,114.37280664416764,235.64411235644005,32.378580323785805,30.130067801300633,170.2054794520548,329.419275,1072.340969688877,742.9216946888771,742.9216946888771,0.0,0.0,0.0,0.0,0.0,0.0,0.0,0.0,0.0,0.0,0.0,0.0,0.0,air_water,air_water,True,5,2113.939554143535,235.64411235644116,32.378580323785805,35.2187374802773,114.37280664416764,489.60992311112807,907.2241599158,0.0,0.0,0.0,0.0,0.0,0.0
2050-05-30 12:00:00+01:00,BE_RES_APT_AS_IS_HP_V1,away,0.17500000000000004,14.92242431640625,16.0,15.751789660748296,15.761066561165995,15.972641441972623,24.000000000000004,164.9508786495088,27.521793275217934,17.60936874013865,234.0820406648654,196.4104430904,42.29763256144434,400.3048232545867,114.67317673428741,114.67317673428741,0.0,0.0,0.0,388.44414885510014,4.8479125191394825,85.44347585443414,32.76376478122497,114.37280664416764,235.64411235644005,32.378580323785805,30.130067801300633,170.2054794520548,329.419275,615.4948113589738,286.0755363589738,286.0755363589738,0.0,0.0,0.0,0.0,0.0,0.0,0.0,0.0,0.0,0.0,0.0,0.0,0.0,air_water,air_water,True,5,514.9779999888741,235.64411235644116,32.378580323785805,35.2187374802773,114.37280664416764,32.76376478122497,450.37800158589687,0.0,0.0,0.0,0.0,0.0,0.0
2050-05-31 12:00:00+01:00,BE_RES_APT_AS_IS_HP_V1,away,0.17500000000000004,14.29620361328125,16.0,15.972641441972623,15.180166067337655,15.203486544925873,24.000000000000004,164.9508786495088,27.521793275217934,17.60936874013865,234.0820406648654,196.4104430904,85.49832926326005,400.3048232545867,12.639653808648058,12.639653808648058,0.0,0.0,0.0,384.1305891609331,0.5343528249724715,85.44347585443414,3.6113296596137308,114.37280664416764,235.64411235644005,32.378580323785805,30.130067801300633,170.2054794520548,329.419275,586.3423762373626,256.9231012373626,256.9231012373626,0.0,0.0,0.0,0.0,0.0,0.0,0.0,0.0,0.0,0.0,0.0,0.0,0.0,air_water,air_water,True,5,412.9444770632348,235.64411235644116,32.378580323785805,35.2187374802773,114.37280664416764,3.6113296596137308,421.22556646428563,0.0,0.0,0.0,0.0,0.0,0.0
2050-06-01 12:00:00+01:00,BE_RES_APT_AS_IS_HP_V1,away,0.17500000000000004,18.349609375,16.0,15.203486544925873,18.975554407360818,19.654503720375892,24.000000000000004,164.9508786495088,27.521793275217934,17.60936874013865,234.0820406648654,196.4104430904,-160.4522643337805,400.3048232545867,367.9892162442467,367.9892162442467,0.0,0.0,0.0,399.1533141037853,15.557077767824651,85.44347585443414,105.13977606978476,114.37280664416764,235.64411235644005,32.378580323785805,30.130067801300633,170.2054794520548,329.419275,687.8708226475336,358.4515476475336,358.4515476475336,0.0,0.0,0.0,0.0,0.0,0.0,0.0,0.0,0.0,0.0,0.0,0.0,0.0,air_water,air_water,True,5,768.2940394988334,235.64411235644116,32.378580323785805,35.2187374802773,114.37280664416764,105.13977606978476,522.7540128744566,0.0,0.0,0.0,0.0,0.0,0.0
2050-06-02 12:00:00+01:00,BE_RES_APT_AS_IS_HP_V1,away,0.17500000000000004,21.771759033203125,16.0,19.654503720375892,22.452750702164327,22.452750702164327,24.000000000000004,164.9508786495088,27.521793275217934,17.60936874013865,234.0820406648654,196.4104430904,-107.98002095418889,400.3048232545867,0.0,0.0,0.0,0.0,0.0,383.5962363359606,0.0,85.44347585443414,0.0,114.37280664416764,235.64411235644005,32.378580323785805,30.130067801300633,170.2054794520548,329.419275,582.7310465777489,253.31177157774886,253.31177157774886,0.0,0.0,0.0,0.0,0.0,0.0,0.0,0.0,0.0,0.0,0.0,0.0,0.0,air_water,air_water,False,5,400.3048232545867,235.64411235644116,32.378580323785805,35.2187374802773,114.37280664416764,0.0,417.6142368046719,0.0,0.0,0.0,0.0,0.0,0.0
2050-06-03 12:00:00+01:00,BE_RES_APT_AS_IS_HP_V1,away,0.17500000000000004,18.213165283203125,16.0,22.452750702164327,19.23426167490418,19.23426167490418,24.000000000000004,164.9508786495088,27.521793275217934,17.60936874013865,234.0820406648654,196.4104430904,216.21885636702132,400.3048232545867,0.0,0.0,0.0,0.0,0.0,383.5962363359606,0.0,85.44347585443414,0.0,114.37280664416764,235.64411235644005,32.378580323785805,30.130067801300633,170.2054794520548,329.419275,582.7310465777489,253.31177157774886,253.31177157774886,0.0,0.0,0.0,0.0,0.0,0.0,0.0,0.0,0.0,0.0,0.0,0.0,0.0,air_water,air_water,False,5,400.3048232545867,235.64411235644116,32.378580323785805,35.2187374802773,114.37280664416764,0.0,417.6142368046719,0.0,0.0,0.0,0.0,0.0,0.0
2050-06-04 12:00:00+01:00,BE_RES_APT_AS_IS_HP_V1,occupied_day,0.95,18.092315673828125,21.0,19.23426167490418,19.109084029851743,20.56966749971181,132.25,164.9508786495088,27.521793275217934,17.60936874013865,342.3320406648654,196.4104430904,81.07816607639982,400.3048232545867,815.7711061942695,815.7711061942695,0.0,0.0,0.0,418.0836994995147,34.487463163554075,85.44347585443414,233.0774589126484,114.37280664416764,235.64411235644005,32.378580323785805,30.130067801300633,170.2054794520548,329.419275,815.8085054903972,486.3892304903972,486.3892304903972,0.0,0.0,0.0,0.0,0.0,0.0,0.0,0.0,0.0,0.0,0.0,0.0,0.0,air_water,air_water,True,5,1216.0759294488562,235.64411235644116,32.378580323785805,35.2187374802773,114.37280664416764,233.0774589126484,650.6916957173203,0.0,0.0,0.0,0.0,0.0,0.0
2050-06-05 12:00:00+01:00,BE_RES_APT_AS_IS_HP_V1,occupied_day,0.95,22.27880859375,21.0,20.56966749971181,23.165284446167576,23.521246894018038,132.25,164.9508786495088,27.521793275217934,17.60936874013865,342.3320406648654,196.4104430904,-121.34901767671158,400.3048232545867,198.8136151331444,198.8136151331444,0.0,0.0,0.0,392.0012621774673,8.405025841506692,85.44347585443414,56.80389003804125,114.37280664416764,235.64411235644005,32.378580323785805,30.130067801300633,170.2054794520548,329.419275,639.5349366157901,310.1156616157901,310.1156616157901,0.0,0.0,0.0,0.0,0.0,0.0,0.0,0.0,0.0,0.0,0.0,0.0,0.0,air_water,air_water,True,5,599.1184383877311,235.64411235644116,32.378580323785805,35.2187374802773,114.37280664416764,56.80389003804125,474.41812684271315,0.0,0.0,0.0,0.0,0.0,0.0
2050-06-06 12:00:00+01:00,BE_RES_APT_AS_IS_HP_V1,away,0.17500000000000004,24.937957763671875,16.0,23.521246894018038,25.656430074930906,25.656430074930906,24.000000000000004,164.9508786495088,27.521793275217934,17.60936874013865,234.0820406648654,196.4104430904,-72.2522543523457,400.3048232545867,0.0,0.0,0.0,0.0,0.0,383.5962363359606,0.0,85.44347585443414,0.0,114.37280664416764,235.64411235644005,32.378580323785805,30.130067801300633,170.2054794520548,329.419275,582.7310465777489,253.31177157774886,253.31177157774886,0.0,0.0,0.0,0.0,0.0,0.0,0.0,0.0,0.0,0.0,0.0,0.0,0.0,air_water,air_water,False,5,400.3048232545867,235.64411235644116,32.378580323785805,35.2187374802773,114.37280664416764,0.0,417.6142368046719,0.0,0.0,0.0,0.0,0.0,0.0
2050-06-07 12:00:00+01:00,BE_RES_APT_AS_IS_HP_V1,away,0.17500000000000004,23.185516357421875,16.0,25.656430074930906,24.111984989199332,24.111984989199332,24.000000000000004,164.9508786495088,27.521793275217934,17.60936874013865,234.0820406648654,196.4104430904,126.0165995929606,400.3048232545867,0.0,0.0,0.0,0.0,0.0,383.5962363359606,0.0,85.44347585443414,0.0,114.37280664416764,235.64411235644005,32.378580323785805,30.130067801300633,170.2054794520548,329.419275,582.7310465777489,253.31177157774886,253.31177157774886,0.0,0.0,0.0,0.0,0.0,0.0,0.0,0.0,0.0,0.0,0.0,0.0,0.0,air_water,air_water,False,5,400.3048232545867,235.64411235644116,32.378580323785805,35.2187374802773,114.37280664416764,0.0,417.6142368046719,0.0,0.0,0.0,0.0,0.0,0.0
2050-06-08 12:00:00+01:00,BE_RES_APT_AS_IS_HP_V1,away,0.17500000000000004,20.833587646484375,16.0,24.111984989199332,21.803258398002587,21.803258398002587,24.000000000000004,164.9508786495088,27.521793275217934,17.60936874013865,234.0820406648654,196.4104430904,167.19826447846282,400.3048232545867,0.0,0.0,0.0,0.0,0.0,383.5962363359606,0.0,85.44347585443414,0.0,114.37280664416764,235.64411235644005,32.378580323785805,30.130067801300633,170.2054794520548,329.419275,582.7310465777489,253.31177157774886,253.31177157774886,0.0,0.0,0.0,0.0,0.0,0.0,0.0,0.0,0.0,0.0,0.0,0.0,0.0,air_water,air_water,False,5,400.3048232545867,235.64411235644116,32.378580323785805,35.2187374802773,114.37280664416764,0.0,417.6142368046719,0.0,0.0,0.0,0.0,0.0,0.0
2050-06-09 12:00:00+01:00,BE_RES_APT_AS_IS_HP_V1,away,0.17500000000000004,19.441680908203125,16.0,21.803258398002587,20.362299815411482,20.362299815411482,24.000000000000004,164.9508786495088,27.521793275217934,17.60936874013865,234.0820406648654,196.4104430904,120.44045197977258,400.3048232545867,0.0,0.0,0.0,0.0,0.0,383.5962363359606,0.0,85.44347585443414,0.0,114.37280664416764,235.64411235644005,32.378580323785805,30.130067801300633,170.2054794520548,329.419275,582.7310465777489,253.31177157774886,253.31177157774886,0.0,0.0,0.0,0.0,0.0,0.0,0.0,0.0,0.0,0.0,0.0,0.0,0.0,air_water,air_water,False,5,400.3048232545867,235.64411235644116,32.378580323785805,35.2187374802773,114.37280664416764,0.0,417.6142368046719,0.0,0.0,0.0,0.0,0.0,0.0
2050-06-10 12:00:00+01:00,BE_RES_APT_AS_IS_HP_V1,away,0.17500000000000004,20.980712890625,16.0,20.362299815411482,21.741895859818918,21.741895859818918,24.000000000000004,164.9508786495088,27.521793275217934,17.60936874013865,234.0820406648654,196.4104430904,-31.539066835889397,400.3048232545867,0.0,0.0,0.0,0.0,0.0,383.5962363359606,0.0,85.44347585443414,0.0,114.37280664416764,235.64411235644005,32.378580323785805,30.130067801300633,170.2054794520548,329.419275,582.7310465777489,253.31177157774886,253.31177157774886,0.0,0.0,0.0,0.0,0.0,0.0,0.0,0.0,0.0,0.0,0.0,0.0,0.0,air_water,air_water,False,5,400.3048232545867,235.64411235644116,32.378580323785805,35.2187374802773,114.37280664416764,0.0,417.6142368046719,0.0,0.0,0.0,0.0,0.0,0.0
2050-06-11 12:00:00+01:00,BE_RES_APT_AS_IS_HP_V1,occupied_day,0.95,17.935211181640625,21.0,21.741895859818918,19.07375606083342,19.07375606083342,132.25,164.9508786495088,27.521793275217934,17.60936874013865,342.3320406648654,196.4104430904,270.2746121506588,400.3048232545867,0.0,0.0,0.0,0.0,0.0,383.5962363359606,0.0,85.44347585443414,0.0,114.37280664416764,235.64411235644005,32.378580323785805,30.130067801300633,170.2054794520548,329.419275,582.7310465777489,253.31177157774886,253.31177157774886,0.0,0.0,0.0,0.0,0.0,0.0,0.0,0.0,0.0,0.0,0.0,0.0,0.0,air_water,air_water,False,5,400.3048232545867,235.64411235644116,32.378580323785805,35.2187374802773,114.37280664416764,0.0,417.6142368046719,0.0,0.0,0.0,0.0,0.0,0.0
2050-06-12 12:00:00+01:00,BE_RES_APT_AS_IS_HP_V1,occupied_day,0.95,14.5010986328125,21.0,19.07375606083342,15.674647881897055,17.26799838943172,132.25,164.9508786495088,27.521793275217934,17.60936874013865,342.3320406648654,196.4104430904,324.65867738948543,400.3048232545867,889.9246998949594,889.9246998949594,0.0,0.0,0.0,421.21860990732296,37.62237357136237,85.44347585443414,254.2641999699884,114.37280664416764,235.64411235644005,32.378580323785805,30.130067801300633,170.2054794520548,329.419275,836.9952465477372,507.5759715477372,507.5759715477372,0.0,0.0,0.0,0.0,0.0,0.0,0.0,0.0,0.0,0.0,0.0,0.0,0.0,air_water,air_water,True,5,1290.2295231495461,235.64411235644116,32.378580323785805,35.2187374802773,114.37280664416764,254.2641999699884,671.8784367746603,0.0,0.0,0.0,0.0,0.0,0.0
2050-06-13 12:00:00+01:00,BE_RES_APT_AS_IS_HP_V1,away,0.17500000000000004,14.143096923828123,16.0,17.26799838943172,15.104555314060388,15.104555314060388,24.000000000000004,164.9508786495088,27.521793275217934,17.60936874013865,234.0820406648654,196.4104430904,159.3699747457835,400.3048232545867,0.0,0.0,0.0,0.0,0.0,383.5962363359606,0.0,85.44347585443414,0.0,114.37280664416764,235.64411235644005,32.378580323785805,30.130067801300633,170.2054794520548,329.419275,582.7310465777489,253.31177157774886,253.31177157774886,0.0,0.0,0.0,0.0,0.0,0.0,0.0,0.0,0.0,0.0,0.0,0.0,0.0,air_water,air_water,False,5,400.3048232545867,235.64411235644116,32.378580323785805,35.2187374802773,114.37280664416764,0.0,417.6142368046719,0.0,0.0,0.0,0.0,0.0,0.0
2050-06-14 12:00:00+01:00,BE_RES_APT_AS_IS_HP_V1,away,0.17500000000000004,16.030181884765625,16.0,15.104555314060388,16.774928267750347,16.774928267750347,24.000000000000004,164.9508786495088,27.521793275217934,17.60936874013865,234.0820406648654,196.4104430904,-47.2069551059671,400.3048232545867,0.0,0.0,0.0,0.0,0.0,383.5962363359606,0.0,85.44347585443414,0.0,114.37280664416764,235.64411235644005,32.378580323785805,30.130067801300633,170.2054794520548,329.419275,582.7310465777489,253.31177157774886,253.31177157774886,0.0,0.0,0.0,0.0,0.0,0.0,0.0,0.0,0.0,0.0,0.0,0.0,0.0,air_water,air_water,False,5,400.3048232545867,235.64411235644116,32.378580323785805,35.2187374802773,114.37280664416764,0.0,417.6142368046719,0.0,0.0,0.0,0.0,0.0,0.0
2050-06-15 12:00:00+01:00,BE_RES_APT_AS_IS_HP_V1,away,0.17500000000000004,22.501708984375,16.0,16.774928267750347,22.989583240382615,22.989583240382615,24.000000000000004,164.9508786495088,27.521793275217934,17.60936874013865,234.0820406648654,196.4104430904,-292.0658165478573,400.3048232545867,0.0,0.0,0.0,0.0,0.0,383.5962363359606,0.0,85.44347585443414,0.0,114.37280664416764,235.64411235644005,32.378580323785805,30.130067801300633,170.2054794520548,329.419275,582.7310465777489,253.31177157774886,253.31177157774886,0.0,0.0,0.0,0.0,0.0,0.0,0.0,0.0,0.0,0.0,0.0,0.0,0.0,air_water,air_water,False,5,400.3048232545867,235.64411235644116,32.378580323785805,35.2187374802773,114.37280664416764,0.0,417.6142368046719,0.0,0.0,0.0,0.0,0.0,0.0
2050-06-16 12:00:00+01:00,BE_RES_APT_AS_IS_HP_V1,away,0.17500000000000004,22.801788330078125,16.0,22.989583240382615,23.60610516953154,23.60610516953154,24.000000000000004,164.9508786495088,27.521793275217934,17.60936874013865,234.0820406648654,196.4104430904,9.577540425528982,400.3048232545867,0.0,0.0,0.0,0.0,0.0,383.5962363359606,0.0,85.44347585443414,0.0,114.37280664416764,235.64411235644005,32.378580323785805,30.130067801300633,170.2054794520548,329.419275,582.7310465777489,253.31177157774886,253.31177157774886,0.0,0.0,0.0,0.0,0.0,0.0,0.0,0.0,0.0,0.0,0.0,0.0,0.0,air_water,air_water,False,5,400.3048232545867,235.64411235644116,32.378580323785805,35.2187374802773,114.37280664416764,0.0,417.6142368046719,0.0,0.0,0.0,0.0,0.0,0.0
2050-06-17 12:00:00+01:00,BE_RES_APT_AS_IS_HP_V1,away,0.17500000000000004,19.886322021484375,16.0,23.60610516953154,20.87960786787088,20.87960786787088,24.000000000000004,164.9508786495088,27.521793275217934,17.60936874013865,234.0820406648654,196.4104430904,189.70894055040537,400.3048232545867,0.0,0.0,0.0,0.0,0.0,383.5962363359606,0.0,85.44347585443414,0.0,114.37280664416764,235.64411235644005,32.378580323785805,30.130067801300633,170.2054794520548,329.419275,582.7310465777489,253.31177157774886,253.31177157774886,0.0,0.0,0.0,0.0,0.0,0.0,0.0,0.0,0.0,0.0,0.0,0.0,0.0,air_water,air_water,False,5,400.3048232545867,235.64411235644116,32.378580323785805,35.2187374802773,114.37280664416764,0.0,417.6142368046719,0.0,0.0,0.0,0.0,0.0,0.0
2050-06-18 12:00:00+01:00,BE_RES_APT_AS_IS_HP_V1,occupied_day,0.95,22.9210205078125,21.0,20.87960786787088,23.792311804252464,23.792311804252464,132.25,164.9508786495088,27.521793275217934,17.60936874013865,342.3320406648654,196.4104430904,-144.94029743585494,400.3048232545867,0.0,0.0,0.0,0.0,0.0,383.5962363359606,0.0,85.44347585443414,0.0,114.37280664416764,235.64411235644005,32.378580323785805,30.130067801300633,170.2054794520548,329.419275,582.7310465777489,253.31177157774886,253.31177157774886,0.0,0.0,0.0,0.0,0.0,0.0,0.0,0.0,0.0,0.0,0.0,0.0,0.0,air_water,air_water,False,5,400.3048232545867,235.64411235644116,32.378580323785805,35.2187374802773,114.37280664416764,0.0,417.6142368046719,0.0,0.0,0.0,0.0,0.0,0.0
2050-06-19 12:00:00+01:00,BE_RES_APT_AS_IS_HP_V1,occupied_day,0.95,27.00616455078125,21.0,23.792311804252464,27.82387622944063,27.82387622944063,132.25,164.9508786495088,27.521793275217934,17.60936874013865,342.3320406648654,196.4104430904,-228.18354500354383,400.3048232545867,0.0,0.0,0.0,422.1935716297751,1.8238762294406285,383.5962363359606,0.0,85.44347585443414,0.0,114.37280664416764,235.64411235644005,32.378580323785805,30.130067801300633,170.2054794520548,329.419275,582.7310465777489,253.31177157774886,253.31177157774886,0.0,0.0,0.0,0.0,0.0,0.0,0.0,0.0,0.0,0.0,0.0,0.0,0.0,air_water,air_water,False,5,400.3048232545867,235.64411235644116,32.378580323785805,35.2187374802773,114.37280664416764,0.0,417.6142368046719,0.0,0.0,0.0,0.0,0.0,0.0
2050-06-20 12:00:00+01:00,BE_RES_APT_AS_IS_HP_V1,away,0.17500000000000004,26.636627197265625,16.0,27.82387622944063,27.49441699307457,27.49441699307457,24.000000000000004,164.9508786495088,27.521793275217934,17.60936874013865,234.0820406648654,196.4104430904,60.54970064092519,400.3048232545867,0.0,0.0,0.0,345.9298595080022,1.4944169930745694,383.5962363359606,0.0,85.44347585443414,0.0,114.37280664416764,235.64411235644005,32.378580323785805,30.130067801300633,170.2054794520548,329.419275,582.7310465777489,253.31177157774886,253.31177157774886,0.0,0.0,0.0,0.0,0.0,0.0,0.0,0.0,0.0,0.0,0.0,0.0,0.0,air_water,air_water,False,5,400.3048232545867,235.64411235644116,32.378580323785805,35.2187374802773,114.37280664416764,0.0,417.6142368046719,0.0,0.0,0.0,0.0,0.0,0.0
2050-06-21 12:00:00+01:00,BE_RES_APT_AS_IS_HP_V1,away,0.17500000000000004,24.573516845703125,16.0,27.49441699307457,25.524060724355927,25.524060724355927,24.000000000000004,164.9508786495088,27.521793275217934,17.60936874013865,234.0820406648654,196.4104430904,148.96590751594368,400.3048232545867,0.0,0.0,0.0,0.0,0.0,383.5962363359606,0.0,85.44347585443414,0.0,114.37280664416764,235.64411235644005,32.378580323785805,30.130067801300633,170.2054794520548,329.419275,582.7310465777489,253.31177157774886,253.31177157774886,0.0,0.0,0.0,0.0,0.0,0.0,0.0,0.0,0.0,0.0,0.0,0.0,0.0,air_water,air_water,False,5,400.3048232545867,235.64411235644116,32.378580323785805,35.2187374802773,114.37280664416764,0.0,417.6142368046719,0.0,0.0,0.0,0.0,0.0,0.0
2050-06-22 12:00:00+01:00,BE_RES_APT_AS_IS_HP_V1,away,0.17500000000000004,23.9842529296875,16.0,25.524060724355927,24.860905381527406,24.860905381527406,24.000000000000004,164.9508786495088,27.521793275217934,17.60936874013865,234.0820406648654,196.4104430904,78.53019752808977,400.3048232545867,0.0,0.0,0.0,0.0,0.0,383.5962363359606,0.0,85.44347585443414,0.0,114.37280664416764,235.64411235644005,32.378580323785805,30.130067801300633,170.2054794520548,329.419275,582.7310465777489,253.31177157774886,253.31177157774886,0.0,0.0,0.0,0.0,0.0,0.0,0.0,0.0,0.0,0.0,0.0,0.0,0.0,air_water,air_water,False,5,400.3048232545867,235.64411235644116,32.378580323785805,35.2187374802773,114.37280664416764,0.0,417.6142368046719,0.0,0.0,0.0,0.0,0.0,0.0
2050-06-23 12:00:00+01:00,BE_RES_APT_AS_IS_HP_V1,away,0.17500000000000004,26.759246826171875,16.0,24.860905381527406,27.451950860376066,27.451950860376066,24.000000000000004,164.9508786495088,27.521793275217934,17.60936874013865,234.0820406648654,196.4104430904,-96.81541367686793,400.3048232545867,0.0,0.0,0.0,336.0997361981633,1.4519508603760656,383.5962363359606,0.0,85.44347585443414,0.0,114.37280664416764,235.64411235644005,32.378580323785805,30.130067801300633,170.2054794520548,329.419275,582.7310465777489,253.31177157774886,253.31177157774886,0.0,0.0,0.0,0.0,0.0,0.0,0.0,0.0,0.0,0.0,0.0,0.0,0.0,air_water,air_water,False,5,400.3048232545867,235.64411235644116,32.378580323785805,35.2187374802773,114.37280664416764,0.0,417.6142368046719,0.0,0.0,0.0,0.0,0.0,0.0
2050-06-24 12:00:00+01:00,BE_RES_APT_AS_IS_HP_V1,away,0.17500000000000004,23.061492919921875,16.0,27.451950860376066,24.090661317711554,24.090661317711554,24.000000000000004,164.9508786495088,27.521793275217934,17.60936874013865,234.0820406648654,196.4104430904,223.91335496316375,400.3048232545867,0.0,0.0,0.0,0.0,0.0,383.5962363359606,0.0,85.44347585443414,0.0,114.37280664416764,235.64411235644005,32.378580323785805,30.130067801300633,170.2054794520548,329.419275,582.7310465777489,253.31177157774886,253.31177157774886,0.0,0.0,0.0,0.0,0.0,0.0,0.0,0.0,0.0,0.0,0.0,0.0,0.0,air_water,air_water,False,5,400.3048232545867,235.64411235644116,32.378580323785805,35.2187374802773,114.37280664416764,0.0,417.6142368046719,0.0,0.0,0.0,0.0,0.0,0.0
2050-06-25 12:00:00+01:00,BE_RES_APT_AS_IS_HP_V1,occupied_day,0.95,24.462799072265625,21.0,24.090661317711554,25.410374956572632,25.410374956572632,132.25,164.9508786495088,27.521793275217934,17.60936874013865,342.3320406648654,196.4104430904,-26.421780573339053,400.3048232545867,0.0,0.0,0.0,0.0,0.0,383.5962363359606,0.0,85.44347585443414,0.0,114.37280664416764,235.64411235644005,32.378580323785805,30.130067801300633,170.2054794520548,329.419275,582.7310465777489,253.31177157774886,253.31177157774886,0.0,0.0,0.0,0.0,0.0,0.0,0.0,0.0,0.0,0.0,0.0,0.0,0.0,air_water,air_water,False,5,400.3048232545867,235.64411235644116,32.378580323785805,35.2187374802773,114.37280664416764,0.0,417.6142368046719,0.0,0.0,0.0,0.0,0.0,0.0
2050-06-26 12:00:00+01:00,BE_RES_APT_AS_IS_HP_V1,occupied_day,0.95,23.298492431640625,21.0,25.410374956572632,24.35958614631383,24.35958614631383,132.25,164.9508786495088,27.521793275217934,17.60936874013865,342.3320406648654,196.4104430904,149.94365927017247,400.3048232545867,0.0,0.0,0.0,0.0,0.0,383.5962363359606,0.0,85.44347585443414,0.0,114.37280664416764,235.64411235644005,32.378580323785805,30.130067801300633,170.2054794520548,329.419275,582.7310465777489,253.31177157774886,253.31177157774886,0.0,0.0,0.0,0.0,0.0,0.0,0.0,0.0,0.0,0.0,0.0,0.0,0.0,air_water,air_water,False,5,400.3048232545867,235.64411235644116,32.378580323785805,35.2187374802773,114.37280664416764,0.0,417.6142368046719,0.0,0.0,0.0,0.0,0.0,0.0
2050-06-27 12:00:00+01:00,BE_RES_APT_AS_IS_HP_V1,away,0.17500000000000004,22.423736572265625,16.0,24.35958614631383,23.321578115550874,23.321578115550874,24.000000000000004,164.9508786495088,27.521793275217934,17.60936874013865,234.0820406648654,196.4104430904,98.7283282764585,400.3048232545867,0.0,0.0,0.0,0.0,0.0,383.5962363359606,0.0,85.44347585443414,0.0,114.37280664416764,235.64411235644005,32.378580323785805,30.130067801300633,170.2054794520548,329.419275,582.7310465777489,253.31177157774886,253.31177157774886,0.0,0.0,0.0,0.0,0.0,0.0,0.0,0.0,0.0,0.0,0.0,0.0,0.0,air_water,air_water,False,5,400.3048232545867,235.64411235644116,32.378580323785805,35.2187374802773,114.37280664416764,0.0,417.6142368046719,0.0,0.0,0.0,0.0,0.0,0.0
2050-06-28 12:00:00+01:00,BE_RES_APT_AS_IS_HP_V1,away,0.17500000000000004,21.031707763671875,16.0,23.321578115550874,21.948490183969536,21.948490183969536,24.000000000000004,164.9508786495088,27.521793275217934,17.60936874013865,234.0820406648654,196.4104430904,116.78338794582898,400.3048232545867,0.0,0.0,0.0,0.0,0.0,383.5962363359606,0.0,85.44347585443414,0.0,114.37280664416764,235.64411235644005,32.378580323785805,30.130067801300633,170.2054794520548,329.419275,582.7310465777489,253.31177157774886,253.31177157774886,0.0,0.0,0.0,0.0,0.0,0.0,0.0,0.0,0.0,0.0,0.0,0.0,0.0,air_water,air_water,False,5,400.3048232545867,235.64411235644116,32.378580323785805,35.2187374802773,114.37280664416764,0.0,417.6142368046719,0.0,0.0,0.0,0.0,0.0,0.0
2050-06-29 12:00:00+01:00,BE_RES_APT_AS_IS_HP_V1,away,0.17500000000000004,18.652008056640625,16.0,21.948490183969536,19.622646383235274,19.622646383235274,24.000000000000004,164.9508786495088,27.521793275217934,17.60936874013865,234.0820406648654,196.4104430904,168.12058849377448,400.3048232545867,0.0,0.0,0.0,0.0,0.0,383.5962363359606,0.0,85.44347585443414,0.0,114.37280664416764,235.64411235644005,32.378580323785805,30.130067801300633,170.2054794520548,329.419275,582.7310465777489,253.31177157774886,253.31177157774886,0.0,0.0,0.0,0.0,0.0,0.0,0.0,0.0,0.0,0.0,0.0,0.0,0.0,air_water,air_water,False,5,400.3048232545867,235.64411235644116,32.378580323785805,35.2187374802773,114.37280664416764,0.0,417.6142368046719,0.0,0.0,0.0,0.0,0.0,0.0
2050-06-30 12:00:00+01:00,BE_RES_APT_AS_IS_HP_V1,away,0.17500000000000004,15.515716552734377,16.0,19.622646383235274,16.529715583649345,16.529715583649345,24.000000000000004,164.9508786495088,27.521793275217934,17.60936874013865,234.0820406648654,196.4104430904,209.4534213555458,400.3048232545867,0.0,0.0,0.0,0.0,0.0,383.5962363359606,0.0,85.44347585443414,0.0,114.37280664416764,235.64411235644005,32.378580323785805,30.130067801300633,170.2054794520548,329.419275,582.7310465777489,253.31177157774886,253.31177157774886,0.0,0.0,0.0,0.0,0.0,0.0,0.0,0.0,0.0,0.0,0.0,0.0,0.0,air_water,air_water,False,5,400.3048232545867,235.64411235644116,32.378580323785805,35.2187374802773,114.37280664416764,0.0,417.6142368046719,0.0,0.0,0.0,0.0,0.0,0.0
2050-07-01 12:00:00+01:00,BE_RES_APT_AS_IS_HP_V1,away,0.17500000000000004,15.9649658203125,16.0,16.529715583649345,16.78945055938544,16.78945055938544,24.000000000000004,164.9508786495088,27.521793275217934,17.60936874013865,234.0820406648654,196.4104430904,28.80223793017911,400.3048232545867,0.0,0.0,0.0,0.0,0.0,383.5962363359606,0.0,85.44347585443414,0.0,114.37280664416764,235.64411235644005,32.378580323785805,30.130067801300633,170.2054794520548,329.419275,582.7310465777489,253.31177157774886,253.31177157774886,0.0,0.0,0.0,0.0,0.0,0.0,0.0,0.0,0.0,0.0,0.0,0.0,0.0,air_water,air_water,False,5,400.3048232545867,235.64411235644116,32.378580323785805,35.2187374802773,114.37280664416764,0.0,417.6142368046719,0.0,0.0,0.0,0.0,0.0,0.0
2050-07-02 12:00:00+01:00,BE_RES_APT_AS_IS_HP_V1,occupied_day,0.95,16.16241455078125,21.0,16.78945055938544,17.155651913253006,20.638534299948915,132.25,164.9508786495088,27.521793275217934,17.60936874013865,342.3320406648654,196.4104430904,44.51955661089747,400.3048232545867,1945.2738415639271,1945.2738415639271,0.0,0.0,0.0,465.83445174289966,82.23821540693903,85.44347585443414,555.792526161122,114.37280664416764,235.64411235644005,32.378580323785805,30.130067801300633,170.2054794520548,329.419275,1138.523572738871,809.1042977388711,809.1042977388711,0.0,0.0,0.0,0.0,0.0,0.0,0.0,0.0,0.0,0.0,0.0,0.0,0.0,air_water,air_water,True,5,2345.578664818514,235.64411235644116,32.378580323785805,35.2187374802773,114.37280664416764,555.792526161122,973.406762965794,0.0,0.0,0.0,0.0,0.0,0.0
2050-07-03 12:00:00+01:00,BE_RES_APT_AS_IS_HP_V1,occupied_day,0.95,15.87835693359375,21.0,20.638534299948915,17.060475700699516,17.35947290708759,132.25,164.9508786495088,27.521793275217934,17.60936874013865,342.3320406648654,196.4104430904,337.97259301121676,400.3048232545867,166.9971534236011,166.9971534236011,0.0,0.0,0.0,390.6561924111189,7.059956075158291,85.44347585443414,47.71347240674317,114.37280664416764,235.64411235644005,32.378580323785805,30.130067801300633,170.2054794520548,329.419275,630.4445189844921,301.0252439844921,301.0252439844921,0.0,0.0,0.0,0.0,0.0,0.0,0.0,0.0,0.0,0.0,0.0,0.0,0.0,air_water,air_water,True,5,567.3019766781879,235.64411235644116,32.378580323785805,35.2187374802773,114.37280664416764,47.71347240674317,465.3277092114151,0.0,0.0,0.0,0.0,0.0,0.0
2050-07-04 12:00:00+01:00,BE_RES_APT_AS_IS_HP_V1,away,0.17500000000000004,16.2847900390625,16.0,17.35947290708759,17.136557301719613,17.136557301719613,24.000000000000004,164.9508786495088,27.521793275217934,17.60936874013865,234.0820406648654,196.4104430904,54.808826269279564,400.3048232545867,0.0,0.0,0.0,0.0,0.0,383.5962363359606,0.0,85.44347585443414,0.0,114.37280664416764,235.64411235644005,32.378580323785805,30.130067801300633,170.2054794520548,329.419275,582.7310465777489,253.31177157774886,253.31177157774886,0.0,0.0,0.0,0.0,0.0,0.0,0.0,0.0,0.0,0.0,0.0,0.0,0.0,air_water,air_water,False,5,400.3048232545867,235.64411235644116,32.378580323785805,35.2187374802773,114.37280664416764,0.0,417.6142368046719,0.0,0.0,0.0,0.0,0.0,0.0
2050-07-05 12:00:00+01:00,BE_RES_APT_AS_IS_HP_V1,away,0.17500000000000004,16.96942138671875,16.0,17.136557301719613,17.77263292525835,17.77263292525835,24.000000000000004,164.9508786495088,27.521793275217934,17.60936874013865,234.0820406648654,196.4104430904,8.523931665043998,400.3048232545867,0.0,0.0,0.0,0.0,0.0,383.5962363359606,0.0,85.44347585443414,0.0,114.37280664416764,235.64411235644005,32.378580323785805,30.130067801300633,170.2054794520548,329.419275,582.7310465777489,253.31177157774886,253.31177157774886,0.0,0.0,0.0,0.0,0.0,0.0,0.0,0.0,0.0,0.0,0.0,0.0,0.0,air_water,air_water,False,5,400.3048232545867,235.64411235644116,32.378580323785805,35.2187374802773,114.37280664416764,0.0,417.6142368046719,0.0,0.0,0.0,0.0,0.0,0.0
2050-07-06 12:00:00+01:00,BE_RES_APT_AS_IS_HP_V1,away,0.17500000000000004,17.057403564453125,16.0,17.77263292525835,17.889939287329867,17.889939287329867,24.000000000000004,164.9508786495088,27.521793275217934,17.60936874013865,234.0820406648654,196.4104430904,36.47669740106647,400.3048232545867,0.0,0.0,0.0,0.0,0.0,383.5962363359606,0.0,85.44347585443414,0.0,114.37280664416764,235.64411235644005,32.378580323785805,30.130067801300633,170.2054794520548,329.419275,582.7310465777489,253.31177157774886,253.31177157774886,0.0,0.0,0.0,0.0,0.0,0.0,0.0,0.0,0.0,0.0,0.0,0.0,0.0,air_water,air_water,False,5,400.3048232545867,235.64411235644116,32.378580323785805,35.2187374802773,114.37280664416764,0.0,417.6142368046719,0.0,0.0,0.0,0.0,0.0,0.0
2050-07-07 12:00:00+01:00,BE_RES_APT_AS_IS_HP_V1,away,0.17500000000000004,18.199920654296875,16.0,17.889939287329867,18.97760538671616,18.97760538671616,24.000000000000004,164.9508786495088,27.521793275217934,17.60936874013865,234.0820406648654,196.4104430904,-15.80904971531743,400.3048232545867,0.0,0.0,0.0,0.0,0.0,383.5962363359606,0.0,85.44347585443414,0.0,114.37280664416764,235.64411235644005,32.378580323785805,30.130067801300633,170.2054794520548,329.419275,582.7310465777489,253.31177157774886,253.31177157774886,0.0,0.0,0.0,0.0,0.0,0.0,0.0,0.0,0.0,0.0,0.0,0.0,0.0,air_water,air_water,False,5,400.3048232545867,235.64411235644116,32.378580323785805,35.2187374802773,114.37280664416764,0.0,417.6142368046719,0.0,0.0,0.0,0.0,0.0,0.0
2050-07-08 12:00:00+01:00,BE_RES_APT_AS_IS_HP_V1,away,0.17500000000000004,19.682586669921875,16.0,18.97760538671616,20.439138052826387,20.439138052826387,24.000000000000004,164.9508786495088,27.521793275217934,17.60936874013865,234.0820406648654,196.4104430904,-35.95404544349147,400.3048232545867,0.0,0.0,0.0,0.0,0.0,383.5962363359606,0.0,85.44347585443414,0.0,114.37280664416764,235.64411235644005,32.378580323785805,30.130067801300633,170.2054794520548,329.419275,582.7310465777489,253.31177157774886,253.31177157774886,0.0,0.0,0.0,0.0,0.0,0.0,0.0,0.0,0.0,0.0,0.0,0.0,0.0,air_water,air_water,False,5,400.3048232545867,235.64411235644116,32.378580323785805,35.2187374802773,114.37280664416764,0.0,417.6142368046719,0.0,0.0,0.0,0.0,0.0,0.0
2050-07-09 12:00:00+01:00,BE_RES_APT_AS_IS_HP_V1,occupied_day,0.95,20.239532470703125,21.0,20.439138052826387,21.213236589003202,21.213236589003202,132.25,164.9508786495088,27.521793275217934,17.60936874013865,342.3320406648654,196.4104430904,14.171996330751575,400.3048232545867,0.0,0.0,0.0,0.0,0.0,383.5962363359606,0.0,85.44347585443414,0.0,114.37280664416764,235.64411235644005,32.378580323785805,30.130067801300633,170.2054794520548,329.419275,582.7310465777489,253.31177157774886,253.31177157774886,0.0,0.0,0.0,0.0,0.0,0.0,0.0,0.0,0.0,0.0,0.0,0.0,0.0,air_water,air_water,False,5,400.3048232545867,235.64411235644116,32.378580323785805,35.2187374802773,114.37280664416764,0.0,417.6142368046719,0.0,0.0,0.0,0.0,0.0,0.0
2050-07-10 12:00:00+01:00,BE_RES_APT_AS_IS_HP_V1,occupied_day,0.95,21.58026123046875,21.0,21.213236589003202,22.528070780140336,22.528070780140336,132.25,164.9508786495088,27.521793275217934,17.60936874013865,342.3320406648654,196.4104430904,-26.05874954405391,400.3048232545867,0.0,0.0,0.0,0.0,0.0,383.5962363359606,0.0,85.44347585443414,0.0,114.37280664416764,235.64411235644005,32.378580323785805,30.130067801300633,170.2054794520548,329.419275,582.7310465777489,253.31177157774886,253.31177157774886,0.0,0.0,0.0,0.0,0.0,0.0,0.0,0.0,0.0,0.0,0.0,0.0,0.0,air_water,air_water,False,5,400.3048232545867,235.64411235644116,32.378580323785805,35.2187374802773,114.37280664416764,0.0,417.6142368046719,0.0,0.0,0.0,0.0,0.0,0.0
2050-07-11 12:00:00+01:00,BE_RES_APT_AS_IS_HP_V1,away,0.17500000000000004,23.380279541015625,16.0,22.528070780140336,24.128953935556705,24.128953935556705,24.000000000000004,164.9508786495088,27.521793275217934,17.60936874013865,234.0820406648654,196.4104430904,-43.462646804639746,400.3048232545867,0.0,0.0,0.0,0.0,0.0,383.5962363359606,0.0,85.44347585443414,0.0,114.37280664416764,235.64411235644005,32.378580323785805,30.130067801300633,170.2054794520548,329.419275,582.7310465777489,253.31177157774886,253.31177157774886,0.0,0.0,0.0,0.0,0.0,0.0,0.0,0.0,0.0,0.0,0.0,0.0,0.0,air_water,air_water,False,5,400.3048232545867,235.64411235644116,32.378580323785805,35.2187374802773,114.37280664416764,0.0,417.6142368046719,0.0,0.0,0.0,0.0,0.0,0.0
2050-07-12 12:00:00+01:00,BE_RES_APT_AS_IS_HP_V1,away,0.17500000000000004,24.526275634765625,16.0,24.128953935556705,25.299287470578804,25.299287470578804,24.000000000000004,164.9508786495088,27.521793275217934,17.60936874013865,234.0820406648654,196.4104430904,-20.26340665965492,400.3048232545867,0.0,0.0,0.0,0.0,0.0,383.5962363359606,0.0,85.44347585443414,0.0,114.37280664416764,235.64411235644005,32.378580323785805,30.130067801300633,170.2054794520548,329.419275,582.7310465777489,253.31177157774886,253.31177157774886,0.0,0.0,0.0,0.0,0.0,0.0,0.0,0.0,0.0,0.0,0.0,0.0,0.0,air_water,air_water,False,5,400.3048232545867,235.64411235644116,32.378580323785805,35.2187374802773,114.37280664416764,0.0,417.6142368046719,0.0,0.0,0.0,0.0,0.0,0.0
2050-07-13 12:00:00+01:00,BE_RES_APT_AS_IS_HP_V1,away,0.17500000000000004,25.34283447265625,16.0,25.299287470578804,26.134774019632395,26.134774019632395,24.000000000000004,164.9508786495088,27.521793275217934,17.60936874013865,234.0820406648654,196.4104430904,-2.220897105949746,400.3048232545867,0.0,0.0,0.0,31.197689729721162,0.13477401963239544,383.5962363359606,0.0,85.44347585443414,0.0,114.37280664416764,235.64411235644005,32.378580323785805,30.130067801300633,170.2054794520548,329.419275,582.7310465777489,253.31177157774886,253.31177157774886,0.0,0.0,0.0,0.0,0.0,0.0,0.0,0.0,0.0,0.0,0.0,0.0,0.0,air_water,air_water,False,5,400.3048232545867,235.64411235644116,32.378580323785805,35.2187374802773,114.37280664416764,0.0,417.6142368046719,0.0,0.0,0.0,0.0,0.0,0.0
2050-07-14 12:00:00+01:00,BE_RES_APT_AS_IS_HP_V1,away,0.17500000000000004,26.75885009765625,16.0,26.134774019632395,27.519730083956315,27.519730083956315,24.000000000000004,164.9508786495088,27.521793275217934,17.60936874013865,234.0820406648654,196.4104430904,-31.827879979216586,400.3048232545867,0.0,0.0,0.0,351.789371286184,1.5197300839563148,383.5962363359606,0.0,85.44347585443414,0.0,114.37280664416764,235.64411235644005,32.378580323785805,30.130067801300633,170.2054794520548,329.419275,582.7310465777489,253.31177157774886,253.31177157774886,0.0,0.0,0.0,0.0,0.0,0.0,0.0,0.0,0.0,0.0,0.0,0.0,0.0,air_water,air_water,False,5,400.3048232545867,235.64411235644116,32.378580323785805,35.2187374802773,114.37280664416764,0.0,417.6142368046719,0.0,0.0,0.0,0.0,0.0,0.0
2050-07-15 12:00:00+01:00,BE_RES_APT_AS_IS_HP_V1,away,0.17500000000000004,27.869171142578125,16.0,27.519730083956315,28.64474469618141,28.64474469618141,24.000000000000004,164.9508786495088,27.521793275217934,17.60936874013865,234.0820406648654,196.4104430904,-17.821493989712323,400.3048232545867,0.0,0.0,0.0,612.2094204123631,2.6447446961814087,383.5962363359606,0.0,85.44347585443414,0.0,114.37280664416764,235.64411235644005,32.378580323785805,30.130067801300633,170.2054794520548,329.419275,582.7310465777489,253.31177157774886,253.31177157774886,0.0,0.0,0.0,0.0,0.0,0.0,0.0,0.0,0.0,0.0,0.0,0.0,0.0,air_water,air_water,False,5,400.3048232545867,235.64411235644116,32.378580323785805,35.2187374802773,114.37280664416764,0.0,417.6142368046719,0.0,0.0,0.0,0.0,0.0,0.0
2050-07-16 12:00:00+01:00,BE_RES_APT_AS_IS_HP_V1,occupied_day,0.95,25.057464599609375,21.0,28.64474469618141,26.185982856925516,26.185982856925516,132.25,164.9508786495088,27.521793275217934,17.60936874013865,342.3320406648654,196.4104430904,254.69688685661438,400.3048232545867,0.0,0.0,0.0,43.05158725127695,0.18598285692551642,383.5962363359606,0.0,85.44347585443414,0.0,114.37280664416764,235.64411235644005,32.378580323785805,30.130067801300633,170.2054794520548,329.419275,582.7310465777489,253.31177157774886,253.31177157774886,0.0,0.0,0.0,0.0,0.0,0.0,0.0,0.0,0.0,0.0,0.0,0.0,0.0,air_water,air_water,False,5,400.3048232545867,235.64411235644116,32.378580323785805,35.2187374802773,114.37280664416764,0.0,417.6142368046719,0.0,0.0,0.0,0.0,0.0,0.0
2050-07-17 12:00:00+01:00,BE_RES_APT_AS_IS_HP_V1,occupied_day,0.95,22.8724365234375,21.0,26.185982856925516,23.988445356760653,23.988445356760653,132.25,164.9508786495088,27.521793275217934,17.60936874013865,342.3320406648654,196.4104430904,235.26178967764918,400.3048232545867,0.0,0.0,0.0,0.0,0.0,383.5962363359606,0.0,85.44347585443414,0.0,114.37280664416764,235.64411235644005,32.378580323785805,30.130067801300633,170.2054794520548,329.419275,582.7310465777489,253.31177157774886,253.31177157774886,0.0,0.0,0.0,0.0,0.0,0.0,0.0,0.0,0.0,0.0,0.0,0.0,0.0,air_water,air_water,False,5,400.3048232545867,235.64411235644116,32.378580323785805,35.2187374802773,114.37280664416764,0.0,417.6142368046719,0.0,0.0,0.0,0.0,0.0,0.0
2050-07-18 12:00:00+01:00,BE_RES_APT_AS_IS_HP_V1,away,0.17500000000000004,26.652191162109375,16.0,23.988445356760653,27.30394440819968,27.30394440819968,24.000000000000004,164.9508786495088,27.521793275217934,17.60936874013865,234.0820406648654,196.4104430904,-135.8510360727848,400.3048232545867,0.0,0.0,0.0,301.83898337955554,1.3039444081996798,383.5962363359606,0.0,85.44347585443414,0.0,114.37280664416764,235.64411235644005,32.378580323785805,30.130067801300633,170.2054794520548,329.419275,582.7310465777489,253.31177157774886,253.31177157774886,0.0,0.0,0.0,0.0,0.0,0.0,0.0,0.0,0.0,0.0,0.0,0.0,0.0,air_water,air_water,False,5,400.3048232545867,235.64411235644116,32.378580323785805,35.2187374802773,114.37280664416764,0.0,417.6142368046719,0.0,0.0,0.0,0.0,0.0,0.0
2050-07-19 12:00:00+01:00,BE_RES_APT_AS_IS_HP_V1,away,0.17500000000000004,24.85980224609375,16.0,27.30394440819968,25.78483854177662,25.78483854177662,24.000000000000004,164.9508786495088,27.521793275217934,17.60936874013865,234.0820406648654,196.4104430904,124.65125026740243,400.3048232545867,0.0,0.0,0.0,0.0,0.0,383.5962363359606,0.0,85.44347585443414,0.0,114.37280664416764,235.64411235644005,32.378580323785805,30.130067801300633,170.2054794520548,329.419275,582.7310465777489,253.31177157774886,253.31177157774886,0.0,0.0,0.0,0.0,0.0,0.0,0.0,0.0,0.0,0.0,0.0,0.0,0.0,air_water,air_water,False,5,400.3048232545867,235.64411235644116,32.378580323785805,35.2187374802773,114.37280664416764,0.0,417.6142368046719,0.0,0.0,0.0,0.0,0.0,0.0
2050-07-20 12:00:00+01:00,BE_RES_APT_AS_IS_HP_V1,away,0.17500000000000004,20.269439697265625,16.0,25.78483854177662,21.35879486556219,21.35879486556219,24.000000000000004,164.9508786495088,27.521793275217934,17.60936874013865,234.0820406648654,196.4104430904,281.2853410700607,400.3048232545867,0.0,0.0,0.0,0.0,0.0,383.5962363359606,0.0,85.44347585443414,0.0,114.37280664416764,235.64411235644005,32.378580323785805,30.130067801300633,170.2054794520548,329.419275,582.7310465777489,253.31177157774886,253.31177157774886,0.0,0.0,0.0,0.0,0.0,0.0,0.0,0.0,0.0,0.0,0.0,0.0,0.0,air_water,air_water,False,5,400.3048232545867,235.64411235644116,32.378580323785805,35.2187374802773,114.37280664416764,0.0,417.6142368046719,0.0,0.0,0.0,0.0,0.0,0.0
2050-07-21 12:00:00+01:00,BE_RES_APT_AS_IS_HP_V1,away,0.17500000000000004,17.6142578125,16.0,21.35879486556219,18.60886804632314,18.60886804632314,24.000000000000004,164.9508786495088,27.521793275217934,17.60936874013865,234.0820406648654,196.4104430904,190.97138970617164,400.3048232545867,0.0,0.0,0.0,0.0,0.0,383.5962363359606,0.0,85.44347585443414,0.0,114.37280664416764,235.64411235644005,32.378580323785805,30.130067801300633,170.2054794520548,329.419275,582.7310465777489,253.31177157774886,253.31177157774886,0.0,0.0,0.0,0.0,0.0,0.0,0.0,0.0,0.0,0.0,0.0,0.0,0.0,air_water,air_water,False,5,400.3048232545867,235.64411235644116,32.378580323785805,35.2187374802773,114.37280664416764,0.0,417.6142368046719,0.0,0.0,0.0,0.0,0.0,0.0
2050-07-22 12:00:00+01:00,BE_RES_APT_AS_IS_HP_V1,away,0.17500000000000004,17.940704345703125,16.0,18.60886804632314,18.770721954003264,18.770721954003264,24.000000000000004,164.9508786495088,27.521793275217934,17.60936874013865,234.0820406648654,196.4104430904,34.07634873162069,400.3048232545867,0.0,0.0,0.0,0.0,0.0,383.5962363359606,0.0,85.44347585443414,0.0,114.37280664416764,235.64411235644005,32.378580323785805,30.130067801300633,170.2054794520548,329.419275,582.7310465777489,253.31177157774886,253.31177157774886,0.0,0.0,0.0,0.0,0.0,0.0,0.0,0.0,0.0,0.0,0.0,0.0,0.0,air_water,air_water,False,5,400.3048232545867,235.64411235644116,32.378580323785805,35.2187374802773,114.37280664416764,0.0,417.6142368046719,0.0,0.0,0.0,0.0,0.0,0.0
2050-07-23 12:00:00+01:00,BE_RES_APT_AS_IS_HP_V1,occupied_day,0.95,18.131561279296875,21.0,18.770721954003264,19.125352729753022,20.969366997001867,132.25,164.9508786495088,27.521793275217934,17.60936874013865,342.3320406648654,196.4104430904,45.380407904153614,400.3048232545867,1029.9264572504921,1029.9264572504921,0.0,0.0,0.0,427.13731113732456,43.54107480136395,85.44347585443414,294.26470207156916,114.37280664416764,235.64411235644005,32.378580323785805,30.130067801300633,170.2054794520548,329.419275,876.995748649318,547.5764736493179,547.5764736493179,0.0,0.0,0.0,0.0,0.0,0.0,0.0,0.0,0.0,0.0,0.0,0.0,0.0,air_water,air_water,True,5,1430.2312805050788,235.64411235644116,32.378580323785805,35.2187374802773,114.37280664416764,294.26470207156916,711.8789388762411,0.0,0.0,0.0,0.0,0.0,0.0
2050-07-24 12:00:00+01:00,BE_RES_APT_AS_IS_HP_V1,occupied_day,0.95,15.8839111328125,21.0,20.969366997001867,17.0808948789379,17.106233887088397,132.25,164.9508786495088,27.521793275217934,17.60936874013865,342.3320406648654,196.4104430904,361.06736635744505,400.3048232545867,14.152447385137544,14.152447385137544,0.0,0.0,0.0,384.19454388100974,0.5983075450490832,85.44347585443414,4.043556395753584,114.37280664416764,235.64411235644005,32.378580323785805,30.130067801300633,170.2054794520548,329.419275,586.7746029735025,257.3553279735025,257.3553279735025,0.0,0.0,0.0,0.0,0.0,0.0,0.0,0.0,0.0,0.0,0.0,0.0,0.0,air_water,air_water,True,5,414.45727063972424,235.64411235644116,32.378580323785805,35.2187374802773,114.37280664416764,4.043556395753584,421.6577932004255,0.0,0.0,0.0,0.0,0.0,0.0
2050-07-25 12:00:00+01:00,BE_RES_APT_AS_IS_HP_V1,away,0.17500000000000004,21.466522216796875,16.0,17.106233887088397,22.02750676988244,22.02750676988244,24.000000000000004,164.9508786495088,27.521793275217934,17.60936874013865,234.0820406648654,196.4104430904,-222.37470481513242,400.3048232545867,0.0,0.0,0.0,0.0,0.0,383.5962363359606,0.0,85.44347585443414,0.0,114.37280664416764,235.64411235644005,32.378580323785805,30.130067801300633,170.2054794520548,329.419275,582.7310465777489,253.31177157774886,253.31177157774886,0.0,0.0,0.0,0.0,0.0,0.0,0.0,0.0,0.0,0.0,0.0,0.0,0.0,air_water,air_water,False,5,400.3048232545867,235.64411235644116,32.378580323785805,35.2187374802773,114.37280664416764,0.0,417.6142368046719,0.0,0.0,0.0,0.0,0.0,0.0
2050-07-26 12:00:00+01:00,BE_RES_APT_AS_IS_HP_V1,away,0.17500000000000004,22.79425048828125,16.0,22.02750676988244,23.54749744737158,23.54749744737158,24.000000000000004,164.9508786495088,27.521793275217934,17.60936874013865,234.0820406648654,196.4104430904,-39.103929638339345,400.3048232545867,0.0,0.0,0.0,0.0,0.0,383.5962363359606,0.0,85.44347585443414,0.0,114.37280664416764,235.64411235644005,32.378580323785805,30.130067801300633,170.2054794520548,329.419275,582.7310465777489,253.31177157774886,253.31177157774886,0.0,0.0,0.0,0.0,0.0,0.0,0.0,0.0,0.0,0.0,0.0,0.0,0.0,air_water,air_water,False,5,400.3048232545867,235.64411235644116,32.378580323785805,35.2187374802773,114.37280664416764,0.0,417.6142368046719,0.0,0.0,0.0,0.0,0.0,0.0
2050-07-27 12:00:00+01:00,BE_RES_APT_AS_IS_HP_V1,away,0.17500000000000004,23.18084716796875,16.0,23.54749744737158,23.994733156357032,23.994733156357032,24.000000000000004,164.9508786495088,27.521793275217934,17.60936874013865,234.0820406648654,196.4104430904,18.699164249544317,400.3048232545867,0.0,0.0,0.0,0.0,0.0,383.5962363359606,0.0,85.44347585443414,0.0,114.37280664416764,235.64411235644005,32.378580323785805,30.130067801300633,170.2054794520548,329.419275,582.7310465777489,253.31177157774886,253.31177157774886,0.0,0.0,0.0,0.0,0.0,0.0,0.0,0.0,0.0,0.0,0.0,0.0,0.0,air_water,air_water,False,5,400.3048232545867,235.64411235644116,32.378580323785805,35.2187374802773,114.37280664416764,0.0,417.6142368046719,0.0,0.0,0.0,0.0,0.0,0.0
2050-07-28 12:00:00+01:00,BE_RES_APT_AS_IS_HP_V1,away,0.17500000000000004,25.361846923828125,16.0,23.994733156357032,26.082972787283644,26.082972787283644,24.000000000000004,164.9508786495088,27.521793275217934,17.60936874013865,234.0820406648654,196.4104430904,-69.72280214102574,400.3048232545867,0.0,0.0,0.0,19.206663723065816,0.08297278728364432,383.5962363359606,0.0,85.44347585443414,0.0,114.37280664416764,235.64411235644005,32.378580323785805,30.130067801300633,170.2054794520548,329.419275,582.7310465777489,253.31177157774886,253.31177157774886,0.0,0.0,0.0,0.0,0.0,0.0,0.0,0.0,0.0,0.0,0.0,0.0,0.0,air_water,air_water,False,5,400.3048232545867,235.64411235644116,32.378580323785805,35.2187374802773,114.37280664416764,0.0,417.6142368046719,0.0,0.0,0.0,0.0,0.0,0.0
2050-07-29 12:00:00+01:00,BE_RES_APT_AS_IS_HP_V1,away,0.17500000000000004,25.290618896484375,16.0,26.082972787283644,26.12728094846024,26.12728094846024,24.000000000000004,164.9508786495088,27.521793275217934,17.60936874013865,234.0820406648654,196.4104430904,40.41004843076274,400.3048232545867,0.0,0.0,0.0,29.463182513944233,0.12728094846023907,383.5962363359606,0.0,85.44347585443414,0.0,114.37280664416764,235.64411235644005,32.378580323785805,30.130067801300633,170.2054794520548,329.419275,582.7310465777489,253.31177157774886,253.31177157774886,0.0,0.0,0.0,0.0,0.0,0.0,0.0,0.0,0.0,0.0,0.0,0.0,0.0,air_water,air_water,False,5,400.3048232545867,235.64411235644116,32.378580323785805,35.2187374802773,114.37280664416764,0.0,417.6142368046719,0.0,0.0,0.0,0.0,0.0,0.0
2050-07-30 12:00:00+01:00,BE_RES_APT_AS_IS_HP_V1,occupied_day,0.95,25.514007568359375,21.0,26.12728094846024,26.506615989215504,26.506615989215504,132.25,164.9508786495088,27.521793275217934,17.60936874013865,342.3320406648654,196.4104430904,43.54240998716135,400.3048232545867,0.0,0.0,0.0,117.27221972581115,0.5066159892155042,383.5962363359606,0.0,85.44347585443414,0.0,114.37280664416764,235.64411235644005,32.378580323785805,30.130067801300633,170.2054794520548,329.419275,582.7310465777489,253.31177157774886,253.31177157774886,0.0,0.0,0.0,0.0,0.0,0.0,0.0,0.0,0.0,0.0,0.0,0.0,0.0,air_water,air_water,False,5,400.3048232545867,235.64411235644116,32.378580323785805,35.2187374802773,114.37280664416764,0.0,417.6142368046719,0.0,0.0,0.0,0.0,0.0,0.0
2050-07-31 12:00:00+01:00,BE_RES_APT_AS_IS_HP_V1,occupied_day,0.95,24.192474365234375,21.0,26.506615989215504,25.262811166320958,25.262811166320958,132.25,164.9508786495088,27.521793275217934,17.60936874013865,342.3320406648654,196.4104430904,164.30405530266017,400.3048232545867,0.0,0.0,0.0,0.0,0.0,383.5962363359606,0.0,85.44347585443414,0.0,114.37280664416764,235.64411235644005,32.378580323785805,30.130067801300633,170.2054794520548,329.419275,582.7310465777489,253.31177157774886,253.31177157774886,0.0,0.0,0.0,0.0,0.0,0.0,0.0,0.0,0.0,0.0,0.0,0.0,0.0,air_water,air_water,False,5,400.3048232545867,235.64411235644116,32.378580323785805,35.2187374802773,114.37280664416764,0.0,417.6142368046719,0.0,0.0,0.0,0.0,0.0,0.0
2050-08-01 12:00:00+01:00,BE_RES_APT_AS_IS_HP_V1,away,0.17500000000000004,23.11907958984375,16.0,25.262811166320958,24.028043269703094,24.028043269703094,24.000000000000004,164.9508786495088,27.521793275217934,17.60936874013865,234.0820406648654,196.4104430904,109.33031040033762,400.3048232545867,0.0,0.0,0.0,0.0,0.0,383.5962363359606,0.0,85.44347585443414,0.0,114.37280664416764,235.64411235644005,32.378580323785805,30.130067801300633,170.2054794520548,329.419275,582.7310465777489,253.31177157774886,253.31177157774886,0.0,0.0,0.0,0.0,0.0,0.0,0.0,0.0,0.0,0.0,0.0,0.0,0.0,air_water,air_water,False,5,400.3048232545867,235.64411235644116,32.378580323785805,35.2187374802773,114.37280664416764,0.0,417.6142368046719,0.0,0.0,0.0,0.0,0.0,0.0
2050-08-02 12:00:00+01:00,BE_RES_APT_AS_IS_HP_V1,away,0.17500000000000004,23.93963623046875,16.0,24.028043269703094,24.73863560394178,24.73863560394178,24.000000000000004,164.9508786495088,27.521793275217934,17.60936874013865,234.0820406648654,196.4104430904,4.50875900095154,400.3048232545867,0.0,0.0,0.0,0.0,0.0,383.5962363359606,0.0,85.44347585443414,0.0,114.37280664416764,235.64411235644005,32.378580323785805,30.130067801300633,170.2054794520548,329.419275,582.7310465777489,253.31177157774886,253.31177157774886,0.0,0.0,0.0,0.0,0.0,0.0,0.0,0.0,0.0,0.0,0.0,0.0,0.0,air_water,air_water,False,5,400.3048232545867,235.64411235644116,32.378580323785805,35.2187374802773,114.37280664416764,0.0,417.6142368046719,0.0,0.0,0.0,0.0,0.0,0.0
2050-08-03 12:00:00+01:00,BE_RES_APT_AS_IS_HP_V1,away,0.17500000000000004,25.057403564453125,16.0,24.73863560394178,25.834618195121035,25.834618195121035,24.000000000000004,164.9508786495088,27.521793275217934,17.60936874013865,234.0820406648654,196.4104430904,-16.257165986078572,400.3048232545867,0.0,0.0,0.0,0.0,0.0,383.5962363359606,0.0,85.44347585443414,0.0,114.37280664416764,235.64411235644005,32.378580323785805,30.130067801300633,170.2054794520548,329.419275,582.7310465777489,253.31177157774886,253.31177157774886,0.0,0.0,0.0,0.0,0.0,0.0,0.0,0.0,0.0,0.0,0.0,0.0,0.0,air_water,air_water,False,5,400.3048232545867,235.64411235644116,32.378580323785805,35.2187374802773,114.37280664416764,0.0,417.6142368046719,0.0,0.0,0.0,0.0,0.0,0.0
2050-08-04 12:00:00+01:00,BE_RES_APT_AS_IS_HP_V1,away,0.17500000000000004,26.68115234375,16.0,25.834618195121035,27.430130342314857,27.430130342314857,24.000000000000004,164.9508786495088,27.521793275217934,17.60936874013865,234.0820406648654,196.4104430904,-43.17324158007723,400.3048232545867,0.0,0.0,0.0,331.04869035066145,1.4301303423148575,383.5962363359606,0.0,85.44347585443414,0.0,114.37280664416764,235.64411235644005,32.378580323785805,30.130067801300633,170.2054794520548,329.419275,582.7310465777489,253.31177157774886,253.31177157774886,0.0,0.0,0.0,0.0,0.0,0.0,0.0,0.0,0.0,0.0,0.0,0.0,0.0,air_water,air_water,False,5,400.3048232545867,235.64411235644116,32.378580323785805,35.2187374802773,114.37280664416764,0.0,417.6142368046719,0.0,0.0,0.0,0.0,0.0,0.0
2050-08-05 12:00:00+01:00,BE_RES_APT_AS_IS_HP_V1,away,0.17500000000000004,26.777496337890625,16.0,27.430130342314857,27.606683073868844,27.606683073868844,24.000000000000004,164.9508786495088,27.521793275217934,17.60936874013865,234.0820406648654,196.4104430904,33.28433422563586,400.3048232545867,0.0,0.0,0.0,371.9173782103805,1.6066830738688438,383.5962363359606,0.0,85.44347585443414,0.0,114.37280664416764,235.64411235644005,32.378580323785805,30.130067801300633,170.2054794520548,329.419275,582.7310465777489,253.31177157774886,253.31177157774886,0.0,0.0,0.0,0.0,0.0,0.0,0.0,0.0,0.0,0.0,0.0,0.0,0.0,air_water,air_water,False,5,400.3048232545867,235.64411235644116,32.378580323785805,35.2187374802773,114.37280664416764,0.0,417.6142368046719,0.0,0.0,0.0,0.0,0.0,0.0
2050-08-06 12:00:00+01:00,BE_RES_APT_AS_IS_HP_V1,occupied_day,0.95,27.266265869140625,21.0,27.606683073868844,28.24640497109219,28.24640497109219,132.25,164.9508786495088,27.521793275217934,17.60936874013865,342.3320406648654,196.4104430904,24.169621535703534,400.3048232545867,0.0,0.0,0.0,520.0011507157847,2.24640497109219,383.5962363359606,0.0,85.44347585443414,0.0,114.37280664416764,235.64411235644005,32.378580323785805,30.130067801300633,170.2054794520548,329.419275,582.7310465777489,253.31177157774886,253.31177157774886,0.0,0.0,0.0,0.0,0.0,0.0,0.0,0.0,0.0,0.0,0.0,0.0,0.0,air_water,air_water,False,5,400.3048232545867,235.64411235644116,32.378580323785805,35.2187374802773,114.37280664416764,0.0,417.6142368046719,0.0,0.0,0.0,0.0,0.0,0.0
2050-08-07 12:00:00+01:00,BE_RES_APT_AS_IS_HP_V1,occupied_day,0.95,27.2296142578125,21.0,28.24640497109219,28.240663112732676,28.240663112732676,132.25,164.9508786495088,27.521793275217934,17.60936874013865,342.3320406648654,196.4104430904,72.19214064285798,400.3048232545867,0.0,0.0,0.0,518.6720168362676,2.240663112732676,383.5962363359606,0.0,85.44347585443414,0.0,114.37280664416764,235.64411235644005,32.378580323785805,30.130067801300633,170.2054794520548,329.419275,582.7310465777489,253.31177157774886,253.31177157774886,0.0,0.0,0.0,0.0,0.0,0.0,0.0,0.0,0.0,0.0,0.0,0.0,0.0,air_water,air_water,False,5,400.3048232545867,235.64411235644116,32.378580323785805,35.2187374802773,114.37280664416764,0.0,417.6142368046719,0.0,0.0,0.0,0.0,0.0,0.0
2050-08-08 12:00:00+01:00,BE_RES_APT_AS_IS_HP_V1,away,0.17500000000000004,26.051483154296875,16.0,28.240663112732676,26.962878420851116,26.962878420851116,24.000000000000004,164.9508786495088,27.521793275217934,17.60936874013865,234.0820406648654,196.4104430904,111.64817788022587,400.3048232545867,0.0,0.0,0.0,222.88852334516568,0.9628784208511156,383.5962363359606,0.0,85.44347585443414,0.0,114.37280664416764,235.64411235644005,32.378580323785805,30.130067801300633,170.2054794520548,329.419275,582.7310465777489,253.31177157774886,253.31177157774886,0.0,0.0,0.0,0.0,0.0,0.0,0.0,0.0,0.0,0.0,0.0,0.0,0.0,air_water,air_water,False,5,400.3048232545867,235.64411235644116,32.378580323785805,35.2187374802773,114.37280664416764,0.0,417.6142368046719,0.0,0.0,0.0,0.0,0.0,0.0
2050-08-09 12:00:00+01:00,BE_RES_APT_AS_IS_HP_V1,away,0.17500000000000004,25.0634765625,16.0,26.962878420851116,25.959368074194924,25.959368074194924,24.000000000000004,164.9508786495088,27.521793275217934,17.60936874013865,234.0820406648654,196.4104430904,96.86949477590692,400.3048232545867,0.0,0.0,0.0,0.0,0.0,383.5962363359606,0.0,85.44347585443414,0.0,114.37280664416764,235.64411235644005,32.378580323785805,30.130067801300633,170.2054794520548,329.419275,582.7310465777489,253.31177157774886,253.31177157774886,0.0,0.0,0.0,0.0,0.0,0.0,0.0,0.0,0.0,0.0,0.0,0.0,0.0,air_water,air_water,False,5,400.3048232545867,235.64411235644116,32.378580323785805,35.2187374802773,114.37280664416764,0.0,417.6142368046719,0.0,0.0,0.0,0.0,0.0,0.0
2050-08-10 12:00:00+01:00,BE_RES_APT_AS_IS_HP_V1,away,0.17500000000000004,24.522064208984375,16.0,25.959368074194924,25.393232478983183,25.393232478983183,24.000000000000004,164.9508786495088,27.521793275217934,17.60936874013865,234.0820406648654,196.4104430904,73.30249712573799,400.3048232545867,0.0,0.0,0.0,0.0,0.0,383.5962363359606,0.0,85.44347585443414,0.0,114.37280664416764,235.64411235644005,32.378580323785805,30.130067801300633,170.2054794520548,329.419275,582.7310465777489,253.31177157774886,253.31177157774886,0.0,0.0,0.0,0.0,0.0,0.0,0.0,0.0,0.0,0.0,0.0,0.0,0.0,air_water,air_water,False,5,400.3048232545867,235.64411235644116,32.378580323785805,35.2187374802773,114.37280664416764,0.0,417.6142368046719,0.0,0.0,0.0,0.0,0.0,0.0
2050-08-11 12:00:00+01:00,BE_RES_APT_AS_IS_HP_V1,away,0.17500000000000004,21.017608642578125,16.0,25.393232478983183,22.045983383729613,22.045983383729613,24.000000000000004,164.9508786495088,27.521793275217934,17.60936874013865,234.0820406648654,196.4104430904,223.15681565665798,400.3048232545867,0.0,0.0,0.0,0.0,0.0,383.5962363359606,0.0,85.44347585443414,0.0,114.37280664416764,235.64411235644005,32.378580323785805,30.130067801300633,170.2054794520548,329.419275,582.7310465777489,253.31177157774886,253.31177157774886,0.0,0.0,0.0,0.0,0.0,0.0,0.0,0.0,0.0,0.0,0.0,0.0,0.0,air_water,air_water,False,5,400.3048232545867,235.64411235644116,32.378580323785805,35.2187374802773,114.37280664416764,0.0,417.6142368046719,0.0,0.0,0.0,0.0,0.0,0.0
2050-08-12 12:00:00+01:00,BE_RES_APT_AS_IS_HP_V1,away,0.17500000000000004,17.43096923828125,16.0,22.045983383729613,18.47215187853215,18.47215187853215,24.000000000000004,164.9508786495088,27.521793275217934,17.60936874013865,234.0820406648654,196.4104430904,235.36572141786655,400.3048232545867,0.0,0.0,0.0,0.0,0.0,383.5962363359606,0.0,85.44347585443414,0.0,114.37280664416764,235.64411235644005,32.378580323785805,30.130067801300633,170.2054794520548,329.419275,582.7310465777489,253.31177157774886,253.31177157774886,0.0,0.0,0.0,0.0,0.0,0.0,0.0,0.0,0.0,0.0,0.0,0.0,0.0,air_water,air_water,False,5,400.3048232545867,235.64411235644116,32.378580323785805,35.2187374802773,114.37280664416764,0.0,417.6142368046719,0.0,0.0,0.0,0.0,0.0,0.0
2050-08-13 12:00:00+01:00,BE_RES_APT_AS_IS_HP_V1,occupied_day,0.95,15.272705078125,21.0,18.47215187853215,16.383499649894773,18.474485119291774,132.25,164.9508786495088,27.521793275217934,17.60936874013865,342.3320406648654,196.4104430904,227.16072282890755,400.3048232545867,1167.8658321181474,1167.8658321181474,0.0,0.0,0.0,432.9688232777154,49.372586941754776,85.44347585443414,333.6759520337564,114.37280664416764,235.64411235644005,32.378580323785805,30.130067801300633,170.2054794520548,329.419275,916.4069986115053,586.9877236115053,586.9877236115053,0.0,0.0,0.0,0.0,0.0,0.0,0.0,0.0,0.0,0.0,0.0,0.0,0.0,air_water,air_water,True,5,1568.170655372734,235.64411235644116,32.378580323785805,35.2187374802773,114.37280664416764,333.6759520337564,751.2901888384283,0.0,0.0,0.0,0.0,0.0,0.0
2050-08-14 12:00:00+01:00,BE_RES_APT_AS_IS_HP_V1,occupied_day,0.95,17.499542236328125,21.0,18.474485119291774,18.508678677351263,20.597734136601076,132.25,164.9508786495088,27.521793275217934,17.60936874013865,342.3320406648654,196.4104430904,69.2209446904191,400.3048232545867,1166.7878748872004,1166.7878748872004,0.0,0.0,0.0,432.92325165840714,49.327015322446506,85.44347585443414,333.3679642534858,114.37280664416764,235.64411235644005,32.378580323785805,30.130067801300633,170.2054794520548,329.419275,916.0990108312346,586.6797358312347,586.6797358312347,0.0,0.0,0.0,0.0,0.0,0.0,0.0,0.0,0.0,0.0,0.0,0.0,0.0,air_water,air_water,True,5,1567.092698141787,235.64411235644116,32.378580323785805,35.2187374802773,114.37280664416764,333.3679642534858,750.9822010581577,0.0,0.0,0.0,0.0,0.0,0.0
2050-08-15 12:00:00+01:00,BE_RES_APT_AS_IS_HP_V1,away,0.17500000000000004,20.4351806640625,16.0,20.597734136601076,21.238147032023054,21.238147032023054,24.000000000000004,164.9508786495088,27.521793275217934,17.60936874013865,234.0820406648654,196.4104430904,8.290227099467389,400.3048232545867,0.0,0.0,0.0,0.0,0.0,383.5962363359606,0.0,85.44347585443414,0.0,114.37280664416764,235.64411235644005,32.378580323785805,30.130067801300633,170.2054794520548,329.419275,582.7310465777489,253.31177157774886,253.31177157774886,0.0,0.0,0.0,0.0,0.0,0.0,0.0,0.0,0.0,0.0,0.0,0.0,0.0,air_water,air_water,False,5,400.3048232545867,235.64411235644116,32.378580323785805,35.2187374802773,114.37280664416764,0.0,417.6142368046719,0.0,0.0,0.0,0.0,0.0,0.0
2050-08-16 12:00:00+01:00,BE_RES_APT_AS_IS_HP_V1,away,0.17500000000000004,23.18377685546875,16.0,21.238147032023054,23.873950859168858,23.873950859168858,24.000000000000004,164.9508786495088,27.521793275217934,17.60936874013865,234.0820406648654,196.4104430904,-99.2271209957305,400.3048232545867,0.0,0.0,0.0,0.0,0.0,383.5962363359606,0.0,85.44347585443414,0.0,114.37280664416764,235.64411235644005,32.378580323785805,30.130067801300633,170.2054794520548,329.419275,582.7310465777489,253.31177157774886,253.31177157774886,0.0,0.0,0.0,0.0,0.0,0.0,0.0,0.0,0.0,0.0,0.0,0.0,0.0,air_water,air_water,False,5,400.3048232545867,235.64411235644116,32.378580323785805,35.2187374802773,114.37280664416764,0.0,417.6142368046719,0.0,0.0,0.0,0.0,0.0,0.0
2050-08-17 12:00:00+01:00,BE_RES_APT_AS_IS_HP_V1,away,0.17500000000000004,24.10711669921875,16.0,23.873950859168858,24.888911228404474,24.888911228404474,24.000000000000004,164.9508786495088,27.521793275217934,17.60936874013865,234.0820406648654,196.4104430904,-11.891457842544513,400.3048232545867,0.0,0.0,0.0,0.0,0.0,383.5962363359606,0.0,85.44347585443414,0.0,114.37280664416764,235.64411235644005,32.378580323785805,30.130067801300633,170.2054794520548,329.419275,582.7310465777489,253.31177157774886,253.31177157774886,0.0,0.0,0.0,0.0,0.0,0.0,0.0,0.0,0.0,0.0,0.0,0.0,0.0,air_water,air_water,False,5,400.3048232545867,235.64411235644116,32.378580323785805,35.2187374802773,114.37280664416764,0.0,417.6142368046719,0.0,0.0,0.0,0.0,0.0,0.0
2050-08-18 12:00:00+01:00,BE_RES_APT_AS_IS_HP_V1,away,0.17500000000000004,25.293121337890625,16.0,24.888911228404474,26.06576462886112,26.06576462886112,24.000000000000004,164.9508786495088,27.521793275217934,17.60936874013865,234.0820406648654,196.4104430904,-20.614715583793693,400.3048232545867,0.0,0.0,0.0,15.223293717852108,0.06576462886112111,383.5962363359606,0.0,85.44347585443414,0.0,114.37280664416764,235.64411235644005,32.378580323785805,30.130067801300633,170.2054794520548,329.419275,582.7310465777489,253.31177157774886,253.31177157774886,0.0,0.0,0.0,0.0,0.0,0.0,0.0,0.0,0.0,0.0,0.0,0.0,0.0,air_water,air_water,False,5,400.3048232545867,235.64411235644116,32.378580323785805,35.2187374802773,114.37280664416764,0.0,417.6142368046719,0.0,0.0,0.0,0.0,0.0,0.0
2050-08-19 12:00:00+01:00,BE_RES_APT_AS_IS_HP_V1,away,0.17500000000000004,26.92681884765625,16.0,26.06576462886112,27.6750199910746,27.6750199910746,24.000000000000004,164.9508786495088,27.521793275217934,17.60936874013865,234.0820406648654,196.4104430904,-43.91376515855158,400.3048232545867,0.0,0.0,0.0,387.7361090450461,1.675019991074599,383.5962363359606,0.0,85.44347585443414,0.0,114.37280664416764,235.64411235644005,32.378580323785805,30.130067801300633,170.2054794520548,329.419275,582.7310465777489,253.31177157774886,253.31177157774886,0.0,0.0,0.0,0.0,0.0,0.0,0.0,0.0,0.0,0.0,0.0,0.0,0.0,air_water,air_water,False,5,400.3048232545867,235.64411235644116,32.378580323785805,35.2187374802773,114.37280664416764,0.0,417.6142368046719,0.0,0.0,0.0,0.0,0.0,0.0
2050-08-20 12:00:00+01:00,BE_RES_APT_AS_IS_HP_V1,occupied_day,0.95,27.17864990234375,21.0,27.6750199910746,28.165915932033197,28.165915932033197,132.25,164.9508786495088,27.521793275217934,17.60936874013865,342.3320406648654,196.4104430904,35.242276299890285,400.3048232545867,0.0,0.0,0.0,501.36942871138825,2.1659159320331973,383.5962363359606,0.0,85.44347585443414,0.0,114.37280664416764,235.64411235644005,32.378580323785805,30.130067801300633,170.2054794520548,329.419275,582.7310465777489,253.31177157774886,253.31177157774886,0.0,0.0,0.0,0.0,0.0,0.0,0.0,0.0,0.0,0.0,0.0,0.0,0.0,air_water,air_water,False,5,400.3048232545867,235.64411235644116,32.378580323785805,35.2187374802773,114.37280664416764,0.0,417.6142368046719,0.0,0.0,0.0,0.0,0.0,0.0
2050-08-21 12:00:00+01:00,BE_RES_APT_AS_IS_HP_V1,occupied_day,0.95,27.189605712890625,21.0,28.165915932033197,28.198804640133257,28.198804640133257,132.25,164.9508786495088,27.521793275217934,17.60936874013865,342.3320406648654,196.4104430904,69.31802555912263,400.3048232545867,0.0,0.0,0.0,508.9825555864022,2.1988046401332575,383.5962363359606,0.0,85.44347585443414,0.0,114.37280664416764,235.64411235644005,32.378580323785805,30.130067801300633,170.2054794520548,329.419275,582.7310465777489,253.31177157774886,253.31177157774886,0.0,0.0,0.0,0.0,0.0,0.0,0.0,0.0,0.0,0.0,0.0,0.0,0.0,air_water,air_water,False,5,400.3048232545867,235.64411235644116,32.378580323785805,35.2187374802773,114.37280664416764,0.0,417.6142368046719,0.0,0.0,0.0,0.0,0.0,0.0
2050-08-22 12:00:00+01:00,BE_RES_APT_AS_IS_HP_V1,away,0.17500000000000004,23.71728515625,16.0,28.198804640133257,24.751325543489617,24.751325543489617,24.000000000000004,164.9508786495088,27.521793275217934,17.60936874013865,234.0820406648654,196.4104430904,228.55749367804617,400.3048232545867,0.0,0.0,0.0,0.0,0.0,383.5962363359606,0.0,85.44347585443414,0.0,114.37280664416764,235.64411235644005,32.378580323785805,30.130067801300633,170.2054794520548,329.419275,582.7310465777489,253.31177157774886,253.31177157774886,0.0,0.0,0.0,0.0,0.0,0.0,0.0,0.0,0.0,0.0,0.0,0.0,0.0,air_water,air_water,False,5,400.3048232545867,235.64411235644116,32.378580323785805,35.2187374802773,114.37280664416764,0.0,417.6142368046719,0.0,0.0,0.0,0.0,0.0,0.0
2050-08-23 12:00:00+01:00,BE_RES_APT_AS_IS_HP_V1,away,0.17500000000000004,21.382904052734375,16.0,24.751325543489617,22.35739129080636,22.35739129080636,24.000000000000004,164.9508786495088,27.521793275217934,17.60936874013865,234.0820406648654,196.4104430904,171.7894960285174,400.3048232545867,0.0,0.0,0.0,0.0,0.0,383.5962363359606,0.0,85.44347585443414,0.0,114.37280664416764,235.64411235644005,32.378580323785805,30.130067801300633,170.2054794520548,329.419275,582.7310465777489,253.31177157774886,253.31177157774886,0.0,0.0,0.0,0.0,0.0,0.0,0.0,0.0,0.0,0.0,0.0,0.0,0.0,air_water,air_water,False,5,400.3048232545867,235.64411235644116,32.378580323785805,35.2187374802773,114.37280664416764,0.0,417.6142368046719,0.0,0.0,0.0,0.0,0.0,0.0
2050-08-24 12:00:00+01:00,BE_RES_APT_AS_IS_HP_V1,away,0.17500000000000004,15.512725830078123,16.0,22.35739129080636,16.67319963623754,16.67319963623754,24.000000000000004,164.9508786495088,27.521793275217934,17.60936874013865,234.0820406648654,196.4104430904,349.07793849714005,400.3048232545867,0.0,0.0,0.0,0.0,0.0,383.5962363359606,0.0,85.44347585443414,0.0,114.37280664416764,235.64411235644005,32.378580323785805,30.130067801300633,170.2054794520548,329.419275,582.7310465777489,253.31177157774886,253.31177157774886,0.0,0.0,0.0,0.0,0.0,0.0,0.0,0.0,0.0,0.0,0.0,0.0,0.0,air_water,air_water,False,5,400.3048232545867,235.64411235644116,32.378580323785805,35.2187374802773,114.37280664416764,0.0,417.6142368046719,0.0,0.0,0.0,0.0,0.0,0.0
2050-08-25 12:00:00+01:00,BE_RES_APT_AS_IS_HP_V1,away,0.17500000000000004,17.0301513671875,16.0,16.67319963623754,17.805323083583037,17.805323083583037,24.000000000000004,164.9508786495088,27.521793275217934,17.60936874013865,234.0820406648654,196.4104430904,-18.204538278447902,400.3048232545867,0.0,0.0,0.0,0.0,0.0,383.5962363359606,0.0,85.44347585443414,0.0,114.37280664416764,235.64411235644005,32.378580323785805,30.130067801300633,170.2054794520548,329.419275,582.7310465777489,253.31177157774886,253.31177157774886,0.0,0.0,0.0,0.0,0.0,0.0,0.0,0.0,0.0,0.0,0.0,0.0,0.0,air_water,air_water,False,5,400.3048232545867,235.64411235644116,32.378580323785805,35.2187374802773,114.37280664416764,0.0,417.6142368046719,0.0,0.0,0.0,0.0,0.0,0.0
2050-08-26 12:00:00+01:00,BE_RES_APT_AS_IS_HP_V1,away,0.17500000000000004,19.97650146484375,16.0,17.805323083583037,20.654608133061245,20.654608133061245,24.000000000000004,164.9508786495088,27.521793275217934,17.60936874013865,234.0820406648654,196.4104430904,-110.73009744429638,400.3048232545867,0.0,0.0,0.0,0.0,0.0,383.5962363359606,0.0,85.44347585443414,0.0,114.37280664416764,235.64411235644005,32.378580323785805,30.130067801300633,170.2054794520548,329.419275,582.7310465777489,253.31177157774886,253.31177157774886,0.0,0.0,0.0,0.0,0.0,0.0,0.0,0.0,0.0,0.0,0.0,0.0,0.0,air_water,air_water,False,5,400.3048232545867,235.64411235644116,32.378580323785805,35.2187374802773,114.37280664416764,0.0,417.6142368046719,0.0,0.0,0.0,0.0,0.0,0.0
2050-08-27 12:00:00+01:00,BE_RES_APT_AS_IS_HP_V1,occupied_day,0.95,21.65826416015625,21.0,20.654608133061245,22.57698014153594,22.57698014153594,132.25,164.9508786495088,27.521793275217934,17.60936874013865,342.3320406648654,196.4104430904,-71.25957792374534,400.3048232545867,0.0,0.0,0.0,0.0,0.0,383.5962363359606,0.0,85.44347585443414,0.0,114.37280664416764,235.64411235644005,32.378580323785805,30.130067801300633,170.2054794520548,329.419275,582.7310465777489,253.31177157774886,253.31177157774886,0.0,0.0,0.0,0.0,0.0,0.0,0.0,0.0,0.0,0.0,0.0,0.0,0.0,air_water,air_water,False,5,400.3048232545867,235.64411235644116,32.378580323785805,35.2187374802773,114.37280664416764,0.0,417.6142368046719,0.0,0.0,0.0,0.0,0.0,0.0
2050-08-28 12:00:00+01:00,BE_RES_APT_AS_IS_HP_V1,occupied_day,0.95,23.25360107421875,21.0,22.57698014153594,24.187262309740632,24.187262309740632,132.25,164.9508786495088,27.521793275217934,17.60936874013865,342.3320406648654,196.4104430904,-48.04008622047944,400.3048232545867,0.0,0.0,0.0,0.0,0.0,383.5962363359606,0.0,85.44347585443414,0.0,114.37280664416764,235.64411235644005,32.378580323785805,30.130067801300633,170.2054794520548,329.419275,582.7310465777489,253.31177157774886,253.31177157774886,0.0,0.0,0.0,0.0,0.0,0.0,0.0,0.0,0.0,0.0,0.0,0.0,0.0,air_water,air_water,False,5,400.3048232545867,235.64411235644116,32.378580323785805,35.2187374802773,114.37280664416764,0.0,417.6142368046719,0.0,0.0,0.0,0.0,0.0,0.0
2050-08-29 12:00:00+01:00,BE_RES_APT_AS_IS_HP_V1,away,0.17500000000000004,23.732574462890625,16.0,24.187262309740632,24.551170651475932,24.551170651475932,24.000000000000004,164.9508786495088,27.521793275217934,17.60936874013865,234.0820406648654,196.4104430904,23.189080189350353,400.3048232545867,0.0,0.0,0.0,0.0,0.0,383.5962363359606,0.0,85.44347585443414,0.0,114.37280664416764,235.64411235644005,32.378580323785805,30.130067801300633,170.2054794520548,329.419275,582.7310465777489,253.31177157774886,253.31177157774886,0.0,0.0,0.0,0.0,0.0,0.0,0.0,0.0,0.0,0.0,0.0,0.0,0.0,air_water,air_water,False,5,400.3048232545867,235.64411235644116,32.378580323785805,35.2187374802773,114.37280664416764,0.0,417.6142368046719,0.0,0.0,0.0,0.0,0.0,0.0
2050-08-30 12:00:00+01:00,BE_RES_APT_AS_IS_HP_V1,away,0.17500000000000004,21.314422607421875,16.0,24.551170651475932,22.281865031415293,22.281865031415293,24.000000000000004,164.9508786495088,27.521793275217934,17.60936874013865,234.0820406648654,196.4104430904,165.07415024675691,400.3048232545867,0.0,0.0,0.0,0.0,0.0,383.5962363359606,0.0,85.44347585443414,0.0,114.37280664416764,235.64411235644005,32.378580323785805,30.130067801300633,170.2054794520548,329.419275,582.7310465777489,253.31177157774886,253.31177157774886,0.0,0.0,0.0,0.0,0.0,0.0,0.0,0.0,0.0,0.0,0.0,0.0,0.0,air_water,air_water,False,5,400.3048232545867,235.64411235644116,32.378580323785805,35.2187374802773,114.37280664416764,0.0,417.6142368046719,0.0,0.0,0.0,0.0,0.0,0.0
2050-08-31 12:00:00+01:00,BE_RES_APT_AS_IS_HP_V1,away,0.17500000000000004,22.128814697265625,16.0,22.281865031415293,22.93127262677644,22.93127262677644,24.000000000000004,164.9508786495088,27.521793275217934,17.60936874013865,234.0820406648654,196.4104430904,7.805567041633084,400.3048232545867,0.0,0.0,0.0,0.0,0.0,383.5962363359606,0.0,85.44347585443414,0.0,114.37280664416764,235.64411235644005,32.378580323785805,30.130067801300633,170.2054794520548,329.419275,582.7310465777489,253.31177157774886,253.31177157774886,0.0,0.0,0.0,0.0,0.0,0.0,0.0,0.0,0.0,0.0,0.0,0.0,0.0,air_water,air_water,False,5,400.3048232545867,235.64411235644116,32.378580323785805,35.2187374802773,114.37280664416764,0.0,417.6142368046719,0.0,0.0,0.0,0.0,0.0,0.0
2050-09-01 12:00:00+01:00,BE_RES_APT_AS_IS_HP_V1,away,0.17500000000000004,23.384765625,16.0,22.93127262677644,24.15477217487267,24.15477217487267,24.000000000000004,164.9508786495088,27.521793275217934,17.60936874013865,234.0820406648654,196.4104430904,-23.128142909401543,400.3048232545867,0.0,0.0,0.0,0.0,0.0,383.5962363359606,0.0,85.44347585443414,0.0,114.37280664416764,235.64411235644005,32.378580323785805,30.130067801300633,170.2054794520548,329.419275,582.7310465777489,253.31177157774886,253.31177157774886,0.0,0.0,0.0,0.0,0.0,0.0,0.0,0.0,0.0,0.0,0.0,0.0,0.0,air_water,air_water,False,5,400.3048232545867,235.64411235644116,32.378580323785805,35.2187374802773,114.37280664416764,0.0,417.6142368046719,0.0,0.0,0.0,0.0,0.0,0.0
2050-09-02 12:00:00+01:00,BE_RES_APT_AS_IS_HP_V1,away,0.17500000000000004,23.25006103515625,16.0,24.15477217487267,24.092734442867314,24.092734442867314,24.000000000000004,164.9508786495088,27.521793275217934,17.60936874013865,234.0820406648654,196.4104430904,46.14026812553736,400.3048232545867,0.0,0.0,0.0,0.0,0.0,383.5962363359606,0.0,85.44347585443414,0.0,114.37280664416764,235.64411235644005,32.378580323785805,30.130067801300633,170.2054794520548,329.419275,582.7310465777489,253.31177157774886,253.31177157774886,0.0,0.0,0.0,0.0,0.0,0.0,0.0,0.0,0.0,0.0,0.0,0.0,0.0,air_water,air_water,False,5,400.3048232545867,235.64411235644116,32.378580323785805,35.2187374802773,114.37280664416764,0.0,417.6142368046719,0.0,0.0,0.0,0.0,0.0,0.0
2050-09-03 12:00:00+01:00,BE_RES_APT_AS_IS_HP_V1,occupied_day,0.95,20.24041748046875,21.0,24.092734442867314,21.38104772021279,21.38104772021279,132.25,164.9508786495088,27.521793275217934,17.60936874013865,342.3320406648654,196.4104430904,273.51450433029805,400.3048232545867,0.0,0.0,0.0,0.0,0.0,383.5962363359606,0.0,85.44347585443414,0.0,114.37280664416764,235.64411235644005,32.378580323785805,30.130067801300633,170.2054794520548,329.419275,582.7310465777489,253.31177157774886,253.31177157774886,0.0,0.0,0.0,0.0,0.0,0.0,0.0,0.0,0.0,0.0,0.0,0.0,0.0,air_water,air_water,False,5,400.3048232545867,235.64411235644116,32.378580323785805,35.2187374802773,114.37280664416764,0.0,417.6142368046719,0.0,0.0,0.0,0.0,0.0,0.0
2050-09-04 12:00:00+01:00,BE_RES_APT_AS_IS_HP_V1,occupied_day,0.95,16.92803955078125,21.0,21.38104772021279,18.096120920093583,18.096120920093583,132.25,164.9508786495088,27.521793275217934,17.60936874013865,342.3320406648654,196.4104430904,316.16358002963943,400.3048232545867,0.0,0.0,0.0,0.0,0.0,383.5962363359606,0.0,85.44347585443414,0.0,114.37280664416764,235.64411235644005,32.378580323785805,30.130067801300633,170.2054794520548,329.419275,582.7310465777489,253.31177157774886,253.31177157774886,0.0,0.0,0.0,0.0,0.0,0.0,0.0,0.0,0.0,0.0,0.0,0.0,0.0,air_water,air_water,False,5,400.3048232545867,235.64411235644116,32.378580323785805,35.2187374802773,114.37280664416764,0.0,417.6142368046719,0.0,0.0,0.0,0.0,0.0,0.0
2050-09-05 12:00:00+01:00,BE_RES_APT_AS_IS_HP_V1,away,0.17500000000000004,18.89569091796875,16.0,18.096120920093583,19.647181600136165,19.647181600136165,24.000000000000004,164.9508786495088,27.521793275217934,17.60936874013865,234.0820406648654,196.4104430904,-40.77806989163354,400.3048232545867,0.0,0.0,0.0,0.0,0.0,383.5962363359606,0.0,85.44347585443414,0.0,114.37280664416764,235.64411235644005,32.378580323785805,30.130067801300633,170.2054794520548,329.419275,582.7310465777489,253.31177157774886,253.31177157774886,0.0,0.0,0.0,0.0,0.0,0.0,0.0,0.0,0.0,0.0,0.0,0.0,0.0,air_water,air_water,False,5,400.3048232545867,235.64411235644116,32.378580323785805,35.2187374802773,114.37280664416764,0.0,417.6142368046719,0.0,0.0,0.0,0.0,0.0,0.0
2050-09-06 12:00:00+01:00,BE_RES_APT_AS_IS_HP_V1,away,0.17500000000000004,17.675384521484375,16.0,19.647181600136165,18.575149333984985,18.575149333984985,24.000000000000004,164.9508786495088,27.521793275217934,17.60936874013865,234.0820406648654,196.4104430904,100.56165101124128,400.3048232545867,0.0,0.0,0.0,0.0,0.0,383.5962363359606,0.0,85.44347585443414,0.0,114.37280664416764,235.64411235644005,32.378580323785805,30.130067801300633,170.2054794520548,329.419275,582.7310465777489,253.31177157774886,253.31177157774886,0.0,0.0,0.0,0.0,0.0,0.0,0.0,0.0,0.0,0.0,0.0,0.0,0.0,air_water,air_water,False,5,400.3048232545867,235.64411235644116,32.378580323785805,35.2187374802773,114.37280664416764,0.0,417.6142368046719,0.0,0.0,0.0,0.0,0.0,0.0
2050-09-07 12:00:00+01:00,BE_RES_APT_AS_IS_HP_V1,away,0.17500000000000004,16.65826416015625,16.0,18.575149333984985,17.555091067028428,17.555091067028428,24.000000000000004,164.9508786495088,27.521793275217934,17.60936874013865,234.0820406648654,196.4104430904,97.76114386526551,400.3048232545867,0.0,0.0,0.0,0.0,0.0,383.5962363359606,0.0,85.44347585443414,0.0,114.37280664416764,235.64411235644005,32.378580323785805,30.130067801300633,170.2054794520548,329.419275,582.7310465777489,253.31177157774886,253.31177157774886,0.0,0.0,0.0,0.0,0.0,0.0,0.0,0.0,0.0,0.0,0.0,0.0,0.0,air_water,air_water,False,5,400.3048232545867,235.64411235644116,32.378580323785805,35.2187374802773,114.37280664416764,0.0,417.6142368046719,0.0,0.0,0.0,0.0,0.0,0.0
2050-09-08 12:00:00+01:00,BE_RES_APT_AS_IS_HP_V1,away,0.17500000000000004,15.429656982421877,16.0,17.555091067028428,16.337641706906677,16.337641706906677,24.000000000000004,164.9508786495088,27.521793275217934,17.60936874013865,234.0820406648654,196.4104430904,108.39713831493414,400.3048232545867,0.0,0.0,0.0,0.0,0.0,383.5962363359606,0.0,85.44347585443414,0.0,114.37280664416764,235.64411235644005,32.378580323785805,30.130067801300633,170.2054794520548,329.419275,582.7310465777489,253.31177157774886,253.31177157774886,0.0,0.0,0.0,0.0,0.0,0.0,0.0,0.0,0.0,0.0,0.0,0.0,0.0,air_water,air_water,False,5,400.3048232545867,235.64411235644116,32.378580323785805,35.2187374802773,114.37280664416764,0.0,417.6142368046719,0.0,0.0,0.0,0.0,0.0,0.0
2050-09-09 12:00:00+01:00,BE_RES_APT_AS_IS_HP_V1,away,0.17500000000000004,15.850372314453123,16.0,16.337641706906677,16.67071168617003,16.67071168617003,24.000000000000004,164.9508786495088,27.521793275217934,17.60936874013865,234.0820406648654,196.4104430904,24.850739015131236,400.3048232545867,0.0,0.0,0.0,0.0,0.0,383.5962363359606,0.0,85.44347585443414,0.0,114.37280664416764,235.64411235644005,32.378580323785805,30.130067801300633,170.2054794520548,329.419275,582.7310465777489,253.31177157774886,253.31177157774886,0.0,0.0,0.0,0.0,0.0,0.0,0.0,0.0,0.0,0.0,0.0,0.0,0.0,air_water,air_water,False,5,400.3048232545867,235.64411235644116,32.378580323785805,35.2187374802773,114.37280664416764,0.0,417.6142368046719,0.0,0.0,0.0,0.0,0.0,0.0
2050-09-10 12:00:00+01:00,BE_RES_APT_AS_IS_HP_V1,occupied_day,0.95,18.9114990234375,21.0,16.67071168617003,19.77367904842076,23.35477985909454,132.25,164.9508786495088,27.521793275217934,17.60936874013865,342.3320406648654,196.4104430904,-159.09590094599037,400.3048232545867,2000.1312009894464,2000.1312009894464,0.0,0.0,0.0,468.1535963510771,84.55736001511653,85.44347585443414,571.4660574255561,114.37280664416764,235.64411235644005,32.378580323785805,30.130067801300633,170.2054794520548,329.419275,1154.197104003305,824.777829003305,824.777829003305,0.0,0.0,0.0,0.0,0.0,0.0,0.0,0.0,0.0,0.0,0.0,0.0,0.0,air_water,air_water,True,5,2400.436024244033,235.64411235644116,32.378580323785805,35.2187374802773,114.37280664416764,571.4660574255561,989.080294230228,0.0,0.0,0.0,0.0,0.0,0.0
2050-09-11 12:00:00+01:00,BE_RES_APT_AS_IS_HP_V1,occupied_day,0.95,21.457672119140625,21.0,23.35477985909454,22.5089507901085,22.5089507901085,132.25,164.9508786495088,27.521793275217934,17.60936874013865,342.3320406648654,196.4104430904,134.69464953672784,400.3048232545867,0.0,0.0,0.0,0.0,0.0,383.5962363359606,0.0,85.44347585443414,0.0,114.37280664416764,235.64411235644005,32.378580323785805,30.130067801300633,170.2054794520548,329.419275,582.7310465777489,253.31177157774886,253.31177157774886,0.0,0.0,0.0,0.0,0.0,0.0,0.0,0.0,0.0,0.0,0.0,0.0,0.0,air_water,air_water,False,5,400.3048232545867,235.64411235644116,32.378580323785805,35.2187374802773,114.37280664416764,0.0,417.6142368046719,0.0,0.0,0.0,0.0,0.0,0.0
2050-09-12 12:00:00+01:00,BE_RES_APT_AS_IS_HP_V1,away,0.17500000000000004,23.148406982421875,16.0,22.5089507901085,23.9084640993554,23.9084640993554,24.000000000000004,164.9508786495088,27.521793275217934,17.60936874013865,234.0820406648654,196.4104430904,-32.61226580798213,400.3048232545867,0.0,0.0,0.0,0.0,0.0,383.5962363359606,0.0,85.44347585443414,0.0,114.37280664416764,235.64411235644005,32.378580323785805,30.130067801300633,170.2054794520548,329.419275,582.7310465777489,253.31177157774886,253.31177157774886,0.0,0.0,0.0,0.0,0.0,0.0,0.0,0.0,0.0,0.0,0.0,0.0,0.0,air_water,air_water,False,5,400.3048232545867,235.64411235644116,32.378580323785805,35.2187374802773,114.37280664416764,0.0,417.6142368046719,0.0,0.0,0.0,0.0,0.0,0.0
2050-09-13 12:00:00+01:00,BE_RES_APT_AS_IS_HP_V1,away,0.17500000000000004,25.164337158203125,16.0,23.9084640993554,25.89141464007415,25.89141464007415,24.000000000000004,164.9508786495088,27.521793275217934,17.60936874013865,234.0820406648654,196.4104430904,-64.04952600123404,400.3048232545867,0.0,0.0,0.0,0.0,0.0,383.5962363359606,0.0,85.44347585443414,0.0,114.37280664416764,235.64411235644005,32.378580323785805,30.130067801300633,170.2054794520548,329.419275,582.7310465777489,253.31177157774886,253.31177157774886,0.0,0.0,0.0,0.0,0.0,0.0,0.0,0.0,0.0,0.0,0.0,0.0,0.0,air_water,air_water,False,5,400.3048232545867,235.64411235644116,32.378580323785805,35.2187374802773,114.37280664416764,0.0,417.6142368046719,0.0,0.0,0.0,0.0,0.0,0.0
2050-09-14 12:00:00+01:00,BE_RES_APT_AS_IS_HP_V1,away,0.17500000000000004,24.091888427734375,16.0,25.89141464007415,24.98243637643498,24.98243637643498,24.000000000000004,164.9508786495088,27.521793275217934,17.60936874013865,234.0820406648654,196.4104430904,91.77583682932851,400.3048232545867,0.0,0.0,0.0,0.0,0.0,383.5962363359606,0.0,85.44347585443414,0.0,114.37280664416764,235.64411235644005,32.378580323785805,30.130067801300633,170.2054794520548,329.419275,582.7310465777489,253.31177157774886,253.31177157774886,0.0,0.0,0.0,0.0,0.0,0.0,0.0,0.0,0.0,0.0,0.0,0.0,0.0,air_water,air_water,False,5,400.3048232545867,235.64411235644116,32.378580323785805,35.2187374802773,114.37280664416764,0.0,417.6142368046719,0.0,0.0,0.0,0.0,0.0,0.0
2050-09-15 12:00:00+01:00,BE_RES_APT_AS_IS_HP_V1,away,0.17500000000000004,14.09307861328125,16.0,24.98243637643498,15.469952202308503,15.469952202308503,24.000000000000004,164.9508786495088,27.521793275217934,17.60936874013865,234.0820406648654,196.4104430904,555.3572459208402,400.3048232545867,0.0,0.0,0.0,0.0,0.0,383.5962363359606,0.0,85.44347585443414,0.0,114.37280664416764,235.64411235644005,32.378580323785805,30.130067801300633,170.2054794520548,329.419275,582.7310465777489,253.31177157774886,253.31177157774886,0.0,0.0,0.0,0.0,0.0,0.0,0.0,0.0,0.0,0.0,0.0,0.0,0.0,air_water,air_water,False,5,400.3048232545867,235.64411235644116,32.378580323785805,35.2187374802773,114.37280664416764,0.0,417.6142368046719,0.0,0.0,0.0,0.0,0.0,0.0
2050-09-16 12:00:00+01:00,BE_RES_APT_AS_IS_HP_V1,away,0.17500000000000004,14.3990478515625,16.0,15.469952202308503,15.25061295537597,15.25061295537597,24.000000000000004,164.9508786495088,27.521793275217934,17.60936874013865,234.0820406648654,196.4104430904,54.61612188804618,400.3048232545867,0.0,0.0,0.0,0.0,0.0,383.5962363359606,0.0,85.44347585443414,0.0,114.37280664416764,235.64411235644005,32.378580323785805,30.130067801300633,170.2054794520548,329.419275,582.7310465777489,253.31177157774886,253.31177157774886,0.0,0.0,0.0,0.0,0.0,0.0,0.0,0.0,0.0,0.0,0.0,0.0,0.0,air_water,air_water,False,5,400.3048232545867,235.64411235644116,32.378580323785805,35.2187374802773,114.37280664416764,0.0,417.6142368046719,0.0,0.0,0.0,0.0,0.0,0.0
2050-09-17 12:00:00+01:00,BE_RES_APT_AS_IS_HP_V1,occupied_day,0.95,16.0753173828125,21.0,15.25061295537597,17.00221131567735,21.757989428354247,132.25,164.9508786495088,27.521793275217934,17.60936874013865,342.3320406648654,196.4104430904,-58.554014347993586,400.3048232545867,2656.2168146163017,2656.2168146163017,0.0,0.0,0.0,495.8902105315573,112.29397419559668,85.44347585443414,758.9190898903719,114.37280664416764,235.64411235644005,32.378580323785805,30.130067801300633,170.2054794520548,329.419275,1341.6501364681208,1012.2308614681208,1012.2308614681208,0.0,0.0,0.0,0.0,0.0,0.0,0.0,0.0,0.0,0.0,0.0,0.0,0.0,air_water,air_water,True,5,3056.5216378708883,235.64411235644116,32.378580323785805,35.2187374802773,114.37280664416764,758.9190898903719,1176.5333266950438,0.0,0.0,0.0,0.0,0.0,0.0
2050-09-18 12:00:00+01:00,BE_RES_APT_AS_IS_HP_V1,occupied_day,0.95,15.268280029296877,21.0,21.757989428354247,16.529437089899105,16.529437089899105,132.25,164.9508786495088,27.521793275217934,17.60936874013865,342.3320406648654,196.4104430904,460.76936733307326,400.3048232545867,0.0,0.0,0.0,0.0,0.0,383.5962363359606,0.0,85.44347585443414,0.0,114.37280664416764,235.64411235644005,32.378580323785805,30.130067801300633,170.2054794520548,329.419275,582.7310465777489,253.31177157774886,253.31177157774886,0.0,0.0,0.0,0.0,0.0,0.0,0.0,0.0,0.0,0.0,0.0,0.0,0.0,air_water,air_water,True,5,400.3048232545867,235.64411235644116,32.378580323785805,35.2187374802773,114.37280664416764,0.0,417.6142368046719,0.0,0.0,0.0,0.0,0.0,0.0
2050-09-19 12:00:00+01:00,BE_RES_APT_AS_IS_HP_V1,away,0.17500000000000004,16.08953857421875,16.0,16.529437089899105,16.907343501611713,16.907343501611713,24.000000000000004,164.9508786495088,27.521793275217934,17.60936874013865,234.0820406648654,196.4104430904,22.434824299698096,400.3048232545867,0.0,0.0,0.0,0.0,0.0,383.5962363359606,0.0,85.44347585443414,0.0,114.37280664416764,235.64411235644005,32.378580323785805,30.130067801300633,170.2054794520548,329.419275,582.7310465777489,253.31177157774886,253.31177157774886,0.0,0.0,0.0,0.0,0.0,0.0,0.0,0.0,0.0,0.0,0.0,0.0,0.0,air_water,air_water,True,5,400.3048232545867,235.64411235644116,32.378580323785805,35.2187374802773,114.37280664416764,0.0,417.6142368046719,0.0,0.0,0.0,0.0,0.0,0.0
2050-09-20 12:00:00+01:00,BE_RES_APT_AS_IS_HP_V1,away,0.17500000000000004,19.306121826171875,16.0,16.907343501611713,19.972051405348207,19.972051405348207,24.000000000000004,164.9508786495088,27.521793275217934,17.60936874013865,234.0820406648654,196.4104430904,-122.33769455256828,400.3048232545867,0.0,0.0,0.0,0.0,0.0,383.5962363359606,0.0,85.44347585443414,0.0,114.37280664416764,235.64411235644005,32.378580323785805,30.130067801300633,170.2054794520548,329.419275,582.7310465777489,253.31177157774886,253.31177157774886,0.0,0.0,0.0,0.0,0.0,0.0,0.0,0.0,0.0,0.0,0.0,0.0,0.0,air_water,air_water,True,5,400.3048232545867,235.64411235644116,32.378580323785805,35.2187374802773,114.37280664416764,0.0,417.6142368046719,0.0,0.0,0.0,0.0,0.0,0.0
2050-09-21 12:00:00+01:00,BE_RES_APT_AS_IS_HP_V1,away,0.17500000000000004,22.811981201171875,16.0,19.972051405348207,23.454308222859225,23.454308222859225,24.000000000000004,164.9508786495088,27.521793275217934,17.60936874013865,234.0820406648654,196.4104430904,-144.8364195870071,400.3048232545867,0.0,0.0,0.0,0.0,0.0,383.5962363359606,0.0,85.44347585443414,0.0,114.37280664416764,235.64411235644005,32.378580323785805,30.130067801300633,170.2054794520548,329.419275,582.7310465777489,253.31177157774886,253.31177157774886,0.0,0.0,0.0,0.0,0.0,0.0,0.0,0.0,0.0,0.0,0.0,0.0,0.0,air_water,air_water,False,5,400.3048232545867,235.64411235644116,32.378580323785805,35.2187374802773,114.37280664416764,0.0,417.6142368046719,0.0,0.0,0.0,0.0,0.0,0.0
2050-09-22 12:00:00+01:00,BE_RES_APT_AS_IS_HP_V1,away,0.17500000000000004,21.180419921875,16.0,23.454308222859225,22.09634726789635,22.09634726789635,24.000000000000004,164.9508786495088,27.521793275217934,17.60936874013865,234.0820406648654,196.4104430904,115.96830335019551,400.3048232545867,0.0,0.0,0.0,0.0,0.0,383.5962363359606,0.0,85.44347585443414,0.0,114.37280664416764,235.64411235644005,32.378580323785805,30.130067801300633,170.2054794520548,329.419275,582.7310465777489,253.31177157774886,253.31177157774886,0.0,0.0,0.0,0.0,0.0,0.0,0.0,0.0,0.0,0.0,0.0,0.0,0.0,air_water,air_water,False,5,400.3048232545867,235.64411235644116,32.378580323785805,35.2187374802773,114.37280664416764,0.0,417.6142368046719,0.0,0.0,0.0,0.0,0.0,0.0
2050-09-23 12:00:00+01:00,BE_RES_APT_AS_IS_HP_V1,away,0.17500000000000004,16.11492919921875,16.0,22.09634726789635,17.229217403549086,17.229217403549086,24.000000000000004,164.9508786495088,27.521793275217934,17.60936874013865,234.0820406648654,196.4104430904,305.05232150255756,400.3048232545867,0.0,0.0,0.0,0.0,0.0,383.5962363359606,0.0,85.44347585443414,0.0,114.37280664416764,235.64411235644005,32.378580323785805,30.130067801300633,170.2054794520548,329.419275,582.7310465777489,253.31177157774886,253.31177157774886,0.0,0.0,0.0,0.0,0.0,0.0,0.0,0.0,0.0,0.0,0.0,0.0,0.0,air_water,air_water,False,5,400.3048232545867,235.64411235644116,32.378580323785805,35.2187374802773,114.37280664416764,0.0,417.6142368046719,0.0,0.0,0.0,0.0,0.0,0.0
2050-09-24 12:00:00+01:00,BE_RES_APT_AS_IS_HP_V1,occupied_day,0.95,12.641143798828123,21.0,17.229217403549086,13.815397555418508,16.934513593472072,132.25,164.9508786495088,27.521793275217934,17.60936874013865,342.3320406648654,196.4104430904,325.75322593518837,400.3048232545867,1742.1015595603226,1742.1015595603226,0.0,0.0,0.0,457.2451593074969,73.64892297153632,85.44347585443414,497.7433027315207,114.37280664416764,235.64411235644005,32.378580323785805,30.130067801300633,170.2054794520548,329.419275,1080.4743493092697,751.0550743092697,751.0550743092697,0.0,0.0,0.0,0.0,0.0,0.0,0.0,0.0,0.0,0.0,0.0,0.0,0.0,air_water,air_water,True,5,2142.406382814909,235.64411235644116,32.378580323785805,35.2187374802773,114.37280664416764,497.7433027315207,915.3575395361927,0.0,0.0,0.0,0.0,0.0,0.0
2050-09-25 12:00:00+01:00,BE_RES_APT_AS_IS_HP_V1,occupied_day,0.95,14.43365478515625,21.0,16.934513593472072,15.51252441901912,18.87541356171995,132.25,164.9508786495088,27.521793275217934,17.60936874013865,342.3320406648654,196.4104430904,177.56097539042338,400.3048232545867,1878.2547198159027,1878.2547198159027,0.0,0.0,0.0,463.0011576056245,79.40492126966382,85.44347585443414,536.6442056616864,114.37280664416764,235.64411235644005,32.378580323785805,30.130067801300633,170.2054794520548,329.419275,1119.3752522394354,789.9559772394355,789.9559772394355,0.0,0.0,0.0,0.0,0.0,0.0,0.0,0.0,0.0,0.0,0.0,0.0,0.0,air_water,air_water,True,5,2278.5595430704893,235.64411235644116,32.378580323785805,35.2187374802773,114.37280664416764,536.6442056616864,954.2584424663584,0.0,0.0,0.0,0.0,0.0,0.0
2050-09-26 12:00:00+01:00,BE_RES_APT_AS_IS_HP_V1,away,0.17500000000000004,13.746917724609377,16.0,18.87541356171995,14.81557274551966,14.81557274551966,24.000000000000004,164.9508786495088,27.521793275217934,17.60936874013865,234.0820406648654,196.4104430904,261.55328769263923,400.3048232545867,0.0,0.0,0.0,0.0,0.18442725448034025,383.5962363359606,0.0,85.44347585443414,0.0,114.37280664416764,235.64411235644005,32.378580323785805,30.130067801300633,170.2054794520548,329.419275,582.7310465777489,253.31177157774886,253.31177157774886,0.0,0.0,0.0,0.0,0.0,0.0,0.0,0.0,0.0,0.0,0.0,0.0,0.0,air_water,air_water,False,5,400.3048232545867,235.64411235644116,32.378580323785805,35.2187374802773,114.37280664416764,0.0,417.6142368046719,0.0,0.0,0.0,0.0,0.0,0.0
2050-09-27 12:00:00+01:00,BE_RES_APT_AS_IS_HP_V1,away,0.17500000000000004,15.44390869140625,16.0,14.81557274551966,16.204560765565756,17.21416840699715,24.000000000000004,164.9508786495088,27.521793275217934,17.60936874013865,234.0820406648654,196.4104430904,-32.04513324021611,400.3048232545867,547.2053915699173,547.2053915699173,0.0,0.0,0.0,406.7298404086839,23.133604072723255,85.44347585443414,156.34439759140494,114.37280664416764,235.64411235644005,32.378580323785805,30.130067801300633,170.2054794520548,329.419275,739.0754441691538,409.65616916915377,409.65616916915377,0.0,0.0,0.0,0.0,0.0,0.0,0.0,0.0,0.0,0.0,0.0,0.0,0.0,air_water,air_water,True,5,947.510214824504,235.64411235644116,32.378580323785805,35.2187374802773,114.37280664416764,156.34439759140494,573.9586343960768,0.0,0.0,0.0,0.0,0.0,0.0
2050-09-28 12:00:00+01:00,BE_RES_APT_AS_IS_HP_V1,away,0.17500000000000004,15.04803466796875,16.0,17.21416840699715,15.958196911958408,15.958196911958408,24.000000000000004,164.9508786495088,27.521793275217934,17.60936874013865,234.0820406648654,196.4104430904,110.4728206904484,400.3048232545867,0.0,0.0,0.0,0.0,0.0,383.5962363359606,0.0,85.44347585443414,0.0,114.37280664416764,235.64411235644005,32.378580323785805,30.130067801300633,170.2054794520548,329.419275,582.7310465777489,253.31177157774886,253.31177157774886,0.0,0.0,0.0,0.0,0.0,0.0,0.0,0.0,0.0,0.0,0.0,0.0,0.0,air_water,air_water,False,5,400.3048232545867,235.64411235644116,32.378580323785805,35.2187374802773,114.37280664416764,0.0,417.6142368046719,0.0,0.0,0.0,0.0,0.0,0.0
2050-09-29 12:00:00+01:00,BE_RES_APT_AS_IS_HP_V1,away,0.17500000000000004,14.047515869140623,16.0,15.958196911958408,14.944010841590286,14.944010841590286,24.000000000000004,164.9508786495088,27.521793275217934,17.60936874013865,234.0820406648654,196.4104430904,97.44473318370706,400.3048232545867,0.0,0.0,0.0,0.0,0.05598915840971408,383.5962363359606,0.0,85.44347585443414,0.0,114.37280664416764,235.64411235644005,32.378580323785805,30.130067801300633,170.2054794520548,329.419275,582.7310465777489,253.31177157774886,253.31177157774886,0.0,0.0,0.0,0.0,0.0,0.0,0.0,0.0,0.0,0.0,0.0,0.0,0.0,air_water,air_water,False,5,400.3048232545867,235.64411235644116,32.378580323785805,35.2187374802773,114.37280664416764,0.0,417.6142368046719,0.0,0.0,0.0,0.0,0.0,0.0
2050-09-30 12:00:00+01:00,BE_RES_APT_AS_IS_HP_V1,away,0.17500000000000004,14.55731201171875,16.0,14.944010841590286,15.37227064090239,16.27239744866224,24.000000000000004,164.9508786495088,27.521793275217934,17.60936874013865,234.0820406648654,196.4104430904,19.721640323448334,400.3048232545867,487.866991185288,487.866991185288,0.0,0.0,0.0,404.2212557310577,20.62501939509705,85.44347585443414,139.3905689100823,114.37280664416764,235.64411235644005,32.378580323785805,30.130067801300633,170.2054794520548,329.419275,722.1216154878311,392.7023404878311,392.7023404878311,0.0,0.0,0.0,0.0,0.0,0.0,0.0,0.0,0.0,0.0,0.0,0.0,0.0,air_water,air_water,True,5,888.1718144398747,235.64411235644116,32.378580323785805,35.2187374802773,114.37280664416764,139.3905689100823,557.0048057147542,0.0,0.0,0.0,0.0,0.0,0.0
2050-10-01 12:00:00+01:00,BE_RES_APT_AS_IS_HP_V1,occupied_day,0.95,14.991180419921877,21.0,16.27239744866224,16.014313355584353,19.924891746738368,132.25,164.9508786495088,27.521793275217934,17.60936874013865,342.3320406648654,196.4104430904,90.96640904056576,400.3048232545867,2184.1523787180454,2184.1523787180454,0.0,0.0,0.0,475.9332584891936,92.33702215323294,85.44347585443414,624.0435367765843,114.37280664416764,235.64411235644005,32.378580323785805,30.130067801300633,170.2054794520548,329.419275,1206.7745833543333,877.3553083543334,877.3553083543334,0.0,0.0,0.0,0.0,0.0,0.0,0.0,0.0,0.0,0.0,0.0,0.0,0.0,air_water,air_water,True,5,2584.457201972632,235.64411235644116,32.378580323785805,35.2187374802773,114.37280664416764,624.0435367765843,1041.6577735812562,0.0,0.0,0.0,0.0,0.0,0.0
2050-10-02 12:00:00+01:00,BE_RES_APT_AS_IS_HP_V1,occupied_day,0.95,16.3297119140625,21.0,19.924891746738368,17.458591183287595,18.347899253858497,132.25,164.9508786495088,27.521793275217934,17.60936874013865,342.3320406648654,196.4104430904,255.25776811998662,400.3048232545867,496.7000130068742,496.7000130068742,0.0,0.0,0.0,404.59467973735275,20.998443401392116,85.44347585443414,141.9142894305355,114.37280664416764,235.64411235644005,32.378580323785805,30.130067801300633,170.2054794520548,329.419275,724.6453360082844,395.2260610082844,395.2260610082844,0.0,0.0,0.0,0.0,0.0,0.0,0.0,0.0,0.0,0.0,0.0,0.0,0.0,air_water,air_water,True,5,897.0048362614609,235.64411235644116,32.378580323785805,35.2187374802773,114.37280664416764,141.9142894305355,559.5285262352074,0.0,0.0,0.0,0.0,0.0,0.0
2050-10-03 12:00:00+01:00,BE_RES_APT_AS_IS_HP_V1,away,0.17500000000000004,15.790802001953123,16.0,18.347899253858497,16.721881639150936,16.721881639150936,24.000000000000004,164.9508786495088,27.521793275217934,17.60936874013865,234.0820406648654,196.4104430904,130.41195984717407,400.3048232545867,0.0,0.0,0.0,0.0,0.0,383.5962363359606,0.0,85.44347585443414,0.0,114.37280664416764,235.64411235644005,32.378580323785805,30.130067801300633,170.2054794520548,329.419275,582.7310465777489,253.31177157774886,253.31177157774886,0.0,0.0,0.0,0.0,0.0,0.0,0.0,0.0,0.0,0.0,0.0,0.0,0.0,air_water,air_water,False,5,400.3048232545867,235.64411235644116,32.378580323785805,35.2187374802773,114.37280664416764,0.0,417.6142368046719,0.0,0.0,0.0,0.0,0.0,0.0
2050-10-04 12:00:00+01:00,BE_RES_APT_AS_IS_HP_V1,away,0.17500000000000004,14.964508056640623,16.0,16.721881639150936,15.852800748510708,15.852800748510708,24.000000000000004,164.9508786495088,27.521793275217934,17.60936874013865,234.0820406648654,196.4104430904,89.62605270802598,400.3048232545867,0.0,0.0,0.0,0.0,0.0,383.5962363359606,0.0,85.44347585443414,0.0,114.37280664416764,235.64411235644005,32.378580323785805,30.130067801300633,170.2054794520548,329.419275,582.7310465777489,253.31177157774886,253.31177157774886,0.0,0.0,0.0,0.0,0.0,0.0,0.0,0.0,0.0,0.0,0.0,0.0,0.0,air_water,air_water,False,5,400.3048232545867,235.64411235644116,32.378580323785805,35.2187374802773,114.37280664416764,0.0,417.6142368046719,0.0,0.0,0.0,0.0,0.0,0.0
2050-10-05 12:00:00+01:00,BE_RES_APT_AS_IS_HP_V1,away,0.17500000000000004,15.076904296875,16.0,15.852800748510708,15.912685840274372,15.912685840274372,24.000000000000004,164.9508786495088,27.521793275217934,17.60936874013865,234.0820406648654,196.4104430904,39.570719033421106,400.3048232545867,0.0,0.0,0.0,0.0,0.0,383.5962363359606,0.0,85.44347585443414,0.0,114.37280664416764,235.64411235644005,32.378580323785805,30.130067801300633,170.2054794520548,329.419275,582.7310465777489,253.31177157774886,253.31177157774886,0.0,0.0,0.0,0.0,0.0,0.0,0.0,0.0,0.0,0.0,0.0,0.0,0.0,air_water,air_water,False,5,400.3048232545867,235.64411235644116,32.378580323785805,35.2187374802773,114.37280664416764,0.0,417.6142368046719,0.0,0.0,0.0,0.0,0.0,0.0
2050-10-06 12:00:00+01:00,BE_RES_APT_AS_IS_HP_V1,away,0.17500000000000004,14.703765869140623,16.0,15.912685840274372,15.56271510703677,15.56271510703677,24.000000000000004,164.9508786495088,27.521793275217934,17.60936874013865,234.0820406648654,196.4104430904,61.65491852782122,400.3048232545867,0.0,0.0,0.0,0.0,0.0,383.5962363359606,0.0,85.44347585443414,0.0,114.37280664416764,235.64411235644005,32.378580323785805,30.130067801300633,170.2054794520548,329.419275,582.7310465777489,253.31177157774886,253.31177157774886,0.0,0.0,0.0,0.0,0.0,0.0,0.0,0.0,0.0,0.0,0.0,0.0,0.0,air_water,air_water,False,5,400.3048232545867,235.64411235644116,32.378580323785805,35.2187374802773,114.37280664416764,0.0,417.6142368046719,0.0,0.0,0.0,0.0,0.0,0.0
2050-10-07 12:00:00+01:00,BE_RES_APT_AS_IS_HP_V1,away,0.17500000000000004,14.667633056640623,16.0,15.56271510703677,15.50979128725481,15.50979128725481,24.000000000000004,164.9508786495088,27.521793275217934,17.60936874013865,234.0820406648654,196.4104430904,45.64918457020347,400.3048232545867,0.0,0.0,0.0,0.0,0.0,383.5962363359606,0.0,85.44347585443414,0.0,114.37280664416764,235.64411235644005,32.378580323785805,30.130067801300633,170.2054794520548,329.419275,582.7310465777489,253.31177157774886,253.31177157774886,0.0,0.0,0.0,0.0,0.0,0.0,0.0,0.0,0.0,0.0,0.0,0.0,0.0,air_water,air_water,False,5,400.3048232545867,235.64411235644116,32.378580323785805,35.2187374802773,114.37280664416764,0.0,417.6142368046719,0.0,0.0,0.0,0.0,0.0,0.0
2050-10-08 12:00:00+01:00,BE_RES_APT_AS_IS_HP_V1,occupied_day,0.95,17.8201904296875,21.0,15.50979128725481,18.679189248319314,23.22058022225208,132.25,164.9508786495088,27.521793275217934,17.60936874013865,342.3320406648654,196.4104430904,-164.038339112721,400.3048232545867,2536.4764252882783,2536.4764252882783,0.0,0.0,0.0,490.82807700564103,107.23184066968038,85.44347585443414,724.7075500823652,114.37280664416764,235.64411235644005,32.378580323785805,30.130067801300633,170.2054794520548,329.419275,1307.4385966601142,978.0193216601142,978.0193216601142,0.0,0.0,0.0,0.0,0.0,0.0,0.0,0.0,0.0,0.0,0.0,0.0,0.0,air_water,air_water,True,5,2936.781248542865,235.64411235644116,32.378580323785805,35.2187374802773,114.37280664416764,724.7075500823652,1142.321786887037,0.0,0.0,0.0,0.0,0.0,0.0
2050-10-09 12:00:00+01:00,BE_RES_APT_AS_IS_HP_V1,occupied_day,0.95,16.790191650390625,21.0,23.22058022225208,18.048637794478033,18.048637794478033,132.25,164.9508786495088,27.521793275217934,17.60936874013865,342.3320406648654,196.4104430904,456.55758860216343,400.3048232545867,0.0,0.0,0.0,0.0,0.0,383.5962363359606,0.0,85.44347585443414,0.0,114.37280664416764,235.64411235644005,32.378580323785805,30.130067801300633,170.2054794520548,329.419275,582.7310465777489,253.31177157774886,253.31177157774886,0.0,0.0,0.0,0.0,0.0,0.0,0.0,0.0,0.0,0.0,0.0,0.0,0.0,air_water,air_water,False,5,400.3048232545867,235.64411235644116,32.378580323785805,35.2187374802773,114.37280664416764,0.0,417.6142368046719,0.0,0.0,0.0,0.0,0.0,0.0
2050-10-10 12:00:00+01:00,BE_RES_APT_AS_IS_HP_V1,away,0.17500000000000004,13.42279052734375,16.0,18.048637794478033,14.464552763026225,14.464552763026225,24.000000000000004,164.9508786495088,27.521793275217934,17.60936874013865,234.0820406648654,196.4104430904,235.91821062384847,400.3048232545867,0.0,0.0,0.0,0.0,0.5354472369737753,383.5962363359606,0.0,85.44347585443414,0.0,114.37280664416764,235.64411235644005,32.378580323785805,30.130067801300633,170.2054794520548,329.419275,582.7310465777489,253.31177157774886,253.31177157774886,0.0,0.0,0.0,0.0,0.0,0.0,0.0,0.0,0.0,0.0,0.0,0.0,0.0,air_water,air_water,False,5,400.3048232545867,235.64411235644116,32.378580323785805,35.2187374802773,114.37280664416764,0.0,417.6142368046719,0.0,0.0,0.0,0.0,0.0,0.0
2050-10-11 12:00:00+01:00,BE_RES_APT_AS_IS_HP_V1,away,0.17500000000000004,13.839752197265623,16.0,14.464552763026225,14.66744978409901,15.976267406793431,24.000000000000004,164.9508786495088,27.521793275217934,17.60936874013865,234.0820406648654,196.4104430904,31.86482885379068,400.3048232545867,709.3766234818843,709.3766234818843,0.0,0.0,0.0,413.58577627633673,29.98953994037612,85.44347585443414,202.67903528053836,114.37280664416764,235.64411235644005,32.378580323785805,30.130067801300633,170.2054794520548,329.419275,785.4100818582872,455.99080685828716,455.99080685828716,0.0,0.0,0.0,0.0,0.0,0.0,0.0,0.0,0.0,0.0,0.0,0.0,0.0,air_water,air_water,True,5,1109.6814467364711,235.64411235644116,32.378580323785805,35.2187374802773,114.37280664416764,202.67903528053836,620.2932720852102,0.0,0.0,0.0,0.0,0.0,0.0
2050-10-12 12:00:00+01:00,BE_RES_APT_AS_IS_HP_V1,away,0.17500000000000004,14.95428466796875,16.0,15.976267406793431,15.803232359775137,15.823462059287454,24.000000000000004,164.9508786495088,27.521793275217934,17.60936874013865,234.0820406648654,196.4104430904,52.12111968005873,400.3048232545867,10.96445806143491,10.96445806143491,0.0,0.0,0.0,384.0597687418412,0.46353240588055317,85.44347585443414,3.132702303267117,114.37280664416764,235.64411235644005,32.378580323785805,30.130067801300633,170.2054794520548,329.419275,585.863748881016,256.444473881016,256.444473881016,0.0,0.0,0.0,0.0,0.0,0.0,0.0,0.0,0.0,0.0,0.0,0.0,0.0,air_water,air_water,True,5,411.26928131602165,235.64411235644116,32.378580323785805,35.2187374802773,114.37280664416764,3.132702303267117,420.74693910793906,0.0,0.0,0.0,0.0,0.0,0.0
2050-10-13 12:00:00+01:00,BE_RES_APT_AS_IS_HP_V1,away,0.17500000000000004,15.3148193359375,16.0,15.823462059287454,16.13630222706684,16.28678344342837,24.000000000000004,164.9508786495088,27.521793275217934,17.60936874013865,234.0820406648654,196.4104430904,25.940778890847668,400.3048232545867,81.56052860919617,81.56052860919617,0.0,0.0,0.0,387.04428163279886,3.448045296838206,85.44347585443414,23.30300817405605,114.37280664416764,235.64411235644005,32.378580323785805,30.130067801300633,170.2054794520548,329.419275,606.034054751805,276.614779751805,276.614779751805,0.0,0.0,0.0,0.0,0.0,0.0,0.0,0.0,0.0,0.0,0.0,0.0,0.0,air_water,air_water,True,5,481.8653518637829,235.64411235644116,32.378580323785805,35.2187374802773,114.37280664416764,23.30300817405605,440.917244978728,0.0,0.0,0.0,0.0,0.0,0.0
2050-10-14 12:00:00+01:00,BE_RES_APT_AS_IS_HP_V1,away,0.17500000000000004,14.41949462890625,16.0,16.28678344342837,15.313668023327418,15.313668023327418,24.000000000000004,164.9508786495088,27.521793275217934,17.60936874013865,234.0820406648654,196.4104430904,95.2317295406281,400.3048232545867,0.0,0.0,0.0,0.0,0.0,383.5962363359606,0.0,85.44347585443414,0.0,114.37280664416764,235.64411235644005,32.378580323785805,30.130067801300633,170.2054794520548,329.419275,582.7310465777489,253.31177157774886,253.31177157774886,0.0,0.0,0.0,0.0,0.0,0.0,0.0,0.0,0.0,0.0,0.0,0.0,0.0,air_water,air_water,True,5,400.3048232545867,235.64411235644116,32.378580323785805,35.2187374802773,114.37280664416764,0.0,417.6142368046719,0.0,0.0,0.0,0.0,0.0,0.0
2050-10-15 12:00:00+01:00,BE_RES_APT_AS_IS_HP_V1,occupied_day,0.95,12.31781005859375,21.0,15.313668023327418,13.41930077600159,18.12292099606674,132.25,164.9508786495088,27.521793275217934,17.60936874013865,342.3320406648654,196.4104430904,212.70591549609043,400.3048232545867,2627.0853732227333,2627.0853732227333,0.0,0.0,0.0,494.65865243354017,111.06241609757957,85.44347585443414,750.595820920781,114.37280664416764,235.64411235644005,32.378580323785805,30.130067801300633,170.2054794520548,329.419275,1333.32686749853,1003.90759249853,1003.90759249853,0.0,0.0,0.0,0.0,0.0,0.0,0.0,0.0,0.0,0.0,0.0,0.0,0.0,air_water,air_water,True,5,3027.39019647732,235.64411235644116,32.378580323785805,35.2187374802773,114.37280664416764,750.595820920781,1168.2100577254528,0.0,0.0,0.0,0.0,0.0,0.0
2050-10-16 12:00:00+01:00,BE_RES_APT_AS_IS_HP_V1,occupied_day,0.95,10.727020263671877,21.0,18.12292099606674,12.029589576382774,14.409451855465571,132.25,164.9508786495088,27.521793275217934,17.60936874013865,342.3320406648654,196.4104430904,525.1089520000352,400.3048232545867,1329.2104998171667,1329.2104998171667,0.0,0.0,0.5905481445344289,439.78981539383074,56.19357905787012,85.44347585443414,379.7744285191905,114.37280664416764,235.64411235644005,32.378580323785805,30.130067801300633,170.2054794520548,329.419275,962.5054750969393,633.0862000969394,633.0862000969394,0.0,0.0,0.0,0.0,0.0,0.0,0.0,0.0,0.0,0.0,0.0,0.0,0.0,air_water,air_water,True,5,1729.5153230717533,235.64411235644116,32.378580323785805,35.2187374802773,114.37280664416764,379.7744285191905,797.3886653238624,0.0,0.0,0.0,0.0,0.0,0.0
2050-10-17 12:00:00+01:00,BE_RES_APT_AS_IS_HP_V1,away,0.17500000000000004,12.738983154296877,16.0,14.409451855465571,13.62262624712547,14.978411969475326,24.000000000000004,164.9508786495088,27.521793275217934,17.60936874013865,234.0820406648654,196.4104430904,85.19390375960342,400.3048232545867,734.8332427749062,734.8332427749062,0.0,0.0,0.02158803052467384,414.6619779381392,31.065741602178594,85.44347585443414,209.95235507854463,114.37280664416764,235.64411235644005,32.378580323785805,30.130067801300633,170.2054794520548,329.419275,792.6834016562935,463.2641266562935,463.2641266562935,0.0,0.0,0.0,0.0,0.0,0.0,0.0,0.0,0.0,0.0,0.0,0.0,0.0,air_water,air_water,True,5,1135.138066029493,235.64411235644116,32.378580323785805,35.2187374802773,114.37280664416764,209.95235507854463,627.5665918832166,0.0,0.0,0.0,0.0,0.0,0.0
2050-10-18 12:00:00+01:00,BE_RES_APT_AS_IS_HP_V1,away,0.17500000000000004,13.587738037109377,16.0,14.978411969475326,14.456411504886354,15.327214737512978,24.000000000000004,164.9508786495088,27.521793275217934,17.60936874013865,234.0820406648654,196.4104430904,70.92437055066343,400.3048232545867,471.97367010239935,471.97367010239935,0.0,0.0,0.0,403.5493511720083,19.9531148360477,85.44347585443414,134.84962002925695,114.37280664416764,235.64411235644005,32.378580323785805,30.130067801300633,170.2054794520548,329.419275,717.5806666070058,388.1613916070058,388.1613916070058,0.0,0.0,0.0,0.0,0.0,0.0,0.0,0.0,0.0,0.0,0.0,0.0,0.0,air_water,air_water,True,5,872.278493356986,235.64411235644116,32.378580323785805,35.2187374802773,114.37280664416764,134.84962002925695,552.4638568339288,0.0,0.0,0.0,0.0,0.0,0.0
2050-10-19 12:00:00+01:00,BE_RES_APT_AS_IS_HP_V1,away,0.17500000000000004,11.645599365234377,16.0,15.327214737512978,12.636843153097935,13.210326361526247,24.000000000000004,164.9508786495088,27.521793275217934,17.60936874013865,234.0820406648654,196.4104430904,187.7623839862087,400.3048232545867,310.82679126900405,310.82679126900405,0.0,0.0,1.7896736384737526,396.73672075951987,13.14048442355924,85.44347585443414,88.80765464828687,114.37280664416764,235.64411235644005,32.378580323785805,30.130067801300633,170.2054794520548,329.419275,671.5387012260358,342.1194262260357,342.1194262260357,0.0,0.0,0.0,0.0,0.0,0.0,0.0,0.0,0.0,0.0,0.0,0.0,0.0,air_water,air_water,True,5,711.1316145235908,235.64411235644116,32.378580323785805,35.2187374802773,114.37280664416764,88.80765464828687,506.4218914529588,0.0,0.0,0.0,0.0,0.0,0.0
2050-10-20 12:00:00+01:00,BE_RES_APT_AS_IS_HP_V1,away,0.17500000000000004,12.46746826171875,16.0,13.210326361526247,13.301482181865879,15.679404347916108,24.000000000000004,164.9508786495088,27.521793275217934,17.60936874013865,234.0820406648654,196.4104430904,37.88576309018237,400.3048232545867,1288.8292209748738,1288.8292209748738,0.0,0.0,0.0,438.0826602175856,54.486423881624965,85.44347585443414,368.23692027853537,114.37280664416764,235.64411235644005,32.378580323785805,30.130067801300633,170.2054794520548,329.419275,950.9679668562842,621.5486918562842,621.5486918562842,0.0,0.0,0.0,0.0,0.0,0.0,0.0,0.0,0.0,0.0,0.0,0.0,0.0,air_water,air_water,True,5,1689.1340442294604,235.64411235644116,32.378580323785805,35.2187374802773,114.37280664416764,368.23692027853537,785.8511570832072,0.0,0.0,0.0,0.0,0.0,0.0
2050-10-21 12:00:00+01:00,BE_RES_APT_AS_IS_HP_V1,away,0.17500000000000004,12.924835205078123,16.0,15.679404347916108,13.86648001537815,14.139756249886606,24.000000000000004,164.9508786495088,27.521793275217934,17.60936874013865,234.0820406648654,196.4104430904,140.48302628473726,400.3048232545867,148.115191262758,148.115191262758,0.0,0.0,0.8602437501133942,389.85794034073655,6.261704004775913,85.44347585443414,42.318626075073716,114.37280664416764,235.64411235644005,32.378580323785805,30.130067801300633,170.2054794520548,329.419275,625.0496726528227,295.63039765282264,295.63039765282264,0.0,0.0,0.0,0.0,0.0,0.0,0.0,0.0,0.0,0.0,0.0,0.0,0.0,air_water,air_water,True,5,548.4200145173447,235.64411235644116,32.378580323785805,35.2187374802773,114.37280664416764,42.318626075073716,459.93286287974564,0.0,0.0,0.0,0.0,0.0,0.0
2050-10-22 12:00:00+01:00,BE_RES_APT_AS_IS_HP_V1,occupied_day,0.95,12.502532958984377,21.0,14.139756249886606,13.541935109037388,19.21659169785141,132.25,164.9508786495088,27.521793275217934,17.60936874013865,342.3320406648654,196.4104430904,116.24285365405827,400.3048232545867,3169.4326125523885,3169.4326125523885,0.0,0.0,0.0,517.586873715482,133.99063737952147,85.44347585443414,905.5521750149682,114.37280664416764,235.64411235644005,32.378580323785805,30.130067801300633,170.2054794520548,329.419275,1488.2832215927172,1158.8639465927172,1158.8639465927172,0.0,0.0,0.0,0.0,0.0,0.0,0.0,0.0,0.0,0.0,0.0,0.0,0.0,air_water,air_water,True,5,3569.737435806975,235.64411235644116,32.378580323785805,35.2187374802773,114.37280664416764,905.5521750149682,1323.16641181964,0.0,0.0,0.0,0.0,0.0,0.0
2050-10-23 12:00:00+01:00,BE_RES_APT_AS_IS_HP_V1,occupied_day,0.95,10.815216064453123,21.0,19.21659169785141,12.163734812517742,13.638934534417688,132.25,164.9508786495088,27.521793275217934,17.60936874013865,342.3320406648654,196.4104430904,596.4976699712784,400.3048232545867,823.9346355926488,823.9346355926488,0.0,0.0,1.3610654655823122,418.42882010659855,34.83258377063789,85.44347585443414,235.40989588361393,114.37280664416764,235.64411235644005,32.378580323785805,30.130067801300633,170.2054794520548,329.419275,818.1409424613628,488.72166746136276,488.72166746136276,0.0,0.0,0.0,0.0,0.0,0.0,0.0,0.0,0.0,0.0,0.0,0.0,0.0,air_water,air_water,True,5,1224.2394588472355,235.64411235644116,32.378580323785805,35.2187374802773,114.37280664416764,235.40989588361393,653.0241326882858,0.0,0.0,0.0,0.0,0.0,0.0
2050-10-24 12:00:00+01:00,BE_RES_APT_AS_IS_HP_V1,away,0.17500000000000004,13.5599365234375,16.0,13.638934534417688,14.358432493556466,16.37100838367943,24.000000000000004,164.9508786495088,27.521793275217934,17.60936874013865,234.0820406648654,196.4104430904,4.028898559989577,400.3048232545867,1090.8122450990284,1090.8122450990284,0.0,0.0,0.0,429.7113130229838,46.11507668702317,85.44347585443414,311.6606414568652,114.37280664416764,235.64411235644005,32.378580323785805,30.130067801300633,170.2054794520548,329.419275,894.391688034614,564.972413034614,564.972413034614,0.0,0.0,0.0,0.0,0.0,0.0,0.0,0.0,0.0,0.0,0.0,0.0,0.0,air_water,air_water,True,5,1491.1170683536152,235.64411235644116,32.378580323785805,35.2187374802773,114.37280664416764,311.6606414568652,729.2748782615372,0.0,0.0,0.0,0.0,0.0,0.0
2050-10-25 12:00:00+01:00,BE_RES_APT_AS_IS_HP_V1,away,0.17500000000000004,11.982391357421877,16.0,16.37100838367943,13.011461262321951,13.011461262321951,24.000000000000004,164.9508786495088,27.521793275217934,17.60936874013865,234.0820406648654,196.4104430904,223.8194683391353,400.3048232545867,0.0,0.0,0.0,0.0,1.9885387376780486,383.5962363359606,0.0,85.44347585443414,0.0,114.37280664416764,235.64411235644005,32.378580323785805,30.130067801300633,170.2054794520548,329.419275,582.7310465777489,253.31177157774886,253.31177157774886,0.0,0.0,0.0,0.0,0.0,0.0,0.0,0.0,0.0,0.0,0.0,0.0,0.0,air_water,air_water,True,5,400.3048232545867,235.64411235644116,32.378580323785805,35.2187374802773,114.37280664416764,0.0,417.6142368046719,0.0,0.0,0.0,0.0,0.0,0.0
2050-10-26 12:00:00+01:00,BE_RES_APT_AS_IS_HP_V1,away,0.17500000000000004,9.674346923828123,16.0,13.011461262321951,10.647159161567568,13.194594248745874,24.000000000000004,164.9508786495088,27.521793275217934,17.60936874013865,234.0820406648654,196.4104430904,170.19283126318527,400.3048232545867,1380.7048968072586,1380.7048968072586,0.0,0.0,1.805405751254126,441.9667877158957,58.37055137993506,85.44347585443414,394.48711337350244,114.37280664416764,235.64411235644005,32.378580323785805,30.130067801300633,170.2054794520548,329.419275,977.2181599512513,647.7988849512512,647.7988849512512,0.0,0.0,0.0,0.0,0.0,0.0,0.0,0.0,0.0,0.0,0.0,0.0,0.0,air_water,air_water,True,5,1781.0097200618452,235.64411235644116,32.378580323785805,35.2187374802773,114.37280664416764,394.48711337350244,812.1013501781744,0.0,0.0,0.0,0.0,0.0,0.0
2050-10-27 12:00:00+01:00,BE_RES_APT_AS_IS_HP_V1,away,0.17500000000000004,9.2137451171875,16.0,13.194594248745874,10.220998558120598,12.612330801673556,24.000000000000004,164.9508786495088,27.521793275217934,17.60936874013865,234.0820406648654,196.4104430904,203.0233057094771,400.3048232545867,1296.0974570794062,1296.0974570794062,0.0,0.0,2.387669198326444,438.3899314889211,54.79369515296046,85.44347585443414,370.31355916554463,114.37280664416764,235.64411235644005,32.378580323785805,30.130067801300633,170.2054794520548,329.419275,953.0446057432935,623.6253307432935,623.6253307432935,0.0,0.0,0.0,0.0,0.0,0.0,0.0,0.0,0.0,0.0,0.0,0.0,0.0,air_water,air_water,True,5,1696.402280333993,235.64411235644116,32.378580323785805,35.2187374802773,114.37280664416764,370.31355916554463,787.9277959702165,0.0,0.0,0.0,0.0,0.0,0.0
2050-10-28 12:00:00+01:00,BE_RES_APT_AS_IS_HP_V1,away,0.17500000000000004,9.679351806640623,16.0,12.612330801673556,10.630541929757973,13.518196444912418,24.000000000000004,164.9508786495088,27.521793275217934,17.60936874013865,234.0820406648654,196.4104430904,149.58192874667958,400.3048232545867,1565.1031696268174,1565.1031696268174,0.0,0.0,1.4818035550875823,449.7623918908897,66.16615555492906,85.44347585443414,447.1723341790907,114.37280664416764,235.64411235644005,32.378580323785805,30.130067801300633,170.2054794520548,329.419275,1029.9033807568396,700.4841057568397,700.4841057568397,0.0,0.0,0.0,0.0,0.0,0.0,0.0,0.0,0.0,0.0,0.0,0.0,0.0,air_water,air_water,True,5,1965.407992881404,235.64411235644116,32.378580323785805,35.2187374802773,114.37280664416764,447.1723341790907,864.7865709837627,0.0,0.0,0.0,0.0,0.0,0.0
2050-10-29 12:00:00+01:00,BE_RES_APT_AS_IS_HP_V1,occupied_day,0.95,7.889556884765625,21.0,13.518196444912418,9.111363711106836,15.300162154221654,132.25,164.9508786495088,27.521793275217934,17.60936874013865,342.3320406648654,196.4104430904,399.6334087704223,400.3048232545867,3456.5932424504635,3456.5932424504635,0.0,0.0,0.0,529.7268497092806,146.13061337331993,85.44347585443414,987.598069271561,114.37280664416764,235.64411235644005,32.378580323785805,30.130067801300633,170.2054794520548,329.419275,1570.3291158493098,1240.9098408493098,1240.9098408493098,0.0,0.0,0.0,0.0,0.0,0.0,0.0,0.0,0.0,0.0,0.0,0.0,0.0,air_water,air_water,True,5,3856.89806570505,235.64411235644116,32.378580323785805,35.2187374802773,114.37280664416764,987.598069271561,1405.2123060762328,0.0,0.0,0.0,0.0,0.0,0.0
2050-10-30 12:00:00+01:00,BE_RES_APT_AS_IS_HP_V1,occupied_day,0.95,10.213714599609377,21.0,15.300162154221654,11.410743665230008,16.12553567042414,132.25,164.9508786495088,27.521793275217934,17.60936874013865,342.3320406648654,196.4104430904,361.1377763774717,400.3048232545867,2633.325084749596,2633.325084749596,0.0,0.0,0.0,494.9224418958047,111.32620555984406,85.44347585443414,752.3785956427417,114.37280664416764,235.64411235644005,32.378580323785805,30.130067801300633,170.2054794520548,329.419275,1335.1096422204907,1005.6903672204908,1005.6903672204908,0.0,0.0,0.0,0.0,0.0,0.0,0.0,0.0,0.0,0.0,0.0,0.0,0.0,air_water,air_water,True,5,3033.6299080041827,235.64411235644116,32.378580323785805,35.2187374802773,114.37280664416764,752.3785956427417,1169.9928324474135,0.0,0.0,0.0,0.0,0.0,0.0
2050-10-31 12:00:00+01:00,BE_RES_APT_AS_IS_HP_V1,away,0.17500000000000004,12.270111083984377,16.0,16.12553567042414,13.2706540405838,13.2706540405838,24.000000000000004,164.9508786495088,27.521793275217934,17.60936874013865,234.0820406648654,196.4104430904,196.62665390842787,400.3048232545867,0.0,0.0,0.0,0.0,1.7293459594162002,383.5962363359606,0.0,85.44347585443414,0.0,114.37280664416764,235.64411235644005,32.378580323785805,30.130067801300633,170.2054794520548,329.419275,582.7310465777489,253.31177157774886,253.31177157774886,0.0,0.0,0.0,0.0,0.0,0.0,0.0,0.0,0.0,0.0,0.0,0.0,0.0,air_water,air_water,True,5,400.3048232545867,235.64411235644116,32.378580323785805,35.2187374802773,114.37280664416764,0.0,417.6142368046719,0.0,0.0,0.0,0.0,0.0,0.0
2050-11-01 12:00:00+01:00,BE_RES_APT_AS_IS_HP_V1,away,0.17500000000000004,11.520477294921877,16.0,13.2706540405838,12.408384940460898,14.734883698669126,24.000000000000004,164.9508786495088,27.521793275217934,17.60936874013865,234.0820406648654,196.4104430904,89.25901402875809,400.3048232545867,1260.9578332502847,1260.9578332502847,0.0,0.0,0.26511630133087394,436.9043720308991,53.30813569493845,85.44347585443414,360.2736666429385,114.37280664416764,235.64411235644005,32.378580323785805,30.130067801300633,170.2054794520548,329.419275,943.0047132206873,613.5854382206874,613.5854382206874,0.0,0.0,0.0,0.0,0.0,0.0,0.0,0.0,0.0,0.0,0.0,0.0,0.0,air_water,air_water,True,5,1661.2626565048713,235.64411235644116,32.378580323785805,35.2187374802773,114.37280664416764,360.2736666429385,777.8879034476104,0.0,0.0,0.0,0.0,0.0,0.0
2050-11-02 12:00:00+01:00,BE_RES_APT_AS_IS_HP_V1,away,0.17500000000000004,9.73187255859375,16.0,14.734883698669126,10.79381387691277,11.87220098789112,24.000000000000004,164.9508786495088,27.521793275217934,17.60936874013865,234.0820406648654,196.4104430904,255.1535681438442,400.3048232545867,584.4837312148638,584.4837312148638,0.0,0.0,3.1277990121088806,408.3058160169661,24.709579681005447,85.44347585443414,166.99535177567537,114.37280664416764,235.64411235644005,32.378580323785805,30.130067801300633,170.2054794520548,329.419275,749.7263983534242,420.3071233534242,420.3071233534242,0.0,0.0,0.0,0.0,0.0,0.0,0.0,0.0,0.0,0.0,0.0,0.0,0.0,air_water,air_water,True,5,984.7885544694506,235.64411235644116,32.378580323785805,35.2187374802773,114.37280664416764,166.99535177567537,584.6095885803472,0.0,0.0,0.0,0.0,0.0,0.0
2050-11-03 12:00:00+01:00,BE_RES_APT_AS_IS_HP_V1,away,0.17500000000000004,7.897705078125,16.0,11.87220098789112,8.904618607956447,12.423160932234964,24.000000000000004,164.9508786495088,27.521793275217934,17.60936874013865,234.0820406648654,196.4104430904,202.69929139807212,400.3048232545867,1907.043143594303,1907.043143594303,0.0,0.0,2.576839067765036,464.21821432295064,80.62197798699003,85.44347585443414,544.8694695983723,114.37280664416764,235.64411235644005,32.378580323785805,30.130067801300633,170.2054794520548,329.419275,1127.6005161761213,798.1812411761214,798.1812411761214,0.0,0.0,0.0,0.0,0.0,0.0,0.0,0.0,0.0,0.0,0.0,0.0,0.0,air_water,air_water,True,5,2307.34796684889,235.64411235644116,32.378580323785805,35.2187374802773,114.37280664416764,544.8694695983723,962.4837064030443,0.0,0.0,0.0,0.0,0.0,0.0
2050-11-04 12:00:00+01:00,BE_RES_APT_AS_IS_HP_V1,away,0.17500000000000004,6.40472412109375,16.0,12.423160932234964,7.520992908180989,10.569896115470245,24.000000000000004,164.9508786495088,27.521793275217934,17.60936874013865,234.0820406648654,196.4104430904,306.940277368202,400.3048232545867,1652.4996493074468,1652.4996493074468,0.0,0.0,4.430103884529755,453.4571573106547,69.86092097469404,85.44347585443414,472.1427569449848,114.37280664416764,235.64411235644005,32.378580323785805,30.130067801300633,170.2054794520548,329.419275,1054.8738035227336,725.4545285227337,725.4545285227337,0.0,0.0,0.0,0.0,0.0,0.0,0.0,0.0,0.0,0.0,0.0,0.0,0.0,air_water,air_water,True,5,2052.8044725620334,235.64411235644116,32.378580323785805,35.2187374802773,114.37280664416764,472.1427569449848,889.7569937496567,0.0,0.0,0.0,0.0,0.0,0.0
2050-11-05 12:00:00+01:00,BE_RES_APT_AS_IS_HP_V1,occupied_day,0.95,5.31005859375,21.0,10.569896115470245,6.515011448494218,15.142585028424698,132.25,164.9508786495088,27.521793275217934,17.60936874013865,342.3320406648654,196.4104430904,373.4484640421374,400.3048232545867,4818.707994652747,4818.707994652747,0.0,0.0,0.0,587.3114858705948,203.71524953463418,85.44347585443414,1376.7737127579278,114.37280664416764,235.64411235644005,32.378580323785805,30.130067801300633,170.2054794520548,329.419275,1959.5047593356767,1630.0854843356767,1630.0854843356767,0.0,0.0,0.0,0.0,0.0,0.0,0.0,0.0,0.0,0.0,0.0,0.0,0.0,air_water,air_water,True,5,5219.0128179073345,235.64411235644116,32.378580323785805,35.2187374802773,114.37280664416764,1376.7737127579278,1794.3879495625997,0.0,0.0,0.0,0.0,0.0,0.0
2050-11-06 12:00:00+01:00,BE_RES_APT_AS_IS_HP_V1,occupied_day,0.95,4.604339599609375,21.0,15.142585028424698,6.050511665947622,10.895648321816195,132.25,164.9508786495088,27.521793275217934,17.60936874013865,342.3320406648654,196.4104430904,748.215425445888,400.3048232545867,2706.12571686779,2706.12571686779,0.0,0.0,4.104351678183805,498.00015462600004,114.40391829003941,85.44347585443414,773.1787762479399,114.37280664416764,235.64411235644005,32.378580323785805,30.130067801300633,170.2054794520548,329.419275,1355.909822825689,1026.490547825689,1026.490547825689,0.0,0.0,0.0,0.0,0.0,0.0,0.0,0.0,0.0,0.0,0.0,0.0,0.0,air_water,air_water,True,5,3106.4305401223764,235.64411235644116,32.378580323785805,35.2187374802773,114.37280664416764,773.1787762479399,1190.793013052612,0.0,0.0,0.0,0.0,0.0,0.0
2050-11-07 12:00:00+01:00,BE_RES_APT_AS_IS_HP_V1,away,0.17500000000000004,4.556915283203125,16.0,10.895648321816195,5.690320610945565,10.041277952862304,24.000000000000004,164.9508786495088,27.521793275217934,17.60936874013865,234.0820406648654,196.4104430904,323.2753849692666,400.3048232545867,2358.2104753209182,2358.2104753209182,0.0,0.0,4.958722047137696,483.2917223393221,99.6954860033615,85.44347585443414,673.7744215202623,114.37280664416764,235.64411235644005,32.378580323785805,30.130067801300633,170.2054794520548,329.419275,1256.505468098011,927.0861930980111,927.0861930980111,0.0,0.0,0.0,0.0,0.0,0.0,0.0,0.0,0.0,0.0,0.0,0.0,0.0,air_water,air_water,True,5,2758.515298575505,235.64411235644116,32.378580323785805,35.2187374802773,114.37280664416764,673.7744215202623,1091.388658324934,0.0,0.0,0.0,0.0,0.0,0.0
2050-11-08 12:00:00+01:00,BE_RES_APT_AS_IS_HP_V1,away,0.17500000000000004,3.352569580078125,16.0,10.041277952862304,4.504699344850871,9.583923323528563,24.000000000000004,164.9508786495088,27.521793275217934,17.60936874013865,234.0820406648654,196.4104430904,341.12412701199315,400.3048232545867,2752.929585777616,2752.929585777616,0.0,0.0,5.416076676471437,499.9788306206301,116.38259428466951,85.44347585443414,786.551310222176,114.37280664416764,235.64411235644005,32.378580323785805,30.130067801300633,170.2054794520548,329.419275,1369.2823567999249,1039.8630817999249,1039.8630817999249,0.0,0.0,0.0,0.0,0.0,0.0,0.0,0.0,0.0,0.0,0.0,0.0,0.0,air_water,air_water,True,5,3153.2344090322026,235.64411235644116,32.378580323785805,35.2187374802773,114.37280664416764,786.551310222176,1204.165547026848,0.0,0.0,0.0,0.0,0.0,0.0
2050-11-09 12:00:00+01:00,BE_RES_APT_AS_IS_HP_V1,away,0.17500000000000004,2.429443359375,16.0,9.583923323528563,3.6064929112914794,9.075566690261006,24.000000000000004,164.9508786495088,27.521793275217934,17.60936874013865,234.0820406648654,196.4104430904,364.8784781718317,400.3048232545867,2964.2274245298045,2964.2274245298045,0.0,0.0,5.924433309738994,508.91163833491726,125.31540199895662,85.44347585443414,846.9221212942299,114.37280664416764,235.64411235644005,32.378580323785805,30.130067801300633,170.2054794520548,329.419275,1429.653167871979,1100.233892871979,1100.233892871979,0.0,0.0,0.0,0.0,0.0,0.0,0.0,0.0,0.0,0.0,0.0,0.0,0.0,air_water,air_water,True,5,3364.532247784391,235.64411235644116,32.378580323785805,35.2187374802773,114.37280664416764,846.9221212942299,1264.536358098902,0.0,0.0,0.0,0.0,0.0,0.0
2050-11-10 12:00:00+01:00,BE_RES_APT_AS_IS_HP_V1,away,0.17500000000000004,4.995819091796875,16.0,9.075566690261006,6.008363814529465,11.910761581593508,24.000000000000004,164.9508786495088,27.521793275217934,17.60936874013865,234.0820406648654,196.4104430904,208.0671275216707,400.3048232545867,3199.0881890994156,3199.0881890994156,0.0,0.0,3.0892384184064916,518.8405901023383,135.24435376637766,85.44347585443414,914.0251968855473,114.37280664416764,235.64411235644005,32.378580323785805,30.130067801300633,170.2054794520548,329.419275,1496.7562434632962,1167.3369684632962,1167.3369684632962,0.0,0.0,0.0,0.0,0.0,0.0,0.0,0.0,0.0,0.0,0.0,0.0,0.0,air_water,air_water,True,5,3599.393012354002,235.64411235644116,32.378580323785805,35.2187374802773,114.37280664416764,914.0251968855473,1331.6394336902192,0.0,0.0,0.0,0.0,0.0,0.0
2050-11-11 12:00:00+01:00,BE_RES_APT_AS_IS_HP_V1,away,0.17500000000000004,4.296661376953125,16.0,11.910761581593508,5.498301605441804,8.983974819428576,24.000000000000004,164.9508786495088,27.521793275217934,17.60936874013865,234.0820406648654,196.4104430904,388.3191104366596,400.3048232545867,1889.2281493037995,1889.2281493037995,0.0,0.0,6.0160251805714235,463.46506928669294,79.86883295073233,85.44347585443414,539.779471229657,114.37280664416764,235.64411235644005,32.378580323785805,30.130067801300633,170.2054794520548,329.419275,1122.510517807406,793.0912428074059,793.0912428074059,0.0,0.0,0.0,0.0,0.0,0.0,0.0,0.0,0.0,0.0,0.0,0.0,0.0,air_water,air_water,True,5,2289.532972558386,235.64411235644116,32.378580323785805,35.2187374802773,114.37280664416764,539.779471229657,957.3937080343289,0.0,0.0,0.0,0.0,0.0,0.0
2050-11-12 12:00:00+01:00,BE_RES_APT_AS_IS_HP_V1,occupied_day,0.95,9.43328857421875,21.0,8.983974819428576,10.377337574234396,20.316753569643854,132.25,164.9508786495088,27.521793275217934,17.60936874013865,342.3320406648654,196.4104430904,-31.90127659010232,400.3048232545867,5551.403633423998,5551.403633423998,0.0,0.0,0.0,618.2868583253808,234.69062198942012,85.44347585443414,1586.115323835428,114.37280664416764,235.64411235644005,32.378580323785805,30.130067801300633,170.2054794520548,329.419275,2168.846370413177,1839.4270954131769,1839.4270954131769,0.0,0.0,0.0,0.0,0.0,0.0,0.0,0.0,0.0,0.0,0.0,0.0,0.0,air_water,air_water,True,5,5951.708456678585,235.64411235644116,32.378580323785805,35.2187374802773,114.37280664416764,1586.115323835428,2003.7295606400999,0.0,0.0,0.0,0.0,0.0,0.0
2050-11-13 12:00:00+01:00,BE_RES_APT_AS_IS_HP_V1,occupied_day,0.95,11.8077392578125,21.0,20.316753569643854,13.161177011305583,13.726344809860857,132.25,164.9508786495088,27.521793275217934,17.60936874013865,342.3320406648654,196.4104430904,604.1400161400261,400.3048232545867,315.65985082453943,315.65985082453943,0.0,0.0,1.2736551901391433,396.9410427343032,13.344806398342564,85.44347585443414,90.18852880701127,114.37280664416764,235.64411235644005,32.378580323785805,30.130067801300633,170.2054794520548,329.419275,672.9195753847602,343.5003003847601,343.5003003847601,0.0,0.0,0.0,0.0,0.0,0.0,0.0,0.0,0.0,0.0,0.0,0.0,0.0,air_water,air_water,True,5,715.9646740791261,235.64411235644116,32.378580323785805,35.2187374802773,114.37280664416764,90.18852880701127,507.8027656116832,0.0,0.0,0.0,0.0,0.0,0.0
2050-11-14 12:00:00+01:00,BE_RES_APT_AS_IS_HP_V1,away,0.17500000000000004,10.317352294921877,16.0,13.726344809860857,11.294010170502881,13.232077405330031,24.000000000000004,164.9508786495088,27.521793275217934,17.60936874013865,234.0820406648654,196.4104430904,173.858618261888,400.3048232545867,1050.4286978442844,1050.4286978442844,0.0,0.0,1.7679225946699688,428.00406194754555,44.40782561158492,85.44347585443414,300.122485098367,114.37280664416764,235.64411235644005,32.378580323785805,30.130067801300633,170.2054794520548,329.419275,882.8535316761158,553.4342566761159,553.4342566761159,0.0,0.0,0.0,0.0,0.0,0.0,0.0,0.0,0.0,0.0,0.0,0.0,0.0,air_water,air_water,True,5,1450.7335210988713,235.64411235644116,32.378580323785805,35.2187374802773,114.37280664416764,300.122485098367,717.7367219030389,0.0,0.0,0.0,0.0,0.0,0.0
2050-11-15 12:00:00+01:00,BE_RES_APT_AS_IS_HP_V1,away,0.17500000000000004,10.22894287109375,16.0,13.232077405330031,11.183886467235853,13.543268009579272,24.000000000000004,164.9508786495088,27.521793275217934,17.60936874013865,234.0820406648654,196.4104430904,153.15986124605035,400.3048232545867,1278.7802387375257,1278.7802387375257,0.0,0.0,1.456731990420728,437.65783038221844,54.06159404625785,85.44347585443414,365.3657824964359,114.37280664416764,235.64411235644005,32.378580323785805,30.130067801300633,170.2054794520548,329.419275,948.0968290741847,618.6775540741846,618.6775540741846,0.0,0.0,0.0,0.0,0.0,0.0,0.0,0.0,0.0,0.0,0.0,0.0,0.0,air_water,air_water,True,5,1679.0850619921125,235.64411235644116,32.378580323785805,35.2187374802773,114.37280664416764,365.3657824964359,782.9800193011079,0.0,0.0,0.0,0.0,0.0,0.0
2050-11-16 12:00:00+01:00,BE_RES_APT_AS_IS_HP_V1,away,0.17500000000000004,11.042388916015623,16.0,13.543268009579272,11.970460760197614,14.064582945494637,24.000000000000004,164.9508786495088,27.521793275217934,17.60936874013865,234.0820406648654,196.4104430904,127.5448337717461,400.3048232545867,1135.0101795743765,1135.0101795743765,0.0,0.0,0.935417054505363,431.57982077662905,47.98358444066841,85.44347585443414,324.28862273553614,114.37280664416764,235.64411235644005,32.378580323785805,30.130067801300633,170.2054794520548,329.419275,907.019669313285,577.600394313285,577.600394313285,0.0,0.0,0.0,0.0,0.0,0.0,0.0,0.0,0.0,0.0,0.0,0.0,0.0,air_water,air_water,True,5,1535.3150028289633,235.64411235644116,32.378580323785805,35.2187374802773,114.37280664416764,324.28862273553614,741.902859540208,0.0,0.0,0.0,0.0,0.0,0.0
2050-11-17 12:00:00+01:00,BE_RES_APT_AS_IS_HP_V1,away,0.17500000000000004,9.009735107421877,16.0,14.064582945494637,10.07444980115551,11.724202320944125,24.000000000000004,164.9508786495088,27.521793275217934,17.60936874013865,234.0820406648654,196.4104430904,257.7972397417108,400.3048232545867,894.1626791814779,894.1626791814779,0.0,0.0,3.2757976790558754,421.397774324182,37.80153798822136,85.44347585443414,255.47505119470796,114.37280664416764,235.64411235644005,32.378580323785805,30.130067801300633,170.2054794520548,329.419275,838.2060977724568,508.7868227724568,508.7868227724568,0.0,0.0,0.0,0.0,0.0,0.0,0.0,0.0,0.0,0.0,0.0,0.0,0.0,air_water,air_water,True,5,1294.4675024360645,235.64411235644116,32.378580323785805,35.2187374802773,114.37280664416764,255.47505119470796,673.0892879993798,0.0,0.0,0.0,0.0,0.0,0.0
2050-11-18 12:00:00+01:00,BE_RES_APT_AS_IS_HP_V1,away,0.17500000000000004,8.3446044921875,16.0,11.724202320944125,9.319689688505976,12.96438630761867,24.000000000000004,164.9508786495088,27.521793275217934,17.60936874013865,234.0820406648654,196.4104430904,172.35948926658787,400.3048232545867,1975.4185277238146,1975.4185277238146,0.0,0.0,2.0356136923813306,467.10884568210895,83.51260934614831,85.44347585443414,564.4052936353756,114.37280664416764,235.64411235644005,32.378580323785805,30.130067801300633,170.2054794520548,329.419275,1147.1363402131246,817.7170652131247,817.7170652131247,0.0,0.0,0.0,0.0,0.0,0.0,0.0,0.0,0.0,0.0,0.0,0.0,0.0,air_water,air_water,True,5,2375.7233509784014,235.64411235644116,32.378580323785805,35.2187374802773,114.37280664416764,564.4052936353756,982.0195304400476,0.0,0.0,0.0,0.0,0.0,0.0
2050-11-19 12:00:00+01:00,BE_RES_APT_AS_IS_HP_V1,occupied_day,0.95,11.44036865234375,21.0,12.96438630761867,12.474597391274573,19.12149651696266,132.25,164.9508786495088,27.521793275217934,17.60936874013865,342.3320406648654,196.4104430904,108.20525352451928,400.3048232545867,3712.453525880175,3712.453525880175,0.0,0.0,0.0,540.5435751765066,156.94733884054597,85.44347585443414,1060.7010073943359,114.37280664416764,235.64411235644005,32.378580323785805,30.130067801300633,170.2054794520548,329.419275,1643.4320539720848,1314.0127789720848,1314.0127789720848,0.0,0.0,0.0,0.0,0.0,0.0,0.0,0.0,0.0,0.0,0.0,0.0,0.0,air_water,air_water,True,5,4112.758349134762,235.64411235644116,32.378580323785805,35.2187374802773,114.37280664416764,1060.7010073943359,1478.3152441990078,0.0,0.0,0.0,0.0,0.0,0.0
2050-11-20 12:00:00+01:00,BE_RES_APT_AS_IS_HP_V1,occupied_day,0.95,10.4271240234375,21.0,19.12149651696266,11.7890325043237,13.342893060218923,132.25,164.9508786495088,27.521793275217934,17.60936874013865,342.3320406648654,196.4104430904,617.3004470402865,400.3048232545867,867.8686091632504,867.8686091632504,0.0,0.0,1.6571069397810767,420.28616867366566,36.689932337705,85.44347585443414,247.96245976092868,114.37280664416764,235.64411235644005,32.378580323785805,30.130067801300633,170.2054794520548,329.419275,830.6935063386776,501.27423133867757,501.27423133867757,0.0,0.0,0.0,0.0,0.0,0.0,0.0,0.0,0.0,0.0,0.0,0.0,0.0,air_water,air_water,True,5,1268.1734324178371,235.64411235644116,32.378580323785805,35.2187374802773,114.37280664416764,247.96245976092868,665.5766965656006,0.0,0.0,0.0,0.0,0.0,0.0
2050-11-21 12:00:00+01:00,BE_RES_APT_AS_IS_HP_V1,away,0.17500000000000004,7.876922607421875,16.0,13.342893060218923,8.963633249896786,11.228555354952826,24.000000000000004,164.9508786495088,27.521793275217934,17.60936874013865,234.0820406648654,196.4104430904,278.7644930926495,400.3048232545867,1227.5834061788576,1227.5834061788576,0.0,0.0,3.7714446450471737,435.4934378662898,51.89720153032921,85.44347585443414,350.73811605110217,114.37280664416764,235.64411235644005,32.378580323785805,30.130067801300633,170.2054794520548,329.419275,933.469162628851,604.0498876288509,604.0498876288509,0.0,0.0,0.0,0.0,0.0,0.0,0.0,0.0,0.0,0.0,0.0,0.0,0.0,air_water,air_water,True,5,1627.8882294334444,235.64411235644116,32.378580323785805,35.2187374802773,114.37280664416764,350.73811605110217,768.3523528557741,0.0,0.0,0.0,0.0,0.0,0.0
2050-11-22 12:00:00+01:00,BE_RES_APT_AS_IS_HP_V1,away,0.17500000000000004,9.123748779296877,16.0,11.228555354952826,10.030629887455824,14.097816754428145,24.000000000000004,164.9508786495088,27.521793275217934,17.60936874013865,234.0820406648654,196.4104430904,107.34513535845345,400.3048232545867,2204.4074260117945,2204.4074260117945,0.0,0.0,0.9021832455718553,476.78955897852825,93.19332264256758,85.44347585443414,629.830693146227,114.37280664416764,235.64411235644005,32.378580323785805,30.130067801300633,170.2054794520548,329.419275,1212.561739723976,883.142464723976,883.142464723976,0.0,0.0,0.0,0.0,0.0,0.0,0.0,0.0,0.0,0.0,0.0,0.0,0.0,air_water,air_water,True,5,2604.712249266381,235.64411235644116,32.378580323785805,35.2187374802773,114.37280664416764,629.830693146227,1047.4449299508988,0.0,0.0,0.0,0.0,0.0,0.0
2050-11-23 12:00:00+01:00,BE_RES_APT_AS_IS_HP_V1,away,0.17500000000000004,8.79095458984375,16.0,14.097816754428145,9.869152594904675,11.490576564057344,24.000000000000004,164.9508786495088,27.521793275217934,17.60936874013865,234.0820406648654,196.4104430904,270.64997039380415,400.3048232545867,878.8086594541973,878.8086594541973,0.0,0.0,3.509423435942656,420.7486692189186,37.15243288295796,85.44347585443414,251.08818841548492,114.37280664416764,235.64411235644005,32.378580323785805,30.130067801300633,170.2054794520548,329.419275,833.8192349932337,504.3999599932337,504.3999599932337,0.0,0.0,0.0,0.0,0.0,0.0,0.0,0.0,0.0,0.0,0.0,0.0,0.0,air_water,air_water,True,5,1279.113482708784,235.64411235644116,32.378580323785805,35.2187374802773,114.37280664416764,251.08818841548492,668.7024252201568,0.0,0.0,0.0,0.0,0.0,0.0
2050-11-24 12:00:00+01:00,BE_RES_APT_AS_IS_HP_V1,away,0.17500000000000004,4.368927001953125,16.0,11.490576564057344,5.544220056380121,9.388059635514932,24.000000000000004,164.9508786495088,27.521793275217934,17.60936874013865,234.0820406648654,196.4104430904,363.2041276673152,400.3048232545867,2083.3536274055073,2083.3536274055073,0.0,0.0,5.6119403644850685,471.67189988452196,88.07566354856137,85.44347585443414,595.2438935444306,114.37280664416764,235.64411235644005,32.378580323785805,30.130067801300633,170.2054794520548,329.419275,1177.9749401221795,848.5556651221796,848.5556651221796,0.0,0.0,0.0,0.0,0.0,0.0,0.0,0.0,0.0,0.0,0.0,0.0,0.0,air_water,air_water,True,5,2483.658450660094,235.64411235644116,32.378580323785805,35.2187374802773,114.37280664416764,595.2438935444306,1012.8581303491026,0.0,0.0,0.0,0.0,0.0,0.0
2050-11-25 12:00:00+01:00,BE_RES_APT_AS_IS_HP_V1,away,0.17500000000000004,2.994110107421875,16.0,9.388059635514932,4.1304696367304095,9.766497929241805,24.000000000000004,164.9508786495088,27.521793275217934,17.60936874013865,234.0820406648654,196.4104430904,326.09142593274595,400.3048232545867,3054.716448392102,3054.716448392102,0.0,0.0,5.233502070758195,512.7371438639324,129.14090752797173,85.44347585443414,872.7761281120291,114.37280664416764,235.64411235644005,32.378580323785805,30.130067801300633,170.2054794520548,329.419275,1455.5071746897781,1126.0878996897782,1126.0878996897782,0.0,0.0,0.0,0.0,0.0,0.0,0.0,0.0,0.0,0.0,0.0,0.0,0.0,air_water,air_water,True,5,3455.0212716466885,235.64411235644116,32.378580323785805,35.2187374802773,114.37280664416764,872.7761281120291,1290.390364916701,0.0,0.0,0.0,0.0,0.0,0.0
2050-11-26 12:00:00+01:00,BE_RES_APT_AS_IS_HP_V1,occupied_day,0.95,1.74432373046875,21.0,9.766497929241805,3.0755132624694355,12.367641773242875,132.25,164.9508786495088,27.521793275217934,17.60936874013865,342.3320406648654,196.4104430904,569.5743681128869,400.3048232545867,5189.877956690287,5189.877956690287,0.0,0.0,2.632358226757125,603.0030325507723,219.40679621481166,85.44347585443414,1482.822273340082,114.37280664416764,235.64411235644005,32.378580323785805,30.130067801300633,170.2054794520548,329.419275,2065.553319917831,1736.1340449178308,1736.1340449178308,0.0,0.0,0.0,0.0,0.0,0.0,0.0,0.0,0.0,0.0,0.0,0.0,0.0,air_water,air_water,True,5,5590.182779944874,235.64411235644116,32.378580323785805,35.2187374802773,114.37280664416764,1482.822273340082,1900.4365101447538,0.0,0.0,0.0,0.0,0.0,0.0
2050-11-27 12:00:00+01:00,BE_RES_APT_AS_IS_HP_V1,occupied_day,0.95,1.29620361328125,21.0,12.367641773242875,2.766742180370962,9.907256464234502,132.25,164.9508786495088,27.521793275217934,17.60936874013865,342.3320406648654,196.4104430904,786.0721093572754,400.3048232545867,3988.1495007617923,3988.1495007617923,0.0,0.0,5.092743535765498,552.1988724846287,168.6026361486681,85.44347585443414,1139.4712859319407,114.37280664416764,235.64411235644005,32.378580323785805,30.130067801300633,170.2054794520548,329.419275,1722.2023325096895,1392.7830575096896,1392.7830575096896,0.0,0.0,0.0,0.0,0.0,0.0,0.0,0.0,0.0,0.0,0.0,0.0,0.0,air_water,air_water,True,5,4388.454324016379,235.64411235644116,32.378580323785805,35.2187374802773,114.37280664416764,1139.4712859319407,1557.0855227366126,0.0,0.0,0.0,0.0,0.0,0.0
2050-11-28 12:00:00+01:00,BE_RES_APT_AS_IS_HP_V1,away,0.17500000000000004,1.346160888671875,16.0,9.907256464234502,2.5984674169237096,7.791931521808227,24.000000000000004,164.9508786495088,27.521793275217934,17.60936874013865,234.0820406648654,196.4104430904,436.61587435369404,400.3048232545867,2814.8475135236604,2814.8475135236604,0.0,0.0,7.208068478191773,502.5964671562846,119.0002308203239,85.44347585443414,804.2421467210459,114.37280664416764,235.64411235644005,32.378580323785805,30.130067801300633,170.2054794520548,329.419275,1386.9731932987947,1057.5539182987948,1057.5539182987948,0.0,0.0,0.0,0.0,0.0,0.0,0.0,0.0,0.0,0.0,0.0,0.0,0.0,air_water,air_water,True,5,3215.152336778247,235.64411235644116,32.378580323785805,35.2187374802773,114.37280664416764,804.2421467210459,1221.8563835257178,0.0,0.0,0.0,0.0,0.0,0.0
2050-11-29 12:00:00+01:00,BE_RES_APT_AS_IS_HP_V1,away,0.17500000000000004,2.678436279296875,16.0,7.791931521808227,3.7462887359645793,10.742859125262477,24.000000000000004,164.9508786495088,27.521793275217934,17.60936874013865,234.0820406648654,196.4104430904,260.788257368079,400.3048232545867,3792.1276369245998,3792.1276369245998,0.0,0.0,4.257140874737523,543.9118704604035,160.31563412444285,85.44347585443414,1083.4650391213142,114.37280664416764,235.64411235644005,32.378580323785805,30.130067801300633,170.2054794520548,329.419275,1666.1960856990631,1336.7768106990632,1336.7768106990632,0.0,0.0,0.0,0.0,0.0,0.0,0.0,0.0,0.0,0.0,0.0,0.0,0.0,air_water,air_water,True,5,4192.432460179187,235.64411235644116,32.378580323785805,35.2187374802773,114.37280664416764,1083.4650391213142,1501.0792759259862,0.0,0.0,0.0,0.0,0.0,0.0
2050-11-30 12:00:00+01:00,BE_RES_APT_AS_IS_HP_V1,away,0.17500000000000004,6.42962646484375,16.0,10.742859125262477,7.454663143189269,11.935858234858292,24.000000000000004,164.9508786495088,27.521793275217934,17.60936874013865,234.0820406648654,196.4104430904,219.9748656813551,400.3048232545867,2428.799084128736,2428.799084128736,0.0,0.0,3.0641417651417076,486.27591977845816,102.67968344249758,85.44347585443414,693.9425954653532,114.37280664416764,235.64411235644005,32.378580323785805,30.130067801300633,170.2054794520548,329.419275,1276.673642043102,947.2543670431021,947.2543670431021,0.0,0.0,0.0,0.0,0.0,0.0,0.0,0.0,0.0,0.0,0.0,0.0,0.0,air_water,air_water,True,5,2829.1039073833226,235.64411235644116,32.378580323785805,35.2187374802773,114.37280664416764,693.9425954653532,1111.556832270025,0.0,0.0,0.0,0.0,0.0,0.0
2050-12-01 12:00:00+01:00,BE_RES_APT_AS_IS_HP_V1,away,0.17500000000000004,11.126373291015623,16.0,11.935858234858292,11.963951891366914,15.428232678917505,24.000000000000004,164.9508786495088,27.521793275217934,17.60936874013865,234.0820406648654,196.4104430904,41.28373213597614,400.3048232545867,1877.633495495469,1877.633495495469,0.0,0.0,0.0,462.974894784222,79.37865844826138,85.44347585443414,536.4667129987055,114.37280664416764,235.64411235644005,32.378580323785805,30.130067801300633,170.2054794520548,329.419275,1119.1977595764545,789.7784845764545,789.7784845764545,0.0,0.0,0.0,0.0,0.0,0.0,0.0,0.0,0.0,0.0,0.0,0.0,0.0,air_water,air_water,True,5,2277.9383187500557,235.64411235644116,32.378580323785805,35.2187374802773,114.37280664416764,536.4667129987055,954.0809498033774,0.0,0.0,0.0,0.0,0.0,0.0
2050-12-02 12:00:00+01:00,BE_RES_APT_AS_IS_HP_V1,away,0.17500000000000004,11.43389892578125,16.0,15.428232678917505,12.441873823122727,12.929249180538758,24.000000000000004,164.9508786495088,27.521793275217934,17.60936874013865,234.0820406648654,196.4104430904,203.711021409949,400.3048232545867,264.1565023401128,264.1565023401128,0.0,0.0,2.0707508194612423,394.76369197969905,11.167455643738418,85.44347585443414,75.47328638288937,114.37280664416764,235.64411235644005,32.378580323785805,30.130067801300633,170.2054794520548,329.419275,658.2043329606382,328.7850579606382,328.7850579606382,0.0,0.0,0.0,0.0,0.0,0.0,0.0,0.0,0.0,0.0,0.0,0.0,0.0,air_water,air_water,True,5,664.4613255946995,235.64411235644116,32.378580323785805,35.2187374802773,114.37280664416764,75.47328638288937,493.08752318756126,0.0,0.0,0.0,0.0,0.0,0.0
2050-12-03 12:00:00+01:00,BE_RES_APT_AS_IS_HP_V1,occupied_day,0.95,9.38763427734375,21.0,12.929249180538758,10.514065670185305,17.190029525489265,132.25,164.9508786495088,27.521793275217934,17.60936874013865,342.3320406648654,196.4104430904,251.45465812684554,400.3048232545867,3728.6868785910942,3728.6868785910942,0.0,0.0,0.0,541.2298548809332,157.63361854497256,85.44347585443414,1065.339108168884,114.37280664416764,235.64411235644005,32.378580323785805,30.130067801300633,170.2054794520548,329.419275,1648.0701547466329,1318.6508797466329,1318.6508797466329,0.0,0.0,0.0,0.0,0.0,0.0,0.0,0.0,0.0,0.0,0.0,0.0,0.0,air_water,air_water,True,5,4128.991701845681,235.64411235644116,32.378580323785805,35.2187374802773,114.37280664416764,1065.339108168884,1482.9533449735559,0.0,0.0,0.0,0.0,0.0,0.0
2050-12-04 12:00:00+01:00,BE_RES_APT_AS_IS_HP_V1,occupied_day,0.95,6.0413818359375,21.0,17.190029525489265,7.5154488195844555,10.666980287546052,132.25,164.9508786495088,27.521793275217934,17.60936874013865,342.3320406648654,196.4104430904,791.5539859581753,400.3048232545867,1760.2063592239597,1760.2063592239597,0.0,0.0,4.3330197124539485,458.01055612866674,74.41431979270607,85.44347585443414,502.9161026354171,114.37280664416764,235.64411235644005,32.378580323785805,30.130067801300633,170.2054794520548,329.419275,1085.647149213166,756.2278742131659,756.2278742131659,0.0,0.0,0.0,0.0,0.0,0.0,0.0,0.0,0.0,0.0,0.0,0.0,0.0,air_water,air_water,True,5,2160.5111824785463,235.64411235644116,32.378580323785805,35.2187374802773,114.37280664416764,502.9161026354171,920.5303394400889,0.0,0.0,0.0,0.0,0.0,0.0
2050-12-05 12:00:00+01:00,BE_RES_APT_AS_IS_HP_V1,away,0.17500000000000004,4.089569091796875,16.0,10.666980287546052,5.23574421697201,9.781618548410002,24.000000000000004,164.9508786495088,27.521793275217934,17.60936874013865,234.0820406648654,196.4104430904,335.44797098320805,400.3048232545867,2463.8551071537245,2463.8551071537245,0.0,0.0,5.218381451589998,487.7579449366857,104.16170860072508,85.44347585443414,703.9586020439212,114.37280664416764,235.64411235644005,32.378580323785805,30.130067801300633,170.2054794520548,329.419275,1286.6896486216701,957.2703736216702,957.2703736216702,0.0,0.0,0.0,0.0,0.0,0.0,0.0,0.0,0.0,0.0,0.0,0.0,0.0,air_water,air_water,True,5,2864.159930408311,235.64411235644116,32.378580323785805,35.2187374802773,114.37280664416764,703.9586020439212,1121.5728388485932,0.0,0.0,0.0,0.0,0.0,0.0
2050-12-06 12:00:00+01:00,BE_RES_APT_AS_IS_HP_V1,away,0.17500000000000004,2.4581298828125,16.0,9.781618548410002,3.644221765655688,8.944779826196926,24.000000000000004,164.9508786495088,27.521793275217934,17.60936874013865,234.0820406648654,196.4104430904,373.4979219454726,400.3048232545867,2872.8922306345794,2872.8922306345794,0.0,0.0,6.0552201738030735,505.05036020054865,121.45412386458798,85.44347585443414,820.8263516098798,114.37280664416764,235.64411235644005,32.378580323785805,30.130067801300633,170.2054794520548,329.419275,1403.5573981876287,1074.1381231876287,1074.1381231876287,0.0,0.0,0.0,0.0,0.0,0.0,0.0,0.0,0.0,0.0,0.0,0.0,0.0,air_water,air_water,True,5,3273.197053889166,235.64411235644116,32.378580323785805,35.2187374802773,114.37280664416764,820.8263516098798,1238.4405884145517,0.0,0.0,0.0,0.0,0.0,0.0
2050-12-07 12:00:00+01:00,BE_RES_APT_AS_IS_HP_V1,away,0.17500000000000004,7.184478759765625,16.0,8.944779826196926,8.072928078354748,14.08680877259601,24.000000000000004,164.9508786495088,27.521793275217934,17.60936874013865,234.0820406648654,196.4104430904,89.77535438799639,400.3048232545867,3259.5117202970205,3259.5117202970205,0.0,0.0,0.9131912274039902,521.3950496689572,137.7988133329966,85.44347585443414,931.2890629420059,114.37280664416764,235.64411235644005,32.378580323785805,30.130067801300633,170.2054794520548,329.419275,1514.0201095197547,1184.6008345197547,1184.6008345197547,0.0,0.0,0.0,0.0,0.0,0.0,0.0,0.0,0.0,0.0,0.0,0.0,0.0,air_water,air_water,True,5,3659.816543551607,235.64411235644116,32.378580323785805,35.2187374802773,114.37280664416764,931.2890629420059,1348.903299746678,0.0,0.0,0.0,0.0,0.0,0.0
2050-12-08 12:00:00+01:00,BE_RES_APT_AS_IS_HP_V1,away,0.17500000000000004,5.002410888671875,16.0,14.08680877259601,6.282715221808832,7.913522411866308,24.000000000000004,164.9508786495088,27.521793275217934,17.60936874013865,234.0820406648654,196.4104430904,463.30429208013095,400.3048232545867,883.8943470606436,883.8943470606436,0.0,0.0,7.086477588133692,420.9636712736088,37.367434937648156,85.44347585443414,252.54124201732674,114.37280664416764,235.64411235644005,32.378580323785805,30.130067801300633,170.2054794520548,329.419275,835.2722885950756,505.85301359507554,505.85301359507554,0.0,0.0,0.0,0.0,0.0,0.0,0.0,0.0,0.0,0.0,0.0,0.0,0.0,air_water,air_water,True,5,1284.1991703152303,235.64411235644116,32.378580323785805,35.2187374802773,114.37280664416764,252.54124201732674,670.1554788219987,0.0,0.0,0.0,0.0,0.0,0.0
2050-12-09 12:00:00+01:00,BE_RES_APT_AS_IS_HP_V1,away,0.17500000000000004,6.13458251953125,16.0,7.913522411866308,7.024029055603658,13.916955180328348,24.000000000000004,164.9508786495088,27.521793275217934,17.60936874013865,234.0820406648654,196.4104430904,90.72593450908795,400.3048232545867,3735.9526457177667,3735.9526457177667,0.0,0.0,1.0830448196716524,541.5370217739911,157.94078543803047,85.44347585443414,1067.4150416336477,114.37280664416764,235.64411235644005,32.378580323785805,30.130067801300633,170.2054794520548,329.419275,1650.1460882113965,1320.7268132113966,1320.7268132113966,0.0,0.0,0.0,0.0,0.0,0.0,0.0,0.0,0.0,0.0,0.0,0.0,0.0,air_water,air_water,True,5,4136.257468972353,235.64411235644116,32.378580323785805,35.2187374802773,114.37280664416764,1067.4150416336477,1485.0292784383196,0.0,0.0,0.0,0.0,0.0,0.0
2050-12-10 12:00:00+01:00,BE_RES_APT_AS_IS_HP_V1,occupied_day,0.95,10.824249267578123,21.0,13.916955180328348,11.930165862272492,17.78911904511682,132.25,164.9508786495088,27.521793275217934,17.60936874013865,342.3320406648654,196.4104430904,219.58211980526593,400.3048232545867,3272.366706688304,3272.366706688304,0.0,0.0,0.0,521.9385058740999,138.34226953813928,85.44347585443414,934.9619161966583,114.37280664416764,235.64411235644005,32.378580323785805,30.130067801300633,170.2054794520548,329.419275,1517.692962774407,1188.273687774407,1188.273687774407,0.0,0.0,0.0,0.0,0.0,0.0,0.0,0.0,0.0,0.0,0.0,0.0,0.0,air_water,air_water,True,5,3672.6715299428906,235.64411235644116,32.378580323785805,35.2187374802773,114.37280664416764,934.9619161966583,1352.57615300133,0.0,0.0,0.0,0.0,0.0,0.0
2050-12-11 12:00:00+01:00,BE_RES_APT_AS_IS_HP_V1,occupied_day,0.95,10.145843505859377,21.0,17.78911904511682,11.459717658387486,14.115694243217163,132.25,164.9508786495088,27.521793275217934,17.60936874013865,342.3320406648654,196.4104430904,542.6725632872784,400.3048232545867,1483.4270011560293,1483.4270011560293,0.0,0.0,0.8843057567828367,446.30945781405353,62.71322147809289,85.44347585443414,423.8362860445798,114.37280664416764,235.64411235644005,32.378580323785805,30.130067801300633,170.2054794520548,329.419275,1006.5673326223286,677.1480576223287,677.1480576223287,0.0,0.0,0.0,0.0,0.0,0.0,0.0,0.0,0.0,0.0,0.0,0.0,0.0,air_water,air_water,True,5,1883.731824410616,235.64411235644116,32.378580323785805,35.2187374802773,114.37280664416764,423.8362860445798,841.4505228492517,0.0,0.0,0.0,0.0,0.0,0.0
2050-12-12 12:00:00+01:00,BE_RES_APT_AS_IS_HP_V1,away,0.17500000000000004,8.04705810546875,16.0,14.115694243217163,9.166012665061205,10.772197834850957,24.000000000000004,164.9508786495088,27.521793275217934,17.60936874013865,234.0820406648654,196.4104430904,309.50044302516915,400.3048232545867,870.5492596336707,870.5492596336707,0.0,0.0,4.227802165149043,420.399495602814,36.803259266853395,85.44347585443414,248.72835989533448,114.37280664416764,235.64411235644005,32.378580323785805,30.130067801300633,170.2054794520548,329.419275,831.4594064730834,502.04013147308336,502.04013147308336,0.0,0.0,0.0,0.0,0.0,0.0,0.0,0.0,0.0,0.0,0.0,0.0,0.0,air_water,air_water,True,5,1270.8540828882574,235.64411235644116,32.378580323785805,35.2187374802773,114.37280664416764,248.72835989533448,666.3425967000064,0.0,0.0,0.0,0.0,0.0,0.0
2050-12-13 12:00:00+01:00,BE_RES_APT_AS_IS_HP_V1,away,0.17500000000000004,9.634368896484377,16.0,10.772197834850957,10.489514610427554,14.945701340225284,24.000000000000004,164.9508786495088,27.521793275217934,17.60936874013865,234.0820406648654,196.4104430904,58.02927585669558,400.3048232545867,2415.244600298858,2415.244600298858,0.0,0.0,0.05429865977471593,485.70289168487363,102.10665534891298,85.44347585443414,690.0698857996738,114.37280664416764,235.64411235644005,32.378580323785805,30.130067801300633,170.2054794520548,329.419275,1272.8009323774227,943.3816573774227,943.3816573774227,0.0,0.0,0.0,0.0,0.0,0.0,0.0,0.0,0.0,0.0,0.0,0.0,0.0,air_water,air_water,True,5,2815.5494235534447,235.64411235644116,32.378580323785805,35.2187374802773,114.37280664416764,690.0698857996738,1107.6841226043457,0.0,0.0,0.0,0.0,0.0,0.0
2050-12-14 12:00:00+01:00,BE_RES_APT_AS_IS_HP_V1,away,0.17500000000000004,12.357025146484377,16.0,14.945701340225284,13.289794325344557,14.188480149427894,24.000000000000004,164.9508786495088,27.521793275217934,17.60936874013865,234.0820406648654,196.4104430904,132.0224858807863,400.3048232545867,487.08598081591884,487.08598081591884,0.0,0.0,0.8115198505721057,404.1882378095605,20.59200147359989,85.44347585443414,139.16742309026253,114.37280664416764,235.64411235644005,32.378580323785805,30.130067801300633,170.2054794520548,329.419275,721.8984696680114,392.4791946680114,392.4791946680114,0.0,0.0,0.0,0.0,0.0,0.0,0.0,0.0,0.0,0.0,0.0,0.0,0.0,air_water,air_water,True,5,887.3908040705055,235.64411235644116,32.378580323785805,35.2187374802773,114.37280664416764,139.16742309026253,556.7816598949345,0.0,0.0,0.0,0.0,0.0,0.0
2050-12-15 12:00:00+01:00,BE_RES_APT_AS_IS_HP_V1,away,0.17500000000000004,13.50067138671875,16.0,14.188480149427894,14.33174004831359,15.875882397980037,24.000000000000004,164.9508786495088,27.521793275217934,17.60936874013865,234.0820406648654,196.4104430904,35.07824689816636,400.3048232545867,836.922170964313,836.922170964313,0.0,0.0,0.0,418.9778799400672,35.381643604106614,85.44347585443414,239.12062027551798,114.37280664416764,235.64411235644005,32.378580323785805,30.130067801300633,170.2054794520548,329.419275,821.8516668532668,492.4323918532668,492.4323918532668,0.0,0.0,0.0,0.0,0.0,0.0,0.0,0.0,0.0,0.0,0.0,0.0,0.0,air_water,air_water,True,5,1237.2269942188996,235.64411235644116,32.378580323785805,35.2187374802773,114.37280664416764,239.12062027551798,656.7348570801898,0.0,0.0,0.0,0.0,0.0,0.0
2050-12-16 12:00:00+01:00,BE_RES_APT_AS_IS_HP_V1,away,0.17500000000000004,8.161407470703125,16.0,15.875882397980037,9.36841796386458,9.47421600166005,24.000000000000004,164.9508786495088,27.521793275217934,17.60936874013865,234.0820406648654,196.4104430904,393.4382212911226,400.3048232545867,57.34233213322282,57.34233213322282,0.0,0.0,5.52578399833995,386.02043541844915,2.424199082488535,85.44347585443414,16.38352346663509,114.37280664416764,235.64411235644005,32.378580323785805,30.130067801300633,170.2054794520548,329.419275,599.114570044384,269.69529504438395,269.69529504438395,0.0,0.0,0.0,0.0,0.0,0.0,0.0,0.0,0.0,0.0,0.0,0.0,0.0,air_water,air_water,True,5,457.64715538780956,235.64411235644116,32.378580323785805,35.2187374802773,114.37280664416764,16.38352346663509,433.997760271307,0.0,0.0,0.0,0.0,0.0,0.0
2050-12-17 12:00:00+01:00,BE_RES_APT_AS_IS_HP_V1,occupied_day,0.95,8.6156005859375,21.0,9.47421600166005,9.61942095051704,19.153319233117557,132.25,164.9508786495088,27.521793275217934,17.60936874013865,342.3320406648654,196.4104430904,60.96169451630105,400.3048232545867,5324.912207233057,5324.912207233057,0.0,0.0,0.0,608.7117279262897,225.11549159032907,85.44347585443414,1521.4034877808735,114.37280664416764,235.64411235644005,32.378580323785805,30.130067801300633,170.2054794520548,329.419275,2104.1345343586227,1774.7152593586227,1774.7152593586227,0.0,0.0,0.0,0.0,0.0,0.0,0.0,0.0,0.0,0.0,0.0,0.0,0.0,air_water,air_water,True,5,5725.2170304876445,235.64411235644116,32.378580323785805,35.2187374802773,114.37280664416764,1521.4034877808735,1939.0177245855455,0.0,0.0,0.0,0.0,0.0,0.0
2050-12-18 12:00:00+01:00,BE_RES_APT_AS_IS_HP_V1,occupied_day,0.95,10.81378173828125,21.0,19.153319233117557,12.15947453062344,13.687011971410785,132.25,164.9508786495088,27.521793275217934,17.60936874013865,342.3320406648654,196.4104430904,592.1071621333778,400.3048232545867,853.1665142996887,853.1665142996887,0.0,0.0,1.3129880285892153,419.66462428310786,36.06838794714723,85.44347585443414,243.7618612284825,114.37280664416764,235.64411235644005,32.378580323785805,30.130067801300633,170.2054794520548,329.419275,826.4929078062314,497.0736328062314,497.0736328062314,0.0,0.0,0.0,0.0,0.0,0.0,0.0,0.0,0.0,0.0,0.0,0.0,0.0,air_water,air_water,True,5,1253.4713375542756,235.64411235644116,32.378580323785805,35.2187374802773,114.37280664416764,243.7618612284825,661.3760980331544,0.0,0.0,0.0,0.0,0.0,0.0
2050-12-19 12:00:00+01:00,BE_RES_APT_AS_IS_HP_V1,away,0.17500000000000004,7.57952880859375,16.0,13.687011971410785,8.700561768015252,10.67215637576308,24.000000000000004,164.9508786495088,27.521793275217934,17.60936874013865,234.0820406648654,196.4104430904,311.4816413036688,400.3048232545867,1068.6004692082176,1068.6004692082176,0.0,0.0,4.32784362423692,428.7722900580677,45.17605372210705,85.44347585443414,305.3144197737765,114.37280664416764,235.64411235644005,32.378580323785805,30.130067801300633,170.2054794520548,329.419275,888.0454663515253,558.6261913515252,558.6261913515252,0.0,0.0,0.0,0.0,0.0,0.0,0.0,0.0,0.0,0.0,0.0,0.0,0.0,air_water,air_water,True,5,1468.9052924628045,235.64411235644116,32.378580323785805,35.2187374802773,114.37280664416764,305.3144197737765,722.9286565784485,0.0,0.0,0.0,0.0,0.0,0.0
2050-12-20 12:00:00+01:00,BE_RES_APT_AS_IS_HP_V1,away,0.17500000000000004,6.12298583984375,16.0,10.67215637576308,7.160645704629932,11.702107930388266,24.000000000000004,164.9508786495088,27.521793275217934,17.60936874013865,234.0820406648654,196.4104430904,232.00769733188588,400.3048232545867,2461.4637543974573,2461.4637543974573,0.0,0.0,3.297892069611734,487.65684833070566,104.06061199474505,85.44347585443414,703.2753583992735,114.37280664416764,235.64411235644005,32.378580323785805,30.130067801300633,170.2054794520548,329.419275,1286.0064049770224,956.5871299770224,956.5871299770224,0.0,0.0,0.0,0.0,0.0,0.0,0.0,0.0,0.0,0.0,0.0,0.0,0.0,air_water,air_water,True,5,2861.768577652044,235.64411235644116,32.378580323785805,35.2187374802773,114.37280664416764,703.2753583992735,1120.8895952039454,0.0,0.0,0.0,0.0,0.0,0.0
2050-12-21 12:00:00+01:00,BE_RES_APT_AS_IS_HP_V1,away,0.17500000000000004,6.91583251953125,16.0,11.702107930388266,7.96617800775105,11.629707919878221,24.000000000000004,164.9508786495088,27.521793275217934,17.60936874013865,234.0820406648654,196.4104430904,244.10004595370785,400.3048232545867,1985.6261361606214,1985.6261361606214,0.0,0.0,3.3702920801217786,467.54038158388244,83.94414524792185,85.44347585443414,567.321753188749,114.37280664416764,235.64411235644005,32.378580323785805,30.130067801300633,170.2054794520548,329.419275,1150.0527997664979,820.6335247664979,820.6335247664979,0.0,0.0,0.0,0.0,0.0,0.0,0.0,0.0,0.0,0.0,0.0,0.0,0.0,air_water,air_water,True,5,2385.9309594152082,235.64411235644116,32.378580323785805,35.2187374802773,114.37280664416764,567.321753188749,984.9359899934209,0.0,0.0,0.0,0.0,0.0,0.0
2050-12-22 12:00:00+01:00,BE_RES_APT_AS_IS_HP_V1,away,0.17500000000000004,2.7940673828125,16.0,11.629707919878221,4.061062660075255,7.786306454227815,24.000000000000004,164.9508786495088,27.521793275217934,17.60936874013865,234.0820406648654,196.4104430904,450.61766739035187,400.3048232545867,2019.074941016262,2019.074941016262,0.0,0.0,7.213693545772185,468.9544601367568,85.35822380079611,85.44347585443414,576.8785545760749,114.37280664416764,235.64411235644005,32.378580323785805,30.130067801300633,170.2054794520548,329.419275,1159.6096011538239,830.1903261538239,830.1903261538239,0.0,0.0,0.0,0.0,0.0,0.0,0.0,0.0,0.0,0.0,0.0,0.0,0.0,air_water,air_water,True,5,2419.3797642708487,235.64411235644116,32.378580323785805,35.2187374802773,114.37280664416764,576.8785545760749,994.4927913807468,0.0,0.0,0.0,0.0,0.0,0.0
2050-12-23 12:00:00+01:00,BE_RES_APT_AS_IS_HP_V1,away,0.17500000000000004,2.3812255859375,16.0,7.786306454227815,3.464678503997066,10.466043709685138,24.000000000000004,164.9508786495088,27.521793275217934,17.60936874013865,234.0820406648654,196.4104430904,275.6591242828061,400.3048232545867,3794.7264181467494,3794.7264181467494,0.0,0.0,4.533956290314862,544.0217362928514,160.4254999568908,85.44347585443414,1084.2075480419285,114.37280664416764,235.64411235644005,32.378580323785805,30.130067801300633,170.2054794520548,329.419275,1666.9385946196774,1337.5193196196774,1337.5193196196774,0.0,0.0,0.0,0.0,0.0,0.0,0.0,0.0,0.0,0.0,0.0,0.0,0.0,air_water,air_water,True,5,4195.031241401336,235.64411235644116,32.378580323785805,35.2187374802773,114.37280664416764,1084.2075480419285,1501.8217848466004,0.0,0.0,0.0,0.0,0.0,0.0
2050-12-24 12:00:00+01:00,BE_RES_APT_AS_IS_HP_V1,occupied_day,0.95,4.312286376953125,21.0,10.466043709685138,5.558090684604326,14.271568900028683,132.25,164.9508786495088,27.521793275217934,17.60936874013865,342.3320406648654,196.4104430904,436.9167706239729,400.3048232545867,4866.6878061254665,4866.6878061254665,0.0,0.0,0.728431099971317,589.3398759032832,205.74363956732262,85.44347585443414,1390.482230321562,114.37280664416764,235.64411235644005,32.378580323785805,30.130067801300633,170.2054794520548,329.419275,1973.2132768993108,1643.7940018993108,1643.7940018993108,0.0,0.0,0.0,0.0,0.0,0.0,0.0,0.0,0.0,0.0,0.0,0.0,0.0,air_water,air_water,True,5,5266.992629380054,235.64411235644116,32.378580323785805,35.2187374802773,114.37280664416764,1390.482230321562,1808.0964671262338,0.0,0.0,0.0,0.0,0.0,0.0
2050-12-25 12:00:00+01:00,BE_RES_APT_AS_IS_HP_V1,occupied_day,0.95,5.29742431640625,21.0,14.271568900028683,6.67211816822003,12.237741965946212,132.25,164.9508786495088,27.521793275217934,17.60936874013865,342.3320406648654,196.4104430904,637.1642654371927,400.3048232545867,3108.5351681867487,3108.5351681867487,0.0,0.0,2.7622580340537883,515.0123790399936,131.4161427040329,85.44347585443414,888.152905196214,114.37280664416764,235.64411235644005,32.378580323785805,30.130067801300633,170.2054794520548,329.419275,1470.883951773963,1141.464676773963,1141.464676773963,0.0,0.0,0.0,0.0,0.0,0.0,0.0,0.0,0.0,0.0,0.0,0.0,0.0,air_water,air_water,True,5,3508.8399914413353,235.64411235644116,32.378580323785805,35.2187374802773,114.37280664416764,888.152905196214,1305.767142000886,0.0,0.0,0.0,0.0,0.0,0.0
2050-12-26 12:00:00+01:00,BE_RES_APT_AS_IS_HP_V1,away,0.17500000000000004,4.4263916015625,16.0,12.237741965946212,5.63858514005538,8.845539763776765,24.000000000000004,164.9508786495088,27.521793275217934,17.60936874013865,234.0820406648654,196.4104430904,398.37886858356933,400.3048232545867,1738.1632117328504,1738.1632117328504,0.0,0.0,6.154460236223235,457.0786620822412,73.48242574628051,85.44347585443414,496.6180604951001,114.37280664416764,235.64411235644005,32.378580323785805,30.130067801300633,170.2054794520548,329.419275,1079.349107072849,749.929832072849,749.929832072849,0.0,0.0,0.0,0.0,0.0,0.0,0.0,0.0,0.0,0.0,0.0,0.0,0.0,air_water,air_water,True,5,2138.468034987437,235.64411235644116,32.378580323785805,35.2187374802773,114.37280664416764,496.6180604951001,914.232297299772,0.0,0.0,0.0,0.0,0.0,0.0
2050-12-27 12:00:00+01:00,BE_RES_APT_AS_IS_HP_V1,away,0.17500000000000004,9.08160400390625,16.0,8.845539763776765,9.863243462421329,15.961716540852096,24.000000000000004,164.9508786495088,27.521793275217934,17.60936874013865,234.0820406648654,196.4104430904,-12.039276246603738,400.3048232545867,3305.360629135135,3305.360629135135,0.0,0.0,0.0,523.3333538607056,139.73711752474503,85.44347585443414,944.3887511814671,114.37280664416764,235.64411235644005,32.378580323785805,30.130067801300633,170.2054794520548,329.419275,1527.119797759216,1197.700522759216,1197.700522759216,0.0,0.0,0.0,0.0,0.0,0.0,0.0,0.0,0.0,0.0,0.0,0.0,0.0,air_water,air_water,True,5,3705.6654523897214,235.64411235644116,32.378580323785805,35.2187374802773,114.37280664416764,944.3887511814671,1362.002987986139,0.0,0.0,0.0,0.0,0.0,0.0
2050-12-28 12:00:00+01:00,BE_RES_APT_AS_IS_HP_V1,away,0.17500000000000004,8.08807373046875,16.0,15.961716540852096,9.303600049499854,9.336232929864556,24.000000000000004,164.9508786495088,27.521793275217934,17.60936874013865,234.0820406648654,196.4104430904,401.5557833295507,400.3048232545867,17.68695812633144,17.68695812633144,0.0,0.0,5.663767070135444,384.34396852728923,0.7477321913285777,85.44347585443414,5.0534166075232685,114.37280664416764,235.64411235644005,32.378580323785805,30.130067801300633,170.2054794520548,329.419275,587.7844631852722,258.3651881852722,258.3651881852722,0.0,0.0,0.0,0.0,0.0,0.0,0.0,0.0,0.0,0.0,0.0,0.0,0.0,air_water,air_water,True,5,417.99178138091816,235.64411235644116,32.378580323785805,35.2187374802773,114.37280664416764,5.0534166075232685,422.6676534121952,0.0,0.0,0.0,0.0,0.0,0.0
2050-12-29 12:00:00+01:00,BE_RES_APT_AS_IS_HP_V1,away,0.17500000000000004,7.15252685546875,16.0,9.336232929864556,8.063629257392229,13.743834714737435,24.000000000000004,164.9508786495088,27.521793275217934,17.60936874013865,234.0820406648654,196.4104430904,111.36900979418611,400.3048232545867,3078.6603864025756,3078.6603864025756,0.0,0.0,1.2561652852625649,513.7493955529864,130.15315921702577,85.44347585443414,879.6172532578787,114.37280664416764,235.64411235644005,32.378580323785805,30.130067801300633,170.2054794520548,329.419275,1462.3482998356276,1132.9290248356276,1132.9290248356276,0.0,0.0,0.0,0.0,0.0,0.0,0.0,0.0,0.0,0.0,0.0,0.0,0.0,air_water,air_water,True,5,3478.965209657162,235.64411235644116,32.378580323785805,35.2187374802773,114.37280664416764,879.6172532578787,1297.2314900625506,0.0,0.0,0.0,0.0,0.0,0.0
2050-12-30 12:00:00+01:00,BE_RES_APT_AS_IS_HP_V1,away,0.17500000000000004,5.1590576171875,16.0,13.743834714737435,6.4126311580654765,8.33578997066196,24.000000000000004,164.9508786495088,27.521793275217934,17.60936874013865,234.0820406648654,196.4104430904,437.82363197504674,400.3048232545867,1042.348361791305,1042.348361791305,0.0,0.0,6.66421002933804,427.66245841456885,44.06622207860822,85.44347585443414,297.8138176546586,114.37280664416764,235.64411235644005,32.378580323785805,30.130067801300633,170.2054794520548,329.419275,880.5448642324075,551.1255892324075,551.1255892324075,0.0,0.0,0.0,0.0,0.0,0.0,0.0,0.0,0.0,0.0,0.0,0.0,0.0,air_water,air_water,True,5,1442.6531850458919,235.64411235644116,32.378580323785805,35.2187374802773,114.37280664416764,297.8138176546586,715.4280544593305,0.0,0.0,0.0,0.0,0.0,0.0
2050-12-31 12:00:00+01:00,BE_RES_APT_AS_IS_HP_V1,occupied_day,0.95,4.06488037109375,21.0,8.33578997066196,5.224639974785092,15.70022152885449,132.25,164.9508786495088,27.521793275217934,17.60936874013865,342.3320406648654,196.4104430904,303.2345815693429,400.3048232545867,5850.865033554175,5850.865033554175,0.0,0.0,0.0,630.9468605336918,247.3506241977312,85.44347585443414,1671.6757238726216,114.37280664416764,235.64411235644005,32.378580323785805,30.130067801300633,170.2054794520548,329.419275,2254.406770450371,1924.987495450371,1924.987495450371,0.0,0.0,0.0,0.0,0.0,0.0,0.0,0.0,0.0,0.0,0.0,0.0,0.0,air_water,air_water,True,5,6251.169856808762,235.64411235644116,32.378580323785805,35.2187374802773,114.37280664416764,1671.6757238726216,2089.2899606772935,0.0,0.0,0.0,0.0,0.0,0.0
